{
    "thread": {
        "uuid": "3bf9668c7ff07d91ded2f173839fe9ba11e18745",
        "url": "https://revistaquem.globo.com/noticias/noticia/2024/02/justica-pede-que-xande-de-pilares-e-ferrugem-troquem-letra-de-musica-considerada-islamofobica.ghtml",
        "site_full": "revistaquem.globo.com",
        "site": "globo.com",
        "site_section": "https://revistaquem.globo.com/rss/quem",
        "site_categories": [
            "under_construction",
            "non_standard_content"
        ],
        "section_title": "quem",
        "title": "Justiça pede que Xande de Pilares e Ferrugem troquem letra de música considerada islamofóbica",
        "title_full": "Justiça pede que Xande de Pilares e Ferrugem troquem letra de música considerada islamofóbica",
        "published": "2024-02-22T23:42:00.000+02:00",
        "replies_count": 0,
        "participants_count": 1,
        "site_type": "news",
        "country": "BR",
        "main_image": "https://s2-quem.glbimg.com/p9OEL9o_CG848dOvCYwVYeSVHrU=/1200x/smart/filters:cover():strip_icc()/i.s3.glbimg.com/v1/AUTH_b0f0e84207c948ab8b8777be5a6a4395/internal_photos/bs/2024/K/K/wh0D7cRhWz3Ud5R2aB3g/xande-ferrugem.jpg",
        "performance_score": 0,
        "domain_rank": 742,
        "domain_rank_updated": "2024-02-20T12:07:18.000+02:00",
        "reach": null,
        "social": {
            "facebook": {
                "likes": 0,
                "comments": 0,
                "shares": 0
            },
            "gplus": {
                "shares": 0
            },
            "pinterest": {
                "shares": 0
            },
            "linkedin": {
                "shares": 0
            },
            "stumbledupon": {
                "shares": 0
            },
            "vk": {
                "shares": 0
            }
        }
    },
    "uuid": "3bf9668c7ff07d91ded2f173839fe9ba11e18745",
    "url": "https://revistaquem.globo.com/noticias/noticia/2024/02/justica-pede-que-xande-de-pilares-e-ferrugem-troquem-letra-de-musica-considerada-islamofobica.ghtml",
    "ord_in_thread": 0,
    "parent_url": null,
    "author": "Carla Neves",
    "published": "2024-02-22T23:42:00.000+02:00",
    "title": "Justiça pede que Xande de Pilares e Ferrugem troquem letra de música considerada islamofóbica",
    "text": "A Associação Nacional de Juristas Islâmicos (ANAJI) entrou na Justiça e o Ministério Público do Estado de São Paulo acatou o pedido da organização, e determinou que os cantores e compositores da música Me abraça, entre eles\nXande de Pilares e Ferrugem, adequem a obra no prazo de 30 dias, sob pena de multa de R$ 10 mil.\nA associação ainda pede uma indenização de R$ 30 mil por danos morais coletivos. A comunidade islâmica alega que um trecho da canção contém conotação preconceituosa e sugere que todos os seguidores do Islã seriam terroristas.\nXande de Pilares e Ferrugem gravaram a música da autoria de Claudemir Júnior, Peu Cavalcante e Rodrigo Leite.\nNo processo, obtido por Quem, a ANAJI questiona o seguinte trecho: \"Pra que bombardeio, pra que engatilhar. Aqui não é Irã, ou Islã, Bagdá. Foi só um mau tempo que ainda dá tempo. Desarma essa bomba em nome de Alá\".\nNa ação, a comunidade islâmica ressalta, no entanto, que \"busca apenas a adequação da música e não sua suspensão, em respeito à liberdade artística, visto que essa possui um trecho que viola os direitos da comunidade muçulmana no Brasil, ao associar a religião islâmica ao terrorismo.\"\n\"Como se depreende da transcrição acima, evidente que as palavras utilizadas na 4ª estrofe acabam transmitindo aos ouvintes a ideia de que todos os seguidores do Islã são terroristas e assassinos quando compara o desarme de bomba a Alá, dando a falsa concepção de que a religião propaga a violência e atos terroristas\", argumenta outro trecho da ação.\nProcurada por Quem, a assessoria de comunicação de Xande de Pilares contou que o escritório que representa os artistas tirou a música do ar do YouTube há três meses e, agora, aguarda a retirada da obra do Spotify.\n\"A Gold, escritório de empresariamento dos dois artistas, derrubou, num primeiro momento (três meses atrás), a faixa no YouTube e, ontem, quando receberam a notificação, pediu ao Spotify a retirada da música. Vale ressaltar que eles não são os compositores e que, portanto, a única providência é retirar a música das plataformas\", informou a assessoria.\nQuem também procurou a assessoria de comunicação do Spotify para saber quando a música sairia da plataforma, mas ainda não teve retorno.\nMais lidas da semana\nMais recente Próxima Luísa Sonza posa no espelho de topless e calcinha e alvoroça fãs",
    "highlightText": "",
    "highlightTitle": "",
    "highlightThreadTitle": "",
    "language": "portuguese",
    "sentiment": "negative",
    "categories": [
        "Religion and Belief",
        "Crime, Law and Justice"
    ],
    "external_links": [],
    "external_images": [],
    "entities": {
        "persons": [],
        "organizations": [],
        "locations": []
    },
    "rating": null,
    "crawled": "2024-02-23T01:24:24.607+02:00",
    "updated": "2024-02-23T01:24:24.607+02:00"
}