{
    "thread": {
        "uuid": "3e620eea8bcc58f32cf661a3ab9d88eefa0fad2a",
        "url": "https://www.diariosigloxxi.com/texto-ep/mostrar/20240222224444/francia-expulsa-iman-radical-tunez-comentarios-antisemitas-machistas-e-intolerantes",
        "site_full": "www.diariosigloxxi.com",
        "site": "diariosigloxxi.com",
        "site_section": "https://www.diariosigloxxi.com",
        "site_categories": [
            "media"
        ],
        "section_title": "Diario Siglo XXI. Periódico digital independiente, plural y abierto",
        "title": "Francia expulsa a un imán \"radical\" a Túnez por comentarios antisemitas, machistas e intolerantes",
        "title_full": "Francia expulsa a un imán \"radical\" a Túnez por comentarios antisemitas, machistas e intolerantes",
        "published": "2024-02-22T23:44:00.000+02:00",
        "replies_count": 0,
        "participants_count": 1,
        "site_type": "news",
        "country": "ES",
        "main_image": "http://www.diariosigloxxi.com/images/20537",
        "performance_score": 0,
        "domain_rank": 41449,
        "domain_rank_updated": "2024-02-20T12:07:23.000+02:00",
        "reach": null,
        "social": {
            "facebook": {
                "likes": 0,
                "comments": 0,
                "shares": 0
            },
            "gplus": {
                "shares": 0
            },
            "pinterest": {
                "shares": 0
            },
            "linkedin": {
                "shares": 0
            },
            "stumbledupon": {
                "shares": 0
            },
            "vk": {
                "shares": 0
            }
        }
    },
    "uuid": "3e620eea8bcc58f32cf661a3ab9d88eefa0fad2a",
    "url": "https://www.diariosigloxxi.com/texto-ep/mostrar/20240222224444/francia-expulsa-iman-radical-tunez-comentarios-antisemitas-machistas-e-intolerantes",
    "ord_in_thread": 0,
    "parent_url": null,
    "author": "Guillermo Peris Peris",
    "published": "2024-02-22T23:44:00.000+02:00",
    "title": "Francia expulsa a un imán \"radical\" a Túnez por comentarios antisemitas, machistas e intolerantes",
    "text": "Viajes y Lugares Tienda Siglo XXI Grupo Siglo XXI 21º ANIVERSARIO Fundado en noviembre de 2003 Opinión » Firmas y Blogs Viñetas Cartas Encuestas España Mundo Economía » Productividad Automóviles Empresas Deportes » Fútbol Baloncesto Tenis Motor Ciclismo Cultura » Cine Televisión y Medios Música Libros Sociedad » Moda y Tendencias Turismo y Gastronom. Ciencia » Salud Psicología Tecnología Mundo Francia expulsa a un imán \"radical\" a Túnez por comentarios antisemitas, machistas e intolerantes Agencias @DiarioSigloXXI jueves, 22 de febrero de 2024, 22:44 h (CET) MADRID, 22 (EUROPA PRESS) El ministro del Interior de Francia, Gérald Darmanin, ha anunciado este jueves la expulsión a Túnez del imán \"radical\" Mahjub Mahjubi, que dirigía sermones desde la mezquita de Bagnols-sur-Cèze, ubicada en el departamento de Gard, en los que realizaba comentarios antisemitas, machistas e intolerantes. \"Esta es la demostración de que la ley de inmigración, sin la cual una expulsión tan rápida no habría sido posible, fortalece a Francia. No dejaremos pasar nada\", ha indicado Darmanin en la red social X, anteriormente conocida como Twitter. Según el decreto de expulsión, el imán \"transmitía una concepción literal, retrógrada, intolerante y violenta del islam, susceptible de fomentar comportamientos contrarios a los valores\" de Francia, ha recogido la cadena francesa BFM TV. Entre este tipo de comportamientos, se encuentra \"la discriminación contra las mujeres\", a quienes define como \"inferiores\" y que \"deben ser guiadas y controladas por los hombres\", así como comentarios de odio contra los judíos, a quienes tilda de \"aliados del Anticristo\". \"Los comentarios que llaman al odio hacia los judíos e Israel y que defienden la yihad pueden incitar a seguidores a llevar a cabo un acto violento\", reza el texto, que agrega que el imán llegó a asegurar en otro de sus sermones que \"las mezquitas no crean combatientes como en la época del profeta\" Mahoma. Mahjubi, nacido en Túnez y afincado en Francia desde 1986, está casado con una mujer de nacionalidad francesa. Sus sermones levantaron polémica después de que saliese a la luz que había calificado la bandera tricolor de \"satánica\". Noticias relacionadas Condenado a perpetua el joven que mató con un camión a cuatro miembros de una familia musulmana en Canadá EEUU defiende su propuesta de resolución ante el Consejo de Seguridad tras su veto a otro texto de Argelia EEUU respalda a Rutte como próximo secretario general de la OTAN Sall anuncia un diálogo nacional a partir del lunes, pero deja en el aire la fecha de los comicios Zelenski aborda con Charles Michel la situación en la frontera con Polonia Quiénes somos | Sobre nosotros | Contacto | Aviso legal | | © Diario Siglo XXI. Periódico digital independiente, plural y abierto | Director: Guillermo Peris Peris",
    "highlightText": "",
    "highlightTitle": "",
    "highlightThreadTitle": "",
    "language": "spanish",
    "sentiment": "negative",
    "categories": [
        "Religion and Belief",
        "Social Issue"
    ],
    "external_links": [],
    "external_images": [],
    "entities": {
        "persons": [],
        "organizations": [],
        "locations": []
    },
    "rating": null,
    "crawled": "2024-02-23T00:59:47.137+02:00",
    "updated": "2024-02-23T00:59:47.137+02:00"
}