{
    "thread": {
        "uuid": "1c9060e78dabdff6920617e67ce49fab2ea35699",
        "url": "https://www.sbs.com.au/food/the-cook-up-with-adam-liaw/recipe/grilled-pork-chop-rice-paper-rolls/b2vdd81ge",
        "site_full": "www.sbs.com.au",
        "site": "sbs.com.au",
        "site_section": "http://www.sbs.com.au/food/rss/recipes",
        "site_categories": [
            "food",
            "french_cuisine"
        ],
        "section_title": "Food: Recipes and Articles",
        "title": "Grilled pork chop rice paper rolls",
        "title_full": "Grilled pork chop rice paper rolls | SBS The Cook Up with Adam Liaw",
        "published": "2024-02-23T13:29:00.000+02:00",
        "replies_count": 0,
        "participants_count": 1,
        "site_type": "news",
        "country": "AU",
        "main_image": "https://images.sbs.com.au/dims4/default/41dd296/2147483647/strip/true/crop/2666x1500+0+0/resize/1280x720!/quality/90/?url=http%3A%2F%2Fsbs-au-brightspot.s3.amazonaws.com%2F9c%2F4d%2F55e5d5804eef85dbdcc7e78f2d76%2Frx19-recipe-jerrymai-grilledporkrolls-creditjiwonkim-tcus6-1.jpg",
        "performance_score": 0,
        "domain_rank": 1648,
        "domain_rank_updated": "2024-02-20T12:07:18.000+02:00",
        "reach": null,
        "social": {
            "facebook": {
                "likes": 0,
                "comments": 0,
                "shares": 0
            },
            "gplus": {
                "shares": 0
            },
            "pinterest": {
                "shares": 0
            },
            "linkedin": {
                "shares": 0
            },
            "stumbledupon": {
                "shares": 0
            },
            "vk": {
                "shares": 0
            }
        }
    },
    "uuid": "1c9060e78dabdff6920617e67ce49fab2ea35699",
    "url": "https://www.sbs.com.au/food/the-cook-up-with-adam-liaw/recipe/grilled-pork-chop-rice-paper-rolls/b2vdd81ge",
    "ord_in_thread": 0,
    "parent_url": null,
    "author": "sbs.com.au",
    "published": "2024-02-23T13:29:00.000+02:00",
    "title": "Grilled pork chop rice paper rolls",
    "text": "serves\n4\nprep\n20 minutes\ncook\n10 minutes\ndifficulty\nEasy\nserves\n4 people\npreparation\n20 minutes\ncooking\n10 minutes\ndifficulty\nEasy level\nStream free On Demand\nFast, Fab & Fruity\nepisode • The Cook Up with Adam Liaw • cooking • 25m PG episode • The Cook Up with Adam Liaw • cooking • 25m PG Ingredients 4 pork chops, trimmed 1 head butter lettuce, leaves separated ¼ cup each of mint, Vietnamese mint, shiso and coriander leaves Thinly sliced pineapple, cucumber, star fruit, green mango, to serve 12 - 16 rice paper sheets, to serve ¼ cup fried shallots, to serve For the marinade\n½ tsp white peppercorns 4 garlic cloves 2 stalks lemongrass, finely sliced 1½ tbsp sea salt 2 tbsp (40 ml) fish sauce 50 ml vegetable oil For the nước mắm chấm\n140 g caster sugar 200 ml warm water 150 ml fish sauce 100 ml white vinegar or lemon juice 2 garlic cloves, finely chopped 3 bird’s eye chillies, finely chopped or sliced Marinating time 2 hours\nResting time 5 minutes Instructions To make the marinade, use a mortar and pestle to grind the white peppercorns, garlic and lemongrass to a thick paste. Mix the salt, fish sauce and oil through the paste, then combine the pork chops and paste in a medium mixing bowl and mix well to combine. Allow to marinate for 2 hours before using.\nTo make the nước mắm chấm, in a large bowl or jug, combine the caster sugar and warm water and whisk to dissolve the sugar. Add the remaining ingredients and mix well to combine. Taste and adjust to your liking, it should be sweet, sour and salty.\nWhen ready to cook, heat a chargrill pan or barbecue over medium heat. Cook the marinated pork chops for 4-5 minutes on each side, or until just cooked through, to avoid overcooking the pork. Transfer to a clean plate and allow to rest for 5 minutes.\nTo serve, thinly slice the pork and transfer to a serving plate. Place the lettuce leaves, picked herbs, sliced fruits and vegetables into the centre of the table with the rice paper sheets, with a bowl of water to moisten. Serve each guest an individual ramekin of . Each person rolls their own rice paper roll with the filling of their choice to dip into the nước mắm chấm. Garnish with fried shallots to finish. Note\nThe best way to cook these grilled pork chops is over charcoal, for superior flavour.\nPhotography by Jiwon Kim.\nWant more from The Cook Up? Stream all the seasons here and for free at SBS On Demand. Cook's Notes Oven temperatures are for conventional; if using fan-forced (convection), reduce the temperature by 20˚C. | We use Australian tablespoons and cups: 1 teaspoon equals 5 ml; 1 tablespoon equals 20 ml; 1 cup equals 250 ml. | All herbs are fresh (unless specified) and cups are lightly packed. | All vegetables are medium size and peeled, unless specified. | All eggs are 55-60 g, unless specified.\nStream free On Demand\nFast, Fab & Fruity\nepisode • The Cook Up with Adam Liaw • cooking • 25m PG episode • The Cook Up with Adam Liaw • cooking • 25m PG",
    "highlightText": "",
    "highlightTitle": "",
    "highlightThreadTitle": "",
    "language": "english",
    "sentiment": "negative",
    "categories": [
        "Religion and Belief",
        "War, Conflict and Unrest",
        "Human Interest"
    ],
    "external_links": [],
    "external_images": [],
    "entities": {
        "persons": [],
        "organizations": [],
        "locations": []
    },
    "rating": null,
    "crawled": "2024-02-23T16:49:08.036+02:00",
    "updated": "2024-03-01T18:20:31.545+02:00"
}