{
    "thread": {
        "uuid": "46473f21597d11fe7a35a8989706deccb152962f",
        "url": "https://www.digitaljournal.com/world/thousands-protest-pakistan-supreme-court-minorities-ruling/article",
        "site_full": "www.digitaljournal.com",
        "site": "digitaljournal.com",
        "site_section": "http://emm.newsbrief.eu/rss/rss?type=rtn&language=en&duplicates=false",
        "site_categories": [
            "media"
        ],
        "section_title": "Latest news clusters for en",
        "title": "Thousands protest Pakistan Supreme Court minorities ruling - Digital Journal",
        "title_full": "Thousands protest Pakistan Supreme Court minorities ruling - Digital Journal",
        "published": "2024-02-23T14:41:00.000+02:00",
        "replies_count": 0,
        "participants_count": 1,
        "site_type": "news",
        "country": "GB",
        "main_image": "https://www.digitaljournal.com/wp-content/uploads/2024/02/e1a78829b88d54cf4d46a4dd758b22f170d06fd2.jpg",
        "performance_score": 0,
        "domain_rank": 1493,
        "domain_rank_updated": "2024-02-20T12:07:18.000+02:00",
        "reach": null,
        "social": {
            "facebook": {
                "likes": 0,
                "comments": 0,
                "shares": 0
            },
            "gplus": {
                "shares": 0
            },
            "pinterest": {
                "shares": 0
            },
            "linkedin": {
                "shares": 0
            },
            "stumbledupon": {
                "shares": 0
            },
            "vk": {
                "shares": 0
            }
        }
    },
    "uuid": "46473f21597d11fe7a35a8989706deccb152962f",
    "url": "https://www.digitaljournal.com/world/thousands-protest-pakistan-supreme-court-minorities-ruling/article",
    "ord_in_thread": 0,
    "parent_url": null,
    "author": "AFP",
    "published": "2024-02-23T14:41:00.000+02:00",
    "title": "Thousands protest Pakistan Supreme Court minorities ruling - Digital Journal",
    "text": "Pakistanis protested against the Supreme Court's top judge after he issued a ruling related to blasphemy - Copyright AFP Asif HASSAN Thousands of Pakistanis protested against the Supreme Court’s top judge on Friday, after he issued a ruling related to blasphemy that sparked online backlash and thinly veiled death threats.\nA campaign targeting Supreme Court Chief Justice Qazi Faez Isa began after he ordered the release of a man from the Ahmadi religious sect, considered heretical by hardline Muslim scholars.\nThe man had been accused of disseminating a forbidden Ahmadi text, which firebrand clerics consider tantamount to blasphemy –- an incendiary issue in Muslim-majority Pakistan, where even unproven allegations of offending Islam have sparked violence.\nAround 3,000 people gathered at rallies across the northwestern city of Peshawar after Friday prayers.\nCrowds blocked roads and chanted “Death to Qadianis” — a slur referring to Ahmadis — as well as “Long live Islam”.\nThe Supreme Court issued a statement on Thursday evening defending his ruling, denying that it went against the Islamic constitution of Pakistan.\n“This impression is absolutely wrong,” it said. “The organised campaign against judiciary and judges is unfortunate.”\nA spokesman for Pakistan’s Ahmadi community, Amir Mahmood, told AFP that “one-sided negative propaganda is being spread against this judgement” which protected a man from “being persecuted for his religious belief”.\nIsa’s ruling first went unnoticed two weeks ago, before it was highlighted by social media accounts linked to the Tehreek-e-Labbaik Pakistan party behind violent anti-blasphemy protests.\nPosts calling for him to resign have been shared thousands of times on social media.\nThe Pakistani chapter of the Taliban militant group — known as Tehreek-e-Taliban Pakistan (TTP) — called Isa “an enemy of Islam” and “a damned man”.\n– Damned for their faith –\nThe Human Rights Commission of Pakistan said Isa’s ruling “protects the constitutional right of all religious minorities to freedom of religion or belief”.\n“Those political leaders and sections of the media that are responsible for this campaign must be restrained,” the organisation said on social media platform X.\nAhmadis have been discriminated against and persecuted for decades in Pakistan, because of their belief in a 19th century prophet after Muhammad.\nThe second amendment of Pakistan’s constitution, made in 1974, declares Ahmadis non-Muslims.\nThe law also prohibits them from professing to be Muslims or spreading their faith, and allows the death penalty for those found guilty of insulting Islam.\nIn his judgement, Isa ruled that according to the constitution, “every citizen shall have the right to profess, practice and propagate his religion”.\n“Freedom of faith is one of the fundamental tenets of Islam. But sadly, in matters of religion, tempers flare up and the Qur’anic mandate is forsaken,” he added.\nHe also said the book allegedly disseminated by the accused had not been outlawed at the time of the alleged crime in 2019.\nCleric Fazlur Rehman, the influential leader of the conservative religious party Jamiat Ulema-e-Islam, said Isa’s reasoning was “false and based on bad intentions”.\nIn 2011, the governor of eastern Punjab province was killed by his bodyguard after calling for reforms to the stringent blasphemy laws that Ahmadis frequently fall foul of.\nnz-la-cyb-jts/ecl/dhw",
    "highlightText": "",
    "highlightTitle": "",
    "highlightThreadTitle": "",
    "language": "english",
    "sentiment": "negative",
    "categories": [
        "Politics",
        "Social Issue",
        "Religion and Belief"
    ],
    "external_links": [],
    "external_images": [],
    "entities": {
        "persons": [
            {
                "name": "qazi faez isa",
                "sentiment": "none"
            },
            {
                "name": "ahmadi",
                "sentiment": "none"
            }
        ],
        "organizations": [
            {
                "name": "supreme court",
                "sentiment": "negative"
            },
            {
                "name": "pakistan supreme court",
                "sentiment": "negative"
            },
            {
                "name": "islam",
                "sentiment": "none"
            }
        ],
        "locations": [
            {
                "name": "pakistan",
                "sentiment": "none"
            },
            {
                "name": "peshawar",
                "sentiment": "none"
            }
        ]
    },
    "rating": null,
    "crawled": "2024-02-23T15:38:40.870+02:00",
    "updated": "2024-02-23T15:38:40.870+02:00"
}