{
    "thread": {
        "uuid": "0604a2c49d7d5ed64772dfba281f083b5e465669",
        "url": "https://bnnbreaking.com/local-news/heart-of-the-matter-religious-and-social-unrest-rocks-janwada-telangan",
        "site_full": "bnnbreaking.com",
        "site": "bnnbreaking.com",
        "site_section": "https://bnnbreaking.com/feed",
        "site_categories": [],
        "section_title": "BNN : Latest Posts",
        "title": "Heart of the Matter: Religious and Social Unrest Rocks Janwada, Telangana",
        "title_full": "Heart of the Matter: Religious and Social Unrest Rocks Janwada, Telangana",
        "published": "2024-02-23T04:54:00.000+02:00",
        "replies_count": 0,
        "participants_count": 1,
        "site_type": "news",
        "country": "IL",
        "main_image": "https://img-cdn.thepublive.com/fit-in/1200x675/bnn/media/media_files/b4d31961bf478343934173fcc3e715022c251592de048ba3081e246929b9b658.jpg",
        "performance_score": 0,
        "domain_rank": 23161,
        "domain_rank_updated": "2024-02-20T12:07:18.000+02:00",
        "reach": null,
        "social": {
            "facebook": {
                "likes": 0,
                "comments": 0,
                "shares": 0
            },
            "gplus": {
                "shares": 0
            },
            "pinterest": {
                "shares": 0
            },
            "linkedin": {
                "shares": 0
            },
            "stumbledupon": {
                "shares": 0
            },
            "vk": {
                "shares": 0
            }
        }
    },
    "uuid": "0604a2c49d7d5ed64772dfba281f083b5e465669",
    "url": "https://bnnbreaking.com/local-news/heart-of-the-matter-religious-and-social-unrest-rocks-janwada-telangan",
    "ord_in_thread": 0,
    "parent_url": null,
    "author": "Dil Bar Irshad",
    "published": "2024-02-23T04:54:00.000+02:00",
    "title": "Heart of the Matter: Religious and Social Unrest Rocks Janwada, Telangana",
    "text": "Imagine glancing down from the heavens, through the lens of a satellite, and spotting a village that mirrors the human heart in its layout. Janwada, a quaint village located 30 kilometers from Hyderabad, Telangana, has long been celebrated for this geographical curiosity. Yet, beneath the serenity and the unique topography, the village has become the epicenter of a conflict that transcends its tranquil appearance, laying bare the complexities of faith, politics, and social identity.\nA Ceremony Halted\nPreparations were in full swing for the weeklong consecration ceremony of a new Ram temple, an event that had united the villagers in anticipation. Scheduled to begin on February 17, the festivities promised to weave together the spiritual fabric of Janwada. However, the tides of discord swept through the village on February 13, halting the celebrations in their tracks. Two factions within the village, divided over road widening projects, clashed violently, leading to the Cyberabad Police imposing Section 144 of the CrPC. This law, prohibiting gatherings of five or more people, cast a shadow over the village from February 14 to February 21, dampening the festive spirit and bringing daily life to a standstill.\nThe Roots of Discord\nAt the heart of the conflict were allegations that the village sarpanch's husband had aligned with Hindu organizations, casting churchgoers as encroachers in the road widening debate. This accusation ignited tensions, resulting in a significant police presence and the suspension of both daily life and religious practices. The violence that ensued was not just a manifestation of disagreement over infrastructure development but a deeper, more insidious divide. Three individuals suffered severe injuries, while both sides faced arrests and accusations ranging from rioting and attempt to murder to religious insults. Amidst this turmoil, the Methodist Church, a sanctuary for many Dalit families, emerged as a battleground, highlighting the intertwining of faith and social identity against a backdrop of real estate interests.\nA Community in Turmoil\nThe unrest in Janwada is a microcosm of broader societal issues. Allegations of violence against Dalit Christians by a mob reportedly associated with Bajrang Dal and local political leaders have surfaced, echoing past incidents of caste-based violence. An article detailing the desecration of the Secunderabad cemetery underscores the ongoing atrocities against Dalits in Telangana, painting a grim picture of the challenges faced by these communities. With FIRs filed against 29 individuals and six arrests made, the incident in Janwada has sparked protests and brought to light the deep-seated tensions that lie just beneath the surface of this seemingly serene village.\nThe fabric of Janwada, once unified in its diversity, now reflects the complex interweaving of faith, politics, and social identity. As the village strives to heal from the clashes, the road to reconciliation appears long and fraught with challenges. Yet, in the heart of Janwada, there lies a resilience that promises to overcome the divisions, a testament to the enduring spirit of its people.",
    "highlightText": "",
    "highlightTitle": "",
    "highlightThreadTitle": "",
    "language": "english",
    "sentiment": "negative",
    "categories": [
        "Religion and Belief",
        "Social Issue"
    ],
    "external_links": [],
    "external_images": [],
    "entities": {
        "persons": [
            {
                "name": "janwada",
                "sentiment": "none"
            }
        ],
        "organizations": [],
        "locations": [
            {
                "name": "telangana",
                "sentiment": "none"
            },
            {
                "name": "hyderabad",
                "sentiment": "none"
            }
        ]
    },
    "rating": null,
    "crawled": "2024-02-23T06:56:45.310+02:00",
    "updated": "2024-02-23T06:56:45.310+02:00"
}