{
    "thread": {
        "uuid": "9526d9e8c8b6cf6bdf3e03a14eaa0c26bf207083",
        "url": "https://vnexplorer.net/trafficante-di-viagra-illegale-arrestati-prete-cattolico-e-il-suo-fidanzato-s1602210.html",
        "site_full": "vnexplorer.net",
        "site": "vnexplorer.net",
        "site_section": "https://vnexplorer.net/feed",
        "site_categories": [
            "health",
            "cold_and_flu"
        ],
        "section_title": "Verified News Explorer Channel - VNExplorer",
        "title": "Trafficante di Viagra illegale, arrestati prete cattolico e il suo fidanzato",
        "title_full": "Trafficante di Viagra illegale, arrestati prete cattolico e il suo fidanzato",
        "published": "2024-02-23T13:56:00.000+02:00",
        "replies_count": 0,
        "participants_count": 1,
        "site_type": "news",
        "country": "US",
        "main_image": "https://img-s-msn-com.akamaized.net/tenant/amp/entityid/BB1iL9RR.img",
        "performance_score": 0,
        "domain_rank": 52266,
        "domain_rank_updated": "2024-02-20T12:07:23.000+02:00",
        "reach": null,
        "social": {
            "facebook": {
                "likes": 0,
                "comments": 0,
                "shares": 0
            },
            "gplus": {
                "shares": 0
            },
            "pinterest": {
                "shares": 0
            },
            "linkedin": {
                "shares": 0
            },
            "stumbledupon": {
                "shares": 0
            },
            "vk": {
                "shares": 0
            }
        }
    },
    "uuid": "9526d9e8c8b6cf6bdf3e03a14eaa0c26bf207083",
    "url": "https://vnexplorer.net/trafficante-di-viagra-illegale-arrestati-prete-cattolico-e-il-suo-fidanzato-s1602210.html",
    "ord_in_thread": 0,
    "parent_url": null,
    "author": "VNExplorer",
    "published": "2024-02-23T13:56:00.000+02:00",
    "title": "Trafficante di Viagra illegale, arrestati prete cattolico e il suo fidanzato",
    "text": "Trafficante di Viagra, arrestati prete cattolico e il suo fidanzato\nUn prete spagnolo è stato arrestato con l’accusa di aver venduto illegalmente il Viagra da casa sua. Il religioso è stato fermato nella città di Don Benito, nella provincia occidentale di Badajoz, vicino al confine della Spagna con il Portogallo. La polizia ha arrestato il sospettato nella canonica dove viveva con un uomo descritto come suo partner, anch’egli arrestato dopo che la polizia aveva effettuato una perquisizione della proprietà.\nLEGGI ANCHE\nMartedì i due sono andati in tribunale e sono stati interrogati da un magistrato inquirente per più di quattro ore. Il sacerdote, chiamato localmente Alfonso Raul Masa Soto, è stato rilasciato su cauzione e gli è stato ordinato di presentarsi al tribunale locale ogni quindici giorni. Nel frattempo, il suo partner non identificato è stato incarcerato in attesa di un’indagine penale in corso. Gli arresti sono avvenuti lunedì dopo un’indagine durata settimane della Guardia Civil.\nSequestrati al prete Viagra e potenti afrodisiaci Si dice che il Viagra sia stato trovato all’interno della canonica insieme ad altri farmaci descritti come “potenti afrodisiaci”. La diocesi di Plasencia, alla quale appartiene don Benito, ha espresso il proprio rammarico per la detenzione del sacerdote a causa del “dolore e sofferenza” che comporta. Si legge in un comunicato: “Siamo in attesa di ulteriori chiarimenti mentre l’indagine continua. Seguiamo il suo sviluppo con cautela e rispetto per le persone coinvolte e siamo pronti a collaborare in tutto ciò che sarà necessario”.\nUn portavoce del governo centrale della regione ha confermato che hanno avuto luogo due arresti ma non ha fornito ulteriori dettagli. Il sacerdote è stato descritto localmente come un uomo “molto popolare”. Il suo avvocato Jesus Carretero ha insistito sul fatto che non c’erano prove incriminanti contro di lui. Ha aggiunto: “Ciò che viene detto sul mio cliente è totalmente falso. Tutto si risolverà man mano che le indagini continueranno”.\nLEGGI LE ALTRE NOTIZIE DI MONDO\nSeguici anche su Google News: clicca qui\nL’articolo Trafficante di Viagra illegale, arrestati prete cattolico e il suo fidanzato proviene da Bake News.",
    "highlightText": "",
    "highlightTitle": "",
    "highlightThreadTitle": "",
    "language": "italian",
    "sentiment": "negative",
    "categories": [
        "Religion and Belief",
        "Crime, Law and Justice"
    ],
    "external_links": [
        "https://img-s-msn-com.akamaized.net/tenant/amp/entityid/BB1iL9RR.img",
        "https://www.img-s-msn-com.akamaized.net/tenant/amp/entityid/BB1iL9RR.img"
    ],
    "external_images": [],
    "entities": {
        "persons": [],
        "organizations": [],
        "locations": []
    },
    "rating": null,
    "crawled": "2024-02-23T14:02:06.058+02:00",
    "updated": "2024-02-23T14:02:06.058+02:00"
}