{
    "thread": {
        "uuid": "8bdd304348a8e413c5b1d1e666f1f37bf2c64b97",
        "url": "https://finance.sina.com.cn/money/fund/aiassistant/etfwp/2025-06-19/doc-infaqrft3929781.shtml",
        "site_full": "finance.sina.com.cn",
        "site": "sina.com.cn",
        "site_section": "https://finance.sina.cn",
        "site_categories": [
            "tech",
            "top_news_hk",
            "top_news_sg",
            "top_news_tw",
            "top_news"
        ],
        "section_title": "新浪财经_金融信息服务商",
        "site_title": null,
        "title": "A500ETF申万菱信（560750）跌0.98%，半日成交额1579.60万元|申万菱信_新浪财经_新浪网",
        "title_full": "A500ETF申万菱信（560750）跌0.98%，半日成交额1579.60万元|申万菱信_新浪财经_新浪网",
        "published": "2025-06-19T06:34:00.000+03:00",
        "replies_count": 0,
        "participants_count": 1,
        "site_type": "news",
        "country": "CN",
        "main_image": "",
        "performance_score": 0,
        "domain_rank": 236,
        "domain_rank_updated": "2025-06-03T00:00:00.000+03:00",
        "licensing_agency": [],
        "social": {
            "facebook": {
                "likes": 0,
                "comments": 0,
                "shares": 0
            },
            "vk": {
                "shares": 0
            }
        }
    },
    "uuid": "8bdd304348a8e413c5b1d1e666f1f37bf2c64b97",
    "url": "https://finance.sina.com.cn/money/fund/aiassistant/etfwp/2025-06-19/doc-infaqrft3929781.shtml",
    "ord_in_thread": 0,
    "author": "小浪财讯",
    "published": "2025-06-19T06:34:00.000+03:00",
    "title": "A500ETF申万菱信（560750）跌0.98%，半日成交额1579.60万元|申万菱信_新浪财经_新浪网",
    "text": "6月19日，截止午间收盘，A500ETF申万菱信（560750）跌0.98%，报1.013元，成交额1579.60万元。A500ETF申万菱信（560750）重仓股方面， 贵州茅台 截止午盘涨0.00%， 宁德时代 跌1.13%， 中国平安 跌0.93%， 招商银行 跌0.70%， 美的集团 跌0.65%， 比亚迪 跌1.40%， 长江电力 跌0.33%， 兴业银行 跌0.08%， 紫金矿业 跌1.44%， 东方财富 跌2.19%。\nA500ETF申万菱信（560750）业绩比较基准为 中证A500指数 收益率，管理人为申万菱信基金管理有限公司，基金经理为王赟杰、赵兵，成立（2025-01-22）以来回报为2.20%，近一个月回报为-0.04%。\n风险提示：市场有风险，投资需谨慎。本文为AI大模型自动发布，任何在本文出现的信息（包括但不限于个股、评论、预测、图表、指标、理论、任何形式的表述等）均只作为参考，不构成个人投资建议。\nMACD金叉信号形成，这些股涨势不错！",
    "highlightText": "",
    "highlightTitle": "",
    "highlightThreadTitle": "",
    "language": "chinese",
    "sentiment": "negative",
    "categories": [
        "Economy, Business and Finance"
    ],
    "topics": [
        "Economy, Business and Finance->market and exchange",
        "Economy, Business and Finance->business reporting and performance",
        "Economy, Business and Finance->financial service"
    ],
    "ai_allow": true,
    "has_canonical": false,
    "breaking": null,
    "webz_reporter": false,
    "external_links": [
        "https://finance.sina.cn/app/sfa_macd.shtml?source=pccj",
        "https://www.finance.sina.cn/app/sfa_macd.shtml?source=pccj",
        "https://finance.sina.cn/app/sfa_macd.shtml"
    ],
    "entities": {
        "persons": [],
        "locations": [],
        "organizations": []
    },
    "syndication": {
        "syndicated": null,
        "syndicate_id": null,
        "first_syndicated": false
    },
    "trust": {
        "categories": [],
        "top_news": [
            "top_news_hk",
            "top_news_sg",
            "top_news_tw",
            "top_news"
        ],
        "bias": null
    },
    "rating": null,
    "crawled": "2025-06-19T07:37:02.832+03:00",
    "updated": "2025-06-20T05:06:10.000+00:00"
}