{
    "thread": {
        "uuid": "10a380f385824ff26e5e7c2d6d84c0257d8c6652",
        "url": "https://finance.sina.com.cn/money/fund/aiassistant/etfwp/2025-06-19/doc-infaqrfn7368252.shtml",
        "site_full": "finance.sina.com.cn",
        "site": "sina.com.cn",
        "site_section": "http://finance.sina.com.cn/fund/",
        "site_categories": [
            "tech",
            "top_news_hk",
            "top_news_sg",
            "top_news_tw",
            "top_news"
        ],
        "section_title": "基金首页_新浪财经_新浪网",
        "site_title": null,
        "title": "农业50ETF（516810）跌0.69%，半日成交额732.83万元|大北农_新浪财经_新浪网",
        "title_full": "农业50ETF（516810）跌0.69%，半日成交额732.83万元|大北农_新浪财经_新浪网",
        "published": "2025-06-19T06:32:00.000+03:00",
        "replies_count": 0,
        "participants_count": 1,
        "site_type": "news",
        "country": "CN",
        "main_image": "",
        "performance_score": 0,
        "domain_rank": 236,
        "domain_rank_updated": "2025-06-03T00:00:00.000+03:00",
        "licensing_agency": [],
        "social": {
            "facebook": {
                "likes": 0,
                "comments": 0,
                "shares": 0
            },
            "vk": {
                "shares": 0
            }
        }
    },
    "uuid": "10a380f385824ff26e5e7c2d6d84c0257d8c6652",
    "url": "https://finance.sina.com.cn/money/fund/aiassistant/etfwp/2025-06-19/doc-infaqrfn7368252.shtml",
    "ord_in_thread": 0,
    "author": "小浪财讯",
    "published": "2025-06-19T06:32:00.000+03:00",
    "title": "农业50ETF（516810）跌0.69%，半日成交额732.83万元|大北农_新浪财经_新浪网",
    "text": "6月19日，截止午间收盘，农业50ETF（516810）跌0.69%，报0.720元，成交额732.83万元。农业50ETF（516810）重仓股方面， 温氏股份 截止午盘跌0.58%， 牧原股份 跌0.56%， 海大集团 跌0.14%， 盐湖股份 跌0.85%， 新希望 跌1.27%， 梅花生物 跌0.09%， 亚钾国际 跌1.16%， 大北农 跌0.99%， 扬农化工 跌0.60%， 隆平高科 跌1.11%。\n农业50ETF（516810）业绩比较基准为 中证农业主题指数 收益率，管理人为华夏基金管理有限公司，基金经理为鲁亚运，成立（2021-12-29）以来回报为-27.41%，近一个月回报为4.27%。\n风险提示：市场有风险，投资需谨慎。本文为AI大模型自动发布，任何在本文出现的信息（包括但不限于个股、评论、预测、图表、指标、理论、任何形式的表述等）均只作为参考，不构成个人投资建议。\nMACD金叉信号形成，这些股涨势不错！",
    "highlightText": "",
    "highlightTitle": "",
    "highlightThreadTitle": "",
    "language": "chinese",
    "sentiment": "negative",
    "categories": [
        "Economy, Business and Finance",
        "Science and Technology",
        "Health"
    ],
    "topics": [
        "Economy, Business and Finance->commodity market",
        "Economy, Business and Finance->financial and economic news",
        "Economy, Business and Finance->agriculture",
        "Science and Technology->agricultural technology",
        "Science and Technology->economics",
        "Health->health treatment and procedure",
        "Health->health organisation",
        "Health->medical service"
    ],
    "ai_allow": true,
    "has_canonical": false,
    "breaking": null,
    "webz_reporter": false,
    "external_links": [
        "https://finance.sina.cn/app/sfa_macd.shtml?source=pccj",
        "https://www.finance.sina.cn/app/sfa_macd.shtml?source=pccj",
        "https://finance.sina.cn/app/sfa_macd.shtml"
    ],
    "entities": {
        "persons": [],
        "locations": [],
        "organizations": []
    },
    "syndication": {
        "syndicated": null,
        "syndicate_id": null,
        "first_syndicated": false
    },
    "trust": {
        "categories": [],
        "top_news": [
            "top_news_hk",
            "top_news_sg",
            "top_news_tw",
            "top_news"
        ],
        "bias": null
    },
    "rating": null,
    "crawled": "2025-06-19T07:39:15.177+03:00",
    "updated": "2025-06-20T05:05:40.000+00:00"
}