{
    "thread": {
        "uuid": "7f750e68c063135cc671d646eb7b413f36e4c421",
        "url": "https://finance.sina.com.cn/money/fund/aiassistant/etfwp/2025-06-19/doc-infaqrfn7366814.shtml",
        "site_full": "finance.sina.com.cn",
        "site": "sina.com.cn",
        "site_section": "http://finance.sina.com.cn/fund/",
        "site_categories": [
            "tech",
            "top_news_hk",
            "top_news_sg",
            "top_news_tw",
            "top_news"
        ],
        "section_title": "基金首页_新浪财经_新浪网",
        "site_title": null,
        "title": "消费30ETF（510630）跌1.08%，半日成交额954.59万元_新浪财经_新浪网",
        "title_full": "消费30ETF（510630）跌1.08%，半日成交额954.59万元_新浪财经_新浪网",
        "published": "2025-06-19T06:31:00.000+03:00",
        "replies_count": 0,
        "participants_count": 1,
        "site_type": "news",
        "country": "CN",
        "main_image": "",
        "performance_score": 0,
        "domain_rank": 236,
        "domain_rank_updated": "2025-06-03T00:00:00.000+03:00",
        "licensing_agency": [],
        "social": {
            "facebook": {
                "likes": 0,
                "comments": 0,
                "shares": 0
            },
            "vk": {
                "shares": 0
            }
        }
    },
    "uuid": "7f750e68c063135cc671d646eb7b413f36e4c421",
    "url": "https://finance.sina.com.cn/money/fund/aiassistant/etfwp/2025-06-19/doc-infaqrfn7366814.shtml",
    "ord_in_thread": 0,
    "author": "小浪财讯",
    "published": "2025-06-19T06:31:00.000+03:00",
    "title": "消费30ETF（510630）跌1.08%，半日成交额954.59万元_新浪财经_新浪网",
    "text": "6月19日，截止午间收盘，消费30ETF（510630）跌1.08%，报0.913元，成交额954.59万元。消费30ETF（510630）重仓股方面， 贵州茅台 截止午盘涨0.00%， 伊利股份 跌0.39%， 山西汾酒 跌0.08%， 海天味业 跌3.23%， 东鹏饮料 跌0.80%， 今世缘 跌1.39%， 青岛啤酒 跌1.44%， 安琪酵母 跌1.05%， 梅花生物 跌0.09%， 珀莱雅 跌1.13%。\n消费30ETF（510630）业绩比较基准为 上证主要消费行业指数 ，管理人为华夏基金管理有限公司，基金经理为司帆，成立（2013-03-28）以来回报为268.80%，近一个月回报为-5.24%。\n风险提示：市场有风险，投资需谨慎。本文为AI大模型自动发布，任何在本文出现的信息（包括但不限于个股、评论、预测、图表、指标、理论、任何形式的表述等）均只作为参考，不构成个人投资建议。\nMACD金叉信号形成，这些股涨势不错！",
    "highlightText": "",
    "highlightTitle": "",
    "highlightThreadTitle": "",
    "language": "chinese",
    "sentiment": "negative",
    "categories": [
        "Economy, Business and Finance",
        "Economy, Business and Finance",
        "Social Issue"
    ],
    "topics": [
        "Economy, Business and Finance->business reporting and performance",
        "Economy, Business and Finance->financial service",
        "Economy, Business and Finance->investment and opinion pieces",
        "Economy, Business and Finance->business reporting and performance",
        "Economy, Business and Finance->financial service",
        "Economy, Business and Finance->investment and opinion pieces"
    ],
    "ai_allow": true,
    "has_canonical": false,
    "breaking": null,
    "webz_reporter": false,
    "external_links": [
        "https://finance.sina.cn/app/sfa_macd.shtml?source=pccj",
        "https://www.finance.sina.cn/app/sfa_macd.shtml?source=pccj",
        "https://finance.sina.cn/app/sfa_macd.shtml"
    ],
    "entities": {
        "persons": [],
        "locations": [],
        "organizations": []
    },
    "syndication": {
        "syndicated": null,
        "syndicate_id": null,
        "first_syndicated": false
    },
    "trust": {
        "categories": [],
        "top_news": [
            "top_news_hk",
            "top_news_sg",
            "top_news_tw",
            "top_news"
        ],
        "bias": null
    },
    "rating": null,
    "crawled": "2025-06-19T07:39:06.706+03:00",
    "updated": "2025-06-20T05:10:02.000+00:00"
}