{
    "thread": {
        "uuid": "d034ab9242a4a626eee34e7b5d0c260427d6ce6a",
        "url": "https://finance.sina.com.cn/money/fund/aiassistant/etfwp/2025-06-19/doc-infaqrfn7366792.shtml",
        "site_full": "finance.sina.com.cn",
        "site": "sina.com.cn",
        "site_section": "http://finance.sina.com.cn/fund/",
        "site_categories": [
            "tech",
            "top_news_hk",
            "top_news_sg",
            "top_news_tw",
            "top_news"
        ],
        "section_title": "基金首页_新浪财经_新浪网",
        "site_title": null,
        "title": "中创400ETF（159918）跌1.03%，半日成交额2934.70元_新浪财经_新浪网",
        "title_full": "中创400ETF（159918）跌1.03%，半日成交额2934.70元_新浪财经_新浪网",
        "published": "2025-06-19T06:31:00.000+03:00",
        "replies_count": 0,
        "participants_count": 1,
        "site_type": "news",
        "country": "CN",
        "main_image": "",
        "performance_score": 0,
        "domain_rank": 236,
        "domain_rank_updated": "2025-06-03T00:00:00.000+03:00",
        "licensing_agency": [],
        "social": {
            "facebook": {
                "likes": 0,
                "comments": 0,
                "shares": 0
            },
            "vk": {
                "shares": 0
            }
        }
    },
    "uuid": "d034ab9242a4a626eee34e7b5d0c260427d6ce6a",
    "url": "https://finance.sina.com.cn/money/fund/aiassistant/etfwp/2025-06-19/doc-infaqrfn7366792.shtml",
    "ord_in_thread": 0,
    "author": "小浪财讯",
    "published": "2025-06-19T06:31:00.000+03:00",
    "title": "中创400ETF（159918）跌1.03%，半日成交额2934.70元_新浪财经_新浪网",
    "text": "6月19日，截止午间收盘，中创400ETF（159918）跌1.03%，报1.825元，成交额2934.70元。中创400ETF（159918）重仓股方面， 胜宏科技 截止午盘跌0.43%， 润和软件 跌1.81%， 欧菲光 跌1.52%， 拓维信息 跌1.85%， 岩山科技 跌1.83%， 第一创业 跌1.91%， 恺英网络 涨0.53%， 水晶光电 跌0.76%， 华天科技 跌1.23%， 光线传媒 跌3.68%。\n中创400ETF（159918）业绩比较基准为中创400指数，管理人为嘉实基金管理有限公司，基金经理为张超梁，成立（2012-03-22）以来回报为84.66%，近一个月回报为2.08%。\n风险提示：市场有风险，投资需谨慎。本文为AI大模型自动发布，任何在本文出现的信息（包括但不限于个股、评论、预测、图表、指标、理论、任何形式的表述等）均只作为参考，不构成个人投资建议。\nMACD金叉信号形成，这些股涨势不错！",
    "highlightText": "",
    "highlightTitle": "",
    "highlightThreadTitle": "",
    "language": "chinese",
    "sentiment": "negative",
    "categories": [
        "Economy, Business and Finance",
        "Social Issue",
        "Politics"
    ],
    "topics": [
        "Economy, Business and Finance->financial service",
        "Economy, Business and Finance->market and exchange",
        "Economy, Business and Finance->business reporting and performance",
        "Social Issue->demographics",
        "Social Issue->poverty",
        "Social Issue->social problem",
        "Politics->regulation of industry",
        "Politics->government",
        "Politics->economic policy"
    ],
    "ai_allow": true,
    "has_canonical": false,
    "breaking": null,
    "webz_reporter": false,
    "external_links": [
        "https://finance.sina.cn/app/sfa_macd.shtml?source=pccj",
        "https://www.finance.sina.cn/app/sfa_macd.shtml?source=pccj",
        "https://finance.sina.cn/app/sfa_macd.shtml"
    ],
    "entities": {
        "persons": [],
        "locations": [],
        "organizations": []
    },
    "syndication": {
        "syndicated": null,
        "syndicate_id": null,
        "first_syndicated": false
    },
    "trust": {
        "categories": [],
        "top_news": [
            "top_news_hk",
            "top_news_sg",
            "top_news_tw",
            "top_news"
        ],
        "bias": null
    },
    "rating": null,
    "crawled": "2025-06-19T07:39:10.144+03:00",
    "updated": "2025-06-20T05:05:51.000+00:00"
}