{
    "thread": {
        "uuid": "e1c0a502c8c50c5ca30ebdf5fc7b232d71678268",
        "url": "https://finance.sina.com.cn/money/fund/aiassistant/etfwp/2025-06-19/doc-infaqrfn7367188.shtml",
        "site_full": "finance.sina.com.cn",
        "site": "sina.com.cn",
        "site_section": "http://finance.sina.com.cn/fund/",
        "site_categories": [
            "tech",
            "top_news_hk",
            "top_news_sg",
            "top_news_tw",
            "top_news"
        ],
        "section_title": "基金首页_新浪财经_新浪网",
        "site_title": null,
        "title": "军工龙头ETF（512710）跌2.50%，半日成交额4.30亿元|军工_新浪财经_新浪网",
        "title_full": "军工龙头ETF（512710）跌2.50%，半日成交额4.30亿元|军工_新浪财经_新浪网",
        "published": "2025-06-19T06:31:00.000+03:00",
        "replies_count": 0,
        "participants_count": 1,
        "site_type": "news",
        "country": "CN",
        "main_image": "",
        "performance_score": 0,
        "domain_rank": 236,
        "domain_rank_updated": "2025-06-03T00:00:00.000+03:00",
        "licensing_agency": [],
        "social": {
            "facebook": {
                "likes": 0,
                "comments": 0,
                "shares": 0
            },
            "vk": {
                "shares": 0
            }
        }
    },
    "uuid": "e1c0a502c8c50c5ca30ebdf5fc7b232d71678268",
    "url": "https://finance.sina.com.cn/money/fund/aiassistant/etfwp/2025-06-19/doc-infaqrfn7367188.shtml",
    "ord_in_thread": 0,
    "author": "小浪财讯",
    "published": "2025-06-19T06:31:00.000+03:00",
    "title": "军工龙头ETF（512710）跌2.50%，半日成交额4.30亿元|军工_新浪财经_新浪网",
    "text": "6月19日，截止午间收盘，军工龙头ETF（512710）跌2.50%，报0.625元，成交额4.30亿元。军工龙头ETF（512710）重仓股方面， 中航光电 截止午盘跌2.33%， 航发动力 跌1.79%， 中航沈飞 跌4.45%， 中航西飞 跌2.11%， 中航机载 跌1.90%， 航天电子 跌1.85%， 海格通信 跌4.65%， 西部超导 跌2.25%， 振华科技 跌1.76%， 中航高科 跌1.60%。\n军工龙头ETF（512710）业绩比较基准为中证军工龙头指数收益率，管理人为富国基金管理有限公司，基金经理为牛志冬、王乐乐，成立（2019-07-23）以来回报为28.15%，近一个月回报为4.71%。\n风险提示：市场有风险，投资需谨慎。本文为AI大模型自动发布，任何在本文出现的信息（包括但不限于个股、评论、预测、图表、指标、理论、任何形式的表述等）均只作为参考，不构成个人投资建议。\nMACD金叉信号形成，这些股涨势不错！",
    "highlightText": "",
    "highlightTitle": "",
    "highlightThreadTitle": "",
    "language": "chinese",
    "sentiment": "negative",
    "categories": [
        "Economy, Business and Finance",
        "Economy, Business and Finance"
    ],
    "topics": [
        "Economy, Business and Finance->market and exchange",
        "Economy, Business and Finance->financial service",
        "Economy, Business and Finance->business reporting and performance",
        "Economy, Business and Finance->business reporting and performance",
        "Economy, Business and Finance->financial service",
        "Economy, Business and Finance->investment and opinion pieces"
    ],
    "ai_allow": true,
    "has_canonical": false,
    "breaking": null,
    "webz_reporter": false,
    "external_links": [
        "https://finance.sina.cn/app/sfa_macd.shtml?source=pccj",
        "https://www.finance.sina.cn/app/sfa_macd.shtml?source=pccj",
        "https://finance.sina.cn/app/sfa_macd.shtml"
    ],
    "entities": {
        "persons": [],
        "locations": [],
        "organizations": []
    },
    "syndication": {
        "syndicated": null,
        "syndicate_id": null,
        "first_syndicated": false
    },
    "trust": {
        "categories": [],
        "top_news": [
            "top_news_hk",
            "top_news_sg",
            "top_news_tw",
            "top_news"
        ],
        "bias": null
    },
    "rating": null,
    "crawled": "2025-06-19T07:38:51.278+03:00",
    "updated": "2025-06-20T05:10:22.000+00:00"
}