{
    "thread": {
        "uuid": "11133dc9cc3416fc0269cac379304b273f137008",
        "url": "https://elceo.com/negocios/libertad-servicios-financieros-otra-sofipo-en-la-mira-de-la-cnbv-que-esta-en-problemas",
        "site_full": "elceo.com",
        "site": "elceo.com",
        "site_section": "https://www.elceo.com",
        "site_categories": [
            "real_estate",
            "financial_news",
            "buying_selling_homes",
            "finance"
        ],
        "section_title": "EL CEO | Noticias de negocios, mercados, economía, tecnología y política, la información oportuna para líderes y tomadores de decisiones.",
        "site_title": "EL CEO | Noticias de negocios, mercados, economía, tecnología y política, la información oportuna para líderes y tomadores de decisiones.",
        "title": "Otra Sofipo en la mira: CNBV multa a Libertad Servicios Financieros por casi 4 mdp",
        "title_full": "Otra Sofipo en la mira: CNBV multa a Libertad Servicios Financieros por casi 4 mdp",
        "published": "2025-06-19T01:36:00.000+03:00",
        "replies_count": 0,
        "participants_count": 0,
        "site_type": "news",
        "country": "MX",
        "main_image": "https://elceo.com/wp-content/uploads/2025/06/libertad-servicios-financieros-otra-sofipo-en-la-mira-de-la-cnbv-que-esta-en-problemas.jpg",
        "performance_score": 0,
        "domain_rank": 131709,
        "domain_rank_updated": "2025-06-03T00:00:00.000+03:00",
        "licensing_agency": [],
        "social": {
            "facebook": {
                "likes": 0,
                "comments": 0,
                "shares": 0
            },
            "vk": {
                "shares": 0
            }
        }
    },
    "uuid": "11133dc9cc3416fc0269cac379304b273f137008",
    "url": "https://elceo.com/negocios/libertad-servicios-financieros-otra-sofipo-en-la-mira-de-la-cnbv-que-esta-en-problemas",
    "ord_in_thread": 0,
    "author": null,
    "published": "2025-06-19T01:36:00.000+03:00",
    "title": "Otra Sofipo en la mira: CNBV multa a Libertad Servicios Financieros por casi 4 mdp",
    "text": "La Comisión Nacional Bancaria de Valores ( CNBV ) publicó 16 multas para Libertad Servicios Financieros , una Sociedad Financiera Popular (S ofipo) que en años recientes perdió el nivel de capitalización y que se vio involucrada en una serie de escándalos.\nDichas sanciones del regulador se producen en un momento complicado para el sector de las Sofipos, tras el estallido del caso de Consejo de Asistencia al Microemprendedor (CAME), intervenida por Comisión Nacional Bancaria y de Valores (CNBV) el pasado 13 de junio debido a sus problemas financieros.\nLibertad Servicios Financieros rumbo al destino de CAME La institución Libertad Servicios Financieros fue multada con la cantidad de 3.9 millones de pesos, principalmente por conductas relacionadas con omisiones en la prevención de lavado de dinero, de acuerdo con la última actualización de la página de sanciones de la CNBV.\nLa multa más alta fue por la cantidad de 1.9 millones de pesos, por una conducta detectada en 2022, en contravención de la Ley de Ahorro y Crédito Popular .\nLa CNBV puede imponer multas a las entidades financieras que no cumplan con sus obligaciones en materia de prevención de lavado de dinero y financiamiento al terrorismo, especialmente en lo que respecta a la verificación de la identidad de sus clientes al momento de iniciar una relación comercial.\nFotoarte: Mariana Flores Came, el espejo que no quiere la CNBV El pasado 13 de junio, la CNBV avisó que intervino a la Sofipo , que desde diciembre del año pasado arrastraba problemas de liquidez.\nAl cierre de 2023, CAME reportó pérdidas que alcanzaron los 532 millones de pesos, cifra que para 2024 aumentó a 2,648 millones de pesos: mientras que sus activos se desplomaron 48.0%, al pasar de 6,082 millones de pesos a solo 3,160 millones .\nLa cartera de crédito, uno de sus pilares operativos, se desplomó 82.3%, de 2,965 a apenas 525 millones de pesos. Además, la captación, que refleja la confianza de los ahorradores, retrocedió 22.8%, al bajar de 2,074 a 1,600 millones .\nEl problema que enfrenta la CNBV radica en que el Fondo de Protección al Ahorro cubre hasta 25,000 UDIS por persona, lo que es equivalente a aproximadamente 211,000 pesos. Alrededor de 650 ahorradores que superan dicho monto, perderían el total de su inversión en la Sofipo.\nTe puede interesar:\nPara más información visita nuestro canal de YouTube",
    "highlightText": "",
    "highlightTitle": "",
    "highlightThreadTitle": "",
    "language": "spanish",
    "sentiment": "negative",
    "categories": [
        "Economy, Business and Finance",
        "Politics",
        "Social Issue"
    ],
    "topics": [
        "Economy, Business and Finance->financial service",
        "Economy, Business and Finance->business governance",
        "Politics->economic policy",
        "Politics->government",
        "Politics->regulation of industry",
        "Social Issue->ethics",
        "Social Issue->social services",
        "Social Issue->discrimination"
    ],
    "ai_allow": true,
    "has_canonical": false,
    "breaking": null,
    "webz_reporter": false,
    "external_links": [
        "http://elce.com/tag/CNBV",
        "http://www.youtube.com/watch?v=TVX7FcUdnbU",
        "http://youtube.com/watch?v=TVX7FcUdnbU",
        "http://www.youtube.com/watch",
        "http://www.elce.com/tag/CNBV"
    ],
    "entities": {
        "persons": [],
        "locations": [],
        "organizations": [
            {
                "name": "Comisión Nacional Bancaria de Valores",
                "sentiment": "none",
                "tickers": []
            },
            {
                "name": "CNBV",
                "sentiment": "none",
                "tickers": []
            },
            {
                "name": "Sociedad Financiera Popular",
                "sentiment": "none",
                "tickers": []
            },
            {
                "name": "CAME",
                "sentiment": "none",
                "tickers": []
            }
        ]
    },
    "syndication": {
        "syndicated": null,
        "syndicate_id": null,
        "first_syndicated": false
    },
    "trust": {
        "categories": [],
        "top_news": [],
        "bias": null
    },
    "rating": null,
    "crawled": "2025-06-19T07:38:22.961+03:00",
    "updated": "2025-06-19T04:45:15.000+00:00"
}