{
    "thread": {
        "uuid": "781a544c419cb5e6dce7ce3965739e5e1cedebfe",
        "url": "https://www.hk01.com/即時娛樂/60249078/張致恒雯雯財困無止境求助無門-無奈宣布-終於做租霸",
        "site_full": "www.hk01.com",
        "site": "hk01.com",
        "site_section": "https://hk01.com/zone/2/%e5%a8%9b%e6%a8%82",
        "site_categories": [
            "media",
            "society",
            "top_news_hk",
            "top_news_my",
            "top_news_sg",
            "top_news_tw",
            "top_news"
        ],
        "section_title": "01娛樂｜最新香港娛樂新聞、娛樂圈熱話、韓日美劇推介｜香港01",
        "site_title": "香港01｜hk01.com 倡議型媒體",
        "title": "張致恒雯雯財困無止境求助無門　無奈宣布：終於做租霸",
        "title_full": "張致恒雯雯財困無止境求助無門　無奈宣布：終於做租霸",
        "published": "2025-06-19T06:30:00.000+03:00",
        "replies_count": 0,
        "participants_count": 1,
        "site_type": "news",
        "country": "HK",
        "main_image": "https://cdn.hk01.com/di/media/images/dw/20250619/1012328769936953344037519.jpeg/o4gZyy_Sc0JOVJ8T2XvIaT0qTKC3vTXSIWbJKiFmySo?v=w1280r16_9",
        "performance_score": 0,
        "domain_rank": 13863,
        "domain_rank_updated": "2025-06-03T00:00:00.000+03:00",
        "licensing_agency": [],
        "social": {
            "facebook": {
                "likes": 0,
                "comments": 0,
                "shares": 15
            },
            "vk": {
                "shares": 0
            }
        }
    },
    "uuid": "781a544c419cb5e6dce7ce3965739e5e1cedebfe",
    "url": "https://www.hk01.com/即時娛樂/60249078/張致恒雯雯財困無止境求助無門-無奈宣布-終於做租霸",
    "ord_in_thread": 0,
    "author": "鍾路淂",
    "published": "2025-06-19T06:30:00.000+03:00",
    "title": "張致恒雯雯財困無止境求助無門　無奈宣布：終於做租霸",
    "text": "張致恒雯雯財困無止境求助無門　無奈宣布：終於做租霸\n港聞 娛樂 颱風消息 酒店優惠 國際 即時 熱榜 生活 科技 中國 體育 01深圳 經濟 觀點 健康 好食玩飛 女生 熱話 藝文格物 社區 教育 更多\n繁 | 简\n登入 港聞 娛樂 颱風消息 酒店優惠 國際 即時 熱榜 生活 科技 中國 體育 01深圳 經濟 觀點 健康 好食玩飛 女生 熱話 藝文格物 社區 教育",
    "highlightText": "",
    "highlightTitle": "",
    "highlightThreadTitle": "",
    "language": "chinese",
    "sentiment": "negative",
    "categories": [
        "Human Interest",
        "Economy, Business and Finance",
        "Social Issue"
    ],
    "topics": [
        "Human Interest->celebrity",
        "Economy, Business and Finance->economy",
        "Economy, Business and Finance->human resources",
        "Economy, Business and Finance->business governance",
        "Social Issue->poverty",
        "Social Issue->social condition"
    ],
    "ai_allow": true,
    "has_canonical": false,
    "breaking": null,
    "webz_reporter": false,
    "external_links": [
        "https://www.instagram.com/hk01_hk/",
        "https://www.facebook.com/hk01wemedia",
        "https://www.youtube.com/c/香港01official",
        "https://www.agoda.com/hk01?pcs=1&cid=1913555&hl=zh-hk&hid=173329&tag=link_homepage",
        "https://tailwindcss.com*/*,:after,:before{border-color:rgb(var(--color-gray-200)/1);border-style:solid;border-width:0;-webkit-box-sizing:border-box;box-sizing:border-box}:after,:before{--tw-content:",
        "https://agoda.com/hk01?pcs=1&cid=1913555&hl=zh-hk&hid=173329&tag=link_homepage",
        "https://www.tailwindcss.com*/*,:after,:before{border-color:rgb(var(--color-gray-200)/1);border-style:solid;border-width:0;-webkit-box-sizing:border-box;box-sizing:border-box}:after,:before{--tw-content:",
        "https://www.instagram.com/hk01_hk",
        "https://instagram.com/hk01_hk/",
        "https://facebook.com/hk01wemedia",
        "https://youtube.com/c/香港01official",
        "https://www.agoda.com/hk01"
    ],
    "entities": {
        "persons": [],
        "locations": [],
        "organizations": []
    },
    "syndication": {
        "syndicated": null,
        "syndicate_id": null,
        "first_syndicated": false
    },
    "trust": {
        "categories": [],
        "top_news": [
            "top_news_hk",
            "top_news_my",
            "top_news_sg",
            "top_news_tw",
            "top_news"
        ],
        "bias": null
    },
    "rating": null,
    "crawled": "2025-06-19T07:39:04.786+03:00",
    "updated": "2025-06-20T05:10:23.000+00:00"
}