{
    "thread": {
        "uuid": "640ccdc32e257bce5c6a1d44ced2be78d7d2bdd7",
        "url": "https://finance.sina.com.cn/money/fund/aiassistant/etfwp/2025-06-19/doc-infaqrft3927646.shtml",
        "site_full": "finance.sina.com.cn",
        "site": "sina.com.cn",
        "site_section": "http://finance.sina.com.cn/fund/",
        "site_categories": [
            "tech",
            "top_news_hk",
            "top_news_sg",
            "top_news_tw",
            "top_news"
        ],
        "section_title": "基金首页_新浪财经_新浪网",
        "site_title": null,
        "title": "科技ETF嘉实（515860）跌0.51%，半日成交额69.61万元|科技ETF_新浪财经_新浪网",
        "title_full": "科技ETF嘉实（515860）跌0.51%，半日成交额69.61万元|科技ETF_新浪财经_新浪网",
        "published": "2025-06-19T06:31:00.000+03:00",
        "replies_count": 0,
        "participants_count": 1,
        "site_type": "news",
        "country": "CN",
        "main_image": "",
        "performance_score": 0,
        "domain_rank": 236,
        "domain_rank_updated": "2025-06-03T00:00:00.000+03:00",
        "licensing_agency": [],
        "social": {
            "facebook": {
                "likes": 0,
                "comments": 0,
                "shares": 0
            },
            "vk": {
                "shares": 0
            }
        }
    },
    "uuid": "640ccdc32e257bce5c6a1d44ced2be78d7d2bdd7",
    "url": "https://finance.sina.com.cn/money/fund/aiassistant/etfwp/2025-06-19/doc-infaqrft3927646.shtml",
    "ord_in_thread": 0,
    "author": "小浪财讯",
    "published": "2025-06-19T06:31:00.000+03:00",
    "title": "科技ETF嘉实（515860）跌0.51%，半日成交额69.61万元|科技ETF_新浪财经_新浪网",
    "text": "6月19日，截止午间收盘，科技ETF嘉实（515860）跌0.51%，报1.179元，成交额69.61万元。科技ETF嘉实（515860）重仓股方面， 迈瑞医疗 截止午盘跌1.30%， 中兴通讯 跌0.57%， 海康威视 跌1.12%， 鹏鼎控股 跌0.98%， 长春高新 跌2.06%， 中航光电 跌2.33%， 韦尔股份 涨0.27%， 北方华创 涨1.95%， 安克创新 跌2.27%， 亿联网络 跌1.37%。\n科技ETF嘉实（515860）业绩比较基准为中证新兴科技100策略指数收益率，管理人为嘉实基金管理有限公司，基金经理为尚可，成立（2019-09-26）以来回报为18.56%，近一个月回报为5.49%。\n风险提示：市场有风险，投资需谨慎。本文为AI大模型自动发布，任何在本文出现的信息（包括但不限于个股、评论、预测、图表、指标、理论、任何形式的表述等）均只作为参考，不构成个人投资建议。\nMACD金叉信号形成，这些股涨势不错！",
    "highlightText": "",
    "highlightTitle": "",
    "highlightThreadTitle": "",
    "language": "chinese",
    "sentiment": "negative",
    "categories": [
        "Economy, Business and Finance",
        "Science and Technology",
        "Health"
    ],
    "topics": [
        "Economy, Business and Finance->financial and economic news",
        "Economy, Business and Finance->debt market",
        "Economy, Business and Finance->computing and information technology",
        "Science and Technology->technology and engineering",
        "Science and Technology->economics",
        "Health->health treatment and procedure",
        "Health->health organisation",
        "Health->medical service"
    ],
    "ai_allow": true,
    "has_canonical": false,
    "breaking": null,
    "webz_reporter": false,
    "external_links": [
        "https://finance.sina.cn/app/sfa_macd.shtml?source=pccj",
        "https://www.finance.sina.cn/app/sfa_macd.shtml?source=pccj",
        "https://finance.sina.cn/app/sfa_macd.shtml"
    ],
    "entities": {
        "persons": [],
        "locations": [],
        "organizations": []
    },
    "syndication": {
        "syndicated": null,
        "syndicate_id": null,
        "first_syndicated": false
    },
    "trust": {
        "categories": [],
        "top_news": [
            "top_news_hk",
            "top_news_sg",
            "top_news_tw",
            "top_news"
        ],
        "bias": null
    },
    "rating": null,
    "crawled": "2025-06-19T07:39:02.365+03:00",
    "updated": "2025-06-19T04:44:30.000+00:00"
}