{
    "thread": {
        "uuid": "571430c075ee9cfbaf3b47476cdb659c400fa77d",
        "url": "https://finance.sina.com.cn/money/fund/aiassistant/etfwp/2025-06-19/doc-infaqrft3929583.shtml",
        "site_full": "finance.sina.com.cn",
        "site": "sina.com.cn",
        "site_section": "https://finance.sina.cn",
        "site_categories": [
            "tech",
            "top_news_hk",
            "top_news_sg",
            "top_news_tw",
            "top_news"
        ],
        "section_title": "新浪财经_金融信息服务商",
        "site_title": null,
        "title": "上证50ETF天弘（530000）跌0.41%，半日成交额58.40万元|天弘_新浪财经_新浪网",
        "title_full": "上证50ETF天弘（530000）跌0.41%，半日成交额58.40万元|天弘_新浪财经_新浪网",
        "published": "2025-06-19T06:34:00.000+03:00",
        "replies_count": 0,
        "participants_count": 1,
        "site_type": "news",
        "country": "CN",
        "main_image": "",
        "performance_score": 0,
        "domain_rank": 236,
        "domain_rank_updated": "2025-06-03T00:00:00.000+03:00",
        "licensing_agency": [],
        "social": {
            "facebook": {
                "likes": 0,
                "comments": 0,
                "shares": 0
            },
            "vk": {
                "shares": 0
            }
        }
    },
    "uuid": "571430c075ee9cfbaf3b47476cdb659c400fa77d",
    "url": "https://finance.sina.com.cn/money/fund/aiassistant/etfwp/2025-06-19/doc-infaqrft3929583.shtml",
    "ord_in_thread": 0,
    "author": "小浪财讯",
    "published": "2025-06-19T06:34:00.000+03:00",
    "title": "上证50ETF天弘（530000）跌0.41%，半日成交额58.40万元|天弘_新浪财经_新浪网",
    "text": "6月19日，截止午间收盘，上证50ETF天弘（530000）跌0.41%，报1.206元，成交额58.40万元。上证50ETF天弘（530000）重仓股方面， 贵州茅台 截止午盘涨0.00%， 中国平安 跌0.93%， 招商银行 跌0.70%， 长江电力 跌0.33%， 兴业银行 跌0.08%， 紫金矿业 跌1.44%， 中信证券 跌1.55%， 工商银行 涨0.14%， 恒瑞医药 跌0.66%， 伊利股份 跌0.39%。\n上证50ETF天弘（530000）业绩比较基准为 上证50指数 收益率，管理人为天弘基金管理有限公司，基金经理为陈瑶，成立（2024-09-04）以来回报为21.05%，近一个月回报为-1.07%。\n风险提示：市场有风险，投资需谨慎。本文为AI大模型自动发布，任何在本文出现的信息（包括但不限于个股、评论、预测、图表、指标、理论、任何形式的表述等）均只作为参考，不构成个人投资建议。\nMACD金叉信号形成，这些股涨势不错！",
    "highlightText": "",
    "highlightTitle": "",
    "highlightThreadTitle": "",
    "language": "chinese",
    "sentiment": "negative",
    "categories": [
        "Economy, Business and Finance",
        "Economy, Business and Finance"
    ],
    "topics": [
        "Economy, Business and Finance->financial service",
        "Economy, Business and Finance->business reporting and performance",
        "Economy, Business and Finance->market and exchange",
        "Economy, Business and Finance->business reporting and performance",
        "Economy, Business and Finance->market and exchange",
        "Economy, Business and Finance->financial service"
    ],
    "ai_allow": true,
    "has_canonical": false,
    "breaking": null,
    "webz_reporter": false,
    "external_links": [
        "https://finance.sina.cn/app/sfa_macd.shtml?source=pccj",
        "https://www.finance.sina.cn/app/sfa_macd.shtml?source=pccj",
        "https://finance.sina.cn/app/sfa_macd.shtml"
    ],
    "entities": {
        "persons": [],
        "locations": [],
        "organizations": []
    },
    "syndication": {
        "syndicated": null,
        "syndicate_id": null,
        "first_syndicated": false
    },
    "trust": {
        "categories": [],
        "top_news": [
            "top_news_hk",
            "top_news_sg",
            "top_news_tw",
            "top_news"
        ],
        "bias": null
    },
    "rating": null,
    "crawled": "2025-06-19T07:37:37.937+03:00",
    "updated": "2025-06-20T05:08:25.000+00:00"
}