{
    "thread": {
        "uuid": "8ac8bee488c28577e2c9c99f5d8f83c9312e2092",
        "url": "https://finance.sina.com.cn/money/fund/aiassistant/etfwp/2025-06-19/doc-infaqrfn7368447.shtml",
        "site_full": "finance.sina.com.cn",
        "site": "sina.com.cn",
        "site_section": "http://finance.sina.com.cn/fund/",
        "site_categories": [
            "tech",
            "top_news_hk",
            "top_news_sg",
            "top_news_tw",
            "top_news"
        ],
        "section_title": "基金首页_新浪财经_新浪网",
        "site_title": null,
        "title": "中证A100ETF（159631）跌0.80%，半日成交额414.70万元_新浪财经_新浪网",
        "title_full": "中证A100ETF（159631）跌0.80%，半日成交额414.70万元_新浪财经_新浪网",
        "published": "2025-06-19T06:33:00.000+03:00",
        "replies_count": 0,
        "participants_count": 1,
        "site_type": "news",
        "country": "CN",
        "main_image": "",
        "performance_score": 0,
        "domain_rank": 236,
        "domain_rank_updated": "2025-06-03T00:00:00.000+03:00",
        "licensing_agency": [],
        "social": {
            "facebook": {
                "likes": 0,
                "comments": 0,
                "shares": 0
            },
            "vk": {
                "shares": 0
            }
        }
    },
    "uuid": "8ac8bee488c28577e2c9c99f5d8f83c9312e2092",
    "url": "https://finance.sina.com.cn/money/fund/aiassistant/etfwp/2025-06-19/doc-infaqrfn7368447.shtml",
    "ord_in_thread": 0,
    "author": "小浪财讯",
    "published": "2025-06-19T06:33:00.000+03:00",
    "title": "中证A100ETF（159631）跌0.80%，半日成交额414.70万元_新浪财经_新浪网",
    "text": "6月19日，截止午间收盘，中证A100ETF（159631）跌0.80%，报0.994元，成交额414.70万元。中证A100ETF（159631）重仓股方面， 贵州茅台 截止午盘涨0.00%， 宁德时代 跌1.13%， 中国平安 跌0.93%， 招商银行 跌0.70%， 美的集团 跌0.65%， 长江电力 跌0.33%， 兴业银行 跌0.08%， 比亚迪 跌1.40%， 紫金矿业 跌1.44%， 中信证券 跌1.55%。\n中证A100ETF（159631）业绩比较基准为 收益率，管理人为招商基金管理有限公司，基金经理为许荣漫，成立（2022-08-18）以来回报为0.22%，近一个月回报为-0.98%。\n风险提示：市场有风险，投资需谨慎。本文为AI大模型自动发布，任何在本文出现的信息（包括但不限于个股、评论、预测、图表、指标、理论、任何形式的表述等）均只作为参考，不构成个人投资建议。\nMACD金叉信号形成，这些股涨势不错！",
    "highlightText": "",
    "highlightTitle": "",
    "highlightThreadTitle": "",
    "language": "chinese",
    "sentiment": "negative",
    "categories": [
        "Economy, Business and Finance",
        "Economy, Business and Finance"
    ],
    "topics": [
        "Economy, Business and Finance->financial and economic news",
        "Economy, Business and Finance->business reporting and performance",
        "Economy, Business and Finance->products and services",
        "Economy, Business and Finance->financial and economic news",
        "Economy, Business and Finance->market and exchange"
    ],
    "ai_allow": true,
    "has_canonical": false,
    "breaking": null,
    "webz_reporter": false,
    "external_links": [
        "https://finance.sina.cn/app/sfa_macd.shtml?source=pccj",
        "https://www.finance.sina.cn/app/sfa_macd.shtml?source=pccj",
        "https://finance.sina.cn/app/sfa_macd.shtml"
    ],
    "entities": {
        "persons": [],
        "locations": [],
        "organizations": []
    },
    "syndication": {
        "syndicated": null,
        "syndicate_id": null,
        "first_syndicated": false
    },
    "trust": {
        "categories": [],
        "top_news": [
            "top_news_hk",
            "top_news_sg",
            "top_news_tw",
            "top_news"
        ],
        "bias": null
    },
    "rating": null,
    "crawled": "2025-06-19T07:39:12.097+03:00",
    "updated": "2025-06-20T05:07:30.000+00:00"
}