{
    "thread": {
        "uuid": "1ae2cabcb5cf265c790063ba73d60950657bb36f",
        "url": "https://www.hindustantimes.com/world-news/us-news/nevada-freezing-fog-advisories-travelers-warned-of-dangerous-conditions-see-list-of-areas-under-warning-101763619532807.html",
        "site_full": "www.hindustantimes.com",
        "site": "hindustantimes.com",
        "site_section": "https://www.hindustantimes.com/ht-insight",
        "site_categories": [
            "media",
            "top_news_pk",
            "top_news_gb",
            "top_news_kw",
            "top_news_sa",
            "top_news_nz",
            "top_news_au",
            "top_news_sg",
            "top_news_ie",
            "top_news_za",
            "top_news_ph",
            "top_news_ae",
            "top_news_us",
            "top_news_in",
            "top_news_ca",
            "top_news_my",
            "top_news_iq",
            "top_news_qa",
            "top_news"
        ],
        "section_title": "HT Insight: Read academic research and opinion articles from the experts on policy matters that shape up India | Hindustan Times",
        "site_title": "News: Today’s News Headlines, Breaking News India, World News and Cricket News | Hindustan Times",
        "title": "Nevada freezing fog advisories: Travelers warned of dangerous conditions; see list of areas under warning | Hindustan Times",
        "title_full": "Nevada freezing fog advisories: Travelers warned of dangerous conditions; see list of areas under warning | Hindustan Times",
        "published": "2025-11-20T08:34:00.000+02:00",
        "replies_count": 0,
        "participants_count": 1,
        "site_type": "news",
        "country": "IN",
        "main_image": "https://www.hindustantimes.com/ht-img/img/2025/11/20/1600x900/logo/forest-fog-nature-winter-45222_1763620225631_1763620233088.jpeg",
        "performance_score": 0,
        "domain_rank": 825,
        "domain_rank_updated": "2025-11-16T23:00:00.000+02:00",
        "licensing_agency": [],
        "social": {
            "facebook": {
                "likes": 0,
                "comments": 0,
                "shares": 0
            },
            "vk": {
                "shares": 0
            }
        }
    },
    "uuid": "1ae2cabcb5cf265c790063ba73d60950657bb36f",
    "url": "https://www.hindustantimes.com/world-news/us-news/nevada-freezing-fog-advisories-travelers-warned-of-dangerous-conditions-see-list-of-areas-under-warning-101763619532807.html",
    "ord_in_thread": 0,
    "author": "@httweets",
    "published": "2025-11-20T08:34:00.000+02:00",
    "title": "Nevada freezing fog advisories: Travelers warned of dangerous conditions; see list of areas under warning | Hindustan Times",
    "text": "Nevada freezing fog advisories: Travelers warned of dangerous conditions; see list of areas under warning\nNearly 80,000 people in Nevada have been warned of dangerous travel conditions on Wednesday morning, November 19, with freezing fog descending across the state.\nNearly 80,000 people in Nevada have been warned of dangerous travel conditions on Wednesday morning, November 19, with freezing fog descending across the state. National Weather Service (NWS) senior meteorologist Bill South told Newsweek that it is rare to see freezing fog this time of year, adding that this part of Nevada \"very rarely\" gets the moisture at the lower levels to support the formation of the freezing fog.\nThe NWS has issued freezing fog advisories for various Nevada regions. It has warned morning travelers of rapidly reduced visibility and hazardous road conditions.\nAffected areas\nUrgent weather messages issued by the NWS offices in Reno and Elko, Nevada, said that freezing fog was leading to visibility dropping below one mile in affected regions as of Wednesday morning. The advisories will remain in effect until 9 am PST. The following areas are specifically targeted:\n- Greater Reno-Carson City-Minden Area\n- Western Nevada Basin and Range, including Pyramid Lake\n- Humboldt County, covering cities such as Golconda, Dufferena, Valmy, and Winnemucca\n- Additional communities impacted include Lovelock, Sparks, Imlay, Virginia City, Silver Springs, Fallon, Gardnerville, Nixon, Fernley, and Verdi\nThe advisory warns travelers of sharply reduced visibility, as well as potential for slick roadways as moisture in the fog often freezes on cold surfaces. “Visibility less than one mile in freezing fog,\" NWS Reno said in the advisory. \"Low visibility and slick roads could make driving conditions hazardous.\"\nRead More |\nThe Elko office also advised Humboldt County residents that “low visibility could make driving conditions hazardous.\" \"Please slow down as you travel across portions of Humboldt county this morning,\" the advisory added.\nPeople traveling on highways and local roads must be careful of unexpected patches of dense fog and icy pavement, specifically in valleys and basins where cold air and moisture lead to prime conditions for freezing fog.\nWhat is NWS Elko saying?\n\"If driving, slow down, use your headlights, and leave plenty of distance ahead of you,” NWS Elko said in a freezing fog advisory.\n“Patchy, dense freezing fog will continue across portions of Humboldt county, including roads like I-80, US Highway 95, and SR140. The freezing fog will reduce visibilities at times to one mile or less. Travel will be difficult, please use caution if driving this morning,” NSW Elko said in an X post.\n“High temperatures throughout Northern and Central Nevada this afternoon will be two to four degrees cooler than yesterday afternoon. Maximum temperatures across Northern and Central Nevada Thursday afternoon will be two to four degrees below normal for this time of year,” it added.\nIt said in another post, \"Fog and Freezing Fog will develop in many valley locations overnight, with the highest chances (90%+) in the Martis and Carson Valleys, with a 60 percent chance elsewhere in W NV and the Sierra. Rapid visibility drops are possible along with icy roadways/bridges for the Wed AM commute.”\nEven after the freezing fog advisories expire, and visibility and roadway conditions improve, residents and travelers should continue to remain alert for changes in weather conditions. The NSW will keep monitoring the situation.\nUS Newscovering politics, crime, weather, local events, and sports highlights. Get the latest on\nDonald Trumpand American politics also realtime updates on\nIndonesia ferry fire.\nUS Newscovering politics, crime, weather, local events, and sports highlights. Get the latest on\nDonald Trumpand American politics also realtime updates on\nIndonesia ferry fire.\nNews/\nWorld News/\nUS News/ Nevada freezing fog advisories: Travelers warned of dangerous conditions; see list of areas under warning",
    "highlightText": "",
    "highlightTitle": "",
    "highlightThreadTitle": "",
    "language": "english",
    "sentiment": "negative",
    "categories": [
        "Weather"
    ],
    "topics": [
        "Weather->weather phenomena",
        "Weather->weather warning"
    ],
    "ai_allow": true,
    "has_canonical": false,
    "breaking": true,
    "webz_reporter": false,
    "external_links": [
        "https://x.com/NWSReno/status/1990909912642146409?s=20",
        "https://x.com/NWSElko/status/1991167492342047059?s=20",
        "https://x.com/NWSElko/status/1991094204395561129?s=20",
        "https://www.x.com/NWSElko/status/1991094204395561129?s=20",
        "https://www.x.com/NWSElko/status/1991167492342047059?s=20",
        "https://x.com/NWSReno/status/1990909912642146409",
        "https://x.com/NWSElko/status/1991167492342047059",
        "https://x.com/NWSElko/status/1991094204395561129",
        "https://www.x.com/NWSReno/status/1990909912642146409?s=20"
    ],
    "external_images": [],
    "internal_images": [],
    "entities": {
        "persons": [
            {
                "name": "Bill South",
                "sentiment": "none"
            }
        ],
        "locations": [],
        "organizations": [
            {
                "name": "Hindustan Times",
                "sentiment": "negative",
                "tickers": [
                    {
                        "ticker": null,
                        "exchange": null
                    }
                ]
            },
            {
                "name": "National Weather Service",
                "sentiment": "none",
                "tickers": [
                    {
                        "ticker": null,
                        "exchange": null
                    }
                ]
            },
            {
                "name": "Newsweek",
                "sentiment": "none",
                "tickers": [
                    {
                        "ticker": null,
                        "exchange": null
                    }
                ]
            },
            {
                "name": "NWS",
                "sentiment": "none",
                "tickers": [
                    {
                        "ticker": null,
                        "exchange": null
                    }
                ]
            }
        ]
    },
    "syndication": {
        "syndicated": false,
        "syndicate_id": null,
        "first_syndicated": false
    },
    "trust": {
        "categories": [
            "fake_news"
        ],
        "top_news": [
            "top_news_pk",
            "top_news_gb",
            "top_news_kw",
            "top_news_sa",
            "top_news_nz",
            "top_news_au",
            "top_news_sg",
            "top_news_ie",
            "top_news_za",
            "top_news_ph",
            "top_news_ae",
            "top_news_us",
            "top_news_in",
            "top_news_ca",
            "top_news_my",
            "top_news_iq",
            "top_news_qa",
            "top_news"
        ],
        "bias": "center",
        "source": {
            "type": null,
            "city": null,
            "state": null,
            "country": null,
            "domain_type": null,
            "agency": null,
            "organization_name": null
        }
    },
    "rating": null,
    "crawled": "2025-11-20T08:41:59.345+02:00",
    "updated": "2025-11-20T08:51:34.000+02:00"
}