{
    "thread": {
        "uuid": "610b1a3e38b888d8c7f2a44601204c467efdee3b",
        "url": "https://akharinkhabar.ir/local/10734670/هوای-اصفهان-در-وضعیت-نارنجی-و-ناسالم-است",
        "site_full": "akharinkhabar.ir",
        "site": "akharinkhabar.ir",
        "site_section": "https://akharinkhabar.ir/local",
        "site_categories": [
            "media"
        ],
        "section_title": "آخرین خبر | استانها ",
        "site_title": null,
        "title": "هوای اصفهان در وضعیت نارنجی و ناسالم است",
        "title_full": "هوای اصفهان در وضعیت نارنجی و ناسالم است",
        "published": "2025-11-20T07:53:47.419+02:00",
        "replies_count": 0,
        "participants_count": 1,
        "site_type": "news",
        "country": "IR",
        "main_image": "https://app.akharinkhabar.ir/images/2025/11/20/40ee2841-4d07-4190-884c-4c362f27c31c.jpeg",
        "performance_score": 0,
        "domain_rank": 29593,
        "domain_rank_updated": "2025-11-16T23:00:00.000+02:00",
        "licensing_agency": [],
        "social": {
            "facebook": {
                "likes": 0,
                "comments": 0,
                "shares": 0
            },
            "vk": {
                "shares": 0
            }
        }
    },
    "uuid": "610b1a3e38b888d8c7f2a44601204c467efdee3b",
    "url": "https://akharinkhabar.ir/local/10734670/هوای-اصفهان-در-وضعیت-نارنجی-و-ناسالم-است",
    "ord_in_thread": 0,
    "author": "@akharinkhabar",
    "published": "2025-11-20T07:53:47.419+02:00",
    "title": "هوای اصفهان در وضعیت نارنجی و ناسالم است",
    "text": "هوای اصفهان در وضعیت نارنجی و ناسالم است\nمهر/ شاخص کیفیت هوای کلانشهر اصفهان صبح پنجشنبه ۲۹ آبان با میانگین ۱۴۱ AQI وضعیت نارنجی و ناسالم برای گروههای حساس را نشان میدهد.\nهوای کلانشهر اصفهان بر اساس دادههای ۱۲ ایستگاه سنجش فعال منتهی به ساعت هشت صبح پنجشنبه بیست و نهم آبان با میانگین ۱۴۱ AQI وضعیت ناسالم برای گروههای حساس را نشان میدهد.\nدر همین حال اداره کل هواشناسی اصفهان با صدور هشدار سطح زرد اعلام کرده است که به سبب تداوم پایداری و سکون نسبی جو تا سهشنبه ۴ آذرماه، شرایط انباشت آلایندهها در هوای مناطق مرکزی و صنعتی استان ادامه دار خواهد بود که در صورت کنترل نشدن منابع انتشار آلایندهها آلودگی، تشدید خواهد شد.\nبر اساس دادههای سامانه برخط کنترل کیفیت هوای سازمان محیطزیست (منطقه اصفهان) شاخص هوای این کلانشهر در ساعت انتشار این گزارش در ایستگاه خیابان ۲۵ آبان با عدد ۱۵۵، رهنان ۱۵۷، بولوار کاوه ۱۵۲، کردآباد ۱۷۷ و ولدان ۱۵۸ AQI وضعیت قرمز و ناسالم برای عموم افراد جامعه و در ایستگاه پارک زمزم با عدد ۱۴۴، دانشگاه صنعتی ۱۲۱، زینبیه ۱۳۲، سپاهانشهر ۱۳۸، فیض ۱۱۹ و میرزاطاهر ۱۴۳ AQI وضعیت نارنجی و ناسالم برای گروههای حساس را نشان میدهد.",
    "highlightText": "",
    "highlightTitle": "",
    "highlightThreadTitle": "",
    "language": "persian",
    "sentiment": "negative",
    "categories": [
        "Weather",
        "Environment"
    ],
    "topics": [
        "Weather->weather warning",
        "Weather->weather statistic",
        "Environment->air pollution"
    ],
    "ai_allow": true,
    "has_canonical": false,
    "breaking": false,
    "webz_reporter": false,
    "external_links": [],
    "external_images": [],
    "internal_images": [],
    "entities": {
        "persons": [],
        "locations": [],
        "organizations": []
    },
    "syndication": {
        "syndicated": null,
        "syndicate_id": null,
        "first_syndicated": false
    },
    "trust": {
        "categories": [],
        "top_news": [],
        "bias": null,
        "source": {
            "type": null,
            "city": null,
            "state": null,
            "country": null,
            "domain_type": null,
            "agency": null,
            "organization_name": null
        }
    },
    "rating": null,
    "crawled": "2025-11-20T07:53:47.419+02:00",
    "updated": "2025-11-20T07:58:14.000+02:00"
}