{
    "thread": {
        "uuid": "57e22a0f5460962254ce23fbea9b87012245a876",
        "url": "https://www.bzi.ro/atentie-soferi-cod-galben-de-ceata-densa-la-iasi-5405355",
        "site_full": "www.bzi.ro",
        "site": "bzi.ro",
        "site_section": "https://lifestyle.bzi.ro/feed",
        "site_categories": [
            "media",
            "top_news_ro",
            "top_news"
        ],
        "section_title": "BZI.ro",
        "site_title": "BZI.ro - Cotidian local de investigații și anchete politice",
        "title": "Atenție, șoferi! Cod galben de ceață densă la Iași",
        "title_full": "Atenție, șoferi! Cod galben de ceață densă la Iași",
        "published": "2025-11-20T08:44:00.000+02:00",
        "replies_count": 0,
        "participants_count": 1,
        "site_type": "news",
        "country": "RO",
        "main_image": "https://media.bzi.ro/unsafe/1200x630/smart/filters:contrast(5):format(80)/https://bzi.ro/wp-content/uploads/2025/11/ceata-iasi-3.png",
        "performance_score": 0,
        "domain_rank": 61081,
        "domain_rank_updated": "2025-11-16T23:00:00.000+02:00",
        "licensing_agency": [],
        "social": {
            "facebook": {
                "likes": 0,
                "comments": 0,
                "shares": 0
            },
            "vk": {
                "shares": 0
            }
        }
    },
    "uuid": "57e22a0f5460962254ce23fbea9b87012245a876",
    "url": "https://www.bzi.ro/atentie-soferi-cod-galben-de-ceata-densa-la-iasi-5405355",
    "ord_in_thread": 0,
    "author": "Bujor Elena Nicoleta",
    "published": "2025-11-20T08:44:00.000+02:00",
    "title": "Atenție, șoferi! Cod galben de ceață densă la Iași",
    "text": "În această dimineață, 20 noiembrie 2025, ISU Iași a emis o atenționare Cod Galben pentru intervalul 07:45–10:00, vizând ceață ce determină vizibilitate redusă sub 200 m, izolat sub 50 m.\n„Atenționare fenomene meteorologice periculoase COD GALBEN- 20.11.2025 / 07:45- 10:00-local ceata ce determina vizibilitate redusă, sub 200 m, izolat sub 50 m”, a transmis ISU Iași.\nCeața a afectat în principal traficul rutier, unde vizibilitatea redusă a îngreunat circulația pe mai multe drumuri din municipiu și din județ. Șoferii au fost sfătuiți să adapteze viteza și să folosească luminile de ceață.\nPe Aeroportul Internațional Iași, situația este normală. Potrivit informațiilor obținute de reporterii BZI, zborurile se desfășoară în condiții bune, fără întârzieri la aterizări sau decolări din cauza ceții.\n„Ceața s-a mai ridicat, sunt condiţii bune, dar TAROM nu a decolat din Otopeni, nu știm motivul”, au transmis reprezentanţii Aeroportului Internaţional Iaşi.\nMeteorologii precizează că acest tip de ceață este obișnuit în orele de dimineață, în condiții de temperaturi scăzute și vânt slab.",
    "highlightText": "",
    "highlightTitle": "",
    "highlightThreadTitle": "",
    "language": "romanian",
    "sentiment": "negative",
    "categories": [
        "Weather"
    ],
    "topics": [
        "Weather->weather warning"
    ],
    "ai_allow": true,
    "has_canonical": false,
    "breaking": true,
    "webz_reporter": false,
    "external_links": [],
    "external_images": [],
    "internal_images": [],
    "entities": {
        "persons": [],
        "locations": [],
        "organizations": []
    },
    "syndication": {
        "syndicated": null,
        "syndicate_id": null,
        "first_syndicated": false
    },
    "trust": {
        "categories": [],
        "top_news": [
            "top_news_ro",
            "top_news"
        ],
        "bias": null,
        "source": {
            "type": null,
            "city": null,
            "state": null,
            "country": null,
            "domain_type": null,
            "agency": null,
            "organization_name": null
        }
    },
    "rating": null,
    "crawled": "2025-11-20T09:06:08.442+02:00",
    "updated": "2025-11-20T09:09:28.000+02:00"
}