{
    "thread": {
        "uuid": "b15505670ed9181686d7ebb0c354b239b5f348df",
        "url": "https://www.fardanews.com/بخش-%D8%AC%D8%A7%D9%85%D8%B9%D9%87-80/1382016-%D9%87%D8%B4%D8%AF%D8%A7%D8%B1-%D8%A2%D9%84%D9%88%D8%AF%DA%AF%DB%8C-%D9%87%D9%88%D8%A7-%D8%AF%D8%B1-%D8%B4%D9%87%D8%B1%D9%87%D8%A7%DB%8C-%D8%B5%D9%86%D8%B9%D8%AA%DB%8C-%D9%86%D9%82%D8%B4%D9%87-%D9%87%D9%88%D8%A7%DB%8C-%D8%A7%D8%B3%D8%AA%D8%A7%D9%86-%D9%87%D8%A7",
        "site_full": "www.fardanews.com",
        "site": "fardanews.com",
        "site_section": "https://fardanews.com",
        "site_categories": [
            "media"
        ],
        "section_title": "پایگاه خبری تحلیلی فردا | Farda News | اخبار روز",
        "site_title": null,
        "title": "هشدار آلودگی هوا در شهرهای صنعتی + نقشه هوای استان ها",
        "title_full": "هشدار آلودگی هوا در شهرهای صنعتی + نقشه هوای استان ها",
        "published": "2025-11-20T08:52:04.920+02:00",
        "replies_count": 0,
        "participants_count": 1,
        "site_type": "news",
        "country": "DE",
        "main_image": "https://static1.fardanews.com/thumbnail/fmAH86QT6eoy/MK1nNmKKVYMXqOqIUSQr33XiwZCFuVEtTRtbqBsS2DufOU31Ks7KEVSh_RZbn5lw/%D9%86%D9%82%D8%B4%D9%87+%D9%87%D9%88%D8%A7.jpg",
        "performance_score": 0,
        "domain_rank": 152427,
        "domain_rank_updated": "2025-11-16T23:00:00.000+02:00",
        "licensing_agency": [],
        "social": {
            "facebook": {
                "likes": 0,
                "comments": 0,
                "shares": 0
            },
            "vk": {
                "shares": 0
            }
        }
    },
    "uuid": "b15505670ed9181686d7ebb0c354b239b5f348df",
    "url": "https://www.fardanews.com/بخش-%D8%AC%D8%A7%D9%85%D8%B9%D9%87-80/1382016-%D9%87%D8%B4%D8%AF%D8%A7%D8%B1-%D8%A2%D9%84%D9%88%D8%AF%DA%AF%DB%8C-%D9%87%D9%88%D8%A7-%D8%AF%D8%B1-%D8%B4%D9%87%D8%B1%D9%87%D8%A7%DB%8C-%D8%B5%D9%86%D8%B9%D8%AA%DB%8C-%D9%86%D9%82%D8%B4%D9%87-%D9%87%D9%88%D8%A7%DB%8C-%D8%A7%D8%B3%D8%AA%D8%A7%D9%86-%D9%87%D8%A7",
    "ord_in_thread": 0,
    "author": "fardanews",
    "published": "2025-11-20T08:52:04.920+02:00",
    "title": "هشدار آلودگی هوا در شهرهای صنعتی + نقشه هوای استان ها",
    "text": "هشدار آلودگی هوا در شهرهای صنعتی + نقشه هوای استان ها\nطی این مدت در شهرهای صنعتی و پرجمعیت از جمله تهران، کرج، قم، اراک، اصفهان، تبریز، مشهد و اهواز افزایش غلظت آلایندههای جوی و کاهش کیفیت هوا پیشبینی میشود.\nبررسی نقشههای همدیدی و آیندهنگری سازمان هواشناسی نشان میدهد از امروز تا اوایل هفته آینده در بیشتر مناطق کشور جو آرام و پایداری برقرار است.\nطی این مدت در شهرهای صنعتی و پرجمعیت از جمله تهران، کرج، قم، اراک، اصفهان، تبریز، مشهد و اهواز افزایش غلظت آلایندههای جوی و کاهش کیفیت هوا پیشبینی میشود.\nامروز در برخی مناطق جنوب غرب و جنوب ایران وزش باد نسبتاً شدید تا شدید، در برخی ساعتها خیزش گردوخاک و کاهش کیفیت هوا دور از انتظار نیست.",
    "highlightText": "",
    "highlightTitle": "",
    "highlightThreadTitle": "",
    "language": "persian",
    "sentiment": "negative",
    "categories": [
        "Weather"
    ],
    "topics": [
        "Weather->weather warning"
    ],
    "ai_allow": true,
    "has_canonical": false,
    "breaking": false,
    "webz_reporter": false,
    "external_links": [],
    "external_images": [],
    "internal_images": [
        "https://static1.fardanews.com/thumbnail/fmAH86QT6eoy/SdsQBt-jClYzOjYWbHDYcYpUGMkpGTJp3QxTVGxb6TFEAfuHL-lxmP6vnw-e91LULhti2Y04Ay02j80e7JUmpg,,/%D9%86%D9%82%D8%B4%D9%87+%D9%87%D9%88%D8%A7.jpg"
    ],
    "entities": {
        "persons": [],
        "locations": [],
        "organizations": []
    },
    "syndication": {
        "syndicated": null,
        "syndicate_id": null,
        "first_syndicated": false
    },
    "trust": {
        "categories": [],
        "top_news": [],
        "bias": null,
        "source": {
            "type": null,
            "city": null,
            "state": null,
            "country": null,
            "domain_type": null,
            "agency": null,
            "organization_name": null
        }
    },
    "rating": null,
    "crawled": "2025-11-20T08:52:04.920+02:00",
    "updated": "2025-11-20T08:55:13.000+02:00"
}