{
    "thread": {
        "uuid": "8cd0722447c6db59a4f97f04147cc874b751de52",
        "url": "https://www.op-online.de/hessen/kinzig-kreis-offenbach-und-hanau-muessen-sich-auf-winterchaos-einstellen-wetter-main-94043059.html",
        "site_full": "www.op-online.de",
        "site": "op-online.de",
        "site_section": "https://www.op-online.de",
        "site_categories": [
            "media"
        ],
        "section_title": "Aktuelle Nachrichten aus Offenbach - op-online.de",
        "site_title": "Aktuelle Nachrichten aus Offenbach - op-online.de",
        "title": "Offenbach und Hanau müssen sich auf Winterchaos einstellen",
        "title_full": "Offenbach und Hanau müssen sich auf Winterchaos einstellen",
        "published": "2025-11-20T05:41:00.000+02:00",
        "replies_count": 0,
        "participants_count": 1,
        "site_type": "news",
        "country": "DE",
        "main_image": "",
        "performance_score": 0,
        "domain_rank": 48404,
        "domain_rank_updated": "2025-11-16T23:00:00.000+02:00",
        "licensing_agency": [],
        "social": {
            "facebook": {
                "likes": 0,
                "comments": 0,
                "shares": 0
            },
            "vk": {
                "shares": 0
            }
        }
    },
    "uuid": "8cd0722447c6db59a4f97f04147cc874b751de52",
    "url": "https://www.op-online.de/hessen/kinzig-kreis-offenbach-und-hanau-muessen-sich-auf-winterchaos-einstellen-wetter-main-94043059.html",
    "ord_in_thread": 0,
    "author": "Christoph Sahler",
    "published": "2025-11-20T05:41:00.000+02:00",
    "title": "Offenbach und Hanau müssen sich auf Winterchaos einstellen",
    "text": "Schneefallgrenze sinkt: Offenbach und Hanau müssen sich auf Glätte und Winterchaos einstellen\nWinterwetter in Offenbach und Hanau: DWD warnt vor Glätte und Schneeschauern. Temperaturen sinken auf 1 bis 6 Grad. Die Schneefallgrenze sinkt weiter.\nUpdate vom Dienstag, 18. November, 13 Uhr: Der Deutsche Wetterdienst macht Ernst. Die Experten aus Offenbach haben Wetterwarnungen für den Abend und die Nacht auf Mittwoch (19. November) veröffentlicht.\nFür Stadt und Kreis Offenbach sowie Stadt Darmstadt und den Kreis Darmstadt-Dieburg gilt eine Frostwarnung von Dienstag, 19 Uhr, bis Mittwoch, 12 Uhr. Im Main-Kinzig-Kreis und der Stadt Hanau kommt für die gleiche Zeitspanne noch eine Warnung vor leichtem Schneefall hinzu.\nSchneefallgrenze sinkt: Offenbach und Hanau müssen sich auf Glätte und Winterchaos einstellen\nErstmeldung vom Dienstag, 18. November, 12 Uhr: Offenbach/Hanau – Die Region im östlichen Rhein-Main-Gebiet um Offenbach und Hanau muss sich in den kommenden Tagen auf weiter auf nasskaltes Winterwetter einstellen. Der Deutsche Wetterdienst (DWD) prognostiziert wechselnde Bewölkung und sinkende Temperaturen zwischen 1 und 6 Grad.\nWährend in Südhessen am Dienstag, 18. November, noch mehr Sonnenschein erwartet wird, müssen sich Pendler und Autofahrer in den Kreisen Offenbach und Main-Kinzig auf Regenschauer gefasst machen. Besonders in höheren Lagen oberhalb von 500 Metern warnt der DWD vor Glätte durch Schneeregen und Schnee.\nSchneefallgrenze sinkt laut Deutschem Wetterdienst kontinuierlich\nDie Wetterlage verschärft sich ab Mittwoch deutlich, erklären die Experten aus Offenbach: Von Nordwesten ziehen Niederschläge auf, die Schneefallgrenze sinkt auf 400 Meter. Bei Temperaturen zwischen 2 und 5 Grad sollten Autofahrer in Rhein-Main besonders vorsichtig sein.\nAm Donnerstag erreicht das Winterwetter seinen vorläufigen Höhepunkt: Die Schneefallgrenze fällt weiter auf 200 bis 300 Meter ab. Lokale Schauer und Glätte sind dann auch in tieferen Lagen der Region möglich. Die Höchsttemperaturen bewegen sich zwischen 1 und 5 Grad. Besonders Berufspendler zwischen Offenbach, Hanau und dem Rhein-Main-Gebiet sollten in den kommenden Tagen mehr Zeit für ihre Fahrten einplanen und auf winterliche Straßenverhältnisse vorbereitet sein. (csa/dpa)",
    "highlightText": "",
    "highlightTitle": "",
    "highlightThreadTitle": "",
    "language": "german",
    "sentiment": "negative",
    "categories": [
        "Weather"
    ],
    "topics": [
        "Weather->weather phenomena",
        "Weather->weather warning"
    ],
    "ai_allow": true,
    "has_canonical": false,
    "breaking": null,
    "webz_reporter": false,
    "external_links": [],
    "external_images": [],
    "internal_images": [],
    "entities": {
        "persons": [],
        "locations": [
            {
                "name": "Offenbach",
                "sentiment": "none"
            },
            {
                "name": "Main-Kinzig-Kreis",
                "sentiment": "none"
            },
            {
                "name": "Darmstadt-Dieburg",
                "sentiment": "none"
            },
            {
                "name": "Hanau",
                "sentiment": "none"
            }
        ],
        "organizations": [
            {
                "name": "Deutsche Wetterdienst",
                "sentiment": "none",
                "tickers": [
                    {
                        "ticker": null,
                        "exchange": null
                    }
                ]
            },
            {
                "name": "DWD",
                "sentiment": "none",
                "tickers": [
                    {
                        "ticker": null,
                        "exchange": null
                    }
                ]
            }
        ]
    },
    "syndication": {
        "syndicated": null,
        "syndicate_id": null,
        "first_syndicated": false
    },
    "trust": {
        "categories": [],
        "top_news": [],
        "bias": null,
        "source": {
            "type": null,
            "city": null,
            "state": null,
            "country": null,
            "domain_type": null,
            "agency": null,
            "organization_name": null
        }
    },
    "rating": null,
    "crawled": "2025-11-20T07:59:32.130+02:00",
    "updated": "2025-11-20T08:01:57.000+02:00"
}