{
    "thread": {
        "uuid": "68df96f442bd1e28f78aa1da0889252520be03f0",
        "url": "https://www.jornada.com.mx/2023/12/24/mundo/017n1mun",
        "site_full": "www.jornada.com.mx",
        "site": "jornada.com.mx",
        "site_section": "https://www.jornada.com.mx/rss/mundo.xml?v=1",
        "site_categories": [
            "media",
            "education",
            "sports"
        ],
        "section_title": "La Jornada: Mundo",
        "title": "La Jornada: Gustavo Petro anuncia gran operativo militar y de policía en el Cauca",
        "title_full": "La Jornada: Gustavo Petro anuncia gran operativo militar y de policía en el Cauca",
        "published": "2023-12-24T13:00:00.000+02:00",
        "replies_count": 0,
        "participants_count": 1,
        "site_type": "news",
        "country": "MX",
        "main_image": "https://www.jornada.com.mx/imagemeta/1200x630BN.jpg",
        "performance_score": 0,
        "domain_rank": 10242,
        "domain_rank_updated": "2023-12-19T12:06:12.000+02:00",
        "reach": null,
        "social": {
            "facebook": {
                "likes": 0,
                "comments": 0,
                "shares": 0
            },
            "gplus": {
                "shares": 0
            },
            "pinterest": {
                "shares": 0
            },
            "linkedin": {
                "shares": 0
            },
            "stumbledupon": {
                "shares": 0
            },
            "vk": {
                "shares": 0
            }
        }
    },
    "uuid": "68df96f442bd1e28f78aa1da0889252520be03f0",
    "url": "https://www.jornada.com.mx/2023/12/24/mundo/017n1mun",
    "ord_in_thread": 0,
    "parent_url": null,
    "author": "DEMOS, Desarrollo de Medios, S.A. de C.V.",
    "published": "2023-12-24T13:00:00.000+02:00",
    "title": "La Jornada: Gustavo Petro anuncia gran operativo militar y de policía en el Cauca",
    "text": "A nterior S iguiente Asesinan a cinco personas en resguardo indígena\nGustavo Petro anuncia gran operativo militar y de policía en el Cauca Jorge Enrique Botero Corresponsal Periódico La Jornada\nDomingo 24 de diciembre de 2023, p. 17 Bogotá. El gobierno colombiano anunció un gigantesco despliegue militar y de policía en el suroccidental departamento del Cauca, tras una ola de acciones violentas que en las últimas 24 horas cobró la vida de cinco personas en un resguardo indígena y la del alcalde del municipio de Guachené, Elmer Abonía.\nUn consejo de seguridad convocado de urgencia por el presidente Gustavo Petro constató que el Cauca vive una grave crisis pública en la que –como siempre– la peor parte la sufren las comunidades asentadas en esta región, donde operan al margen de la ley todos los grupos armados en Colombia.\nTras el consejo de seguridad de más de tres horas, el ministro de Defensa, Iván Velásquez, atribuyó al frente Dagoberto Ramos de las disidencias de las Fuerzas Armadas Revolucionarias de Colombia (FARC) el asesinato de un maestro de escuela, su esposa y su hija de 15 años, sólo unas horas antes de que dos labriegos también cayeran acribillados en el resguardo conocido como Canoas del municipio de Santander de Quilichao.\nVelásquez dijo que por órdenes del presidente Petro se incrementarán las acciones ofensivas del ejército y la policía, al tiempo que se tomarán medidas para capturar a los integrantes de las organizaciones armadas ilegales que han venido asesinando indígenas, miembros de organizaciones sociales y lideres comunitarios\nRegión montañosa, pero también con costas sobre el océano Pacífico, el Cauca es uno de los departamentos donde se concentra la mayoría de cultivos de coca, mariguana y amapola del país, lo cual hace que grupos armados de las más diversas procedencias disputen a sangre y fuego el control del territorio.\nAntiguas estructuras paramilitares ligadas a carteles de narcotráfico, así como frentes guerrilleros del Ejército de Liberación Nacional (ELN) y dos disidencias de las FARC, conocidas como Segunda Marquetalia y Estado Mayor Central (EMC), ejercen un control casi absoluto en todo el departamento, abandonado a su suerte por un Estado históricamente ausente.\nHabitado en su mayoría por indígenas y poblaciones afrodescendientes, el Cauca aparece en las agendas de dos negociaciones de paz que lleva a cabo el gobierno –por separado– con el ELN y el EMC, en busca de conseguir alivios humanitarios que saquen a la población civil de la aguda confrontación armada que allí se libra.\nFuentes cercanas a los diálogos entre el gobierno y el EMC dijeron a La Jornada que, de confirmarse que este grupo fue el autor de la masacre de Santander de Quilichao, será muy difícil mantener la negociación, más aún cuando entre las partes está vigente un alto al fuego pactado hace dos meses, precisamente en reuniones sostenidas en el Cauca .\nSegún Danilo Rueda, ex comisionado de paz, la tragedia permanente que experimenta el Cauca tiene como única salida la realización de un gran acuerdo regional que involucre a todos los actores armados, al Estado y a las fuerzas sociales de la región .\nA nterior S iguiente Subir al inicio del texto Please enable JavaScript to view the comments powered by Disqus.",
    "highlightText": "",
    "highlightTitle": "",
    "highlightThreadTitle": "",
    "language": "spanish",
    "sentiment": "negative",
    "categories": [
        "Politics",
        "War, Conflict and Unrest"
    ],
    "external_links": [
        "https://disqus.com/?ref_noscript",
        "https://disqus.com/",
        "https://www.disqus.com/?ref_noscript"
    ],
    "external_images": [],
    "entities": {
        "persons": [],
        "organizations": [],
        "locations": []
    },
    "rating": null,
    "crawled": "2023-12-25T00:09:37.980+02:00",
    "updated": "2023-12-25T00:09:37.980+02:00"
}