{
    "thread": {
        "uuid": "d603af4a678f938ac8f8e7de96bbf5853d226a98",
        "url": "https://www.nbcnews.com/news/world/thousands-protest-belgrade-demand-annulment-elections-rcna131092",
        "site_full": "www.nbcnews.com",
        "site": "nbcnews.com",
        "site_section": "https://flipboard.com/@nbcnews.rss",
        "site_categories": [
            "media",
            "television",
            "entertainment"
        ],
        "section_title": "NBC News",
        "title": "Thousands protest in Belgrade to demand annulment of elections",
        "title_full": "Thousands protest in Belgrade to demand annulment of elections",
        "published": "2023-12-25T00:12:00.000+02:00",
        "replies_count": 0,
        "participants_count": 1,
        "site_type": "news",
        "country": "US",
        "main_image": "https://media-cldnry.s-nbcnews.com/image/upload/t_nbcnews-fp-1200-630,f_auto,q_auto:best/rockcms/2023-12/231224-belgrade-protest-wm-204p-81932a.jpg",
        "performance_score": 0,
        "domain_rank": 230,
        "domain_rank_updated": "2023-12-19T12:06:12.000+02:00",
        "reach": null,
        "social": {
            "facebook": {
                "likes": 0,
                "comments": 0,
                "shares": 0
            },
            "gplus": {
                "shares": 0
            },
            "pinterest": {
                "shares": 0
            },
            "linkedin": {
                "shares": 0
            },
            "stumbledupon": {
                "shares": 0
            },
            "vk": {
                "shares": 0
            }
        }
    },
    "uuid": "d603af4a678f938ac8f8e7de96bbf5853d226a98",
    "url": "https://www.nbcnews.com/news/world/thousands-protest-belgrade-demand-annulment-elections-rcna131092",
    "ord_in_thread": 0,
    "parent_url": null,
    "author": "Reuters",
    "published": "2023-12-25T00:12:00.000+02:00",
    "title": "Thousands protest in Belgrade to demand annulment of elections",
    "text": "BELGRADE, Serbia — Thousands gathered in the center of Belgrade in an anti-government protest on Sunday to demand the annulment of parliamentary and local elections a week ago that international observers said were unfair. The populist ruling Serbian Progressive Party (SNS) won 46.72% of the votes in snap parliamentary elections last weekend, according to state election commission preliminary results. An international monitoring mission on Monday said the SNS gained an unfair advantage through media bias, the improper influence of President Aleksandar Vučić and voting irregularities such as vote buying. Vučić said the elections were fair. On Sunday, police fired pepper spray, a Reuters witness said, after a crowd tried to break into the Belgrade town hall where the local election commission is based. Some of the protesters climbed the building and broke windows. Some threw stones at windows, breaking glass. “Vučić thief,” protesters chanted. In a statement, the interior ministry called on protesters to “refrain from breaking into the town hall.” “By reacting calmly we are trying not to hurt protesters,” Vučić said in his address in early evening. The center-left opposition alliance Serbia Against Violence came second in the election with 23.56% of the vote, and the Socialist Party of Serbia third with 6.56%. Srđan Milivojević and Vladimir Obradović of the Serbia Against Violence coalition tried to open the door of the town hall but were unable to enter, while the crowd shouted “get in, get in,” and “no surrender.” Around 10 p.m. local time the anti-riot police pushed protestors away from the town hall. Another member of Serbia Against Violence, Marinika Tepić, has been on hunger strike since the elections to demand they should be annulled.",
    "highlightText": "",
    "highlightTitle": "",
    "highlightThreadTitle": "",
    "language": "english",
    "sentiment": "negative",
    "categories": [
        "Politics",
        "Human Interest"
    ],
    "external_links": [],
    "external_images": [],
    "entities": {
        "persons": [
            {
                "name": "aleksandar vucic",
                "sentiment": "none"
            },
            {
                "name": "vucic",
                "sentiment": "none"
            }
        ],
        "organizations": [
            {
                "name": "serbian progressive party",
                "sentiment": "none"
            },
            {
                "name": "interior ministry",
                "sentiment": "none"
            },
            {
                "name": "sns",
                "sentiment": "none"
            },
            {
                "name": "reuters",
                "sentiment": "none"
            }
        ],
        "locations": [
            {
                "name": "belgrade",
                "sentiment": "none"
            }
        ]
    },
    "rating": null,
    "crawled": "2023-12-25T00:29:55.607+02:00",
    "updated": "2023-12-25T00:56:18.961+02:00"
}