{
    "thread": {
        "uuid": "c04671899b1105ac61f9d6d3682854e8616fc8a0",
        "url": "https://news.yahoo.com/presidential-race-looming-cuba-meddling-192734110.html",
        "site_full": "news.yahoo.com",
        "site": "yahoo.com",
        "site_section": "https://news.yahoo.com/",
        "site_categories": [
            "media"
        ],
        "section_title": "Yahoo News: Latest and Breaking News, Headlines, Live Updates, and More",
        "title": "With presidential race looming, Cuba’s meddling in U.S elections must be taken seriously | Opinion",
        "title_full": "With presidential race looming, Cuba’s meddling in U.S elections must be taken seriously | Opinion",
        "published": "2023-12-24T02:00:00.000+02:00",
        "replies_count": 0,
        "participants_count": 1,
        "site_type": "news",
        "country": "US",
        "main_image": "https://media.zenfs.com/en/miami_herald_mcclatchy_975/3bd3287a46186b1e253e695dfcda13a8",
        "performance_score": 0,
        "domain_rank": 37,
        "domain_rank_updated": "2023-12-19T12:06:12.000+02:00",
        "reach": null,
        "social": {
            "facebook": {
                "likes": 0,
                "comments": 0,
                "shares": 0
            },
            "gplus": {
                "shares": 0
            },
            "pinterest": {
                "shares": 0
            },
            "linkedin": {
                "shares": 0
            },
            "stumbledupon": {
                "shares": 0
            },
            "vk": {
                "shares": 0
            }
        }
    },
    "uuid": "c04671899b1105ac61f9d6d3682854e8616fc8a0",
    "url": "https://news.yahoo.com/presidential-race-looming-cuba-meddling-192734110.html",
    "ord_in_thread": 0,
    "parent_url": null,
    "author": "yahoo",
    "published": "2023-12-24T02:00:00.000+02:00",
    "title": "With presidential race looming, Cuba’s meddling in U.S elections must be taken seriously | Opinion",
    "text": "Miami Herald Opinion With presidential race looming, Cuba’s meddling in U.S elections must be taken seriously | Opinion the Miami Herald Editorial Board 9:27 PM · 3 min read 7 Link Copied Read full article Oops! Something went wrong. Please try again later. More content below\nWith the already nerve-wracking 2024 presidential elections approaching, a concerning report reveals attempts by Cuba to undermine our democratic process by targeting Florida-based and national political candidates who dislike the island’s repressive government.\nA recent report from the U.S. intelligence community reveals that Cuba attempted to influence the U.S. 2022 midterm elections. Few details of the interference uncovered or the damage done were revealed, but it was enough to warrant concern.\nOf course, the midterms were probably a practice run. If Cuba tried it two years ago, they’ll likely try again in 2024 when with a high-stakes presidential election on the line.\nMeddling in 2016 While other foreign adversaries, such as Russia and China have also pulled off similar shenanigans, specifically during the 2016 presidential elections, the United States should be ready to thwart this intrusion from an enemy just 90 miles away.\nThe report, released by the Office of the Director of National Intelligence, revealed the Cuban government built relationships with sympathetic media outlets. It then used them to spread derogatory content about politicians who oppose the communist regime. The declassified portion of the intelligence assessment does not say how effective Havana’s influence campaign was on Florida’s elections, nor does it name specific individuals who were targeted.\nBut it is safe to say that Cuba would like to target Florida resident and presidential candidate Donald Trump , a staunch anti-communist candidate who rolled back Obama era-concessions meant to thaw relations between the two countries. Cuba would not like to see Trump reelected.\nAnd It doesn’t take a genius to figure out that Cuba would also likely be targeting Cuban-American members of Congress, many of who reside in South Florida, along with other local politicos known for their criticism of the island government. Needless to say, this is an unacceptable effort by a foreign power to sway American voters and elections, and it must be addressed.\nAlleged spy The elections-interference report came two weeks after the arrest of a once highly placed analyst assigned to the U.S. Interest Section in Havana. He allegedly was working for the Cubans.\nVíctor Manuel Rocha, 73, living among us in Miami, had been a long-time U.S. diplomat now said to be passing information to the Cubans. He is awaiting a January court date.\nAll this is further proof that Cuba indeed belongs on the U.S. list of state sponsors of terrorism, which Cuba has bitterly refuted.\nWhite House officials were mum on whether the United States plans any retaliatory response to Cuba’s election meddling. Still, Florida politicians, the likely targets, said the Biden administration should do more to respond to a threat they view as pernicious and ongoing.\n“The Biden administration must immediately condemn these actions, make clear they will not be tolerated and expel Cuban diplomats from U.S. soil,” Republican Sen. Marco Rubio of Florida told McClatchy. “Continued failure to treat Cuba like the tyrannical spying regime that it is only emboldens it.”\nThe senator is right.\nOn Wednesday, U.S. Rep. Carlos Gimenez said during a press conference in Doral that he believes he and fellow Republicans Reps. Maria Elvira Salazar and Mario Diaz-Balart were targeted, though he said he had not been told that directly by U.S. intelligence officials.\n“They redacted a whole bunch from the report, but you can infer from what you can read who exactly it was they were talking about,” he said.\nDiaz-Balart called it a “wake-up” call and said the United States must take a stand now: “Now is the time to impose tough consequences, including tighter sanctions, on the malevolent dictatorship that seeks to damage our democracy.”\nThe Biden administration — and the rest of us — must affirm that the integrity of our elections is not up for debate.\nView comments",
    "highlightText": "",
    "highlightTitle": "",
    "highlightThreadTitle": "",
    "language": "english",
    "sentiment": "negative",
    "categories": [
        "Politics",
        "Crime, Law and Justice"
    ],
    "external_links": [
        "https://www.s.yimg.com/os/creatr-uploaded-images/2020-12/92470c90-34ef-11eb-bd77-23f1e090d6ce",
        "https://www.miamiherald.com/",
        "https://www.facebook.com/dialog/feed",
        "https://twitter.com/intent/tweet?text=With%20presidential%20race%20looming%2C%20Cuba%E2%80%99s%20meddling%20in%20U.S%20elections%20must%20be%20taken%20seriously%20%7C%20Opinion&url=https%3A%2F%2Fnews.yahoo.com%2Fpresidential-race-looming-cuba-meddling-192734110.html%3Fsoc_src%3Dsocial-sh%26soc_trk%3Dtw%26tsrc%3Dtwtr&via=YahooNews",
        "https://s.yimg.com/ny/api/res/1.2/tP25vZarGDHtXMg3d25RmA--/YXBwaWQ9aGlnaGxhbmRlcjt3PTIyNDtoPTYw/https://s.yimg.com/os/creatr-uploaded-images/2020-12/92470c90-34ef-11eb-bd77-23f1e090d6ce",
        "https://s.yimg.com/ny/api/res/1.2/GVWcutkeYeTMRsxt7DvYcg--/YXBwaWQ9aGlnaGxhbmRlcjt3PTIyODA7aD0xNTIw/https://media.zenfs.com/en/miami_herald_mcclatchy_975/3bd3287a46186b1e253e695dfcda13a8",
        "https://facebook.com/dialog/feed?app_id=458584288257241&link=https%3A%2F%2Fnews.yahoo.com%2Fpresidential-race-looming-cuba-meddling-192734110.html%3Fsoc_src%3Dsocial-sh%26soc_trk%3Dfb%26tsrc%3Dfb",
        "https://s.yimg.com/ny/api/res/1.2/1G_lHeTjHsizO9PKMGypkg--/YXBwaWQ9aGlnaGxhbmRlcjt3PTEyNDI7aD04Mjg-/https://media.zenfs.com/en/miami_herald_mcclatchy_975/3bd3287a46186b1e253e695dfcda13a8",
        "https://www.s.yimg.com/ny/api/res/1.2/1G_lHeTjHsizO9PKMGypkg--/YXBwaWQ9aGlnaGxhbmRlcjt3PTEyNDI7aD04Mjg-/https://www.media.zenfs.com/en/miami_herald_mcclatchy_975/3bd3287a46186b1e253e695dfcda13a8",
        "https://s.yimg.com/os/creatr-uploaded-images/2020-12/92470c90-34ef-11eb-bd77-23f1e090d6ce",
        "https://www.s.yimg.com/ny/api/res/1.2/tP25vZarGDHtXMg3d25RmA--/YXBwaWQ9aGlnaGxhbmRlcjt3PTIyNDtoPTYw/https://www.s.yimg.com/os/creatr-uploaded-images/2020-12/92470c90-34ef-11eb-bd77-23f1e090d6ce",
        "https://miamiherald.com/",
        "https://www.media.zenfs.com/en/miami_herald_mcclatchy_975/3bd3287a46186b1e253e695dfcda13a8",
        "https://www.s.yimg.com/ny/api/res/1.2/GVWcutkeYeTMRsxt7DvYcg--/YXBwaWQ9aGlnaGxhbmRlcjt3PTIyODA7aD0xNTIw/https://www.media.zenfs.com/en/miami_herald_mcclatchy_975/3bd3287a46186b1e253e695dfcda13a8",
        "https://www.miamiherald.com",
        "https://www.twitter.com/intent/tweet?text=With%20presidential%20race%20looming%2C%20Cuba%E2%80%99s%20meddling%20in%20U.S%20elections%20must%20be%20taken%20seriously%20%7C%20Opinion&url=https%3A%2F%2Fnews.yahoo.com%2Fpresidential-race-looming-cuba-meddling-192734110.html%3Fsoc_src%3Dsocial-sh%26soc_trk%3Dtw%26tsrc%3Dtwtr&via=YahooNews",
        "https://media.zenfs.com/en/miami_herald_mcclatchy_975/3bd3287a46186b1e253e695dfcda13a8",
        "https://twitter.com/intent/tweet",
        "https://www.facebook.com/dialog/feed?app_id=458584288257241&link=https%3A%2F%2Fnews.yahoo.com%2Fpresidential-race-looming-cuba-meddling-192734110.html%3Fsoc_src%3Dsocial-sh%26soc_trk%3Dfb%26tsrc%3Dfb"
    ],
    "external_images": [],
    "entities": {
        "persons": [],
        "organizations": [
            {
                "name": "miami herald",
                "sentiment": "negative"
            },
            {
                "name": "miami herald editorial board",
                "sentiment": "none"
            }
        ],
        "locations": [
            {
                "name": "cuba",
                "sentiment": "none"
            },
            {
                "name": "u.s",
                "sentiment": "none"
            },
            {
                "name": "u.s.",
                "sentiment": "none"
            },
            {
                "name": "china",
                "sentiment": "none"
            },
            {
                "name": "florida",
                "sentiment": "none"
            },
            {
                "name": "russia",
                "sentiment": "none"
            }
        ]
    },
    "rating": null,
    "crawled": "2023-12-25T00:46:46.870+02:00",
    "updated": "2023-12-25T00:46:46.870+02:00"
}