{
    "thread": {
        "uuid": "713281eee96bb8b8f82e074fd5ee3d865adb0e98",
        "url": "https://www.tellerreport.com/news/2023-12-24-an-important-message-to-sinwar-about-the-achievements-of-the-resistance-against-the-occupation-forces.ryL-VH8Pp.html",
        "site_full": "www.tellerreport.com",
        "site": "tellerreport.com",
        "site_section": "https://www.tellerreport.com:443/",
        "site_categories": [
            "media"
        ],
        "section_title": "Teller Report",
        "title": "An important message to Sinwar about the achievements of the resistance against the occupation forces - Teller Report",
        "title_full": "An important message to Sinwar about the achievements of the resistance against the occupation forces - Teller Report",
        "published": "2023-12-25T01:51:00.000+02:00",
        "replies_count": 0,
        "participants_count": 1,
        "site_type": "news",
        "country": "US",
        "main_image": "https://www.aljazeera.net/wp-content/uploads/2023/11/24661841-1701109607.jpg?resize=1920%2C1440",
        "performance_score": 0,
        "domain_rank": 17594,
        "domain_rank_updated": "2023-12-19T12:06:12.000+02:00",
        "reach": null,
        "social": {
            "facebook": {
                "likes": 0,
                "comments": 0,
                "shares": 0
            },
            "gplus": {
                "shares": 0
            },
            "pinterest": {
                "shares": 0
            },
            "linkedin": {
                "shares": 0
            },
            "stumbledupon": {
                "shares": 0
            },
            "vk": {
                "shares": 0
            }
        }
    },
    "uuid": "713281eee96bb8b8f82e074fd5ee3d865adb0e98",
    "url": "https://www.tellerreport.com/news/2023-12-24-an-important-message-to-sinwar-about-the-achievements-of-the-resistance-against-the-occupation-forces.ryL-VH8Pp.html",
    "ord_in_thread": 0,
    "parent_url": null,
    "author": "Anonym",
    "published": "2023-12-25T01:51:00.000+02:00",
    "title": "An important message to Sinwar about the achievements of the resistance against the occupation forces - Teller Report",
    "text": "Sinwar confirmed that the Qassam Brigades destroyed the occupation army (Anatolia) Al Jazeera Net learned that the head of the Islamic Resistance Movement (Hamas) in the Gaza Strip Yahya Sinwar sent in the last two days an important and lengthy message to the head and members of the movement's political bureau, in which he pointed out that the Izz al-Din al-Qassam Brigades are fighting a fierce, violent and unprecedented battle against the Israeli occupation forces, and that the occupation army suffered heavy losses in lives and equipment. Sinwar added, according to sources close to Hamas, that the Qassam Brigades targeted – during the ground war – at least five thousand soldiers and officers, a third of whom were killed, the other third was seriously injured, and the last third with permanent disabilities, while at the level of military vehicles, 750 of them were destroyed between total and partial destruction. Sinwar said that the Qassam Brigades have destroyed the occupation army, and are continuing the path of marginalizing it, and will not be subject to the conditions of the occupation. In the letter, Sinwar praised the steadfastness of the Palestinian people in the Gaza Strip, pointing out that he provided models of sacrifice, heroism, chivalry, solidarity and solidarity, and that the duty of the political leadership is to quickly heal the wounds of the people and strengthen their steadfastness. Sinwar's message came in the wake of offers received by the Hamas leadership from the occupation through the Qatari and Egyptian mediators, which are based on temporary humanitarian truces, at a time when the movement stresses the need to bypass the humanitarian truces to a comprehensive ceasefire. Source : Al Jazeera",
    "highlightText": "",
    "highlightTitle": "",
    "highlightThreadTitle": "",
    "language": "english",
    "sentiment": "negative",
    "categories": [
        "Politics",
        "War, Conflict and Unrest",
        "Human Interest"
    ],
    "external_links": [],
    "external_images": [],
    "entities": {
        "persons": [
            {
                "name": "izz al-din",
                "sentiment": "none"
            },
            {
                "name": "sinwar",
                "sentiment": "none"
            }
        ],
        "organizations": [
            {
                "name": "sinwar",
                "sentiment": "negative"
            },
            {
                "name": "anatolia) al jazeera",
                "sentiment": "neutral"
            },
            {
                "name": "hamas",
                "sentiment": "none"
            },
            {
                "name": "islamic resistance movement",
                "sentiment": "none"
            }
        ],
        "locations": [
            {
                "name": "gaza strip yahya sinwar",
                "sentiment": "none"
            }
        ]
    },
    "rating": null,
    "crawled": "2023-12-25T01:57:06.192+02:00",
    "updated": "2023-12-25T01:57:06.192+02:00"
}