{
    "thread": {
        "uuid": "c1f239d4155e308c616267912dc9a4f81f14feab",
        "url": "https://www.elnacional.cat/ca/editorial/reprimenda-felip-vi-jose-antich_1138959_102.html",
        "site_full": "www.elnacional.cat",
        "site": "elnacional.cat",
        "site_section": "https://www.elnacional.cat/uploads/feeds/feed_ca.xml",
        "site_categories": [
            "travel",
            "national_parks"
        ],
        "section_title": "ElNacional.cat",
        "title": "La reprimenda de Felip VI",
        "title_full": "La reprimenda de Felip VI",
        "published": "2023-12-24T22:15:00.000+02:00",
        "replies_count": 0,
        "participants_count": 1,
        "site_type": "news",
        "country": "US",
        "main_image": "https://www.elnacional.cat/uploads/s1/13/53/78/18/card-jose-antich_4_1258x630.png",
        "performance_score": 0,
        "domain_rank": 18110,
        "domain_rank_updated": "2023-12-19T12:06:12.000+02:00",
        "reach": null,
        "social": {
            "facebook": {
                "likes": 0,
                "comments": 0,
                "shares": 0
            },
            "gplus": {
                "shares": 0
            },
            "pinterest": {
                "shares": 0
            },
            "linkedin": {
                "shares": 0
            },
            "stumbledupon": {
                "shares": 0
            },
            "vk": {
                "shares": 0
            }
        }
    },
    "uuid": "c1f239d4155e308c616267912dc9a4f81f14feab",
    "url": "https://www.elnacional.cat/ca/editorial/reprimenda-felip-vi-jose-antich_1138959_102.html",
    "ord_in_thread": 0,
    "parent_url": null,
    "author": "José Antich",
    "published": "2023-12-24T22:15:00.000+02:00",
    "title": "La reprimenda de Felip VI",
    "text": "Per segona vegada en el seu regnat, Felip VI ha aprofitat una intervenció a televisió per abandonar la seva posició neutral i, en conseqüència, avorrida, i entrar de ple en l'actual conjuntura política espanyola. Ho va fer l'octubre del 2017, en aquella llòbrega intervenció televisada contra l'independentisme català, que va acabar sent un punt d'inflexió en la repressió policial i judicial després que parlés el monarca espanyol. La intervenció televisiva del rei aprofitant el seu tradicional discurs de Nadal és una peça eminentment política.\nÉs una allisada al govern espanyol, una esmena als acords polítics realitzats per Pedro Sánchez amb l'independentisme, un aval a la justícia espanyola —que és a l'ull de l'huracà i amb acusacions de lawfare a algun dels seus membres il·lustres—, un al·legat a favor de la Constitució del 1978 i de l'esperit dels seus pares fundadors, una defensa de la necessitat de consens entre els partits espanyols i, finalment, una falsa confusió entre la Carta Magna i la democràcia, en establir que sense la primera no existeix la segona.\nL'esbroncada reial no és casual, com tampoc no ho va ser el seu\nrostre disgustat en la jura del càrrec de Pedro Sánchez fa unes setmanes al palau de la Zarzuela. La confiança entre rei i cap de govern, si és que n'hi havia, s'ha esquerdat, i la llei d'amnistia és al frontispici de les divergències. La dreta pot estar contenta: té el rei del seu costat. En termes històrics, a la Corona aquesta posició mai no li ha sortit bé. Als quatre folis i mig de la seva intervenció, només desaprofita els dos primers paràgrafs per enumerar de passada els problemes de l'educació, l'ocupació, la sanitat i l'habitatge i, sense cap preàmbul, ressalta que aquest any vol parlar de la Constitució i d'Espanya.\nLa intervenció televisiva del rei aprofitant el seu tradicional discurs de Nadal és una peça eminentment política\nAproximadament una vintena de vegades esmenta les paraules Constitució i Espanya o espanyols. I unes vint més, unitat, consens, respecte, èxit o futur. Hi ha unes quantes frases que diferencien la intervenció de Nadal d'aquest any de les anteriors. \"La democràcia també requereix uns consensos bàsics i amplis sobre els principis que hem compartit i que ens uneixen des de fa unes quantes generacions\". \"Gràcies a la Constitució, aconseguim superar la divisió, que ha estat la causa de molts errors a la nostra història; que va obrir ferides, va fracturar afectes i va distanciar les persones\". \"Evitar que el germen de la discòrdia no s'instal·li mai entre nosaltres és un deure moral que tenim tots. Perquè no ens ho podem permetre\".\nFins a arribar a dues de les frases clau: \"Fora del respecte a la Constitució, llei, sinó arbitrarietat. Fora de la Constitució, llibertat\" i \"hem de respectar també a les altres institucions en l'exercici competències i contribuir al seu prestigi. Hem de vetllar sempre pel bon nom, la dignitat i el respecte al nostre país\". Lluny de temperar les aigües, el rei les ha remogut amb una perceptible imprudència.\nA tots els lectors, el desig d'un molt Bon Nadal.",
    "highlightText": "",
    "highlightTitle": "",
    "highlightThreadTitle": "",
    "language": "catalan",
    "sentiment": "negative",
    "categories": [
        "Politics",
        "Human Interest"
    ],
    "external_links": [],
    "external_images": [],
    "entities": {
        "persons": [],
        "organizations": [],
        "locations": []
    },
    "rating": null,
    "crawled": "2023-12-25T00:44:14.776+02:00",
    "updated": "2023-12-25T00:44:14.776+02:00"
}