{
    "thread": {
        "uuid": "c47313785d82c1a26afd2af38154850260da12d5",
        "url": "https://www.time.news/all-the-assaults-by-the-houthis-irans-allies-time-news/",
        "site_full": "www.time.news",
        "site": "time.news",
        "site_section": "https://time.news/2022/08",
        "site_categories": [],
        "section_title": "August 2022 - timenews",
        "title": "all the assaults by the Houthis (Iran's allies) - time.news - timenews",
        "title_full": "all the assaults by the Houthis (Iran's allies) - time.news - timenews",
        "published": "2023-12-25T01:16:00.000+02:00",
        "replies_count": 0,
        "participants_count": 1,
        "site_type": "news",
        "country": "US",
        "main_image": "https://images2.corriereobjects.it/methode_image/2023/12/24/Esteri/Foto-Esteri-Trattate/9b7433e02762b65d9b603ea2c837c67d-0015-keXF-U345019096370500C-526x284@Corriere-Web-Sezioni.jpg",
        "performance_score": 0,
        "domain_rank": 58275,
        "domain_rank_updated": "2023-12-19T12:06:16.000+02:00",
        "reach": null,
        "social": {
            "facebook": {
                "likes": 0,
                "comments": 0,
                "shares": 0
            },
            "gplus": {
                "shares": 0
            },
            "pinterest": {
                "shares": 0
            },
            "linkedin": {
                "shares": 0
            },
            "stumbledupon": {
                "shares": 0
            },
            "vk": {
                "shares": 0
            }
        }
    },
    "uuid": "c47313785d82c1a26afd2af38154850260da12d5",
    "url": "https://www.time.news/all-the-assaults-by-the-houthis-irans-allies-time-news/",
    "ord_in_thread": 0,
    "parent_url": null,
    "author": "time news",
    "published": "2023-12-25T01:16:00.000+02:00",
    "title": "all the assaults by the Houthis (Iran's allies) - time.news - timenews",
    "text": "2023-12-24 18:31:57 by Guido Olimpio After the attack on October 7, the Yemeni militia launched around a hundred guerrilla actions both in the Middle East and in the Red Sea, where they were aided by a Tehran spy vessel The Axis of Resistance continues with its challenge from the Red Sea to the Middle East, multiple moves against Israel, the US and civilian maritime traffic. Saturday the drone attack on an oil tanker, the Chem Pluto, owned by Israel about 200 miles south of the Indian coast. Little damage but a significant blow: the US is convinced that the bomb was launched from Iran, perhaps from a base or a mother ship. This was followed by a barrage of shots near the Yemeni coast by the Houthis, Tehran’s allied militia. Two ballistic missiles were fired, then some drones, including four intercepted by an American unit, the Laboon. One tanker was narrowly missed, while a second one was hit by the projectile. The events are part of a single mosaic made up of the following pieces: any ship bound for Israel or linked to the Jewish State is a target; formations allied with the ayatollahs who act in solidarity with Hamas; inspiration from Tehran which denies any involvement; resorted to different systems to hinder the flow of goods to the Jewish state and at the same time create conditions of instability, demonstrating that the United States is unable to prevent continued aggression. After the assault on the kibbutz by Palestinian guerrillas, the Axis of Resistance went into action. The name is a way to present the war and terrorist initiatives of these groups as a reaction. At the same time, it is the most obvious of schemes to deflect responsibility by attributing everything to the resisters, who sometimes move behind convenient acronyms. In reality the factions, on the one hand, are antagonists of Israel-US, on the other they pursue a double agenda: theirs and that of the Iranian sponsor. There is only the name of resistance. The numbers collected by the experts are interesting. Since 7 October the Houthis have launched around a hundred strikes – not always successful – with drones, ballistic missiles and cruise missiles; about fifteen ships hit; over 100 raids by Shiite militias against American sites in Syria and Iraq; about a hundred container ships have given up transiting the Red Sea and have circumnavigated Africa, with an increase in costs and times. Washington has formed an air-naval coalition to which a handful of countries have joined, with distinction. Some, like Italy, have sent their own frigates which will act in parallel to the task force but will not be formally part of it. Others preferred to give secret support to avoid backlash and embarrassment in supporting a mission that protects free navigation but also acts as a shield for Israel. In fact, several times allied units have intercepted Yemeni missiles launched in the direction of the port of Eilat. The White House handled the crisis with caution, weighing the accusations against Iran. However, the frequency of armed provocations has led to more severe positions. For the Pentagon there is no doubt about the help from the intelligence, the Pasdaran and the Iranian Navy. From 2021 In the Red Sea, still close to Yemen, the Behshad is moored in international waters. a fake merchant ship, a Tehran spy vessel that probably assists the Houthis. Note: a presence that began a few years ago with another ship (the Saviz) and is not linked to the Israeli-Palestinian conflict. The second point concerns the long-range actions of the drones, made possible only by the technical assistance of the mullahs. Corriere della Sera also on Whatsapp. sufficient click here to subscribe to the channel and always be updated. December 24, 2023 (modified December 24, 2023 | 5.43pm) © ALL RIGHTS RESERVED #assaults #Houthis #Irans #allies #time.news",
    "highlightText": "",
    "highlightTitle": "",
    "highlightThreadTitle": "",
    "language": "english",
    "sentiment": "negative",
    "categories": [
        "Crime, Law and Justice",
        "Politics",
        "War, Conflict and Unrest"
    ],
    "external_links": [
        "https://whatsapp.com/channel/0029VaAlA1s6GcG6eTUe652l",
        "https://www.whatsapp.com/channel/0029VaAlA1s6GcG6eTUe652l"
    ],
    "external_images": [],
    "entities": {
        "persons": [
            {
                "name": "guido olimpio",
                "sentiment": "negative"
            }
        ],
        "organizations": [
            {
                "name": "jewish state",
                "sentiment": "none"
            }
        ],
        "locations": [
            {
                "name": "iran",
                "sentiment": "none"
            },
            {
                "name": "middle east",
                "sentiment": "none"
            },
            {
                "name": "red sea",
                "sentiment": "none"
            },
            {
                "name": "chem pluto",
                "sentiment": "none"
            },
            {
                "name": "israel",
                "sentiment": "none"
            },
            {
                "name": "us",
                "sentiment": "none"
            },
            {
                "name": "tehran",
                "sentiment": "none"
            }
        ]
    },
    "rating": null,
    "crawled": "2023-12-25T01:18:44.902+02:00",
    "updated": "2023-12-25T01:18:44.902+02:00"
}