{
    "thread": {
        "uuid": "5ad3d9cabafb7d9378ca51a3ac9aa012b4502899",
        "url": "https://www.standard.net.au/story/8469968/serbia-police-fire-pepper-spray-at-election-protesters/?src=rss",
        "site_full": "www.standard.net.au",
        "site": "standard.net.au",
        "site_section": "https://www.standard.net.au/news/world/rss.xml",
        "site_categories": [
            "media"
        ],
        "section_title": "The Standard - World",
        "title": "Serbia police fire pepper spray at election protesters",
        "title_full": "Serbia police fire pepper spray at election protesters",
        "published": "2023-12-24T21:51:00.000+02:00",
        "replies_count": 0,
        "participants_count": 0,
        "site_type": "news",
        "country": "AU",
        "main_image": "https://www.standard.net.au/images/transform/v1/crop/frm/silverstone-feed-data/fb68535d-1c87-408c-959a-a2c057ebbff0.jpg/r0_90_800_510_w1200_h630_fmax.jpg",
        "performance_score": 0,
        "domain_rank": 66245,
        "domain_rank_updated": "2023-12-19T12:06:16.000+02:00",
        "reach": null,
        "social": {
            "facebook": {
                "likes": 0,
                "comments": 0,
                "shares": 0
            },
            "gplus": {
                "shares": 0
            },
            "pinterest": {
                "shares": 0
            },
            "linkedin": {
                "shares": 0
            },
            "stumbledupon": {
                "shares": 0
            },
            "vk": {
                "shares": 0
            }
        }
    },
    "uuid": "5ad3d9cabafb7d9378ca51a3ac9aa012b4502899",
    "url": "https://www.standard.net.au/story/8469968/serbia-police-fire-pepper-spray-at-election-protesters/?src=rss",
    "ord_in_thread": 0,
    "parent_url": null,
    "author": null,
    "published": "2023-12-24T21:51:00.000+02:00",
    "title": "Serbia police fire pepper spray at election protesters",
    "text": "Thousands of people have gathered in the centre of Belgrade in an anti-government protest to demand the annulment of parliamentary and local elections a week ago that some international observers said were unfair.\n populist ruling Serbian Progressive Party (SNS) won 46.72 per cent of the votes in snap parliamentary elections last weekend, according to state election commission preliminary results.\nAn international monitoring mission on Monday said the SNS gained an unfair advantage through media bias, the improper influence of President Aleksandar Vucic and voting irregularities such as vote buying.\nVucic said the elections were fair.\nOn Sunday, police fired pepper spray, a Reuters witness said, after a crowd tried to break into the Belgrade town hall where the local election commission is based.\nSome of the protesters climbed the building and broke windows.\n\"Vucic thief,\" protesters chanted.\nThe centre-left opposition alliance Serbia Against Violence came second in the election with 23.56 per cent of the votes and the Socialist Party of Serbia third with 6.56 per cent.\nSrdjan Milivojevic and Vladimir Obradovic of the Serbia Against Violence coalition tried to open the door of the town hall but were unable to enter, while the crowd shouted \"get in, get in,\" and \"no surrender\".\nAnother member of Serbia Against Violence Marinika Tepic has been on hunger strike since the elections to demand they should be annulled.\n ",
    "highlightText": "",
    "highlightTitle": "",
    "highlightThreadTitle": "",
    "language": "english",
    "sentiment": "negative",
    "categories": [
        "Politics",
        "Human Interest",
        "Crime, Law and Justice"
    ],
    "external_links": [],
    "external_images": [],
    "entities": {
        "persons": [
            {
                "name": "aleksandar vucic",
                "sentiment": "none"
            },
            {
                "name": "srdjan milivo",
                "sentiment": "none"
            },
            {
                "name": "vucic",
                "sentiment": "none"
            }
        ],
        "organizations": [
            {
                "name": "socialist party of serbia",
                "sentiment": "none"
            },
            {
                "name": "serbian progressive party",
                "sentiment": "none"
            },
            {
                "name": "sns",
                "sentiment": "none"
            },
            {
                "name": "serbia against violence",
                "sentiment": "none"
            },
            {
                "name": "reuters",
                "sentiment": "none"
            }
        ],
        "locations": [
            {
                "name": "belgrade",
                "sentiment": "none"
            },
            {
                "name": "serbia",
                "sentiment": "none"
            }
        ]
    },
    "rating": null,
    "crawled": "2023-12-25T00:41:44.401+02:00",
    "updated": "2023-12-25T00:41:44.401+02:00"
}