{
    "thread": {
        "uuid": "0b8462b329a9f9bbc41008af4228fb255d7eb121",
        "url": "https://fansided.com/posts/michigan-jim-harbaugh-extension-offer-kills-any-nfl-team-dreams-01hje9vav6zr",
        "site_full": "fansided.com",
        "site": "fansided.com",
        "site_section": "http://fansided.com",
        "site_categories": [
            "pro_basketball",
            "sports"
        ],
        "section_title": "FanSided Sports News &amp; Updates: NFL, NBA, MLB, College &amp; More",
        "title": "Massive Jim Harbaugh Michigan extension offer kills any NFL team’s dreams",
        "title_full": "Massive Jim Harbaugh Michigan extension offer kills any NFL team’s dreams",
        "published": "2023-12-24T23:47:00.000+02:00",
        "replies_count": 0,
        "participants_count": 1,
        "site_type": "news",
        "country": "US",
        "main_image": "https://images2.minutemediacdn.com/image/upload/c_crop,w_4000,h_2250,x_0,y_26/c_fill,w_1440,ar_16:9,f_auto,q_auto,g_auto/images/GettyImages/mmsport/229/01hje9w6tz5wzsfpecys.jpg",
        "performance_score": 0,
        "domain_rank": 10323,
        "domain_rank_updated": "2023-12-19T12:06:12.000+02:00",
        "reach": null,
        "social": {
            "facebook": {
                "likes": 0,
                "comments": 0,
                "shares": 0
            },
            "gplus": {
                "shares": 0
            },
            "pinterest": {
                "shares": 0
            },
            "linkedin": {
                "shares": 0
            },
            "stumbledupon": {
                "shares": 0
            },
            "vk": {
                "shares": 0
            }
        }
    },
    "uuid": "0b8462b329a9f9bbc41008af4228fb255d7eb121",
    "url": "https://fansided.com/posts/michigan-jim-harbaugh-extension-offer-kills-any-nfl-team-dreams-01hje9vav6zr",
    "ord_in_thread": 0,
    "parent_url": null,
    "author": "codywilliams",
    "published": "2023-12-24T23:47:00.000+02:00",
    "title": "Massive Jim Harbaugh Michigan extension offer kills any NFL team’s dreams",
    "text": "By Cody Williams | 11:47 AM EST\n2023 Big Ten Championship - Iowa v Michigan / Michael Hickey/GettyImages\nNothing about Jim Harbaugh and the Michigan Wolverines has been normal this season. Whether it was the three-game suspension to begin the 2023 season for recruiting violations, the alleged rampant sign-stealing scandal, or possibly Harbaugh's flirtations with the NFL once again, it's been a whirlwind.\nAnd it's possible that makes it all the more impressive that Michigan is currently gearing up for another College Football Playoff semifinal, this time as the No. 1 seed and facing the Alabama Crimson Tide in the Rose Bowl. But the Wolverines program is looking more toward the future.\nAccording to NFL insider Ian Rapoport, Michigan has offered Harbaugh a 10-year, $125 million contract extension to tack onto his current deal that runs through 2026.\nThe big catch, however, is that Harbaugh would not \"entertain\" or take an NFL head coaching job for the 2024 season. Interestingly, though, the NFL clause only pertains to the 2024 season, theoretically meaning he could dip his toe in the NFL waters once again after next year.\nMichigan offers Jim Harbaugh $125 million extension with no-NFL clause Rapoport also reported that Michigan has another extension offer out to Harbaugh, a shorter-term deal that would pay the head coach an average annual value of $11 million. There is no confirmation whether or not the NFL-related clause is included in that iteration of the offer.\nObviously, Michigan remains a bit concerned about the possibility of Harbaugh leaving Ann Arbor for a return to the NFL as he returned to his alma mater following a stint with the San Francisco 49ers that was highly successful, including a Super Bowl appearance. Thus, it stands to reason why franchises such as the Las Vegas Raiders, Carolina Panthers and so on would be intrigued about bringing him back.\nAs for the Harbaugh flavor of the matter, he faces some uncertainty at Michigan. Yes, the program is absolutely humming with three straight wins over rival Ohio State and subsequent College Football Playoff appearances. However, with the NCAA investigating and potentially handing down penalties that would be enforced next season, that's another factor the head coach will have to weigh.\nHarbaugh has not yet signed on the dotted line with the Wolverines. The possibility he leaves for the NFL and puts the scandal and consequences behind him remains. But the money now on that table certainly adds more intrigue, especially with Michigan looking to protect itself rom an NFL departure.\nCFB transfer predictions for Nolen, Ward, Stewart and Top 22 transfers. dark. Next. CFB transfer portal predictions\nRelated Topics College Football News Michigan NFL News College Football Playoff Alabama San Francisco 49ers Las Vegas Raiders Super Bowl Carolina Panthers Home / Michigan",
    "highlightText": "",
    "highlightTitle": "",
    "highlightThreadTitle": "",
    "language": "english",
    "sentiment": "negative",
    "categories": [
        "Politics",
        "Sport",
        "Human Interest"
    ],
    "external_links": [
        "https://www.nfl.com/news/jim-harbaugh-weighing-contract-offer-from-michigan-that-includes-no-nfl-clause-f",
        "https://open.spotify.com/embed/show/0Ii2w5GBTw72XuE4N3t0US?utm_source=generator",
        "https://nfl.com/news/jim-harbaugh-weighing-contract-offer-from-michigan-that-includes-no-nfl-clause-f",
        "https://open.spotify.com/embed/show/0Ii2w5GBTw72XuE4N3t0US",
        "https://www.open.spotify.com/embed/show/0Ii2w5GBTw72XuE4N3t0US?utm_source=generator"
    ],
    "external_images": [],
    "entities": {
        "persons": [
            {
                "name": "jim harbaugh",
                "sentiment": "negative"
            },
            {
                "name": "michael hickey",
                "sentiment": "negative"
            },
            {
                "name": "cody williams",
                "sentiment": "negative"
            },
            {
                "name": "ian rapoport",
                "sentiment": "none"
            },
            {
                "name": "harbaugh",
                "sentiment": "none"
            }
        ],
        "organizations": [
            {
                "name": "nfl",
                "sentiment": "negative"
            },
            {
                "name": "wolverines",
                "sentiment": "none"
            },
            {
                "name": "alabama crimson tide",
                "sentiment": "none"
            }
        ],
        "locations": [
            {
                "name": "iowa",
                "sentiment": "none"
            },
            {
                "name": "michigan",
                "sentiment": "none"
            },
            {
                "name": "michigan wolverines",
                "sentiment": "none"
            },
            {
                "name": "rose bowl",
                "sentiment": "none"
            }
        ]
    },
    "rating": null,
    "crawled": "2023-12-25T00:10:01.739+02:00",
    "updated": "2023-12-25T00:10:01.739+02:00"
}