{
    "thread": {
        "uuid": "dcd21ad6e456c46d4869bace3f9952de13a971ca",
        "url": "https://vnexplorer.net/sheinbaum-y-garcia-harfuch-a-punto-de-ser-declarados-en-desacato-por-deuda-de-gertz-s634998.html",
        "site_full": "vnexplorer.net",
        "site": "vnexplorer.net",
        "site_section": "https://vnexplorer.net/latest",
        "site_categories": [],
        "section_title": "Latest breaking 24h news around the world - VNExplorer",
        "title": "Sheinbaum y García Harfuch, a punto de ser declarados en desacato por deuda de Gertz",
        "title_full": "Sheinbaum y García Harfuch, a punto de ser declarados en desacato por deuda de Gertz",
        "published": "2023-12-25T00:27:00.000+02:00",
        "replies_count": 0,
        "participants_count": 1,
        "site_type": "news",
        "country": "US",
        "main_image": "https://img-s-msn-com.akamaized.net/tenant/amp/entityid/AA1jO5BX.img",
        "performance_score": 0,
        "domain_rank": 44902,
        "domain_rank_updated": "2023-12-19T12:06:16.000+02:00",
        "reach": null,
        "social": {
            "facebook": {
                "likes": 0,
                "comments": 0,
                "shares": 0
            },
            "gplus": {
                "shares": 0
            },
            "pinterest": {
                "shares": 0
            },
            "linkedin": {
                "shares": 0
            },
            "stumbledupon": {
                "shares": 0
            },
            "vk": {
                "shares": 0
            }
        }
    },
    "uuid": "dcd21ad6e456c46d4869bace3f9952de13a971ca",
    "url": "https://vnexplorer.net/sheinbaum-y-garcia-harfuch-a-punto-de-ser-declarados-en-desacato-por-deuda-de-gertz-s634998.html",
    "ord_in_thread": 0,
    "parent_url": null,
    "author": "VNExplorer",
    "published": "2023-12-25T00:27:00.000+02:00",
    "title": "Sheinbaum y García Harfuch, a punto de ser declarados en desacato por deuda de Gertz",
    "text": "Sheinbaum y García Harfuch, a punto de ser declarados en desacato por deuda de Gertz\nCIUDAD DE MÉXICO (apro).- La jefa de gobierno capitalino, Claudia Sheinbaum y el titular de la Secretaría de Seguridad Ciudadana de la Ciudad de México, (SSPCDMX) Omar García Harfuch están al borde de ser declarados en desacato por no pagar la deuda millonaria que dejó el ex secretario de Seguridad Pública del Distrito Federal, Alejandro Gertz Manero.\nEl pasado 1 de febrero el Juzgado Décimo Primero de Distrito en materia Civil en la Ciudad de México declaró firme la sentencia de amparo en la que se confirmó que la jefa de Gobierno debe pagar 2 millones 17 mil 128.75 dólares por el incumplimiento de un contrato firmado por Gertz Manero.\nProceso (No. 2381) informó que dicho contrato fue firmado por el ahora titular de la Fiscalía General de la República (FGR) en el año 1999 y tenía por objeto la adquisición de ocho mil 995 chalecos antibalas con la empresa A. P. American Protective, S. A. de C. V.\nEn su acuerdo, el juez concedió al gobierno de la CDMX y a la SSPCDMX tres días para pagar la deuda con la empresa mediante una carta de crédito por la cantidad pactada conforme al tipo de cambio actual, es decir, que la capital del país recibiría la cantidad de chalecos correspondientes a los más de 2 millones de dólares al precio actualizado, mismo que en este tiempo se multiplicó.\nDe lo contrario, el juez federal indicó que multará a los funcionarios con multa por 10 mil 374 pesos y remitirá el expediente al Tribunal Colegiado correspondiente para iniciar el trámite de inejecución de sentencia de amparo, que puede culminar con la destitución y consignación de Sheinbaum y García Harfuch.\nEn tanto, al declararse firme la sentencia, el representante legal de la empresa solicitó al juez Cuadragésimo Noveno de lo Civil de la CDMX, autoridad que originalmente conoció del litigio, que obligue a la Secretaría de Hacienda y Crédito Público (SHCP) a liberar los recursos que el Gobierno capitalino requiere para pagar la deuda.\nAsimismo, solicitó embargar las cuentas de la Tesorería capitalina y del Gobierno de la Ciudad de México.\n“Para el caso de negativa, solicito el embargo de las cuentas públicas de la Tesorería de la Ciudad de México para efectos de cumplir con la ejecución de sentencia”, señaló el representante de A. P. American Protective.\n“Solicito se ordene realizar el embargo respecto de las cuentas bancarias del gobierno de la Ciudad de México, o en su caso, el embargo de bienes que forman parte del gobierno de la Ciudad de México a efecto de garantizar la carta de crédito a la que fue condenado”.\nLa demanda contra el gobierno capitalino inició desde el año 2000 y hasta ahora, los diferentes mandatarios del Distrito Federal y ahora la CDMX han tramitado toda clase de recursos para evitar cumplir con las sentencias que los condenan a pagar los chalecos.\nEn el camino, la administración local ha pagado, desde el gobierno de Miguel Ángel Mancera, más de 100 mil pesos en multas.",
    "highlightText": "",
    "highlightTitle": "",
    "highlightThreadTitle": "",
    "language": "spanish",
    "sentiment": "negative",
    "categories": [
        "Politics",
        "Human Interest",
        "Crime, Law and Justice"
    ],
    "external_links": [
        "https://img-s-msn-com.akamaized.net/tenant/amp/entityid/AA1jO5BX.img",
        "https://www.img-s-msn-com.akamaized.net/tenant/amp/entityid/AA1jO5BX.img"
    ],
    "external_images": [],
    "entities": {
        "persons": [],
        "organizations": [],
        "locations": []
    },
    "rating": null,
    "crawled": "2023-12-25T00:29:50.929+02:00",
    "updated": "2023-12-25T00:29:50.929+02:00"
}