{
    "thread": {
        "uuid": "c1049a99ca2a9b63c79658dcd7e20fa4721f0fe0",
        "url": "https://www.jornada.com.mx/2023/12/24/opinion/002a1edi",
        "site_full": "www.jornada.com.mx",
        "site": "jornada.com.mx",
        "site_section": "https://www.jornada.com.mx/rss/opinion.xml?v=1",
        "site_categories": [
            "media",
            "education",
            "sports"
        ],
        "section_title": "La Jornada: Opinión",
        "title": "La Jornada: EU: necedad guerrerista",
        "title_full": "La Jornada: EU: necedad guerrerista",
        "published": "2023-12-24T13:00:00.000+02:00",
        "replies_count": 0,
        "participants_count": 1,
        "site_type": "news",
        "country": "MX",
        "main_image": "https://www.jornada.com.mx/imagemeta/1200x630BN.jpg",
        "performance_score": 0,
        "domain_rank": 10242,
        "domain_rank_updated": "2023-12-19T12:06:12.000+02:00",
        "reach": null,
        "social": {
            "facebook": {
                "likes": 0,
                "comments": 0,
                "shares": 0
            },
            "gplus": {
                "shares": 0
            },
            "pinterest": {
                "shares": 0
            },
            "linkedin": {
                "shares": 0
            },
            "stumbledupon": {
                "shares": 0
            },
            "vk": {
                "shares": 0
            }
        }
    },
    "uuid": "c1049a99ca2a9b63c79658dcd7e20fa4721f0fe0",
    "url": "https://www.jornada.com.mx/2023/12/24/opinion/002a1edi",
    "ord_in_thread": 0,
    "parent_url": null,
    "author": "DEMOS, Desarrollo de Medios, S.A. de C.V.",
    "published": "2023-12-24T13:00:00.000+02:00",
    "title": "La Jornada: EU: necedad guerrerista",
    "text": "EU: necedad guerrerista E l lunes, el secretario de Defensa de Estados Unidos, Lloyd Austin, anunció que Washington encabezará una coalición de 10 países contra las autoridades hutíes de Yemen, quienes han puesto en jaque el comercio internacional mediante ataques contra cargueros y otros navíos que tengan bandera de Israel, se dirijan a ese país o sean propiedad de israelíes, hasta que Tel Aviv permita la entrada de ayuda humanitaria a la franja de Gaza.\nLa intervención yemení en el conflicto que se desarrolla en Medio Oriente ha supuesto un fuerte golpe a los planes de Israel y sus aliados para exterminar a la población palestina. Yemen, ubicado en la esquina suroccidental de la península arábiga, posee las condiciones para interrumpir el tráfico marítimo en el estrecho de Bab el-Mandeb, paso obligado para las embarcaciones que usan el Canal de Suez, por donde transita 10 por ciento del comercio global. Bastó con que las milicias hutíes atacaran 10 barcos para que cuatro de las cinco mayores compañías navieras del planeta cancelaran todas sus operaciones en la zona, lo que supone un desvío de varios días en rodear África. Como los hutíes no atacan a los buques rusos ni chinos, su irrupción en el tablero geopolítico supone un golpe múltiple para los intereses occidentales: encarece su comercio, refuerza la posición de sus principales competidores, trae de vuelta un desquiciamiento de las cadenas de suministro que tantos quebraderos de cabeza causó durante los últimos dos años, debilita económicamente a Israel, y obliga al bloque leal a Washington a estirar todavía más unas capacidades militares que ya se encuentran exhaustas por la entrega de armamento a Kiev y Tel Aviv.\nPese a la bravuconería con que el gobierno de Joe Biden ha anunciado su Operación Guardián de la Prosperidad en el Golfo de Adén y el mar Rojo, lo cierto es que hasta ahora no ha lanzado ningún ataque directo contra la milicia yemení. A lo largo de la semana se ha especulado que Estados Unidos sencillamente no cuenta con las capacidades para ampliar sus despliegues bélicos, y las dificultades también se reflejan en declaraciones como la del jueves, cuando el Pentágono afirmó que contaba con el respaldo de 20 países, pero se abstuvo de nombrarlos. Hasta ahora, todo indica que, a excepción de Baréin, ningún Estado árabe se sumará a la coalición, aunque nominalmente muchos de ellos son aliados cercanos de Washington.\nLa decisión de Biden de responder al desafío yemení con el envío de barcos de combate es el peor de los caminos posibles. Amenaza con dar dimensiones regionales e incluso globales a un conflicto local, y para colmo lo hace en defensa de un régimen neofascista que lleva adelante un genocidio contra una población inerme. Resulta especialmente deplorable que la superpotencia se muestre dispuesta a iniciar una Tercera Guerra Mundial por complicidad con Israel en la misma semana en que dos grandes medios estadunidenses sin ninguna sospecha de simpatías hacia los palestinos revelaron que las fuerzas armadas israelíes lanzaron de manera sistemática bombas del más alto poder en las áreas hacia las que ellos mismos ordenaron el desplazamiento de civiles. Fue también la semana en que el secretario general de la ONU, Antonio Guterres, denunció que 136 trabajadores de las Naciones Unidas fueron asesinados en Gaza en sólo 75 días, la mayor masacre de personal del organismo en toda su historia. Asimismo, es probable que mientras se leen estas líneas se haya alcanzado la macabra cifra de 100 periodistas asesinados en menos de tres meses. Nunca, en ningún país, se ha eliminado a tantos comunicadores en un año completo.\nDetener toda esta barbarie no requiere que la administración demócrata derroche cientos o miles de millones de dólares en patrullar un área localizada a 11 mil kilómetros de sus costas, ni que arriesgue la vida de sus militares y su menguante credibilidad en el empeño de abrir un nuevo frente de guerra. Basta con que frene las remesas de armas y dinero a su aliado criminal de guerra Benjamin Netanyahu, y con que deje de bloquear todas las resoluciones del Consejo de Seguridad de la ONU que llaman a un cese al fuego en una matanza cuyas víctimas son, de manera abrumadora, mujeres y niños.\nSubir al inicio del texto Please enable JavaScript to view the comments powered by Disqus.",
    "highlightText": "",
    "highlightTitle": "",
    "highlightThreadTitle": "",
    "language": "spanish",
    "sentiment": "negative",
    "categories": [
        "Politics",
        "War, Conflict and Unrest"
    ],
    "external_links": [
        "https://disqus.com/?ref_noscript",
        "https://disqus.com/",
        "https://www.disqus.com/?ref_noscript"
    ],
    "external_images": [],
    "entities": {
        "persons": [],
        "organizations": [],
        "locations": []
    },
    "rating": null,
    "crawled": "2023-12-25T00:05:54.578+02:00",
    "updated": "2023-12-25T00:05:54.578+02:00"
}