{
    "thread": {
        "uuid": "e29f70b3dc09f0fc87ebae582577ef043aa08fee",
        "url": "https://dailycaller.com/2023/12/23/joe-biden-immigration-border-yoshinobu-yamamoto-shohei-ohtani-los-angeles-dodgers-japan/?amp;",
        "site_full": "dailycaller.com",
        "site": "dailycaller.com",
        "site_section": "https://dailycaller.com/2023/12/23/joe-biden-immigration-border-yoshinobu-yamamoto-shohei-ohtani-los-angeles-dodgers-japan/?utm_source=ground.news&amp;utm_medium=referral",
        "site_categories": [
            "media",
            "law_government_and_politics",
            "politics"
        ],
        "section_title": null,
        "title": "SCOOPS: Joe Biden’s Immigration Crisis Has Finally Gone A Step Too Far | The Daily Caller",
        "title_full": "SCOOPS: Joe Biden’s Immigration Crisis Has Finally Gone A Step Too Far | The Daily Caller",
        "published": "2023-12-24T03:41:00.000+02:00",
        "replies_count": 0,
        "participants_count": 1,
        "site_type": "news",
        "country": "US",
        "main_image": "https://cdn01.dailycaller.com/wp-content/uploads/2023/12/GettyImages-1326662053-scaled-e1703363884511.jpg",
        "performance_score": 0,
        "domain_rank": 2553,
        "domain_rank_updated": "2023-12-19T12:06:12.000+02:00",
        "reach": null,
        "social": {
            "facebook": {
                "likes": 0,
                "comments": 0,
                "shares": 0
            },
            "gplus": {
                "shares": 0
            },
            "pinterest": {
                "shares": 0
            },
            "linkedin": {
                "shares": 0
            },
            "stumbledupon": {
                "shares": 0
            },
            "vk": {
                "shares": 0
            }
        }
    },
    "uuid": "e29f70b3dc09f0fc87ebae582577ef043aa08fee",
    "url": "https://dailycaller.com/2023/12/23/joe-biden-immigration-border-yoshinobu-yamamoto-shohei-ohtani-los-angeles-dodgers-japan/?amp;",
    "ord_in_thread": 0,
    "parent_url": null,
    "author": "Scoops Delacroix",
    "published": "2023-12-24T03:41:00.000+02:00",
    "title": "SCOOPS: Joe Biden’s Immigration Crisis Has Finally Gone A Step Too Far | The Daily Caller",
    "text": "This columnist typically weighs in on sports, not politics, so the hordes of immigrants pouring across America’s southern border hasn’t particularly been on my radar when things like John Daly’s breakfast routine and liberal attempts to destroy football are in the news.\nBut now, the porous state of the border has hit the sports world. First they took our jobs, then they took our votes and now, they’re taking our baseball teams.\nYou probably heard about Japanese phenom Shohei Ohtani, arguably a top-5 hitter AND pitcher in baseball, signing with the Los Angeles Dodgers recently for a whopping $700 million contract for 10 years of play. The rich getting richer in Biden’s America yet again.\nThat was bad enough. But this week, things went from not good to worse: Yoshinobu Yamamoto, an ace pitcher from the Japanese league, just got a $375 million contract from the Dodgers, making him the highest-paid pitcher in MLB history.\nShohei Ohtani imitating Yoshinobu Yamamoto.\n[He’ll now have more opportunites to perfect this.] pic.twitter.com/OOv8RzFe7Q\n— Rob Friedman (@PitchingNinja) December 22, 2023\nUnlike Ohtani, Yamamoto didn’t even need to throw a single pitch in the MLB to get this fat bag. The fact that President Joe Biden is allowing unproven, untested Japanese immigrants to come across the Pacific Ocean and take high-paying American jobs that his own people would be more than happy to do is an affront that cannot stand. (RELATED: LeBron James Sits Down During The National Anthem In Completely Disgraceful Move)\nWhile Yoshinobu Yamamoto won’t be eligible for @MLBPipeline ’s prospect list, here’s where he’d be ranked by Jonathan Mayo and Jim Callis:\n– @JonathanMayo : 8-10 range, second best pitching prospect behind Paul Skenes\n– @jimcallisMLB : 14-18 range, also second best arm behind Skenes pic.twitter.com/LCCFOEFtz0\n— Bruce Kuntz (@Bnicklaus7) December 23, 2023\nThe Dodgers have always had a penchant for trying to buy championships, and typically it doesn’t work out for them (the 2020 Mickey Mouse COVID “championship” doesn’t count). And they’re in for a rude awakening if they think they can import their way to a ring. The United States has won the World Series in 29 consecutive years dating back to 1993, when the Toronto Blue Jays went back-to-back. And as a Canadian, I can say with authority that we’re practically an American colony anyways.\nShohei to Yamamoto in the dugout after he gives up 8 earned runs to the Marlins in an elimination game in the NLDS pic.twitter.com/6e9vuH15nm\n— Ken Glizzy Jr. (@JamesDGrambo) December 22, 2023\n$700M for Shohei Ohtani\n$325M for Yoshi Yamamoto\n$136.5M for Tyler Glasnow\n$325M for Mookie Betts\n$165M for Freddie Freeman\nThere needs to be both a 30-for-30 and criminal investigation on the Dodgers.\n— Jordan Moore (@iJordanMoore) December 22, 2023\nSo go ahead Biden-Dodgers — try to outsource your way to glory thanks to the lax import controls and immigration laws this White House has burdened the country with. America’s teams will be waiting.",
    "highlightText": "",
    "highlightTitle": "",
    "highlightThreadTitle": "",
    "language": "english",
    "sentiment": "negative",
    "categories": [
        "Politics",
        "Social Issue"
    ],
    "external_links": [
        "https://twitter.com/Bnicklaus7/status/1738627708110946375?ref_src=twsrc%5Etfw",
        "https://twitter.com/iJordanMoore/status/1738053288145105129?ref_src=twsrc%5Etfw",
        "https://twitter.com/JonathanMayo?ref_src=twsrc%5Etfw",
        "https://twitter.com/MLBPipeline?ref_src=twsrc%5Etfw",
        "https://twitter.com/jimcallisMLB?ref_src=twsrc%5Etfw",
        "https://t.co/6e9vuH15nm",
        "https://twitter.com/PitchingNinja/status/1738193152945570117?ref_src=twsrc%5Etfw",
        "https://t.co/LCCFOEFtz0",
        "https://t.co/OOv8RzFe7Q",
        "https://twitter.com/JamesDGrambo/status/1738062436308074981?ref_src=twsrc%5Etfw",
        "https://www.t.co/LCCFOEFtz0",
        "https://www.t.co/OOv8RzFe7Q",
        "https://www.twitter.com/Bnicklaus7/status/1738627708110946375?ref_src=twsrc%5Etfw",
        "https://www.twitter.com/jimcallisMLB?ref_src=twsrc%5Etfw",
        "https://www.twitter.com/MLBPipeline?ref_src=twsrc%5Etfw",
        "https://www.twitter.com/iJordanMoore/status/1738053288145105129?ref_src=twsrc%5Etfw",
        "https://www.twitter.com/PitchingNinja/status/1738193152945570117?ref_src=twsrc%5Etfw",
        "https://twitter.com/JonathanMayo",
        "https://twitter.com/MLBPipeline",
        "https://twitter.com/jimcallisMLB",
        "https://twitter.com/JamesDGrambo/status/1738062436308074981",
        "https://www.t.co/6e9vuH15nm",
        "https://twitter.com/iJordanMoore/status/1738053288145105129",
        "https://www.twitter.com/JonathanMayo?ref_src=twsrc%5Etfw",
        "https://twitter.com/PitchingNinja/status/1738193152945570117",
        "https://twitter.com/Bnicklaus7/status/1738627708110946375",
        "https://www.twitter.com/JamesDGrambo/status/1738062436308074981?ref_src=twsrc%5Etfw"
    ],
    "external_images": [],
    "entities": {
        "persons": [
            {
                "name": "joe biden",
                "sentiment": "negative"
            },
            {
                "name": "john daly",
                "sentiment": "none"
            },
            {
                "name": "rob friedman",
                "sentiment": "none"
            },
            {
                "name": "shohei ohtani",
                "sentiment": "none"
            },
            {
                "name": "yoshinobu yamamoto",
                "sentiment": "none"
            }
        ],
        "organizations": [
            {
                "name": "mlb",
                "sentiment": "none"
            },
            {
                "name": "los angeles dodgers",
                "sentiment": "none"
            },
            {
                "name": "dodgers",
                "sentiment": "none"
            }
        ],
        "locations": [
            {
                "name": "america",
                "sentiment": "none"
            },
            {
                "name": "biden’s america",
                "sentiment": "none"
            }
        ]
    },
    "rating": null,
    "crawled": "2023-12-25T00:01:37.338+02:00",
    "updated": "2023-12-25T00:01:37.338+02:00"
}