{
    "thread": {
        "uuid": "40223c65e4cf99117ad423154699827e43471f23",
        "url": "https://ground.news/article/trump-appeals-jan-6-indictment-dismissal",
        "site_full": "ground.news",
        "site": "ground.news",
        "site_section": "https://ground.news/interest/jack-smith",
        "site_categories": [],
        "section_title": "Jack Smith Breaking News Headlines Today | Ground News",
        "title": "Ground News - Trump Appeals Jan. 6 Indictment Dismissal",
        "title_full": "Ground News - Trump Appeals Jan. 6 Indictment Dismissal",
        "published": "2023-12-24T20:30:00.000+02:00",
        "replies_count": 0,
        "participants_count": 1,
        "site_type": "news",
        "country": "CA",
        "main_image": "",
        "performance_score": 0,
        "domain_rank": 29685,
        "domain_rank_updated": "2023-12-19T12:06:12.000+02:00",
        "reach": null,
        "social": {
            "facebook": {
                "likes": 0,
                "comments": 0,
                "shares": 0
            },
            "gplus": {
                "shares": 0
            },
            "pinterest": {
                "shares": 0
            },
            "linkedin": {
                "shares": 0
            },
            "stumbledupon": {
                "shares": 0
            },
            "vk": {
                "shares": 0
            }
        }
    },
    "uuid": "40223c65e4cf99117ad423154699827e43471f23",
    "url": "https://ground.news/article/trump-appeals-jan-6-indictment-dismissal",
    "ord_in_thread": 0,
    "parent_url": null,
    "author": "Ground News",
    "published": "2023-12-24T20:30:00.000+02:00",
    "title": "Ground News - Trump Appeals Jan. 6 Indictment Dismissal",
    "text": "Summary by Ground News Former President Donald Trump has asked a federal appeals court to dismiss the indictment brought against him by Special Counsel Jack Smith . This move is in connection with the events of January 6 and centers on Trump's assertion of presidential immunity for actions taken during his tenure in office. Trump's legal representatives are now arguing that his actions, particularly his challenges to the legitimacy of the 2020 presidential election results, fall under the umbrella of his presidential duties. Share menu More\nFilters 1 Articles 1 Articles All Left Center Right\ncelebtattler.com Trump Appeals Jan. 6 Indictment Dismissal In a significant development this past Saturday, attorneys representing former President Donald Trump requested the federal appeals court to dismiss the indictment brought against him by Special Counsel Jack Smith. This move is in connection with the events of January 6 and centers on Trump's assertion of presidential immunity for actions taken during his tenure in office. This appeal to the U.S. Court of Appeals for the District of Columbia fol…\n7 hours ago Read Full Article\ncelebtattler.com\nTrump Appeals Jan. 6 Indictment Dismissal In a significant development this past Saturday, attorneys representing former President Donald Trump requested the federal appeals court to dismiss the indictment brought against him by Special Counsel Jack Smith. This move is in connection with the events of January 6 and centers on Trump's assertion of presidential immunity for actions taken during his tenure in office. This appeal to the U.S. Court of Appeals for the District of Columbia fol…\n7 hours ago Read Full Article Think freely. Subscribe and get full access to Ground News Subscriptions start at $9.99/year Subscribe",
    "highlightText": "",
    "highlightTitle": "",
    "highlightThreadTitle": "",
    "language": "english",
    "sentiment": "negative",
    "categories": [
        "Crime, Law and Justice",
        "Politics",
        "Social Issue"
    ],
    "external_links": [
        "https://www.celebtattler.com/news/news/celebrities/33761/trump-appeals-jan-6-indictment-dismissal/?utm_source=ground.news&utm_medium=referral",
        "https://celebtattler.com/news/news/celebrities/33761/trump-appeals-jan-6-indictment-dismissal/?utm_source=ground.news&utm_medium=referral",
        "https://www.celebtattler.com/news/news/celebrities/33761/trump-appeals-jan-6-indictment-dismissal/"
    ],
    "external_images": [],
    "entities": {
        "persons": [
            {
                "name": "donald trump",
                "sentiment": "negative"
            },
            {
                "name": "jack smith",
                "sentiment": "none"
            },
            {
                "name": "trump",
                "sentiment": "none"
            }
        ],
        "organizations": [
            {
                "name": "ground news - trump appeals",
                "sentiment": "negative"
            },
            {
                "name": "u.s. court of appeals for the district of colum",
                "sentiment": "none"
            },
            {
                "name": "trump appeals",
                "sentiment": "none"
            }
        ],
        "locations": []
    },
    "rating": null,
    "crawled": "2023-12-25T00:40:51.029+02:00",
    "updated": "2023-12-25T00:40:51.029+02:00"
}