{
    "thread": {
        "uuid": "1ed9846a2a5cfa6b87a5e06e5b6e5260b528a7f5",
        "url": "https://www.cope.es/deportes/mas-deporte/noticias/futbol-premier--cronica-arsenal-falla-ante-west-ham-tottenham-cae-brighton-20231228_3070844",
        "site_full": "www.cope.es",
        "site": "cope.es",
        "site_section": "https://www.cope.es",
        "site_categories": [
            "sports"
        ],
        "section_title": "COPE | Noticias y radio online",
        "title": "Fútbol/Premier.- (Crónica) El Arsenal falla ante el West Ham y el Tottenham cae en Brighton - Más Deporte - COPE",
        "title_full": "Fútbol/Premier.- (Crónica) El Arsenal falla ante el West Ham y el Tottenham cae en Brighton - Más Deporte - COPE",
        "published": "2023-12-29T00:26:00.000+02:00",
        "replies_count": 0,
        "participants_count": 1,
        "site_type": "news",
        "country": "ES",
        "main_image": "https://cope-cdnmed.cope.es/img/brand/cope-redes-sociales.jpg",
        "performance_score": 0,
        "domain_rank": 8049,
        "domain_rank_updated": "2023-12-26T12:06:20.000+02:00",
        "reach": null,
        "social": {
            "facebook": {
                "likes": 0,
                "comments": 0,
                "shares": 0
            },
            "gplus": {
                "shares": 0
            },
            "pinterest": {
                "shares": 0
            },
            "linkedin": {
                "shares": 0
            },
            "stumbledupon": {
                "shares": 0
            },
            "vk": {
                "shares": 0
            }
        }
    },
    "uuid": "1ed9846a2a5cfa6b87a5e06e5b6e5260b528a7f5",
    "url": "https://www.cope.es/deportes/mas-deporte/noticias/futbol-premier--cronica-arsenal-falla-ante-west-ham-tottenham-cae-brighton-20231228_3070844",
    "ord_in_thread": 0,
    "parent_url": null,
    "author": "Europa Press",
    "published": "2023-12-29T00:26:00.000+02:00",
    "title": "Fútbol/Premier.- (Crónica) El Arsenal falla ante el West Ham y el Tottenham cae en Brighton - Más Deporte - COPE",
    "text": "Fútbol/Premier.- (Crónica) El Arsenal falla ante el West Ham y el Tottenham cae en Brighton Europa Press Tiempo de lectura: 2' Actualizado 23:26 El Arsenal encajó su primera derrota en casa esta Premier al caer (0-2) contra el West Ham, cediendo así el liderato que asaltó el Liverpool en el 'Boxing Day', mientras que el Tottenham sufrió otro correctivo (4-2) ante el Brighton. Los de Mikel Arteta se vieron superados por un West Ham que sacó petróleo a sus pocas ocasiones y se defendió con uñas y dientes. El derbi londinense se lo quedaron los 'hammers' con el tanto a los 13 minutos de Tomas Soucek, mal defendido por los locales y validado con suspense por el VAR, y el cabezazo de Konstantinos Mavropanos. El Arsenal dominó y tuvo muchas ocasiones, sin acierto en especial Saka, y se vio con ese 2-0 en el minuto 55. Areola bajo palos mantuvo la renta de un West Ham que salió sexto de casa de su vecino y fallando de penalti el tercero. El Arsenal se queda en 40 puntos, por los 42 del Liverpool, con 39 Aston Villa y 37, pero con un partido menos por el Mundial de Clubes, el Manchester City. En el turno anterior, el Tottenham sufrió otro traspiés que le dejó fuera de la zona de Liga de Campeones (36), al final de la primera vuelta de liga. El equipo londinense cedió al sur de Inglaterra en una gran actuación de los locales en el Amex Stadium. Jack Hinshelwood y Joao Pedro pusieron un 2-0 a los 20 minutos y el tercero fue de Pervis Estupiñán en el 63'. Una losa para unos 'Spurs' que habían mejorado en el segundo tiempo, con un Richarlison sin puntería eso sí. Un nuevo penalti de Pedro supuso el 4-0, que maquilló el Tottenham en los últimos 10 minutos. El Brighton venció así tras tres jornadas sin hacerlo para sumar 30 puntos, octavo en la tabla. --RESULTADOS DE LA JORNADA 19 EN LA PREMIER LEAGUE. -Martes. Newcastle - Nottingham Forest 1-3. Bournemouth - Fulham 3-0. Sheffield United - Luton 2-3. Burnley - Liverpool 0-2. Manchester United - Aston Villa 3-2. - Left6:No existe configuración de publicidad para el slot solicitado -Miércoles. Brentford - Wolverhampton 1-4. Chelsea - Crystal Palace 2-1. Everton - Manchester City 1-3. -Jueves 28 de diciembre. Brighton - Tottenham 4-2. Arsenal - West Ham 0-2. - item no encontrado",
    "highlightText": "",
    "highlightTitle": "",
    "highlightThreadTitle": "",
    "language": "spanish",
    "sentiment": "negative",
    "categories": [
        "Sport"
    ],
    "external_links": [],
    "external_images": [],
    "entities": {
        "persons": [],
        "organizations": [],
        "locations": []
    },
    "rating": null,
    "crawled": "2023-12-29T00:32:13.319+02:00",
    "updated": "2023-12-29T00:32:13.319+02:00"
}