{
    "thread": {
        "uuid": "d92b4b16c3f557d4f73ab0360daf0f153c82f981",
        "url": "https://ground.news/article/hockey-team-apologizes-for-accidental-reference-to-jan-6-in-now-deleted-tweet",
        "site_full": "ground.news",
        "site": "ground.news",
        "site_section": "https://ground.news/interest/mediaite",
        "site_categories": [],
        "section_title": "Mediaite Breaking News Headlines Today | Ground News",
        "title": "Ground News - Hockey Team Apologizes for Accidental Reference to Jan. 6 in Now-Deleted Tweet",
        "title_full": "Ground News - Hockey Team Apologizes for Accidental Reference to Jan. 6 in Now-Deleted Tweet",
        "published": "2023-12-28T21:49:00.000+02:00",
        "replies_count": 0,
        "participants_count": 1,
        "site_type": "news",
        "country": "CA",
        "main_image": "",
        "performance_score": 0,
        "domain_rank": 29780,
        "domain_rank_updated": "2023-12-26T12:06:20.000+02:00",
        "reach": null,
        "social": {
            "facebook": {
                "likes": 0,
                "comments": 0,
                "shares": 0
            },
            "gplus": {
                "shares": 0
            },
            "pinterest": {
                "shares": 0
            },
            "linkedin": {
                "shares": 0
            },
            "stumbledupon": {
                "shares": 0
            },
            "vk": {
                "shares": 0
            }
        }
    },
    "uuid": "d92b4b16c3f557d4f73ab0360daf0f153c82f981",
    "url": "https://ground.news/article/hockey-team-apologizes-for-accidental-reference-to-jan-6-in-now-deleted-tweet",
    "ord_in_thread": 0,
    "parent_url": null,
    "author": "Mediaite",
    "published": "2023-12-28T21:49:00.000+02:00",
    "title": "Ground News - Hockey Team Apologizes for Accidental Reference to Jan. 6 in Now-Deleted Tweet",
    "text": "Summary by Mediaite Twitter A minor league hockey team has issued an apology after a now-deleted tweet was misinterpreted as a reference to the January 6 riot at the Capitol building. The Cincinnati Cyclones, an affiliate of the NHL’s New York Rangers, posted a video to promote its upcoming “Throwback Night.” On that day, the Cyclones will wear red throwback jerseys. The video showed Cyclones forward Justin Vaive wearing his jersey on the ice. “We don’t care, we pa… Share menu More\nFilters 1 Articles 1 Articles All Left Center Right\nMediaite Lean Left Mixed Factuality Individual: Dan Abrams Hockey Team Apologizes for Accidental Reference to Jan. 6 in Now-Deleted Tweet Twitter A minor league hockey team has issued an apology after a now-deleted tweet was misinterpreted as a reference to the January 6 riot at the Capitol building. The Cincinnati Cyclones, an affiliate of the NHL’s New York Rangers, posted a video to promote its upcoming “Throwback Night.” On that day, the Cyclones will wear red throwback jerseys. The video showed Cyclones forward Justin Vaive wearing his jersey on the ice. “We don’t care, we pa…\n6 hours ago · United States Read Full Article\nMediaite Lean Left Mixed Factuality Individual: Dan Abrams\nHockey Team Apologizes for Accidental Reference to Jan. 6 in Now-Deleted Tweet Twitter A minor league hockey team has issued an apology after a now-deleted tweet was misinterpreted as a reference to the January 6 riot at the Capitol building. The Cincinnati Cyclones, an affiliate of the NHL’s New York Rangers, posted a video to promote its upcoming “Throwback Night.” On that day, the Cyclones will wear red throwback jerseys. The video showed Cyclones forward Justin Vaive wearing his jersey on the ice. “We don’t care, we pa…\n6 hours ago · United States Read Full Article Think freely. Subscribe and get full access to Ground News Subscriptions start at $9.99/year Subscribe",
    "highlightText": "",
    "highlightTitle": "",
    "highlightThreadTitle": "",
    "language": "english",
    "sentiment": "negative",
    "categories": [
        "Sport"
    ],
    "external_links": [
        "https://www.mediaite.com/sports/hockey-team-apologizes-for-accidental-reference-to-jan-6-in-now-deleted-tweet/?utm_source=ground.news&utm_medium=referral",
        "https://mediaite.com/sports/hockey-team-apologizes-for-accidental-reference-to-jan-6-in-now-deleted-tweet/?utm_source=ground.news&utm_medium=referral",
        "https://www.mediaite.com/sports/hockey-team-apologizes-for-accidental-reference-to-jan-6-in-now-deleted-tweet/"
    ],
    "external_images": [],
    "entities": {
        "persons": [
            {
                "name": "justin vaive",
                "sentiment": "none"
            },
            {
                "name": "dan abrams hockey team",
                "sentiment": "none"
            }
        ],
        "organizations": [
            {
                "name": "mediaite twitter",
                "sentiment": "negative"
            },
            {
                "name": "ground news - hockey team apologizes",
                "sentiment": "negative"
            },
            {
                "name": "cincinnati cyclones",
                "sentiment": "none"
            },
            {
                "name": "cyclones",
                "sentiment": "none"
            },
            {
                "name": "nhl’s new york rangers",
                "sentiment": "none"
            }
        ],
        "locations": [
            {
                "name": "capitol",
                "sentiment": "none"
            }
        ]
    },
    "rating": null,
    "crawled": "2023-12-29T00:43:29.409+02:00",
    "updated": "2023-12-29T00:43:29.409+02:00"
}