{
    "thread": {
        "uuid": "305ecfbce0d7c1b280b9e0516e16aed71e71bbd7",
        "url": "https://www.aol.co.uk/sport/arsenal-denied-return-premier-league-222009899.html",
        "site_full": "www.aol.co.uk",
        "site": "aol.co.uk",
        "site_section": "http://www.aol.co.uk/",
        "site_categories": [
            "media"
        ],
        "section_title": "AOL.co.uk | Breaking News, Sport, Features and Video - AOL.com",
        "title": "Arsenal lose to West Ham and miss chance to return to Premier League summit",
        "title_full": "Arsenal lose to West Ham and miss chance to return to Premier League summit",
        "published": "2023-12-29T00:29:00.000+02:00",
        "replies_count": 0,
        "participants_count": 1,
        "site_type": "news",
        "country": "GB",
        "main_image": "https://s.yimg.com/ny/api/res/1.2/LsRo8ggW0QrSaLpAVToViw--/YXBwaWQ9aGlnaGxhbmRlcjt3PTEyMDA7aD02NzU-/https://media.zenfs.com/en/aol_press_association_sport_600/c633a56308f3d4881b836e3509aa8545",
        "performance_score": 0,
        "domain_rank": 1424,
        "domain_rank_updated": "2023-12-26T12:06:20.000+02:00",
        "reach": null,
        "social": {
            "facebook": {
                "likes": 0,
                "comments": 0,
                "shares": 0
            },
            "gplus": {
                "shares": 0
            },
            "pinterest": {
                "shares": 0
            },
            "linkedin": {
                "shares": 0
            },
            "stumbledupon": {
                "shares": 0
            },
            "vk": {
                "shares": 0
            }
        }
    },
    "uuid": "305ecfbce0d7c1b280b9e0516e16aed71e71bbd7",
    "url": "https://www.aol.co.uk/sport/arsenal-denied-return-premier-league-222009899.html",
    "ord_in_thread": 0,
    "parent_url": null,
    "author": "AOL Staff",
    "published": "2023-12-29T00:29:00.000+02:00",
    "title": "Arsenal lose to West Ham and miss chance to return to Premier League summit",
    "text": "Arsenal lose to West Ham and miss chance to return to Premier League summit Arsenal missed the chance to return to the top of the Premier League as they slipped to a disappointing defeat to West Ham amid more VAR controversy. The Gunners needed victory to replace Liverpool at the summit but lost 2-0 on a night where Hammers boss David Moyes finally landed a victory at the Emirates Stadium. West Ham lost Kurt Zouma ahead of the game and Lucas Paqueta after just over half an hour but hit the front through Tomas Soucek’s strike, awarded after VAR could not determine whether the whole ball had gone out of play in the build-up. A second-half header from former Arsenal defender Konstantinos Mavropanos secured the points and things could have been even better for the visitors had Said Benrahma not seen a last-gasp penalty saved by David Raya. A massive result for West Ham ⚒️ [#ARSWHU] [pic.twitter.com/JLAN9CInMV] — Premier League (@premierleague) [December 28, 2023] Moyes had failed to secure victory in his previous 72 Premier League away games at Arsenal, Chelsea, Liverpool or Manchester United, so this was a long time coming for the Scot. Arsenal laboured when they needed to continue their recent winning run in London derbies to go back to the top of the table. Instead, only captain Martin Odegaard could hold his head high on a night where their defence creaked and Gabriel Jesus was guilty of missing a couple of very good chances. Arsenal started well, with some great touches in and around the West Ham box from Odegaard in particular. But at the other end their defending left a lot to be desired, as Oleksandr Zinchenko and Gabriel Magalhaes failed to deal with a simple ball into the middle. Jarrod Bowen capitalised by latching onto the miscue and teed up Soucek to finish – the goal surviving a lengthy VAR check which could not ultimately make a call on if the ball had not gone out of play before Bowen’s cutback. Arsenal looked to respond although the goal gave West Ham something to defend, although Jesus found a way in behind with a subtle flick into Bukayo Saka, whose header was brilliantly saved by Alphonse Areola. Paqueta had been hurt in the warm-up and lasted just over half an hour, with his fellow Brazilian Gabriel Martinelli curling an effort just wide for Arsenal as they continued in vain to find a leveller. The hosts were getting closer, West Ham gifting possession as two passes saw Arsenal in on goal once more, this time Saka hitting the base of the post from an acute angle. Former West Ham captain Declan Rice fired just over from 25 yards but it was another player coming back to haunt his former club who would find the back of the net soon after. Mavropanos made just seven league starts in three years as an Arsenal player but returned to the Premier League last summer with the Hammers and headed them two goals ahead before the hour. Jesus then headed straight at Areola before sending another fine chance well over the bar moments after Arteta introduced Eddie Nketiah and Reiss Nelson off the bench. Areola was on hand again to keep out a Leandro Trossard effort, with Vladimir Coufal clearing a William Saliba header off the line from the resulting corner. Rice had come off the bench during a 3-0 Carabao Cup defeat on his return to West Ham earlier in the season and endured another night to forget here as he conceded a late penalty for tripping Emerson Palmieri in the box – only for Raya to keep out substitute Benrahma’s tame spot-kick.",
    "highlightText": "",
    "highlightTitle": "",
    "highlightThreadTitle": "",
    "language": "english",
    "sentiment": "negative",
    "categories": [
        "Sport"
    ],
    "external_links": [],
    "external_images": [],
    "entities": {
        "persons": [
            {
                "name": "david raya",
                "sentiment": "none"
            },
            {
                "name": "moyes",
                "sentiment": "none"
            },
            {
                "name": "konstantinos mavropanos",
                "sentiment": "none"
            },
            {
                "name": "tomas soucek",
                "sentiment": "none"
            },
            {
                "name": "kurt zouma",
                "sentiment": "none"
            },
            {
                "name": "said benrahma",
                "sentiment": "none"
            },
            {
                "name": "david moyes",
                "sentiment": "none"
            },
            {
                "name": "lucas paqueta",
                "sentiment": "none"
            }
        ],
        "organizations": [
            {
                "name": "arsenal",
                "sentiment": "negative"
            },
            {
                "name": "premier league",
                "sentiment": "negative"
            },
            {
                "name": "liverpool",
                "sentiment": "none"
            },
            {
                "name": "manchester u",
                "sentiment": "none"
            },
            {
                "name": "var",
                "sentiment": "none"
            },
            {
                "name": "west ham",
                "sentiment": "none"
            }
        ],
        "locations": [
            {
                "name": "west ham",
                "sentiment": "none"
            },
            {
                "name": "emirates stadium",
                "sentiment": "none"
            },
            {
                "name": "chelsea",
                "sentiment": "none"
            }
        ]
    },
    "rating": null,
    "crawled": "2023-12-29T00:38:51.040+02:00",
    "updated": "2023-12-29T00:38:51.040+02:00"
}