{
    "thread": {
        "uuid": "78f5954b1ff3a5d8445e2f770509b4d856ade757",
        "url": "https://www.unionesarda.it/lunione-in-edicola/muore-mentre-gioca-a-calcetto-yd363919",
        "site_full": "www.unionesarda.it",
        "site": "unionesarda.it",
        "site_section": "https://www.unionesarda.it/sitemaps/rss",
        "site_categories": [
            "media"
        ],
        "section_title": "L'Unione Sarda.it",
        "title": "Muore mentre gioca a calcetto - L'Unione Sarda.it",
        "title_full": "Muore mentre gioca a calcetto - L'Unione Sarda.it",
        "published": "2023-12-29T00:14:00.000+02:00",
        "replies_count": 0,
        "participants_count": 1,
        "site_type": "news",
        "country": "IT",
        "main_image": "https://immagini.unionesarda.it/version/c:YTViZWNmNmUtZmQyYi00:YTIxN2JhZDItMzQ0OS00/image.webp?f=16:9",
        "performance_score": 0,
        "domain_rank": 17294,
        "domain_rank_updated": "2023-12-26T12:06:20.000+02:00",
        "reach": null,
        "social": {
            "facebook": {
                "likes": 0,
                "comments": 0,
                "shares": 0
            },
            "gplus": {
                "shares": 0
            },
            "pinterest": {
                "shares": 0
            },
            "linkedin": {
                "shares": 0
            },
            "stumbledupon": {
                "shares": 0
            },
            "vk": {
                "shares": 0
            }
        }
    },
    "uuid": "78f5954b1ff3a5d8445e2f770509b4d856ade757",
    "url": "https://www.unionesarda.it/lunione-in-edicola/muore-mentre-gioca-a-calcetto-yd363919",
    "ord_in_thread": 0,
    "parent_url": null,
    "author": "@UnioneSarda",
    "published": "2023-12-29T00:14:00.000+02:00",
    "title": "Muore mentre gioca a calcetto - L'Unione Sarda.it",
    "text": "Tragedia ieri pomeriggio a Nuoro, dove un ausiliario dell’Asl di 58 anni, Sandro Delrio, è morto durante una partita a calcetto con gli amici. Il dramma è avvenuto attorno alle 17 nel campetto in erba sintetica della palestra Polivalente. Sandro Delrio si è accasciato improvvisamente al suolo, inutili i tentativi di soccorso. I medici del 118 hanno praticato invano la rianimazione per ben 45 minuti.\nLa tragedia\nErano circa le 17 quando Sandro, appassionato di calcetto che spesso organizzava delle partitelle con gli amici all’improvviso si è seduto, e poi sdraiato al suolo. A rotazione con i compagni rivestiva il ruolo di portiere. E lui prima di sentirsi male era appena entrato tra i pali in quella partitella che era quasi finita. L’ora di gioco era già trascorsa,. I suo compagni come lo hanno visto accasciarsi a terra lo hanno subito soccorso, qualcuno ha chiesto anche il defibrillatore che era presente nella struttura sportiva, ma in quel momento non c’era nessuno in grado di utilizzarlo. È scattato l’allarme, con l’ambulanza che è giunta sul posto dopo una decina di minuti nonostante l’ospedale San Francesco disti dal campetto non più di un chilometro. I sanitari hanno subito provato a rianimare l’uomo. Per 45 minuti gli hanno praticato il massaggio cardiaco, ma inutilmente. Sul posto sono giunte anche agenti di pubblica sicurezza e carabinieri.\nLa passione\nDelrio, padre di due figli (Marco e Andrea) lavorava al San Francesco di Nuoro come ausiliario, la moglie Sabrina Lunesu invece, è infermiera professionale. La sua famiglia era conosciuta in città e il dipendente della Asl una persona sempre solare, felice e di grande compagnia, e che nel suo lavoro è descritta sempre disponibilissima. Con la passione per il calcetto. Fatale.\nRIPRODUZIONE RISERVATA\nQuesto contenuto è riservato agli utenti abbonati Per continuare a leggere abbonati o effettua l'accesso se sei già abbonato.\n• Accedi agli articoli premium\n• Sfoglia il quotidiano da tutti i dispositivi\nAbbonati subito Sei già abbonato? Accedi ora\nTragedia ieri pomeriggio a Nuoro, dove un ausiliario dell’Asl di 58 anni, Sandro Delrio, è morto durante una partita a calcetto con gli amici. Il dramma è avvenuto attorno alle 17 nel campetto in erba sintetica della palestra Polivalente. Sandro Delrio si è accasciato improvvisamente al suolo, inutili i tentativi di soccorso. I medici del 118 hanno praticato invano la rianimazione per ben 45 minuti.\nLa tragedia\nErano circa le 17 quando Sandro, appassionato di calcetto che spesso organizzava delle partitelle con gli amici all’improvviso si è seduto, e poi sdraiato al suolo. A rotazione con i compagni rivestiva il ruolo di portiere. E lui prima di sentirsi male era appena entrato tra i pali in quella partitella che era quasi finita. L’ora di gioco era già trascorsa,. I suo compagni come lo hanno visto accasciarsi a terra lo hanno subito soccorso, qualcuno ha chiesto anche il defibrillatore che era presente nella struttura sportiva, ma in quel momento non c’era nessuno in grado di utilizzarlo. È scattato l’allarme, con l’ambulanza che è giunta sul posto dopo una decina di minuti nonostante l’ospedale San Francesco disti dal campetto non più di un chilometro. I sanitari hanno subito provato a rianimare l’uomo. Per 45 minuti gli hanno praticato il massaggio cardiaco, ma inutilmente. Sul posto sono giunte anche agenti di pubblica sicurezza e carabinieri.\nLa passione\nDelrio, padre di due figli (Marco e Andrea) lavorava al San Francesco di Nuoro come ausiliario, la moglie Sabrina Lunesu invece, è infermiera professionale. La sua famiglia era conosciuta in città e il dipendente della Asl una persona sempre solare, felice e di grande compagnia, e che nel suo lavoro è descritta sempre disponibilissima. Con la passione per il calcetto. Fatale.\nRIPRODUZIONE RISERVATA\n© Riproduzione riservata",
    "highlightText": "",
    "highlightTitle": "",
    "highlightThreadTitle": "",
    "language": "italian",
    "sentiment": "negative",
    "categories": [
        "Sport",
        "Human Interest"
    ],
    "external_links": [],
    "external_images": [],
    "entities": {
        "persons": [],
        "organizations": [],
        "locations": []
    },
    "rating": null,
    "crawled": "2023-12-29T01:24:15.038+02:00",
    "updated": "2023-12-29T01:24:15.038+02:00"
}