{
    "thread": {
        "uuid": "ee59f6d4cc62675cfb65d540e80f3ce0311019ae",
        "url": "https://ground.news/article/aaron-gordons-dog-bite-sammy-sosas-sneeze-and-more-strange-sports-injuries",
        "site_full": "ground.news",
        "site": "ground.news",
        "site_section": "https://ground.news/interest/espn",
        "site_categories": [],
        "section_title": "ESPN Breaking News Headlines Today | Ground News",
        "title": "Ground News - Aaron Gordon's dog bite, Sammy Sosa's sneeze and more strange sports injuries",
        "title_full": "Ground News - Aaron Gordon's dog bite, Sammy Sosa's sneeze and more strange sports injuries",
        "published": "2023-12-28T21:28:00.000+02:00",
        "replies_count": 0,
        "participants_count": 1,
        "site_type": "news",
        "country": "CA",
        "main_image": "",
        "performance_score": 0,
        "domain_rank": 29780,
        "domain_rank_updated": "2023-12-26T12:06:20.000+02:00",
        "reach": null,
        "social": {
            "facebook": {
                "likes": 0,
                "comments": 0,
                "shares": 0
            },
            "gplus": {
                "shares": 0
            },
            "pinterest": {
                "shares": 0
            },
            "linkedin": {
                "shares": 0
            },
            "stumbledupon": {
                "shares": 0
            },
            "vk": {
                "shares": 0
            }
        }
    },
    "uuid": "ee59f6d4cc62675cfb65d540e80f3ce0311019ae",
    "url": "https://ground.news/article/aaron-gordons-dog-bite-sammy-sosas-sneeze-and-more-strange-sports-injuries",
    "ord_in_thread": 0,
    "parent_url": null,
    "author": "Ground News",
    "published": "2023-12-28T21:28:00.000+02:00",
    "title": "Ground News - Aaron Gordon's dog bite, Sammy Sosa's sneeze and more strange sports injuries",
    "text": "Summary by Ground News Denver Nuggets forward Aaron Gordon needed 21 stitches after being bitten by a dog. Gordon joins a bizarre club of athletes who were injured in extremely odd ways. From off-field accidents to celebrations gone wrong, here's a list of the strangest ways players have missed time over the past 20 years. Share menu More\nFilters 1 Articles 1 Articles All Left Center Right\nESPN Lean Left High Factuality Media Conglomerate: Hearst Communications Media Conglomerate: The Walt Disney Company Aaron Gordon's dog bite, Sammy Sosa's sneeze and more strange sports injuries Aaron Gordon is out after getting bitten by a dog -- which got us thinking about some other unusual ways athletes have gotten hurt.\n3 hours ago · United States Read Full Article\nESPN Lean Left High Factuality Media Conglomerate: Hearst Communications Media Conglomerate: The Walt Disney Company\nAaron Gordon's dog bite, Sammy Sosa's sneeze and more strange sports injuries Aaron Gordon is out after getting bitten by a dog -- which got us thinking about some other unusual ways athletes have gotten hurt.\n3 hours ago · United States Read Full Article Think freely. Subscribe and get full access to Ground News Subscriptions start at $9.99/year Subscribe",
    "highlightText": "",
    "highlightTitle": "",
    "highlightThreadTitle": "",
    "language": "english",
    "sentiment": "negative",
    "categories": [
        "Sport",
        "Health",
        "Human Interest"
    ],
    "external_links": [
        "https://www.espn.com/nba/story/_/id/27340270/weirdest-sports-injuries?utm_source=ground.news&utm_medium=referral",
        "https://espn.com/nba/story/_/id/27340270/weirdest-sports-injuries?utm_source=ground.news&utm_medium=referral",
        "https://www.espn.com/nba/story/_/id/27340270/weirdest-sports-injuries"
    ],
    "external_images": [],
    "entities": {
        "persons": [
            {
                "name": "sammy sosa",
                "sentiment": "negative"
            },
            {
                "name": "aaron gordon",
                "sentiment": "negative"
            },
            {
                "name": "gordon",
                "sentiment": "none"
            }
        ],
        "organizations": [
            {
                "name": "ground news denver nuggets",
                "sentiment": "negative"
            },
            {
                "name": "hearst communications media conglomerate",
                "sentiment": "none"
            },
            {
                "name": "walt disney company",
                "sentiment": "none"
            },
            {
                "name": "articles all left center right espn lean left high factuality media conglomerate",
                "sentiment": "none"
            }
        ],
        "locations": [
            {
                "name": "united states",
                "sentiment": "none"
            }
        ]
    },
    "rating": null,
    "crawled": "2023-12-29T00:28:07.968+02:00",
    "updated": "2023-12-29T00:28:07.968+02:00"
}