{
    "thread": {
        "uuid": "5d0db08ddea6140850ef8090b7107caca8eb156c",
        "url": "https://www.24-horas.mx/2023/12/28/acusan-a-pumas-de-presentar-a-piero-quispe-sin-completar-traspaso-el-club-mexicano-se-defiende/",
        "site_full": "www.24-horas.mx",
        "site": "24-horas.mx",
        "site_section": "https://www.24-horas.mx/rss",
        "site_categories": [
            "politics",
            "law_government_and_politics",
            "media"
        ],
        "section_title": "24 Horas",
        "title": "Acusan a Pumas de presentar a Piero Quispe sin completar traspaso; el club mexicano se defiende",
        "title_full": "Acusan a Pumas de presentar a Piero Quispe sin completar traspaso; el club mexicano se defiende",
        "published": "2023-12-29T01:46:00.000+02:00",
        "replies_count": 0,
        "participants_count": 1,
        "site_type": "news",
        "country": "MX",
        "main_image": "https://www.24-horas.mx/wp-content/uploads/2023/12/piero-quispe-pumas.jpg",
        "performance_score": 0,
        "domain_rank": 57978,
        "domain_rank_updated": "2023-12-26T12:06:25.000+02:00",
        "reach": null,
        "social": {
            "facebook": {
                "likes": 0,
                "comments": 0,
                "shares": 0
            },
            "gplus": {
                "shares": 0
            },
            "pinterest": {
                "shares": 0
            },
            "linkedin": {
                "shares": 0
            },
            "stumbledupon": {
                "shares": 0
            },
            "vk": {
                "shares": 0
            }
        }
    },
    "uuid": "5d0db08ddea6140850ef8090b7107caca8eb156c",
    "url": "https://www.24-horas.mx/2023/12/28/acusan-a-pumas-de-presentar-a-piero-quispe-sin-completar-traspaso-el-club-mexicano-se-defiende/",
    "ord_in_thread": 0,
    "parent_url": null,
    "author": "Eduardo Muñiz",
    "published": "2023-12-29T01:46:00.000+02:00",
    "title": "Acusan a Pumas de presentar a Piero Quispe sin completar traspaso; el club mexicano se defiende",
    "text": "El exequipo de Piero Quispe, el Universitario de Perú, acusó a Pumas de presentar al jugador sin antes haber completado el traspaso. Por su parte, el club mexicano se defendió.\nA través de sus redes sociales, el club peruano acusó a los universitarios de presentar a Piero sin haber completado la documentación legal, así como de “falta de seriedad” en el proceso del traspaso.\nTe podría interesar:\nPiero Quispe es nuevo jugador de Pumas, pero le dicen adiós al ‘Toro Fernández’\n“Presentar oficialmente a un futbolista, sin haber completado la documentación legal correspondiente, evidencia la falta de seriedad de una de las partes en el proceso de traspaso. En el club velamos por el bienestar y éxito de nuestros futbolistas”, mencionó el club.\nAsimismo, el Universitario de Perú dijo que espera tener toda la documentación correspondiente para formalizar la partida del futbolista peruano a México.\n𝗜𝗠𝗣𝗢𝗥𝗧𝗔𝗡𝗧𝗘 🚨\nPresentar oficialmente a un futbolista, sin haber completado la documentación legal correspondiente, evidencia la falta de seriedad de una de las partes en el proceso de traspaso. En el club velamos por el bienestar y éxito de nuestros futbolistas. Por…\n[pic.twitter.com/JbbjTqdV0y]\n— Universitario (@Universitario)\n[December 28, 2023]\n“Es un malentendido”: Pumas se defiende de la acusación\nEn respuesta a la publicación del Universitario de Perú, los Pumas publicaron un comunicado en el que se defienden de las acusaciones y detallaron el paso a paso de la transacción.\nDe acuerdo a los auriazules, el martes 26 de diciembre se le realizó los exámenes médicos correspondientes, los cuales, Piero Quispe cumplió satisfactoriamente. Para el día 27 de diciembre, a las 18:30 horas, se “firmó el contrato de transferencia entre las tres partes (ambos clubes y el jugador); mientras que el anuncio oficial se publicó en las redes sociales del Club, posteriormente, a las 19:40 horas”.\nAsimismo, los Pumas detallaron que el contrato de transferencia fue enviado desde el día 26 de diciembre, “firmado por el equipo peruano, junto con la factura correspondiente”.\n“Lo anterior es una clara muestra de que la documentación legal había sido cubierta de manera satisfactoria por las partes involucradas”, mencionó el equipo de la UNAM.\nTe podría interesar:\n‘Toro’ Fernández deja a los Pumas para fichar con Cruz Azul por su “trayectoria e historia”\nLos del Pedregal refirieron que han realizado diversas transacciones internacionales por diferentes jugadores y siempre han mostrado un accionar ejemplar, por lo que consideraron que lo ocurrido con el club peruano “es un malentendido”.\n“Todo se ha realizado de manera puntual, satisfactoria para ambas instituciones y para el jugador”, agregó el club.\nPor otro lado, Pumas agradeció la oportunidad de contar con Piero Quispe, a quien apoyarán y brindarán las herramientas necesarias para que siga creciendo futbolísticamente.\nEl Club Universidad Nacional informa:\n[#DePumasSoy] [#DeCanteraSomos]\n— PUMAS (@PumasMX)\n[December 28, 2023]\nEAM",
    "highlightText": "",
    "highlightTitle": "",
    "highlightThreadTitle": "",
    "language": "spanish",
    "sentiment": "negative",
    "categories": [
        "Sport",
        "Crime, Law and Justice"
    ],
    "external_links": [],
    "external_images": [],
    "entities": {
        "persons": [],
        "organizations": [],
        "locations": []
    },
    "rating": null,
    "crawled": "2023-12-29T01:54:29.434+02:00",
    "updated": "2023-12-29T01:54:29.434+02:00"
}