{
    "thread": {
        "uuid": "0512288fd53e4290750e7bf4fb7d94971bd89b3d",
        "url": "https://www.publico.pt/2024/11/01/azul/noticia/distrito-faro-aviso-laranja-devido-chuva-varios-distritos-aviso-amarelo-2110247",
        "site_full": "www.publico.pt",
        "site": "publico.pt",
        "site_section": "https://publico.pt/ultimas",
        "site_categories": [
            "media",
            "top_news_pt"
        ],
        "section_title": "&#xDA;ltimas | PÚBLICO",
        "title": "Distrito de Faro sob aviso laranja devido a chuva. Vários distritos com aviso amarelo",
        "title_full": "Distrito de Faro sob aviso laranja devido a chuva. Vários distritos com aviso amarelo",
        "published": "2024-11-01T09:54:00.000+02:00",
        "replies_count": 0,
        "participants_count": 1,
        "site_type": "news",
        "country": "PT",
        "main_image": "https://imagens.publico.pt/imagens.aspx/1951720?tp=UH&db=IMAGENS&type=JPG&share=1&o=BarraFacebook_Azul.png",
        "performance_score": 0,
        "domain_rank": 7183,
        "domain_rank_updated": "2024-10-28T23:00:00.000+02:00",
        "social": {
            "facebook": {
                "likes": 0,
                "comments": 0,
                "shares": 1
            },
            "vk": {
                "shares": 0
            }
        }
    },
    "uuid": "0512288fd53e4290750e7bf4fb7d94971bd89b3d",
    "url": "https://www.publico.pt/2024/11/01/azul/noticia/distrito-faro-aviso-laranja-devido-chuva-varios-distritos-aviso-amarelo-2110247",
    "ord_in_thread": 0,
    "parent_url": null,
    "author": "Lusa",
    "published": "2024-11-01T09:54:00.000+02:00",
    "title": "Distrito de Faro sob aviso laranja devido a chuva. Vários distritos com aviso amarelo",
    "text": "Distrito de Faro sob aviso laranja devido a chuva. Vários distritos com aviso amarelo A chuva acompanhada de trovoada deixa o distrito de Faro sob aviso laranja na manhã desta sexta-feira. Outros distritos do Centro, Sul, Alentejo e o arquipélago dos Açores sob aviso amarelo. O distrito de Faro vai estar, na manhã desta sexta-feira, 1 de Novembro, sob aviso laranja devido à previsão de aguaceiros, por vezes fortes e acompanhados de trovoada, anunciou o Instituto Português do Mar e da Atmosfera (IPMA). Num comunicado, o [IPMA](https://www.publico.pt/ipma) disse que o aviso laranja estará em vigor no distrito de Faro até às 12h, sendo depois substituído pelo aviso amarelo, pelo menos até às 00h de sábado. O aviso laranja é emitido pelo IPMA sempre que existe situação meteorológica de risco moderado a elevado. O aviso amarelo, o menos grave numa escala de três, é emitido sempre que existe uma situação de risco para determinadas actividades dependentes da situação meteorológica. Também os distritos de Évora, Beja, Castelo Branco e Portalegre estão actualmente sob aviso amarelo, que irá vigorar durante todo o feriado, devido à [chuva](https://www.publico.pt/2024/10/31/azul/noticia/antonio-viu-mulher-filha-serem-arrastadas-corrente-historias-perdeu-vida-cheias-espanha-2110118). No caso do distrito de Setúbal, o aviso amarelo irá entrar em vigor às 12h desta sexta-feira. Horas antes, o IPMA já tinha prolongado o aviso amarelo emitido para as nove ilhas do arquipélago dos [Açores](https://www.publico.pt/2024/10/26/sociedade/noticia/homem-crianca-arrastados-agueiros-resgatados-praia-acores-2109525), devido às previsões de chuva que, por vezes, pode ser forte.",
    "highlightText": "",
    "highlightTitle": "",
    "highlightThreadTitle": "",
    "language": "portuguese",
    "sentiment": "negative",
    "categories": [
        "Weather"
    ],
    "ai_allow": true,
    "canonical": false,
    "webz_reporter": false,
    "external_links": [],
    "external_images": [],
    "entities": {
        "persons": [],
        "organizations": [],
        "locations": []
    },
    "syndication": {
        "syndicated": null,
        "syndicate_id": null,
        "first_syndicated": false
    },
    "rating": null,
    "crawled": "2024-11-01T10:15:38.180+02:00",
    "updated": "2024-11-01T12:50:48.246+02:00"
}