{
    "thread": {
        "uuid": "f44095f842fdf19dc072a7eeef909662a598d706",
        "url": "https://www.elprogreso.es/articulo/espana/directo-comunidades/202411010858061800259.html",
        "site_full": "www.elprogreso.es",
        "site": "elprogreso.es",
        "site_section": "https://www.elprogreso.es/rss",
        "site_categories": [
            "world_soccer",
            "sports"
        ],
        "section_title": "",
        "title": "Directo | Alerta roja en Andalucía por fuertes lluvias que no cesan en la Comunidad Valenciana",
        "title_full": "Directo | Alerta roja en Andalucía por fuertes lluvias que no cesan en la Comunidad Valenciana",
        "published": "2024-11-01T07:58:00.000+02:00",
        "replies_count": 0,
        "participants_count": 1,
        "site_type": "news",
        "country": "ES",
        "main_image": "https://www.elprogreso.es/media/elprogreso/images/2024/10/31/2024103112565639425.jpg",
        "performance_score": 0,
        "domain_rank": 69801,
        "domain_rank_updated": "2024-10-28T23:00:00.000+02:00",
        "social": {
            "facebook": {
                "likes": 0,
                "comments": 0,
                "shares": 0
            },
            "vk": {
                "shares": 0
            }
        }
    },
    "uuid": "f44095f842fdf19dc072a7eeef909662a598d706",
    "url": "https://www.elprogreso.es/articulo/espana/directo-comunidades/202411010858061800259.html",
    "ord_in_thread": 0,
    "parent_url": null,
    "author": "Agencias",
    "published": "2024-11-01T07:58:00.000+02:00",
    "title": "Directo | Alerta roja en Andalucía por fuertes lluvias que no cesan en la Comunidad Valenciana",
    "text": "Cinco comunidades siguen este viernes en alerta ante las fuertes precipitaciones y las tormentas que se van a registrar durante el día, y en el caso de Andalucía el nivel es rojo (riesgo extremo) ante las intensas lluvias que se van a producir en la provincia de Huelva, que en algunos casos pueden llegar a acumular hasta 140 litros por metro cuadrado.\nEl presidente andaluz, Juanma Moreno, pide a la población que no salga de casa\nEl propio presidente de la Junta de Andalucía, Juanma Moreno, ha pedido \"precaución\" y \"prudencia\" a la población así como evitar salir de casa \"siempre que sea posible\". Lo ha hecho a través de sus redes sociales.\n🔴 IMPORTANTE. Aviso rojo en El Andévalo, El Condado y el litoral de Huelva por las lluvias acumuladas durante la noche.— Juanma Moreno (@JuanMa_Moreno)\nPido EXTREMAR LA PRECAUCIÓN. Por favor, no salgamos de casa siempre que sea posible y evitemos desplazamientos o cualquier riesgo innecesario.\nPRUDENCIA.\n[pic.twitter.com/o47ZTi3VzU] [November 1, 2024]\nLa Comunidad Valenciana, en alerta naranja\nEstá además en alerta naranja (riesgo importante) la Comunidad Valenciana, que ha padecido durante los últimos días los efectos más devastadores de la DANA y donde el número de personas fallecidas se eleva a 155, y las lluvias van a continuar a lo largo del día de hoy, según los datos de la Agencia Estatal de Meteorología.\n⚠️AVISO ROJO | Provincia de Huelva.— AEMET (@AEMET_Esp)\n⛈️Se están registrando lluvias torrenciales en localidades como Cartaya, con 117 l/m² en menos de tres horas. 70 de ellos en solo una hora. El aviso sigue activo, por ahora, hasta las 9:00\nLa\n[#dana]va a seguir provocando hoy tiempo adverso. [pic.twitter.com/9fbyOAdTII] [November 1, 2024]\nEl mapa de alertas naranja se completa con avisos en grandes áreas de Andalucía, de las comunidades de Islas Baleares y Cataluña, y la Aemet ha advertido de que en muchos lugares de estas comunidades las precipitaciones van a volver a superar hoy los 100 litros por metro cuadrado.\nExtremadura, en alerta amarilla\nEl resto de alertas se completan con la comunidad de Extremadura, donde las lluvias acumularán 15 litros por metro cuadrado en una hora, según la información de la Agencia Estatal de Meteorología. El aviso amarillo ya está activado.\nEl Gobierno envía 500 efectivos del Ejército a la provincia de Valencia\nLa delegada del Gobierno en la Comunidad Valenciana, Pilar Bernabé, ha confirmado que este viernes a las 8.00 el ejecutivo central activará a 500 efectivos del Ejército para ayudar a la emergencia por la DANA en la provincia de Valencia, una cifra que aumentará a \"todos los que sean necesarios\".\nEl temporal ha dejado, según el último balance provisional, 155 víctimas mortales y numerosas localidades gravemente afectadas.\nTráfico: carreteras cortadas en la Comunidad Valenciana, Andalucía y Castilla La Mancha\nGran número de carreteras han sido cortadas en varias comunidades autónomas, siendo las vías más afectadas por las inundaciones las de la Comunidad Valenciana, seguidas de las de Andalucía y Castilla-La Mancha, por ello la Dirección General de Tráfico llama a los ciudadanos a reducir los desplazamientos durante este puente de Todos los Santos.\nEn estos momentos, Emergencias de la Generalitat aconseja evitar hacer viajes por carretera desde cualquier punto de España hacia Valencia, y ha recordado que las vías que se están abriendo son de uso preferencial de los efectivos de emergencias.\nSegún la DGT, varios tramos de la A-3, la A-7, la V-30 y la V-31, estas dos últimas de accesos a Valencia capital, siguen cortados por las inundaciones, al igual que otras carreteras de la red secundaria.\n📢⚠️Recomendamos consultar la información meteorológica antes de salir a la carretera durante las próximas jornadas, especialmente en el festivo de Todos los Santos el viernes 1 de noviembre.— Dir. Gral. Tráfico (@DGTes)\n[https://t.co/wl8E5ZcdVv] [October 31, 2024]\nEn Andalucía este viernes, los efectos de la borrasca se concentrado en la provincia de Cádiz, especialmente en los municipios de San Fernando y Chiclana por acumulación de balsas de agua en carreteras.\nEn Castilla-la Mancha, la provincia de Cuenca ha sido la que más ha resultado afectada por la dana, y la carretera CM-2122 sigue cerrada en el kilómetro 14,3, según ha informado el Gobierno de esta Comunidad.\nTambién en Tarragona continúan cerradas la N-340, que está cortada entre Amposta y la Ràpita en sentido norte y se hacen desvíos por la TV-3408, y sigue cerrada la C-12 hacia Tortosa en los dos sentidos.\nLa DGT aconseja que cuando se produzcan causas meteorológicas extremas, se debe proceder detenerse fuera de la carretera siempre que sea posible. ç",
    "highlightText": "",
    "highlightTitle": "",
    "highlightThreadTitle": "",
    "language": "spanish",
    "sentiment": "negative",
    "categories": [
        "Weather",
        "Disaster and Accident",
        "Social Issue"
    ],
    "ai_allow": true,
    "canonical": false,
    "webz_reporter": false,
    "external_links": [
        "https://t.co/wl8E5ZcdVv",
        "https://www.t.co/wl8E5ZcdVv"
    ],
    "external_images": [],
    "entities": {
        "persons": [
            {
                "name": "Juanma Moreno",
                "sentiment": "none"
            }
        ],
        "organizations": [
            {
                "name": "Junta de Andalucía",
                "sentiment": "none"
            }
        ],
        "locations": [
            {
                "name": "El Andévalo",
                "sentiment": "none"
            }
        ]
    },
    "syndication": {
        "syndicated": null,
        "syndicate_id": null,
        "first_syndicated": false
    },
    "rating": null,
    "crawled": "2024-11-01T10:05:37.591+02:00",
    "updated": "2024-11-01T10:05:37.591+02:00"
}