{
    "thread": {
        "uuid": "40390659fcd3fd9acd39c3da3f24c2aa1ad5e59e",
        "url": "https://valenciaplaza.com/unas-23000-personas-siguen-sin-suministro-electrico-en-la-provincia-de-valencia-tras-recuperarlo-132000",
        "site_full": "valenciaplaza.com",
        "site": "valenciaplaza.com",
        "site_section": "https://alicanteplaza.es/noticias/rss",
        "site_categories": [
            "sports",
            "top_news_es"
        ],
        "section_title": "Alicante Plaza",
        "title": "Unas 23.000 personas siguen sin suministro eléctrico en la provincia de Valencia, tras recuperarlo 132.000",
        "title_full": "Unas 23.000 personas siguen sin suministro eléctrico en la provincia de Valencia, tras recuperarlo 132.000",
        "published": "2024-11-01T06:00:00.000+02:00",
        "replies_count": 0,
        "participants_count": 1,
        "site_type": "news",
        "country": "ES",
        "main_image": "https://valenciaplaza.com/public/Image/socialThumb/17304600681684250.png",
        "performance_score": 0,
        "domain_rank": 21286,
        "domain_rank_updated": "2024-10-28T23:00:00.000+02:00",
        "social": {
            "facebook": {
                "likes": 0,
                "comments": 0,
                "shares": 0
            },
            "vk": {
                "shares": 0
            }
        }
    },
    "uuid": "40390659fcd3fd9acd39c3da3f24c2aa1ad5e59e",
    "url": "https://valenciaplaza.com/unas-23000-personas-siguen-sin-suministro-electrico-en-la-provincia-de-valencia-tras-recuperarlo-132000",
    "ord_in_thread": 0,
    "parent_url": null,
    "author": "Alicante Plaza",
    "published": "2024-11-01T06:00:00.000+02:00",
    "title": "Unas 23.000 personas siguen sin suministro eléctrico en la provincia de Valencia, tras recuperarlo 132.000",
    "text": "VALÈNCIA (EP). Aproximadamente 23.000 personas continúan sin suministro eléctrico en la provincia de Valencia a causa del temporal de la DANA, tras haberlo recuperado más de 132.000 afectados desde el miércoles, el 85 por ciento de los inicialmente perjudicados. El servicio se irá recuperando a medida que se pueda ir accediendo a las instalaciones afectadas, según informan fuentes de Iberdrola. i-DE, la empresa distribuidora del grupo Iberdrola, ha conseguido reponer el suministro eléctrico a más de 132.000 clientes en la provincia de Valencia. La compañía dispone de 80 grupos electrógenos que está procediendo a conectar en aquellas zonas \"en las que técnicamente va siendo posible\". En este sentido, ya ha se ha llevado a cabo la conexión de más de 25 de estos grupos en localidades afectadas como Alborache, Alfafar, Buñol, Cheste, Chiva, Quart de Poblet, Montroi, Real, Siete Aguas, Torrent y Utiel, entre otras, y \"se sigue trabajando en el resto de localidades que continúan sin servicio\". La empresa, en coordinación con el Centro de Control de Emergencias de la Generalitat Valenciana, continúa programando actuaciones para la recuperación del suministro eléctrico en las instalaciones que dan suministro a las potabilizadoras de los Ayuntamientos afectados.",
    "highlightText": "",
    "highlightTitle": "",
    "highlightThreadTitle": "",
    "language": "spanish",
    "sentiment": "negative",
    "categories": [
        "Weather"
    ],
    "ai_allow": true,
    "canonical": false,
    "webz_reporter": false,
    "external_links": [],
    "external_images": [],
    "entities": {
        "persons": [
            {
                "name": "Quart de Poblet",
                "sentiment": "none"
            },
            {
                "name": "Torrent",
                "sentiment": "none"
            }
        ],
        "organizations": [
            {
                "name": "EP",
                "sentiment": "neutral"
            },
            {
                "name": "Iberdrola",
                "sentiment": "none"
            },
            {
                "name": "DANA",
                "sentiment": "none"
            }
        ],
        "locations": [
            {
                "name": "Cheste",
                "sentiment": "none"
            }
        ]
    },
    "syndication": {
        "syndicated": null,
        "syndicate_id": null,
        "first_syndicated": false
    },
    "rating": null,
    "crawled": "2024-11-01T13:42:32.597+02:00",
    "updated": "2024-11-01T14:47:37.534+02:00"
}