{
    "thread": {
        "uuid": "247fd2c0252095d423443ca17cd32ad1d28fb252",
        "url": "https://www.newsbreak.com/news/3656937066658-halloween-storm-turns-anchorage-streets-into-liquid-banana-peel-meteorologist-says",
        "site_full": "www.newsbreak.com",
        "site": "newsbreak.com",
        "site_section": "https://www.newsbreak.com/anchorage-ak",
        "site_categories": [
            "under_construction"
        ],
        "section_title": "Anchorage, AK Local News and More | NewsBreak",
        "title": "Halloween storm turns Anchorage streets into ‘liquid banana peel,’ meteorologist says",
        "title_full": "Halloween storm turns Anchorage streets into ‘liquid banana peel,’ meteorologist says",
        "published": "2024-11-01T02:29:00.000+02:00",
        "replies_count": 0,
        "participants_count": 1,
        "site_type": "news",
        "country": "",
        "main_image": "https://img.particlenews.com/img/id/0zOwzN_0wUoqmJh00?type=thumbnail_1600x1200",
        "performance_score": 0,
        "domain_rank": 3647,
        "domain_rank_updated": "2024-10-28T23:00:00.000+02:00",
        "social": {
            "facebook": {
                "likes": 0,
                "comments": 0,
                "shares": 0
            },
            "vk": {
                "shares": 0
            }
        }
    },
    "uuid": "247fd2c0252095d423443ca17cd32ad1d28fb252",
    "url": "https://www.newsbreak.com/news/3656937066658-halloween-storm-turns-anchorage-streets-into-liquid-banana-peel-meteorologist-says",
    "ord_in_thread": 0,
    "parent_url": null,
    "author": "Chris Klint, Alaska Public Media - Anchorage",
    "published": "2024-11-01T02:29:00.000+02:00",
    "title": "Halloween storm turns Anchorage streets into ‘liquid banana peel,’ meteorologist says",
    "text": "alaskapublic.org By Chris Klint, Alaska Public Media - Anchorage, 9 hours agoBy Chris Klint, Alaska Public Media - Anchorage, 9 hours ago Read in NewsBreak Related Search [Halloween weather](/trending/Halloween-weather) [Winter weather advisory](/trending/Winter-weather-advisory) [Traffic Safety](/trending/Traffic-Safety) [National Weather Service](/trending/National-Weather-Service) [Southcentral Alaska](/trending/Southcentral-Alaska) [Anchorage hillside](/trending/Anchorage-hillside) Comments / 1 Add a Comment Nick 7h ago View all comments YOU MAY ALSO LIKE Herbie J Pilato21 days ago Herbie J Pilato22 days ago Where are they? Podcast8 days ago The Suicide of Lea Nikki Bacharach, Daughter of Angie Dickinson & Burt Bacharach: 17 Sad Years Later Herbie J Pilato27 days ago Mississippi News Group19 days ago Fox Weather7 days ago Herbie J Pilato14 days ago woay.com8 hours ago People9 hours ago Tysonomo Multimedia14 days ago Vision Pet Care14 days ago Jacksonville Today1 day ago The HD Post29 days ago Robert Russell Shaneyfelt27 days ago Akeena14 days ago True Crime News13 hours ago The Shenandoah (PA) Sentinel10 days ago Camilo Díaz20 days ago Jacksonville Today15 days ago Tysonomo Multimedia8 days ago Alamogordo Conservative Daily8 days ago Tysonomo Multimedia1 day ago Golden Glitter20 days ago The Shenandoah (PA) Sentinel10 days ago David Heitz4 days ago Akeena8 days ago Jacksonville Today1 day ago Jacksonville Today14 days ago Jacksonville Today4 days ago Get updates delivered to you daily. Free and customizable. It’s essential to note our commitment to transparency: Our Terms of Use acknowledge that our services may not always be error-free, and our Community Standards emphasize our discretion in enforcing policies. As a platform hosting over 100,000 pieces of content published daily, we cannot pre-vet content, but we strive to foster a dynamic environment for free expression and robust discourse through safety guardrails of human and AI moderation.",
    "highlightText": "",
    "highlightTitle": "",
    "highlightThreadTitle": "",
    "language": "english",
    "sentiment": "negative",
    "categories": [
        "Weather"
    ],
    "ai_allow": true,
    "canonical": false,
    "webz_reporter": false,
    "external_links": [],
    "external_images": [],
    "entities": {
        "persons": [
            {
                "name": "Chris Klint",
                "sentiment": "negative"
            },
            {
                "name": "Lea Nikki Bacharach",
                "sentiment": "none"
            },
            {
                "name": "Angie Dickinson",
                "sentiment": "none"
            },
            {
                "name": "Robert Russell",
                "sentiment": "none"
            },
            {
                "name": "Burt Bacharach",
                "sentiment": "none"
            }
        ],
        "organizations": [
            {
                "name": "Alaska Public Media",
                "sentiment": "negative"
            }
        ],
        "locations": []
    },
    "syndication": {
        "syndicated": false,
        "syndicate_id": null,
        "first_syndicated": false
    },
    "rating": null,
    "crawled": "2024-11-01T07:03:58.739+02:00",
    "updated": "2024-11-01T07:03:58.739+02:00"
}