{
    "thread": {
        "uuid": "cf6733902c2fcad362b97263c56d42be3814eec0",
        "url": "https://newstral.com/es/article/es/1259701787/alerta-meteorol%C3%B3gica-por-tormentas-y-vientos-intensos-en-14-provincias",
        "site_full": "newstral.com",
        "site": "newstral.com",
        "site_section": "https://newstral.com/es/article",
        "site_categories": [
            "society",
            "weddings",
            "media"
        ],
        "section_title": "Ticker - Newstral.com",
        "title": "lanacion.com.ar: «Alerta meteorológica por tormentas y vientos intensos en 14 provincias» - Artículos tematicamente parecidos - Newstral.com",
        "title_full": "lanacion.com.ar: «Alerta meteorológica por tormentas y vientos intensos en 14 provincias» - Artículos tematicamente parecidos - Newstral.com",
        "published": "2024-11-01T02:00:00.000+02:00",
        "replies_count": 0,
        "participants_count": 1,
        "site_type": "news",
        "country": "DE",
        "main_image": "http://newstral.com/source-images/199120_original_1529247769.png",
        "performance_score": 0,
        "domain_rank": 96253,
        "domain_rank_updated": "2024-10-28T23:00:00.000+02:00",
        "social": {
            "facebook": {
                "likes": 0,
                "comments": 0,
                "shares": 0
            },
            "vk": {
                "shares": 0
            }
        }
    },
    "uuid": "cf6733902c2fcad362b97263c56d42be3814eec0",
    "url": "https://newstral.com/es/article/es/1259701787/alerta-meteorol%C3%B3gica-por-tormentas-y-vientos-intensos-en-14-provincias",
    "ord_in_thread": 0,
    "parent_url": null,
    "author": "Newstral.com",
    "published": "2024-11-01T02:00:00.000+02:00",
    "title": "lanacion.com.ar: «Alerta meteorológica por tormentas y vientos intensos en 14 provincias» - Artículos tematicamente parecidos - Newstral.com",
    "text": "Newstral Artículo [lanacion.com.ar](/es/sources/199120) el 2024-11-01 11:41 Alerta meteorológica por tormentas y vientos intensos en 14 provincias Noticias relacionadas [Alerta meteorológica en 16 provincias por tormentas, vientos intensos y nevadas](https://www.lanacion.com.ar/sociedad/alerta-meteorologica-en-16-provincias-por-tormentas-vientos-intensos-y-nevadas-nid07052024/)[lanacion.com.ar](/es/sources/199120)[Alerta meteorológica en siete provincias por tormentas y vientos intensos](https://www.lanacion.com.ar/sociedad/alerta-meteorologica-en-siete-provincias-por-tormentas-y-vientos-intensos-nid24092024/)[lanacion.com.ar](/es/sources/199120),,,,[Alerta meteorológica por tormentas y vientos intensos en nueve provincias](https://www.lanacion.com.ar/sociedad/alerta-meteorologica-por-tormentas-y-vientos-intensos-en-nueve-provincias-nid22082024/)[lanacion.com.ar](/es/sources/199120),,,[Lluvias, tormentas y ráfagas: alerta meteorológica por posibles “fenómenos intensos” en 11 provincias](https://www.lanacion.com.ar/sociedad/lluvias-tormentas-y-rafagas-alerta-meteorologica-por-posibles-fenomenos-intensos-en-11-provincias-nid09102024/)[lanacion.com.ar](/es/sources/199120)[Rige una alerta meteorológica en 12 provincias por tormentas y vientos intensos](https://www.lanacion.com.ar/clima/rige-una-alerta-meteorologica-en-12-provincias-por-tormentas-y-vientos-intensos-nid28122023/)[lanacion.com.ar](/es/sources/199120),,,,[Ciclogénesis: alerta meteorológica por tormentas y vientos intensos en nueve provincias](https://www.lanacion.com.ar/sociedad/ciclogenesis-alerta-meteorologica-por-tormentas-y-vientos-intensos-en-nueve-provincias-nid24102024/)[lanacion.com.ar](/es/sources/199120)[Vientos, ráfagas y tormentas: alerta meteorológica en nueve provincias por “fenómenos intensos”](https://www.lanacion.com.ar/sociedad/vientos-rafagas-y-tormentas-alerta-meteorologica-en-nueve-provincias-por-fenomenos-intensos-nid18092024/)[lanacion.com.ar](/es/sources/199120),,,[Llegó la primavera: hay alerta meteorológica por tormentas, vientos intensos y nevadas en 13 provincias](https://www.lanacion.com.ar/sociedad/llego-la-primavera-hay-alerta-meteorologica-por-tormentas-vientos-intensos-y-nevadas-en-13-nid21092024/)[lanacion.com.ar](/es/sources/199120)[Alerta meteorológica para la Ciudad y 16 provincias por lluvias, tormentas y vientos](https://www.lanacion.com.ar/clima/alerta-meteorologica-para-la-ciudad-y-16-provincias-por-lluvias-tormentas-y-vientos-nid08032024/)[lanacion.com.ar](/es/sources/199120),,,,[Alerta meteorológica: después del \"veranito\", nevadas, tormentas y vientos fuertes para 10 provincias](https://www.lagaceta.com.ar/nota/1038384/sociedad/alerta-meteorologica-despues-veranito-nevadas-tormentas-vientos-fuertes-para-10-provincias.html)[lagaceta.com.ar](/es/sources/202836),,,,[Alerta meteorológica por tormentas intensas, vientos fuertes y nevadas en 12 provincias](https://www.lanacion.com.ar/sociedad/alerta-meteorologica-por-tormentas-intensas-vientos-fuertes-y-nevadas-en-12-provincias-nid30042024/)[lanacion.com.ar](/es/sources/199120)[Alerta meteorológica por lluvias y vientos intensos en 14 provincias](https://www.lanacion.com.ar/sociedad/alerta-meteorologica-por-lluvias-y-vientos-intensos-en-14-provincias-nid25102024/)[lanacion.com.ar](/es/sources/199120)[Alerta meteorológica: pronostican tormentas y fuertes vientos en tres provincias](https://www.lagaceta.com.ar/nota/1024628/sociedad/alerta-meteorologica-pronostican-tormentas-fuertes-vientos-tres-provincias.html)[lagaceta.com.ar](/es/sources/202836)[Alerta meteorológica por tormentas, vientos y ráfagas en 16 provincias](https://www.lanacion.com.ar/sociedad/alerta-meteorologica-por-tormentas-vientos-y-rafagas-en-16-provincias-nid25092024/)[lanacion.com.ar](/es/sources/199120)[Alerta meteorológica por tormentas y fuertes lluvias en cinco provincias](https://www.lanacion.com.ar/sociedad/alerta-meteorologica-por-tormentas-y-fuertes-lluvias-en-cinco-provincias-nid26072022/)[lanacion.com.ar](/es/sources/199120),,,,[Alerta amarilla meteorológica en 11 provincias por tormentas intensas](https://www.lanacion.com.ar/clima/alerta-amarilla-meteorologica-en-11-provincias-por-tormentas-intensas-nid02012024/)[lanacion.com.ar](/es/sources/199120),,,,[Nueve provincias bajo alerta por tormentas y vientos fuertes](https://lacalle.com.ar/nueve-provincias-bajo-alerta-por-tormentas-y-vientos-fuertes/)[lacalle.com.ar](/es/sources/220899),,,,[Continúa la alerta meteorológica en varias provincias por tormentas y calor extremo](https://www.lagaceta.com.ar/nota/1021834/sociedad/continua-alerta-meteorologica-varias-provincias-tormentas-calor-extremo.html)[lagaceta.com.ar](/es/sources/202836),,,,[Alerta meteorológica: varias provincias afectadas por tormentas intensas y fuertes vientos](https://www.lagaceta.com.ar/nota/1016400/sociedad/alerta-meteorologica-varias-provincias-afectadas-tormentas-intensas-fuertes-vientos.html)[lagaceta.com.ar](/es/sources/202836)[Alerta meteorológica por tormentas y fuertes vientos para seis provincias de Argentina](https://www.lagaceta.com.ar/nota/1020563/sociedad/alerta-meteorologica-tormentas-fuertes-vientos-para-seis-provincias-argentina.html)[lagaceta.com.ar](/es/sources/202836)",
    "highlightText": "",
    "highlightTitle": "",
    "highlightThreadTitle": "",
    "language": "spanish",
    "sentiment": "negative",
    "categories": [
        "Weather",
        "Disaster and Accident",
        "Social Issue"
    ],
    "ai_allow": true,
    "canonical": false,
    "webz_reporter": false,
    "external_links": [
        "https://www.lagaceta.com.ar/nota/1016400/sociedad/alerta-meteorologica-varias-provincias-afectadas-tormentas-intensas-fuertes-vientos.html)",
        "https://www.lanacion.com.ar/sociedad/alerta-meteorologica-por-tormentas-y-fuertes-lluvias-en-cinco-provincias-nid26072022/)",
        "https://www.lanacion.com.ar/sociedad/ciclogenesis-alerta-meteorologica-por-tormentas-y-vientos-intensos-en-nueve-provincias-nid24102024/)",
        "https://www.lanacion.com.ar/clima/rige-una-alerta-meteorologica-en-12-provincias-por-tormentas-y-vientos-intensos-nid28122023/)",
        "https://www.lagaceta.com.ar/nota/1024628/sociedad/alerta-meteorologica-pronostican-tormentas-fuertes-vientos-tres-provincias.html)",
        "https://www.lanacion.com.ar/sociedad/alerta-meteorologica-por-tormentas-y-vientos-intensos-en-nueve-provincias-nid22082024/)",
        "https://www.lanacion.com.ar/clima/alerta-meteorologica-para-la-ciudad-y-16-provincias-por-lluvias-tormentas-y-vientos-nid08032024/)",
        "https://www.lanacion.com.ar/sociedad/llego-la-primavera-hay-alerta-meteorologica-por-tormentas-vientos-intensos-y-nevadas-en-13-nid21092024/)",
        "https://www.lagaceta.com.ar/nota/1038384/sociedad/alerta-meteorologica-despues-veranito-nevadas-tormentas-vientos-fuertes-para-10-provincias.html)",
        "https://www.lanacion.com.ar/sociedad/alerta-meteorologica-por-tormentas-vientos-y-rafagas-en-16-provincias-nid25092024/)",
        "https://www.lanacion.com.ar/sociedad/alerta-meteorologica-en-16-provincias-por-tormentas-vientos-intensos-y-nevadas-nid07052024/)",
        "https://www.lanacion.com.ar/sociedad/alerta-meteorologica-por-lluvias-y-vientos-intensos-en-14-provincias-nid25102024/)",
        "https://www.lanacion.com.ar/sociedad/alerta-meteorologica-en-siete-provincias-por-tormentas-y-vientos-intensos-nid24092024/)",
        "https://www.lagaceta.com.ar/nota/1020563/sociedad/alerta-meteorologica-tormentas-fuertes-vientos-para-seis-provincias-argentina.html)",
        "https://lacalle.com.ar/nueve-provincias-bajo-alerta-por-tormentas-y-vientos-fuertes/)",
        "https://www.lanacion.com.ar/clima/alerta-amarilla-meteorologica-en-11-provincias-por-tormentas-intensas-nid02012024/)",
        "https://www.lanacion.com.ar/sociedad/vientos-rafagas-y-tormentas-alerta-meteorologica-en-nueve-provincias-por-fenomenos-intensos-nid18092024/)",
        "https://www.lagaceta.com.ar/nota/1021834/sociedad/continua-alerta-meteorologica-varias-provincias-tormentas-calor-extremo.html)",
        "https://www.lanacion.com.ar/sociedad/alerta-meteorologica-por-tormentas-intensas-vientos-fuertes-y-nevadas-en-12-provincias-nid30042024/)",
        "https://www.lanacion.com.ar/sociedad/lluvias-tormentas-y-rafagas-alerta-meteorologica-por-posibles-fenomenos-intensos-en-11-provincias-nid09102024/)",
        "https://lanacion.com.ar/clima/rige-una-alerta-meteorologica-en-12-provincias-por-tormentas-y-vientos-intensos-nid28122023/)",
        "https://lanacion.com.ar/sociedad/vientos-rafagas-y-tormentas-alerta-meteorologica-en-nueve-provincias-por-fenomenos-intensos-nid18092024/)",
        "https://lagaceta.com.ar/nota/1024628/sociedad/alerta-meteorologica-pronostican-tormentas-fuertes-vientos-tres-provincias.html)",
        "https://lanacion.com.ar/sociedad/alerta-meteorologica-por-tormentas-y-vientos-intensos-en-nueve-provincias-nid22082024/)",
        "https://lanacion.com.ar/sociedad/ciclogenesis-alerta-meteorologica-por-tormentas-y-vientos-intensos-en-nueve-provincias-nid24102024/)",
        "https://lanacion.com.ar/sociedad/alerta-meteorologica-por-lluvias-y-vientos-intensos-en-14-provincias-nid25102024/)",
        "https://lanacion.com.ar/sociedad/alerta-meteorologica-en-16-provincias-por-tormentas-vientos-intensos-y-nevadas-nid07052024/)",
        "https://lanacion.com.ar/clima/alerta-meteorologica-para-la-ciudad-y-16-provincias-por-lluvias-tormentas-y-vientos-nid08032024/)",
        "https://lanacion.com.ar/sociedad/lluvias-tormentas-y-rafagas-alerta-meteorologica-por-posibles-fenomenos-intensos-en-11-provincias-nid09102024/)",
        "https://lagaceta.com.ar/nota/1016400/sociedad/alerta-meteorologica-varias-provincias-afectadas-tormentas-intensas-fuertes-vientos.html)",
        "https://lagaceta.com.ar/nota/1020563/sociedad/alerta-meteorologica-tormentas-fuertes-vientos-para-seis-provincias-argentina.html)",
        "https://lagaceta.com.ar/nota/1021834/sociedad/continua-alerta-meteorologica-varias-provincias-tormentas-calor-extremo.html)",
        "https://lanacion.com.ar/sociedad/alerta-meteorologica-por-tormentas-y-fuertes-lluvias-en-cinco-provincias-nid26072022/)",
        "https://lanacion.com.ar/sociedad/alerta-meteorologica-por-tormentas-vientos-y-rafagas-en-16-provincias-nid25092024/)",
        "https://www.lacalle.com.ar/nueve-provincias-bajo-alerta-por-tormentas-y-vientos-fuertes/)",
        "https://lanacion.com.ar/sociedad/alerta-meteorologica-en-siete-provincias-por-tormentas-y-vientos-intensos-nid24092024/)",
        "https://lanacion.com.ar/clima/alerta-amarilla-meteorologica-en-11-provincias-por-tormentas-intensas-nid02012024/)",
        "https://lanacion.com.ar/sociedad/llego-la-primavera-hay-alerta-meteorologica-por-tormentas-vientos-intensos-y-nevadas-en-13-nid21092024/)",
        "https://lagaceta.com.ar/nota/1038384/sociedad/alerta-meteorologica-despues-veranito-nevadas-tormentas-vientos-fuertes-para-10-provincias.html)",
        "https://lanacion.com.ar/sociedad/alerta-meteorologica-por-tormentas-intensas-vientos-fuertes-y-nevadas-en-12-provincias-nid30042024/)"
    ],
    "external_images": [],
    "entities": {
        "persons": [],
        "organizations": [],
        "locations": []
    },
    "syndication": {
        "syndicated": null,
        "syndicate_id": null,
        "first_syndicated": false
    },
    "rating": null,
    "crawled": "2024-11-01T12:59:33.631+02:00",
    "updated": "2024-11-01T12:59:33.631+02:00"
}