{
    "thread": {
        "uuid": "f97f7c5fe6e9dae2d60317ad785fc005c0089a15",
        "url": "https://www.diariodemallorca.es/sociedad/2024/11/01/dana-roza-ibiza-aemet-sube-naranja-111110070.html",
        "site_full": "www.diariodemallorca.es",
        "site": "diariodemallorca.es",
        "site_section": "https://www.diariodemallorca.es/fotos/sucesos",
        "site_categories": [
            "media"
        ],
        "section_title": "Imágenes de Sucesos Fotos - Diario de Mallorca",
        "title": "La DANA roza Ibiza y la Aemet sube la alerta a naranja",
        "title_full": "La DANA roza Ibiza y la Aemet sube la alerta a naranja",
        "published": "2024-11-01T12:28:00.000+02:00",
        "replies_count": 0,
        "participants_count": 1,
        "site_type": "news",
        "country": "ES",
        "main_image": "https://estaticos-cdn.prensaiberica.es/clip/1f627941-c9a3-4f70-b652-3201887cf19d_16-9-discover-aspect-ratio_default_0.jpg",
        "performance_score": 0,
        "domain_rank": 19897,
        "domain_rank_updated": "2024-10-28T23:00:00.000+02:00",
        "social": {
            "facebook": {
                "likes": 0,
                "comments": 0,
                "shares": 0
            },
            "vk": {
                "shares": 0
            }
        }
    },
    "uuid": "f97f7c5fe6e9dae2d60317ad785fc005c0089a15",
    "url": "https://www.diariodemallorca.es/sociedad/2024/11/01/dana-roza-ibiza-aemet-sube-naranja-111110070.html",
    "ord_in_thread": 0,
    "parent_url": null,
    "author": "Fernando de Lama",
    "published": "2024-11-01T12:28:00.000+02:00",
    "title": "La DANA roza Ibiza y la Aemet sube la alerta a naranja",
    "text": "La DANA que ha golpeado en los últimos días todo el litoral mediterráneo español sigue activa y en las últimas horas se ha situado en el mar al norte de la isla. Aemet ha elevado la alerta amarilla a naranja porque se prevén episodios de alrededor de 50 litros por metro cuadrado en una hora. El riesgo naranja permanecerá activo hasta las 20 horas de este viernes día festivo de Tots Sants. Las lluvias han descargado con fuerza en algunos puntos de la isla desde primera hora de la mañana, ya que la tormenta ha barrido buena parte de la isla. Sobre todo en la zona norte, con chubascos potentes en la zona de Sant Vicent, Sant Joan y entre Santa Agnès y Sant Mateu. Pero también se han producido lluvias intensas en otros puntos, como el Pla de Sant Antoni, en Santa Eulària hacia el interior e incluso en puntos aislados de Sant Josep y en la ciudad de Eivissa, donde se han producido algunas inundaciones. También en las últimas horas se han producido tormentas en Formentera. Se recomienda no estar en zonas inundables ni utilizar las carreteras, ya que es un fenómeno impredecible que puede descargar tormentas y provocar inundaciones en pocos minutos. Desde las 9 de la mañana también han descargado decenas de rayos en diferentes puntos de la isla. Aunque el grueso de la DANA sigue afectando desde anoche principalmente a la zona de Castellón y el Sur de Tarragona, se ha ido desplazando hacia el Mediterráneo y un frente está situado durante toda la madrugada y la mañana entre Ibiza y Mallorca. Ante la emergencia meteorológica para este día de Tots Sants, el Govern balear ha reclamado “máxima prudencia” a los ciudadanos “las próximas horas y días” por la alerta naranja decretada. Se recomienda que se tomen precauciones y mantenerse informado de la predicción meteorológica más actualizada. Las actividades habituales y al aire libre pueden verse alteradas. El Servicio de Emergencias 112 ha activado el Índice de Gravedad 1 (IG1) del Plan Meteobal por lluvias y tormentas en Ibiza, Formentera, Mallorca y Menorca.",
    "highlightText": "",
    "highlightTitle": "",
    "highlightThreadTitle": "",
    "language": "spanish",
    "sentiment": "negative",
    "categories": [
        "Weather",
        "Social Issue"
    ],
    "ai_allow": true,
    "canonical": false,
    "webz_reporter": false,
    "external_links": [
        "https://api.whatsapp.com/send?text=La%20DANA%20roza%20Ibiza%20y%20la%20Aemet%20sube%20la%20alerta%20a%20naranja%20https://www.diariodemallorca.es/sociedad/2024/11/01/dana-roza-ibiza-aemet-sube-naranja-111110070.html%3Futm_source%3Dwhatsapp%26utm_medium%3Dsocial%26utm_campaign%3Dbtn-share)",
        "https://www.facebook.com/sharer/sharer.php?u=https://www.diariodemallorca.es/sociedad/2024/11/01/dana-roza-ibiza-aemet-sube-naranja-111110070.html%3Futm_source%3Dfacebook%26utm_medium%3Dsocial%26utm_campaign%3Dbtn-share)",
        "https://twitter.com/intent/tweet?original_referer=https://www.diariodemallorca.es/sociedad/2024/11/01/dana-roza-ibiza-aemet-sube-naranja-111110070.html&text=La%20DANA%20roza%20Ibiza%20y%20la%20Aemet%20sube%20la%20alerta%20a%20naranja%20%20https://www.diariodemallorca.es/sociedad/2024/11/01/dana-roza-ibiza-aemet-sube-naranja-111110070.html%3Futm_source%3Dtwitter%26utm_medium%3Dsocial%26utm_campaign%3Dbtn-share%20a%20trav%C3%A9s%20de%20%40diariomallorca)",
        "https://twitter.com/intent/tweet?original_referer=https://diariodemallorca.es/sociedad/2024/11/01/dana-roza-ibiza-aemet-sube-naranja-111110070.html&text=La%20DANA%20roza%20Ibiza%20y%20la%20Aemet%20sube%20la%20alerta%20a%20naranja%20%20https://diariodemallorca.es/sociedad/2024/11/01/dana-roza-ibiza-aemet-sube-naranja-111110070.html%3Futm_source%3Dtwitter%26utm_medium%3Dsocial%26utm_campaign%3Dbtn-share%20a%20trav%C3%A9s%20de%20%40diariomallorca)",
        "https://www.facebook.com/sharer/sharer.php",
        "https://facebook.com/sharer/sharer.php?u=https://diariodemallorca.es/sociedad/2024/11/01/dana-roza-ibiza-aemet-sube-naranja-111110070.html%3Futm_source%3Dfacebook%26utm_medium%3Dsocial%26utm_campaign%3Dbtn-share)",
        "https://api.whatsapp.com/send?text=La%20DANA%20roza%20Ibiza%20y%20la%20Aemet%20sube%20la%20alerta%20a%20naranja%20https://diariodemallorca.es/sociedad/2024/11/01/dana-roza-ibiza-aemet-sube-naranja-111110070.html%3Futm_source%3Dwhatsapp%26utm_medium%3Dsocial%26utm_campaign%3Dbtn-share)",
        "https://api.whatsapp.com/send",
        "https://twitter.com/intent/tweet"
    ],
    "external_images": [],
    "entities": {
        "persons": [],
        "organizations": [],
        "locations": []
    },
    "syndication": {
        "syndicated": null,
        "syndicate_id": null,
        "first_syndicated": false
    },
    "rating": null,
    "crawled": "2024-11-01T13:32:33.551+02:00",
    "updated": "2024-11-01T14:04:44.277+02:00"
}