{
    "thread": {
        "uuid": "fc5a936681c53863b09b0c642a2698642ceefb71",
        "url": "https://www.elperiodicomediterraneo.com/sociedad/2024/11/01/dana-roza-ibiza-aemet-sube-naranja-111110100.html",
        "site_full": "www.elperiodicomediterraneo.com",
        "site": "elperiodicomediterraneo.com",
        "site_section": "https://elperiodicomediterraneo.com/fotos",
        "site_categories": [
            "media",
            "education",
            "business",
            "top_news_es"
        ],
        "section_title": "Imágenes de las últimas noticias de actualidad - El Periódico Mediterráneo",
        "title": "La DANA roza Ibiza y la Aemet sube la alerta a naranja",
        "title_full": "La DANA roza Ibiza y la Aemet sube la alerta a naranja",
        "published": "2024-11-01T13:28:00.000+02:00",
        "replies_count": 0,
        "participants_count": 1,
        "site_type": "news",
        "country": "ES",
        "main_image": "https://estaticos-cdn.prensaiberica.es/clip/1f627941-c9a3-4f70-b652-3201887cf19d_16-9-discover-aspect-ratio_default_0.jpg",
        "performance_score": 0,
        "domain_rank": 42092,
        "domain_rank_updated": "2024-10-28T23:00:00.000+02:00",
        "social": {
            "facebook": {
                "likes": 0,
                "comments": 0,
                "shares": 0
            },
            "vk": {
                "shares": 0
            }
        }
    },
    "uuid": "fc5a936681c53863b09b0c642a2698642ceefb71",
    "url": "https://www.elperiodicomediterraneo.com/sociedad/2024/11/01/dana-roza-ibiza-aemet-sube-naranja-111110100.html",
    "ord_in_thread": 0,
    "parent_url": null,
    "author": "Fernando de Lama",
    "published": "2024-11-01T13:28:00.000+02:00",
    "title": "La DANA roza Ibiza y la Aemet sube la alerta a naranja",
    "text": "Temporal La DANA roza Ibiza y la Aemet sube la alerta a naranja Fuertes lluvias en algunos puntos de la isla desde primera hora de la mañana La Aermet prevé precipitaciones acumuladas de hasta 50 litros en una hora Fernando de Lama La [DANA que ha golpeado en los últimos días todo el litoral mediterráneo](/sociedad/2024/10/30/alerta-dana-temporal-levante-valencia-alicante-murcia-malaga-castellon-110879946.html) español sigue activa y en las últimas horas se ha situado en el mar al norte de la isla. Aemet ha elevado la alerta amarilla a naranja porque se prevén episodios de alrededor de 50 litros por metro cuadrado en una hora. El riesgo naranja permanecerá activo hasta las 20 horas de este viernes día festivo de Tots Sants. Las lluvias han descargado con fuerza en algunos puntos de la isla desde primera hora de la mañana, ya que la tormenta ha barrido buena parte de la isla. Sobre todo en la zona norte, con chubascos potentes en la zona de Sant Vicent, Sant Joan y entre Santa Agnès y Sant Mateu. Pero también se han producido lluvias intensas en otros puntos, como el Pla de Sant Antoni, en Santa Eulària hacia el interior e incluso en puntos aislados de Sant Josep y en la ciudad de Eivissa, donde se han producido algunas inundaciones. También en las últimas horas se han producido tormentas en Formentera. No circular por las carreteras Se recomienda no estar en zonas inundables ni utilizar las carreteras, ya que es un fenómeno impredecible que puede descargar tormentas y provocar inundaciones en pocos minutos. Desde las 9 de la mañana también han descargado decenas de rayos en diferentes puntos de la isla. Aunque el grueso de la [DANA](/tags/dana/) sigue afectando desde anoche principalmente a la zona de Castellón y el Sur de Tarragona, se ha ido desplazando hacia el Mediterráneo y un frente está situado durante toda la madrugada y la mañana entre Ibiza y Mallorca. El Govern pide \"máxima prudencia\" Ante la emergencia meteorológica para este día de Tots Sants, el Govern balear ha reclamado “máxima prudencia” a los ciudadanos “las próximas horas y días” por la alerta naranja decretada. Se recomienda que se tomen precauciones y mantenerse informado de la predicción meteorológica más actualizada. Las actividades habituales y al aire libre pueden verse alteradas. El Servicio de Emergencias 112 ha activado el Índice de Gravedad 1 (IG1) del Plan Meteobal por lluvias y tormentas en Ibiza, Formentera, Mallorca y Menorca. Recomendaciones para la alerta naranja - Planificar las visitas a los cementerios en función de las condiciones meteorológicas y extremar las precauciones, prestando especial atención a las personas más vulnerables. - En el hogar, asegurar puertas y ventanas y quedarse en las zonas altas de la casa. Se aconseja también retirar del exterior todo lo que pueda ser arrastrado por el agua y trasladar medicamentos, documentos y elementos de valor, así como comida y agua potable a los lugares altos de la casa. - Se recomienda evitar los sótanos o zonas bajas, como garajes, y desconectar el interruptor general de electricidad en el caso de que el agua ya haya entrado en la casa. - En el exterior, aconsejan alejarse de torrentes y zonas inundables y, en zona urbana, buscar refugio en un edificio. No se aconseja caminar por zonas con agua en movimiento, ya que, cuanto más rápido corre el agua, más peligro hay. - Hay que evitar los desplazamientos en coche y, si es necesario circular, se debe moderar la velocidad y aumentar la distancia de seguridad. Se tiene que hacer por autopistas, autovías y carreteras principales. En caso de baja visibilidad, se debe detener el vehículo y señalizar su posición. - No se debe entrar en zonas inundables, aunque parezca que hay poca agua, ya que, con poca altura de agua, los coches flotan y son arrastrados fácilmente. Si el coche comienza a flotar y es arrastrado, hay que salir del vehículo de forma inmediata y, si no se puede por la puerta, se debe hacer por la ventana. En estos casos es recomendable abandonar el vehículo y dirigirse a zonas más altas en caso de que el coche quede inmovilizado por el agua o que el nivel de agua ya llegue al eje. - Aconsejan también llevar el móvil cargado y suficiente combustible en el vehículo y no aparcar en puentes, aceras o desembocaduras. En caso de emergencia, hay que llamar al 112. [RRSS WhatsApp](https://api.whatsapp.com/send?text=La%20DANA%20roza%20Ibiza%20y%20la%20Aemet%20sube%20la%20alerta%20a%20naranja%20https://www.elperiodicomediterraneo.com/sociedad/2024/11/01/dana-roza-ibiza-aemet-sube-naranja- 0100.html%3Futm_source%3Dwhatsapp%26utm_medium%3Dsocial%26utm_campaign%3Dbtn-share) [RRSS Facebook](https://www.facebook.com/sharer/sharer.php?u=https://www.elperiodicomediterraneo.com/sociedad/2024/11/01/dana-roza-ibiza-aemet-sube-naranja- 0100.html%3Futm_source%3Dfacebook%26utm_medium%3Dsocial%26utm_campaign%3Dbtn-share) [RRSS Twitter](https://twitter.com/intent/tweet?original_referer=https://www.elperiodicomediterraneo.com/sociedad/2024/11/01/dana-roza-ibiza-aemet-sube-naranja- 0100.html&text=La%20DANA%20roza%20Ibiza%20y%20la%20Aemet%20sube%20la%20alerta%20a%20naranja%20%20https://www.elperiodicomediterraneo.com/sociedad/2024/11/01/dana-roza-ibiza-aemet-sube-naranja- 0100.html%3Futm_source%3Dtwitter%26utm_medium%3Dsocial%26utm_campaign%3Dbtn-share%20a%20trav%C3%A9s%20de%20%40epmediterraneo) [RRSS email](mailto:?subject=La%20DANA%20roza%20Ibiza%20y%20la%20Aemet%20sube%20la%20alerta%20a%20naranja%20&body=https://www.elperiodicomediterraneo.com/sociedad/2024/11/01/dana-roza-ibiza-aemet-sube-naranja- 0100.html%3Futm_source%3Dmail%26utm_medium%3Dsocial%26utm_campaign%3Dbtn-share) [Copiar URL](javascript: void(0)) Noticia guardada en tu perfil [Las calles de este pueblo de Castellón se convierten en ríos por la DANA](https://www.elperiodicomediterraneo.com/comarcas/2024/10/31/calles-pueblo-castellon-rios-video-tirig-dana-110986809.html)[DANA en Castellón: la lluvia descarga con fuerza superando los 150 litros por metro cuadrado](https://www.elperiodicomediterraneo.com/castello-provincia/2024/10/28/dana-castellon-gota-fria-lluvia-tormenta-granizo-tiempo-aemet-110691203.html)[Diputación de Castellón advierte de que la situación de emergencia en la presa de Vallat-Cirat «no ha cambiado»](https://www.elperiodicomediterraneo.com/castello-provincia/2024/10/30/diputacion-castellon-confirma-situacion-emergencia-cirat-vallat-110891240.html)[DANA en Castellón: ¿Cómo se espera la jornada del jueves en la provincia?](https://www.elperiodicomediterraneo.com/castello-provincia/2024/10/30/dana-castellon-espera-jornada-jueves-110939842.html)[Atención conductores: Estas son las carreteras que están cortadas hoy en Castellón por la DANA](https://www.elperiodicomediterraneo.com/castello-provincia/2024/10/31/atencion-conductores-son-carreteras-cortadas-111018404.html)[Alerta roja en Castellón: Aviso especial por la crecida de ríos y barrancos del norte de la provincia](https://www.elperiodicomediterraneo.com/castello-provincia/2024/10/31/castellon-alerta-roja-aviso-especial-crecida-rios-barrancos-111009442.html)[La DANA en España, en directo | Al menos 95 muertos y múltiples desaparecidos por las inundaciones](https://www.elperiodicomediterraneo.com/sociedad/2024/10/30/alerta-dana-temporal-levante-valencia-alicante-murcia-malaga-castellon-110879946.html)[ACTUALIZACIÓN: Estas son las carreteras que están cortadas hoy en Castellón a causa de la DANA](https://www.elperiodicomediterraneo.com/castello-provincia/2024/10/30/carreteras-cortadas-hoy-castellon-dana-lluvias-110914533.html)",
    "highlightText": "",
    "highlightTitle": "",
    "highlightThreadTitle": "",
    "language": "spanish",
    "sentiment": "negative",
    "categories": [
        "Weather",
        "Disaster and Accident",
        "Social Issue"
    ],
    "ai_allow": true,
    "canonical": false,
    "webz_reporter": false,
    "external_links": [
        "https://www.facebook.com/sharer/sharer.php?u=https://www.elperiodicomediterraneo.com/sociedad/2024/11/01/dana-roza-ibiza-aemet-sube-naranja-111110100.html%3Futm_source%3Dfacebook%26utm_medium%3Dsocial%26utm_campaign%3Dbtn-share)",
        "https://api.whatsapp.com/send?text=La%20DANA%20roza%20Ibiza%20y%20la%20Aemet%20sube%20la%20alerta%20a%20naranja%20https://www.elperiodicomediterraneo.com/sociedad/2024/11/01/dana-roza-ibiza-aemet-sube-naranja-111110100.html%3Futm_source%3Dwhatsapp%26utm_medium%3Dsocial%26utm_campaign%3Dbtn-share)",
        "https://twitter.com/intent/tweet?original_referer=https://www.elperiodicomediterraneo.com/sociedad/2024/11/01/dana-roza-ibiza-aemet-sube-naranja-111110100.html&text=La%20DANA%20roza%20Ibiza%20y%20la%20Aemet%20sube%20la%20alerta%20a%20naranja%20%20https://www.elperiodicomediterraneo.com/sociedad/2024/11/01/dana-roza-ibiza-aemet-sube-naranja-111110100.html%3Futm_source%3Dtwitter%26utm_medium%3Dsocial%26utm_campaign%3Dbtn-share%20a%20trav%C3%A9s%20de%20%40epmediterraneo)",
        "https://twitter.com/intent/tweet?original_referer=https://elperiodicomediterraneo.com/sociedad/2024/11/01/dana-roza-ibiza-aemet-sube-naranja-111110100.html&text=La%20DANA%20roza%20Ibiza%20y%20la%20Aemet%20sube%20la%20alerta%20a%20naranja%20%20https://elperiodicomediterraneo.com/sociedad/2024/11/01/dana-roza-ibiza-aemet-sube-naranja-111110100.html%3Futm_source%3Dtwitter%26utm_medium%3Dsocial%26utm_campaign%3Dbtn-share%20a%20trav%C3%A9s%20de%20%40epmediterraneo)",
        "https://facebook.com/sharer/sharer.php?u=https://elperiodicomediterraneo.com/sociedad/2024/11/01/dana-roza-ibiza-aemet-sube-naranja-111110100.html%3Futm_source%3Dfacebook%26utm_medium%3Dsocial%26utm_campaign%3Dbtn-share)",
        "https://api.whatsapp.com/send?text=La%20DANA%20roza%20Ibiza%20y%20la%20Aemet%20sube%20la%20alerta%20a%20naranja%20https://elperiodicomediterraneo.com/sociedad/2024/11/01/dana-roza-ibiza-aemet-sube-naranja-111110100.html%3Futm_source%3Dwhatsapp%26utm_medium%3Dsocial%26utm_campaign%3Dbtn-share)",
        "https://www.facebook.com/sharer/sharer.php",
        "https://api.whatsapp.com/send",
        "https://twitter.com/intent/tweet"
    ],
    "external_images": [],
    "entities": {
        "persons": [],
        "organizations": [
            {
                "name": "Santa Agnès",
                "sentiment": "none"
            }
        ],
        "locations": [
            {
                "name": "Vicent",
                "sentiment": "none"
            }
        ]
    },
    "syndication": {
        "syndicated": null,
        "syndicate_id": null,
        "first_syndicated": false
    },
    "rating": null,
    "crawled": "2024-11-01T13:40:54.392+02:00",
    "updated": "2024-11-01T13:40:54.392+02:00"
}