{
    "thread": {
        "uuid": "6d070ec0cda451b58905caf6a8a8a2ebc10005b2",
        "url": "https://news.abplive.com/news/india/delhi-mumbai-aqi-imd-forecast-november-first-week-winter-chill-set-in-this-week-india-meteorological-department-1728366",
        "site_full": "news.abplive.com",
        "site": "abplive.com",
        "site_section": "https://abplive.in/elections/lok-sabha-election/tamil-nadu-thanjavur-constituency-tn30",
        "site_categories": [
            "media"
        ],
        "section_title": "Thanjavur Election Result 2024 Live,  Thanjavur Elections Vote Counting, Tamil-nadu Results 2024 | ABPLive",
        "title": "Delhi Mumbai AQI IMD Forecast November first week Winter Chill Set In This Week India Meteorological Department",
        "title_full": "Delhi Mumbai AQI IMD Forecast November first week Winter Chill Set In This Week India Meteorological Department",
        "published": "2024-11-01T06:03:00.000+02:00",
        "replies_count": 0,
        "participants_count": 1,
        "site_type": "news",
        "country": "IN",
        "main_image": "https://feeds.abplive.com/onecms/images/uploaded-images/2024/10/31/7df60625d1df5638fafa6de48350a0bb1730394850709304_original.jpg?impolicy=abp_cdn&imwidth=1200",
        "performance_score": 0,
        "domain_rank": 10004,
        "domain_rank_updated": "2024-10-28T23:00:00.000+02:00",
        "social": {
            "facebook": {
                "likes": 0,
                "comments": 0,
                "shares": 0
            },
            "vk": {
                "shares": 0
            }
        }
    },
    "uuid": "6d070ec0cda451b58905caf6a8a8a2ebc10005b2",
    "url": "https://news.abplive.com/news/india/delhi-mumbai-aqi-imd-forecast-november-first-week-winter-chill-set-in-this-week-india-meteorological-department-1728366",
    "ord_in_thread": 0,
    "parent_url": null,
    "author": "ABP Live",
    "published": "2024-11-01T06:03:00.000+02:00",
    "title": "Delhi Mumbai AQI IMD Forecast November first week Winter Chill Set In This Week India Meteorological Department",
    "text": "Delhi recorded its most polluted Diwali in three years (Image: PTI) Source : PTI With the advent of November, the residents may finally experience the winter chills, with the minimum temperature dropping to as low as 16 degrees Celsius, according to the forecast issued by the India Meteorological Department's regional centre. As per the predictions, the national capital is likely to see mainly clear sky over the week, with mist in the morning.\nA thick layer of haze blanketed Delhi on Friday morning, with the national capital's AQI plunging to 362 as people defied a citywide ban on firecrackers during Diwali celebrations. The national capital's minimum temperature was recorded 2.3 notches above normal at 18.4 degrees Celsius. Delhi also recorded its most polluted Diwali in three years. On Diwali on Thursday, the city's 24-hour average Air Quality Index (AQI) was recorded at 330, compared to 218 in 2023 and 312 in 2022, according to Central Pollution Control Board (CPCB) data.\nMeanwhile, the country's financial capital Mumbai is likely to see light rain and thundershower towards the evening on Friday, but the sky is expected to remain clear on Saturday, with some haze in the morning, the Regional Met Centre Mumbai said in its forecast. Mumbai, which has been sweltering under hot and humid conditions, recorded a maximum temperature of 36.7 degrees Celsius on Thursday — making it the state’s hottest city.\nDelhi's Forecast For 1st Week Of November Date Min Temp Max Temp Forecast Warnings November 1 18.0 33.0 Mainly Clear sky No warning November 2 19.0 34.0 Mist in the morning Mainly Clear sky No warning November 3 18.0 33.0 Mist in the morning Mainly Clear sky No warning November 4 17.0 33.0 Mist in the morning Mainly Clear sky No warning November 5 16.0 32.0 Mist in the morning Mainly Clear sky No warning November 6 16.0 33.0 Mist in the morning Mainly Clear sky No warning November 7 16.0 32.0 Mist in the morning Mainly Clear sky No warning Mumbai's Forecast Amid Diwali festivities, Mumbai's air quality index (AQI) in Mumbai was recorded at 172 on Friday, according to the Indian Institute of Tropical Meteorology. However, several locations like Byculla, Kandivali West, and Sewri among others recorded AQI above 200, which falls into the 'Poor' category.\nAn AQI between zero and 50 is considered 'good', 51 and 100 'satisfactory', 101 and 200 'moderate', 201 and 300 'poor', 301 and 400 'very poor', 401 and 450 'severe' and above 450 'severe plus'.\nAs per the weather bureau, the temperatures in the city are expected to remain high, as above-normal temperatures are predicted for the first week of November. As per the IMD's latest forecast, Mumbai is likely to experience haze during morning hours today, and mainly clear sky later. \"Maximum and minimum temperatures very likely to be around 36 degrees Celsius and 26 degrees Celsius respectively,\" it said.",
    "highlightText": "",
    "highlightTitle": "",
    "highlightThreadTitle": "",
    "language": "english",
    "sentiment": "negative",
    "categories": [
        "Environment",
        "Weather"
    ],
    "ai_allow": true,
    "canonical": false,
    "webz_reporter": false,
    "external_links": [],
    "external_images": [],
    "entities": {
        "persons": [],
        "organizations": [
            {
                "name": "Central Pollution Control Board",
                "sentiment": "none"
            },
            {
                "name": "India Meteorological Department",
                "sentiment": "none"
            }
        ],
        "locations": [
            {
                "name": "Diwali",
                "sentiment": "none"
            }
        ]
    },
    "syndication": {
        "syndicated": false,
        "syndicate_id": null,
        "first_syndicated": false
    },
    "rating": null,
    "crawled": "2024-11-01T08:41:57.135+02:00",
    "updated": "2024-11-01T08:41:57.135+02:00"
}