{
    "thread": {
        "uuid": "a1a2ecbc606550e0a2ce80bf4273ba510bc80a9d",
        "url": "https://www.huelvainformacion.es/huelva/activado-aviso-rojo-huelva-lluvias_0_2002701993.html",
        "site_full": "www.huelvainformacion.es",
        "site": "huelvainformacion.es",
        "site_section": "https://spain.shafaqna.com/",
        "site_categories": [
            "media"
        ],
        "section_title": "\r\n\t\tSpain News (News Reader)\t",
        "title": "Activado el aviso rojo en Huelva por lluvias en el litoral, el Andévalo y el Condado",
        "title_full": "Activado el aviso rojo en Huelva por lluvias en el litoral, el Andévalo y el Condado",
        "published": "2024-11-01T05:28:00.000+02:00",
        "replies_count": 0,
        "participants_count": 1,
        "site_type": "news",
        "country": "ES",
        "main_image": "https://static.grupojoly.com/clip/b94b7e38-420e-4cb9-abe5-e2cd924130f0_facebook-aspect-ratio_default_0.jpg",
        "performance_score": 0,
        "domain_rank": 64281,
        "domain_rank_updated": "2024-10-28T23:00:00.000+02:00",
        "social": {
            "facebook": {
                "likes": 0,
                "comments": 0,
                "shares": 0
            },
            "vk": {
                "shares": 0
            }
        }
    },
    "uuid": "a1a2ecbc606550e0a2ce80bf4273ba510bc80a9d",
    "url": "https://www.huelvainformacion.es/huelva/activado-aviso-rojo-huelva-lluvias_0_2002701993.html",
    "ord_in_thread": 0,
    "parent_url": null,
    "author": "Javier García Salas",
    "published": "2024-11-01T05:28:00.000+02:00",
    "title": "Activado el aviso rojo en Huelva por lluvias en el litoral, el Andévalo y el Condado",
    "text": "Huelva está en aviso rojo. Las previsiones que había para este viernes han empeorado y en torno a las cinco de la mañana, la Agencia Estatal de Meteorología (AEMET) pasaba del nivel naranja al rojo y elevaba a la categoría máxima el nivel de alerta en Huelva. El aviso rojo por lluvias se activaba en el Litoral onubense y en las comarcas de Andévalo y el Condado hasta las 9.00 horas. Emergencias 112 Andalucía ha pedido extremar la precaución en Huelva y evitar realizar viajes en la provincia. \\\"Extrema precaución con la DANA en Huelva. Aviso rojo por observación de lluvias en el Litoral onubense, Andévalo y Condado hasta 9.00 ohras. Protégete. Evita viajar\\\", ha indicado el servicio de emergencias a través de su perfil en la red social X. Inundaciones, rayos y truenos Minutos antes de que se activara el aviso rojo, una espectacular serie de rayos y truenos asolaba la capital onubense y toda la zona del área metropolitana estaba ya bajo los efectos del agua. El 112 informaba que a las cinco de la mañana había más de 40 avisos por anegaciones en Huelva, Aljaraque, Cartaya, Punta Umbría y Gibraleón. En la última hora se han acumulado 70 milímetros de agua y se espera que en doce horas duplique la cantidad hasta llegar a los 140 milímetros, según AEMET. Por su parte, la comarca de Aracena se encuentra en aviso amarillo, al registrar una precipitación acumulada de 20 milímetros de agua en la última hora. 112, Ayuntamiento de Huelva y Diputación Provincial alertan a la población A través de las redes sociales, el Servicio de Emergencias 122 Andalucía, el Ayuntamiento de Huelva y la Diputación Provincial han alertado a los onubenses de que había cambiado la situación a peor y que el aviso naranja ya era rojo. Poco antes de las 5 de la mañana, el 112 reproducía la alerta de la Aemet pidiendo precaución a los onubenses y detellando lo que supone un aviso rojo: \\\"El peligro es extraordinario. Los bienes y la población vulnerables o en zonas expuestas podrían sufrir impactos muy graves o catastróficos. Recomendación: Toma medidas preventivas y actúa según las indicaciones de las autoridades\\\". A continuación, tanto el Ayuntamiento de Huelva como la Diputación Provincial onubense reproducían todas las alertas en sus redes sociales. El Consistorio de la capital pedía a los onubenses extremar la precaución por el aviso decretado entre las 5 y las 9 de la mañana. En la capital, desde Aguas de Huelva también se lanzaban recomendaciones a la población. Desde la Diputación especificaban: \\\"La provincia de Huelva se encuentra desde hace unos minutos en alerta roja por lluvias torrencionales. Ante esta situación, es obligado extremar las precauciones, no salir de casa y no usar el vehículo. Municipios como Aljaraque registran a estas horas 150 mm. Y circunstancias similares se dan en Cartaya, Gibraleón y Punta Umbría. Los efectivos del Consorcio Provincial Contra Incendios y Salvamentos de Huelva trabajan de forma incansable para plantar cara a esta situación\\\". Petición de Juanma Moreno El presidente de la Junta de Andalucía, Juanma Moreno, ha realizado un llamamiento a \\\"extremar la precaución\\\" y a evitar salidas de casa y desplazamientos \\\"innecesarios\\\" ante el aviso rojo activado por la Agencia Estatal de Meteorología (Aemet) en parte de la provincia de Huelva durante las primeras horas de la mañana de este viernes, 1 de noviembre. Juanma Moreno ha compartido desde su cuenta en la red social 'X' dicho aviso de la Aemet \\\"por las lluvias acumuladas durante la noche\\\", y ha pedido desde la misma vía \\\"extremar la precaución\\\". \\\"Por favor, no salgamos de casa siempre que sea posible y evitemos desplazamientos o cualquier riesgo innecesario\\\", ha rogado el presidente andaluz en un apunte en 'X' que concluye con la palabra \\\"prudencia\\\" escrita en letras mayúsculas. Los ayuntamientos de la Costa Occidental tienen activados los planes de emergencia Los ayuntamientos de Punta Umbría, Lepe, Cartaya e Isla Cristina mantienen activos sus dispositivos de emergencia ante los avisos por fuertes precipitaciones en esta zona de la provincia. Las recomendaciones a nivel provincial de los ayuntamientos son que se aconseja a la ciudadanía llamar ante cualquier incidente a los teléfonos de emergencia de Giahsa (959 310 310 ), Bomberos (112) y Policía Local (092), que estarán dispuestos a actuar y a afrontar la situación ante cualquier acontecimiento. De igual forma, recomienda a la ciudadanía mantener la calma y permanecer atentos a las indicaciones de la Agencia Estatal de Meteorología. En este sentido, se avisa de la conveniencia de cerrar y asegurar puertas y ventanas, así como de retirar todos aquellos muebles y objetos en altura que puedan caer a la calle y provocar un accidente. Igualmente hay que evitar situarse en zonas próximas a muros o tapias, así como alejarse de cornisas o árboles. En caso de inundación se aconseja mantener la calma y abandonar los lugares más bajos. Cerrar suministros de gas, electricidad y agua. Evitar circular por carreteras fácilmente inundables. Y buscar cobijo en las zonas más altas.",
    "highlightText": "",
    "highlightTitle": "",
    "highlightThreadTitle": "",
    "language": "spanish",
    "sentiment": "negative",
    "categories": [
        "Weather",
        "Environment"
    ],
    "ai_allow": true,
    "canonical": false,
    "webz_reporter": false,
    "external_links": [],
    "external_images": [],
    "entities": {
        "persons": [],
        "organizations": [
            {
                "name": "Agencia Estatal de Meteorología",
                "sentiment": "none"
            },
            {
                "name": "AEMET",
                "sentiment": "none"
            }
        ],
        "locations": [
            {
                "name": "Andévalo",
                "sentiment": "none"
            },
            {
                "name": "Litoral",
                "sentiment": "none"
            }
        ]
    },
    "syndication": {
        "syndicated": null,
        "syndicate_id": null,
        "first_syndicated": false
    },
    "rating": null,
    "crawled": "2024-11-01T08:56:16.117+02:00",
    "updated": "2024-11-01T08:56:16.117+02:00"
}