{
    "thread": {
        "uuid": "44c31390dfde6c71e2730bddf28dba558183fa2b",
        "url": "https://falcomtransmedia.ucol.mx/index.php/2025/10/22/aston-villa-prohibe-mensajes-politicos-en-duelo-ante-maccabi-tel-aviv/",
        "site_full": "falcomtransmedia.ucol.mx",
        "site": "ucol.mx",
        "site_section": "https://falcomtransmedia.ucol.mx",
        "site_categories": [],
        "section_title": "-",
        "site_title": null,
        "title": "Aston Villa prohíbe mensajes políticos en duelo ante Maccabi Tel Aviv -",
        "title_full": "Aston Villa prohíbe mensajes políticos en duelo ante Maccabi Tel Aviv -",
        "published": "2025-10-22T21:49:00.000+03:00",
        "replies_count": 0,
        "participants_count": 1,
        "site_type": "news",
        "country": "MX",
        "main_image": "https://falcomtransmedia.ucol.mx/wp-content/uploads/2025/10/Deportes-6-1-1.jpg",
        "performance_score": 0,
        "domain_rank": 133193,
        "domain_rank_updated": "2025-10-20T00:00:00.000+03:00",
        "licensing_agency": [],
        "social": {
            "facebook": {
                "likes": 0,
                "comments": 0,
                "shares": 0
            },
            "vk": {
                "shares": 0
            }
        }
    },
    "uuid": "44c31390dfde6c71e2730bddf28dba558183fa2b",
    "url": "https://falcomtransmedia.ucol.mx/index.php/2025/10/22/aston-villa-prohibe-mensajes-politicos-en-duelo-ante-maccabi-tel-aviv/",
    "ord_in_thread": 0,
    "author": "Equipo 3",
    "published": "2025-10-22T21:49:00.000+03:00",
    "title": "Aston Villa prohíbe mensajes políticos en duelo ante Maccabi Tel Aviv -",
    "text": "Aston Villa prohíbe mensajes políticos en duelo ante Maccabi Tel Aviv\nEl Aston Villa recordó a sus aficionados que está prohibido exhibir mensajes, símbolos y pancartas políticas en el partido de Europa League del próximo 6 de noviembre contra el Maccabi Tel Aviv, al que no podrá acceder la afición visitante.\nEn un comunicado enviado a los aficionados sobre la política de entradas para ese encuentro, el Villa recordó que la normativa de la UEFA prohíbe los mensajes políticos y que si se realizan resultarán en la expulsión del estadio y una suspensión sin poder asistir a partidos.\nEl lunes, el Maccabi informó de que rechazarían entradas para la afición visitante si las acabaran recibiendo porque “se ha creado un ambiente tóxico que pone en duda la seguridad de los aficionados”.\nLas autoridades locales anunciaron la semana pasada que no se permitiría afición visitante en el Aston Villa-Maccabi Tel Aviv de la Europa League del próximo 6 de noviembre, por el riesgo para la seguridad que supondría la llegada de aficionados israelíes a Birmingham.\nEsta decisión, sin embargo, fue criticada tanto por el club israelí, por las autoridades de este país y por el Gobierno británico, que se comprometió a hacer todo lo que estuviera en su mano para revocar la decisión de la policía y de las autoridades locales.\n“Se ha creado un ambiente tóxico que pone en duda la seguridad de nuestros aficionados. El bienestar y la seguridad de nuestros aficionados es nuestra principal preocupación y hemos tomado la decisión de rechazar cualquier entrada visitante que nos ofrezcan debido a este contexto”, dijo el Maccabi en un comunicado.\nTras este anuncio, la embajada de Israel se mostró “muy preocupada” por la “hostilidad” que ha llevado al conjunto israelí a tomar esta decisión.\n“Es triste que los extremistas hayan convertido el futbol, un deporte que se supone que tiene que unir, en una plataforma para la intimidación, dejando fuera a los aficionados judíos e israelíes de los estadios británicos. Igualmente, preocupante es la retórica inflamatoria y racista de algunos miembros del parlamento. El aumento del antisemitismo, llevado por los cánticos de odio y el ostracismo de judíos es muy preocupante”, manifestó este organismo.\nEditado por Leonel Verduzco con informacion de EFE\nShare this content:",
    "highlightText": "",
    "highlightTitle": "",
    "highlightThreadTitle": "",
    "language": "spanish",
    "sentiment": "negative",
    "categories": [
        "Sport",
        "Politics"
    ],
    "topics": [
        "Sport->soccer",
        "Sport->sport event",
        "Sport->sports management and ownership",
        "Politics->political campaigns"
    ],
    "ai_allow": true,
    "has_canonical": false,
    "breaking": null,
    "webz_reporter": false,
    "external_links": [],
    "external_images": [],
    "internal_images": [],
    "entities": {
        "persons": [
            {
                "name": "Aston Villa",
                "sentiment": "none"
            }
        ],
        "locations": [
            {
                "name": "Europa League",
                "sentiment": "none"
            }
        ],
        "organizations": []
    },
    "syndication": {
        "syndicated": null,
        "syndicate_id": null,
        "first_syndicated": false
    },
    "trust": {
        "categories": [],
        "top_news": [],
        "bias": null,
        "source": {
            "type": null,
            "city": null,
            "state": null,
            "country": null,
            "domain_type": null,
            "agency": null,
            "organization_name": null
        }
    },
    "rating": null,
    "crawled": "2025-10-23T07:51:18.122+03:00",
    "updated": "2025-10-23T08:00:04.000+03:00"
}