{
    "thread": {
        "uuid": "d9ac0b37bd2422fbe1db9e7121a4f3034f26d06a",
        "url": "https://www.ncwlife.com/sports/kraken-lose-second-straight/article_47791346-9475-4d33-bb63-6f8759f62637.html",
        "site_full": "www.ncwlife.com",
        "site": "ncwlife.com",
        "site_section": "https://www.golf.einnews.com/live_feed",
        "site_categories": [
            "media"
        ],
        "section_title": "Live Feed Wire - Golf News Today - EIN Presswire",
        "site_title": "ncwlife.com | A reflection and a spotlight on the communities we call home.",
        "title": "Kraken lose second straight | Sports | ncwlife.com",
        "title_full": "Kraken lose second straight | Sports | ncwlife.com",
        "published": "2025-10-23T03:38:00.000+03:00",
        "replies_count": 0,
        "participants_count": 1,
        "site_type": "news",
        "country": "US",
        "main_image": "https://bloximages.newyork1.vip.townnews.com/ncwlife.com/content/tncms/assets/v3/editorial/4/77/47791346-9475-4d33-bb63-6f8759f62637/68f979ba2db0c.preview.png?crop=1024%2C538%2C0%2C19",
        "performance_score": 0,
        "domain_rank": 522091,
        "domain_rank_updated": "2025-10-20T00:00:00.000+03:00",
        "licensing_agency": [],
        "social": {
            "facebook": {
                "likes": 0,
                "comments": 0,
                "shares": 0
            },
            "vk": {
                "shares": 0
            }
        }
    },
    "uuid": "d9ac0b37bd2422fbe1db9e7121a4f3034f26d06a",
    "url": "https://www.ncwlife.com/sports/kraken-lose-second-straight/article_47791346-9475-4d33-bb63-6f8759f62637.html",
    "ord_in_thread": 0,
    "author": "Eric Granstrom",
    "published": "2025-10-23T03:38:00.000+03:00",
    "title": "Kraken lose second straight | Sports | ncwlife.com",
    "text": "The Seattle Kraken lost for the second-straight time last night, this time at Washington…\nThe Capitals raced out to a 3-nothing lead before Seattle could get off the ice. Finally, Jaden Schwartz scored the Kraken’s only goal. Matt Murray made his debut in net as goalie and stopped 30-of-33 shots on net.\nSeattle continues the six-game road trip tomorrow in Winnipeg at 5 o’clock on KONG-TV.",
    "highlightText": "",
    "highlightTitle": "",
    "highlightThreadTitle": "",
    "language": "english",
    "sentiment": "negative",
    "categories": [
        "Sport"
    ],
    "topics": [
        "Sport->ice hockey",
        "Sport->sport event"
    ],
    "ai_allow": false,
    "has_canonical": false,
    "breaking": null,
    "webz_reporter": false,
    "external_links": [],
    "external_images": [],
    "internal_images": [],
    "entities": {
        "persons": [
            {
                "name": "Jaden Schwartz",
                "sentiment": "none"
            },
            {
                "name": "Matt Murray",
                "sentiment": "none"
            }
        ],
        "locations": [],
        "organizations": []
    },
    "syndication": {
        "syndicated": false,
        "syndicate_id": null,
        "first_syndicated": false
    },
    "trust": {
        "categories": null,
        "top_news": [],
        "bias": null,
        "source": {
            "type": "local_news",
            "city": [
                "Wenatchee"
            ],
            "state": [
                "Washington"
            ],
            "country": [
                "US"
            ],
            "domain_type": null,
            "agency": null,
            "organization_name": null
        }
    },
    "rating": null,
    "crawled": "2025-10-23T08:11:34.395+03:00",
    "updated": "2025-10-23T08:19:41.000+03:00"
}