{
    "thread": {
        "uuid": "558f3b52adaff64a31fb87c24b0831582a46008b",
        "url": "https://www.12news.com/video/sports/locked-on/lo-cleveland/guardians-show/backfire-cleveland-guardians-ignore-data-with-postseason-bullpen-usage-how-will-they-adapt-in-26/535-86f79f7b-08bb-41e6-93b6-3ab11fdd2051",
        "site_full": "www.12news.com",
        "site": "12news.com",
        "site_section": "https://12news.com/sports",
        "site_categories": [
            "media"
        ],
        "section_title": "Sports | 12news.com",
        "site_title": "Phoenix&#x27;s Leading Local News: Weather, Traffic, Sports and more | Phoenix, Arizona | 12news.com",
        "title": "BACKFIRE: Cleveland Guardians IGNORE Data With Postseason Bullpen Usage | How Will They Adapt in 26? | 12news.com",
        "title_full": "BACKFIRE: Cleveland Guardians IGNORE Data With Postseason Bullpen Usage | How Will They Adapt in 26? | 12news.com",
        "published": "2025-10-22T16:54:00.000+03:00",
        "replies_count": 0,
        "participants_count": 0,
        "site_type": "news",
        "country": "US",
        "main_image": "https://media.12news.com/assets/LOCKEDON/images/b788cf17-cd7d-4849-806d-40f9a7e15b00/20251023T034019/b788cf17-cd7d-4849-806d-40f9a7e15b00_1140x641.jpg",
        "performance_score": 0,
        "domain_rank": 26677,
        "domain_rank_updated": "2025-10-20T00:00:00.000+03:00",
        "licensing_agency": [],
        "social": {
            "facebook": {
                "likes": 0,
                "comments": 0,
                "shares": 0
            },
            "vk": {
                "shares": 0
            }
        }
    },
    "uuid": "558f3b52adaff64a31fb87c24b0831582a46008b",
    "url": "https://www.12news.com/video/sports/locked-on/lo-cleveland/guardians-show/backfire-cleveland-guardians-ignore-data-with-postseason-bullpen-usage-how-will-they-adapt-in-26/535-86f79f7b-08bb-41e6-93b6-3ab11fdd2051",
    "ord_in_thread": 0,
    "author": null,
    "published": "2025-10-22T16:54:00.000+03:00",
    "title": "BACKFIRE: Cleveland Guardians IGNORE Data With Postseason Bullpen Usage | How Will They Adapt in 26? | 12news.com",
    "text": "BACKFIRE: Cleveland Guardians IGNORE Data With Postseason Bullpen Usage | How Will They Adapt in 26? To stream 12News on your phone, you need the 12News app.\nDownload the 12News app The Cleveland Guardians hired a pitching analyst that data on reliever over-usage, but continued to over-use its bullpen. How can the team adapt its approach? Author: 12news.com Published: 8:54 PM PDT October 22, 2025 Updated: 8:54 PM PDT October 22, 2025 Before You Leave, Check This Out",
    "highlightText": "",
    "highlightTitle": "",
    "highlightThreadTitle": "",
    "language": "english",
    "sentiment": "negative",
    "categories": [
        "Sport"
    ],
    "topics": [
        "Sport->baseball",
        "Sport->sports coaching"
    ],
    "ai_allow": true,
    "has_canonical": true,
    "breaking": null,
    "webz_reporter": false,
    "external_links": [
        "https://apps.apple.com/us/app/12-news-kpnx/id953992180",
        "https://securepubads.g.doubleclick.net/gampad/adx?iu=/32805352/az-phoenix-KPNX-B3318_DesktopTablet/front_atf/sports/locked-on/lo-cleveland&sz=300x250&c=90",
        "https://assets.tegnaone.com/assets/LOCKEDON/videos/86f79f7b-08bb-41e6-93b6-3ab11fdd2051/20251023T040351/master.m3u8",
        "https://securepubads.g.doubleclick.net/gampad/adx?iu=/32805352/az-phoenix-KPNX-B3318_DesktopTablet/exit_interstitial_display/sports/locked-on/lo-cleveland&sz=&c=90",
        "https://play.google.com/store/apps/details?id=com.gannett.local.library.news.kpnx&hl=en_US",
        "https://www.assets.tegnaone.com/assets/LOCKEDON/videos/86f79f7b-08bb-41e6-93b6-3ab11fdd2051/20251023T040351/master.m3u8",
        "https://www.securepubads.g.doubleclick.net/gampad/adx?iu=/32805352/az-phoenix-KPNX-B3318_DesktopTablet/front_atf/sports/locked-on/lo-cleveland&sz=300x250&c=90",
        "https://play.google.com/store/apps/details",
        "https://securepubads.g.doubleclick.net/gampad/adx",
        "https://www.securepubads.g.doubleclick.net/gampad/adx?iu=/32805352/az-phoenix-KPNX-B3318_DesktopTablet/exit_interstitial_display/sports/locked-on/lo-cleveland&sz=&c=90",
        "https://www.play.google.com/store/apps/details?id=com.gannett.local.library.news.kpnx&hl=en_US",
        "https://www.apps.apple.com/us/app/12-news-kpnx/id953992180"
    ],
    "external_images": [],
    "internal_images": [],
    "entities": {
        "persons": [],
        "locations": [],
        "organizations": []
    },
    "syndication": {
        "syndicated": false,
        "syndicate_id": null,
        "first_syndicated": false
    },
    "trust": {
        "categories": [
            "trusted_news"
        ],
        "top_news": [],
        "bias": "center",
        "source": {
            "type": "local_news",
            "city": [
                "Phoenix"
            ],
            "state": [
                "Arizona"
            ],
            "country": [
                "US"
            ],
            "domain_type": null,
            "agency": null,
            "organization_name": null
        }
    },
    "rating": null,
    "crawled": "2025-10-23T07:46:24.398+03:00",
    "updated": "2025-10-23T07:54:57.000+03:00"
}