{
    "thread": {
        "uuid": "5fd39551fc1f242e966dd254b453653c09f79546",
        "url": "https://news.zhibo8.com/nba/2025-10-23/68f9ab637cfdcnative.htm",
        "site_full": "news.zhibo8.com",
        "site": "zhibo8.com",
        "site_section": "https://news.zhibo8.com/nba",
        "site_categories": [],
        "section_title": "NBAç¯®ç�ƒèµ„è®¯-ç›´æ’­å�§",
        "site_title": "直播吧",
        "title": "是真防不了文班！莱夫利出场10分钟 2中1拿到4分2板3助 但有5犯规-直播吧",
        "title_full": "是真防不了文班！莱夫利出场10分钟 2中1拿到4分2板3助 但有5犯规-直播吧",
        "published": "2025-10-23T03:00:00.000+03:00",
        "replies_count": 0,
        "participants_count": 0,
        "site_type": "news",
        "country": "CN",
        "main_image": "",
        "performance_score": 0,
        "domain_rank": 44670,
        "domain_rank_updated": "2025-10-20T00:00:00.000+03:00",
        "licensing_agency": [],
        "social": {
            "facebook": {
                "likes": 0,
                "comments": 0,
                "shares": 0
            },
            "vk": {
                "shares": 0
            }
        }
    },
    "uuid": "5fd39551fc1f242e966dd254b453653c09f79546",
    "url": "https://news.zhibo8.com/nba/2025-10-23/68f9ab637cfdcnative.htm",
    "ord_in_thread": 0,
    "author": null,
    "published": "2025-10-23T03:00:00.000+03:00",
    "title": "是真防不了文班！莱夫利出场10分钟 2中1拿到4分2板3助 但有5犯规-直播吧",
    "text": "直播吧10月23日讯 NBA常规赛，独行侠92-125不敌马刺。\n本场比赛，独行侠首发中锋莱夫利全场比赛出场10分18秒，投篮2中1，拿到4分2板3助，有5次犯规。\n比赛第一节就拿到三犯，第二节没有得到出场机会，第三节又是两次犯规。",
    "highlightText": "",
    "highlightTitle": "",
    "highlightThreadTitle": "",
    "language": "chinese",
    "sentiment": "negative",
    "categories": [
        "Sport"
    ],
    "topics": [
        "Sport->basketball",
        "Sport->regular competition"
    ],
    "ai_allow": true,
    "has_canonical": false,
    "breaking": null,
    "webz_reporter": false,
    "external_links": [],
    "external_images": [],
    "internal_images": [],
    "entities": {
        "persons": [],
        "locations": [],
        "organizations": []
    },
    "syndication": {
        "syndicated": null,
        "syndicate_id": null,
        "first_syndicated": false
    },
    "trust": {
        "categories": [],
        "top_news": [],
        "bias": null,
        "source": {
            "type": null,
            "city": null,
            "state": null,
            "country": null,
            "domain_type": null,
            "agency": null,
            "organization_name": null
        }
    },
    "rating": null,
    "crawled": "2025-10-23T07:55:06.917+03:00",
    "updated": "2025-10-23T07:58:59.000+03:00"
}