{
    "thread": {
        "uuid": "ddc8c8e879eb62742ae07d03b993009064faffc2",
        "url": "https://article.wn.com/view/2025/10/23/Hawks_blown_out_by_Raptors_in_embarrassing_loss/",
        "site_full": "article.wn.com",
        "site": "wn.com",
        "site_section": "https://wn.com/basketball",
        "site_categories": [
            "media"
        ],
        "section_title": "World News - Basketball",
        "site_title": "World News",
        "title": "Hawks blown out by Raptors in 'embarrassing' loss - Worldnews.com",
        "title_full": "Hawks blown out by Raptors in 'embarrassing' loss - Worldnews.com",
        "published": "2025-10-23T03:00:00.000+03:00",
        "replies_count": 0,
        "participants_count": 1,
        "site_type": "news",
        "country": "US",
        "main_image": "",
        "performance_score": 0,
        "domain_rank": 8219,
        "domain_rank_updated": "2025-10-20T00:00:00.000+03:00",
        "licensing_agency": [],
        "social": {
            "facebook": {
                "likes": 0,
                "comments": 0,
                "shares": 0
            },
            "vk": {
                "shares": 0
            }
        }
    },
    "uuid": "ddc8c8e879eb62742ae07d03b993009064faffc2",
    "url": "https://article.wn.com/view/2025/10/23/Hawks_blown_out_by_Raptors_in_embarrassing_loss/",
    "ord_in_thread": 0,
    "author": "System",
    "published": "2025-10-23T03:00:00.000+03:00",
    "title": "Hawks blown out by Raptors in 'embarrassing' loss - Worldnews.com",
    "text": "After a preseason full of promise, the Hawks were crushed by the Raptors 138-118 in their season opener Wednesday.\nsaid Trae Young. ......\"I don't think there's too many positives you can take from tonight,\"\nread full story\nAfter a preseason full of promise, the Hawks were crushed by the Raptors 138-118 in their season opener Wednesday.\nsaid Trae Young. ......\"I don't think there's too many positives you can take from tonight,\"",
    "highlightText": "",
    "highlightTitle": "",
    "highlightThreadTitle": "",
    "language": "english",
    "sentiment": "negative",
    "categories": [
        "Sport"
    ],
    "topics": [
        "Sport->sport event",
        "Sport->sports record"
    ],
    "ai_allow": true,
    "has_canonical": false,
    "breaking": null,
    "webz_reporter": false,
    "external_links": [
        "https://www.espn.com/nba/story/_/id/46691787/hawks-surrender-138-points-raptors-season-opening-loss",
        "https://espn.com/nba/story/_/id/46691787/hawks-surrender-138-points-raptors-season-opening-loss"
    ],
    "external_images": [],
    "internal_images": [],
    "entities": {
        "persons": [
            {
                "name": "Trae Young",
                "sentiment": "none"
            }
        ],
        "locations": [],
        "organizations": [
            {
                "name": "Raptors",
                "sentiment": "negative",
                "tickers": [
                    {
                        "ticker": null,
                        "exchange": null
                    }
                ]
            }
        ]
    },
    "syndication": {
        "syndicated": false,
        "syndicate_id": "ddc8c8e879eb62742ae07d03b993009064faffc2",
        "first_syndicated": true
    },
    "trust": {
        "categories": [
            "trusted_news"
        ],
        "top_news": [],
        "bias": "center",
        "source": {
            "type": null,
            "city": null,
            "state": null,
            "country": null,
            "domain_type": null,
            "agency": null,
            "organization_name": null
        }
    },
    "rating": null,
    "crawled": "2025-10-23T08:06:38.874+03:00",
    "updated": "2025-10-23T08:15:32.000+03:00"
}