{
    "thread": {
        "uuid": "d698af67f378d2618e0695381a3f98245a43f9cb",
        "url": "https://english.mathrubhumi.com/news/india/india-set-to-approve-safran-drdo-project-for-powerful-fighter-jet-engine-nygwr80w",
        "site_full": "english.mathrubhumi.com",
        "site": "mathrubhumi.com",
        "site_section": "https://english.mathrubhumi.com/news",
        "site_categories": [
            "media",
            "top_news_in",
            "top_news_ae",
            "top_news_qa",
            "top_news_sa",
            "top_news_kw",
            "top_news"
        ],
        "section_title": "Latest News Updates | World News Today | India News | Kerala News | Top Stories | Live Updates | Mathrubhumi English",
        "site_title": "Mathrubhumi: Latest Malayalam News | മലയാളം വാർത്തകൾ | Kerala News | Breaking News Malayalam | മാതൃഭൂമി News",
        "title": "India set to approve Safran-DRDO project for powerful fighter jet engine",
        "title_full": "India set to approve Safran-DRDO project for powerful fighter jet engine",
        "published": "2025-09-11T10:21:00.000+03:00",
        "replies_count": 0,
        "participants_count": 1,
        "site_type": "news",
        "country": "IN",
        "main_image": "https://img.mathrubhumi.com/view/acePublic/alias/contentid/1lsa2z0vr8fwvpiwkbo/0/jet-jpg.jpeg?f=16%3A9&amp;w=1200&amp;q=0.75",
        "performance_score": 0,
        "domain_rank": 21278,
        "domain_rank_updated": "2025-06-03T00:00:00.000+03:00",
        "licensing_agency": [],
        "social": {
            "facebook": {
                "likes": 0,
                "comments": 0,
                "shares": 1
            },
            "vk": {
                "shares": 0
            }
        }
    },
    "uuid": "d698af67f378d2618e0695381a3f98245a43f9cb",
    "url": "https://english.mathrubhumi.com/news/india/india-set-to-approve-safran-drdo-project-for-powerful-fighter-jet-engine-nygwr80w",
    "ord_in_thread": 0,
    "author": "@mathrubhumi",
    "published": "2025-09-11T10:21:00.000+03:00",
    "title": "India set to approve Safran-DRDO project for powerful fighter jet engine",
    "text": "India is set to approve a landmark defence project with France’s Safran to co-develop a 120 kN jet engine for the AMCA fighter under full technology transfer.\nIndia is likely to give the green signal to a major defence project with French aerospace company Safran and the Defence Research and Development Organisation’s (DRDO) Gas Turbine Research Establishment (GTRE), according to a Hindustan Times report.\nThe plan is to jointly design and build a powerful 120-kilonewton (kN) jet engine for India’s upcoming twin-engine fighter aircraft, the Advanced Medium Combat Aircraft (AMCA).\nThe decision comes soon after Prime Minister Narendra Modi, in his Independence Day speech, highlighted the need for India to build its own jet engines. Defence Minister Rajnath Singh has also said that India is ready to take on this challenge.\nAs per the report, Safran and DRDO will develop nine engine prototypes over 12 years. The first models will generate 120 kN of thrust, and later versions could be scaled up to 140 kN.\nA key highlight of this collaboration is that it will be carried out under Indian intellectual property rights. Safran will transfer complete technology to DRDO, including advanced “single-crystal blade” technology. These blades, made from special super-alloys, help engines handle extreme heat and pressure, making them more powerful and durable.\nWhy is 120 kN thrust important?\n- Thrust (kN): It measures the power of a jet engine. One kilonewton (kN) equals the force needed to move about 100 kilograms.\n- 120 kN engine: This means the engine can generate enough force to push around 12,000 kilograms forward.\n- For a modern twin-engine fighter like the AMCA, two such engines would provide immense power for high-speed combat, carrying heavy weapons, and long-distance missions.\nWhile DRDO already has some experience in jet engine development, making engines for high-thrust combat aircraft is considered one of the toughest challenges in defence technology. The Safran-DRDO talks have been going on for almost two years, but the government has now asked DRDO to finalise the proposal, which is expected to get clearance soon.\nThe AMCA fighter itself is being developed with strong participation from India’s private sector, with Tata Group, Larsen & Toubro, and Adani Defence expected to be key partners.\nPrime Minister Modi believes that building indigenous jet engines is not only important for India’s security but can also lead to new technologies for civilian use.\nCurrently, only the US, Russia, the UK, and France can design and produce aircraft engines on their own. China still depends on Russian engines or copies of them. India’s earlier attempt, the Kaveri engine project, did not succeed in creating a fully operational fighter engine.\nIndia has also signed agreements with US company General Electric (GE) to supply F-404 and GE-414 engines, but the technology transfer from the US is limited to about 70%.\nIn contrast, the Safran deal is expected to give India complete know-how. Officials told Hindustan Times that India values France as a reliable partner, noting that France stood by India even after the 1998 nuclear tests, continuing to supply Mirage-2000 spares and advanced navigation systems for missiles.\nSubscribe to our Newsletter\nGet Latest Mathrubhumi Updates in English\nFollow\nDisclaimer: Kindly avoid objectionable, derogatory, unlawful and lewd comments, while responding to reports. Such comments are punishable under cyber laws. Please keep away from personal attacks. The opinions expressed here are the personal opinions of readers and not that of Mathrubhumi.",
    "highlightText": "",
    "highlightTitle": "",
    "highlightThreadTitle": "",
    "language": "english",
    "sentiment": "positive",
    "categories": [
        "War, Conflict and Unrest",
        "Politics"
    ],
    "topics": [
        "War, Conflict and Unrest->peace process",
        "War, Conflict and Unrest->international military intervention",
        "War, Conflict and Unrest->military occupation",
        "Politics->government policy",
        "Politics->defence"
    ],
    "ai_allow": true,
    "has_canonical": false,
    "breaking": null,
    "webz_reporter": false,
    "external_links": [],
    "external_images": [],
    "internal_images": [],
    "entities": {
        "persons": [
            {
                "name": "Narendra Modi",
                "sentiment": "none"
            },
            {
                "name": "Rajnath Singh",
                "sentiment": "none"
            },
            {
                "name": "Safran",
                "sentiment": "none"
            }
        ],
        "locations": [],
        "organizations": [
            {
                "name": "Defence Research and Development Organisation",
                "sentiment": "none",
                "tickers": [
                    {
                        "ticker": null,
                        "exchange": null
                    }
                ]
            },
            {
                "name": "Hindustan Times",
                "sentiment": "none",
                "tickers": [
                    {
                        "ticker": null,
                        "exchange": null
                    }
                ]
            },
            {
                "name": "AMCA",
                "sentiment": "none",
                "tickers": []
            },
            {
                "name": "DRDO",
                "sentiment": "none",
                "tickers": [
                    {
                        "ticker": null,
                        "exchange": null
                    }
                ]
            }
        ]
    },
    "syndication": {
        "syndicated": false,
        "syndicate_id": null,
        "first_syndicated": false
    },
    "trust": {
        "categories": [],
        "top_news": [
            "top_news_in",
            "top_news_ae",
            "top_news_qa",
            "top_news_sa",
            "top_news_kw",
            "top_news"
        ],
        "bias": null,
        "source": {
            "type": null,
            "city": null,
            "state": null,
            "country": null,
            "domain_type": null,
            "agency": null,
            "organization_name": null
        }
    },
    "rating": null,
    "crawled": "2025-09-11T11:50:18.982+03:00",
    "updated": "2025-09-11T11:53:55.000+03:00"
}