{
    "thread": {
        "uuid": "eac3893ce6f9708f997550a09f2e89489baec787",
        "url": "https://www.iraq-businessnews.com/2025/09/10/dispatch-from-basra-glimpses-of-hope-in-iraqs-forgotten-south/",
        "site_full": "www.iraq-businessnews.com",
        "site": "iraq-businessnews.com",
        "site_section": "http://www.iraq-businessnews.com/feed/",
        "site_categories": [
            "media"
        ],
        "section_title": "Iraq Business News",
        "site_title": "Security Verification",
        "title": "Dispatch from Basra: Glimpses of Hope in Iraq's Forgotten South",
        "title_full": "Dispatch from Basra: Glimpses of Hope in Iraq's Forgotten South",
        "published": "2025-09-10T03:52:00.000+03:00",
        "replies_count": 0,
        "participants_count": 1,
        "site_type": "news",
        "country": "IQ",
        "main_image": "https://www.iraq-businessnews.com/wp-content/uploads/2017/07/Jon-Wilks-UK-Ambassador-to-Iraq.png",
        "performance_score": 0,
        "domain_rank": 161797,
        "domain_rank_updated": "2025-06-03T00:00:00.000+03:00",
        "licensing_agency": [],
        "social": {
            "facebook": {
                "likes": 0,
                "comments": 0,
                "shares": 0
            },
            "vk": {
                "shares": 0
            }
        }
    },
    "uuid": "eac3893ce6f9708f997550a09f2e89489baec787",
    "url": "https://www.iraq-businessnews.com/2025/09/10/dispatch-from-basra-glimpses-of-hope-in-iraqs-forgotten-south/",
    "ord_in_thread": 0,
    "author": "Editor",
    "published": "2025-09-10T03:52:00.000+03:00",
    "title": "Dispatch from Basra: Glimpses of Hope in Iraq's Forgotten South",
    "text": "By Jon Wilks, for the Atlantic Council. Any opinions expressed here are those of the author(s) and do not necessarily reflect the views of Iraq Business News.\nDispatch from Basra: Glimpses of hope in Iraq's forgotten south\nThere is perhaps nowhere else where the high hopes of the new Iraq were so dashed as in its second city, Basra.\nIn 2003, the United States and United Kingdom aspired towards a renaissance for Basra that would restore it as a major economic hub of the region-a gateway to Iraq, and an equal to the other great trading cities of the Gulf. Instead, its strategic location close to Iraq's oil resources and maritime outlets to the Gulf and the Iranian border is exactly what condemned the city as the main source of wealth extraction for Iraq's new Shia political elite, a murky morass of corruption and gangsterism, and a vital part of Iran's network of foreign allies and proxies.\nIn July, I made a return visit to the city as a private sector consultant (my last visit was on my farewell tour as British Ambassador in 2019). Happily, there were positive signs of stabilization and reconstruction.\nClick here to read the full report.\nTo browse our comprehensive library of reports on Iraq, click here.",
    "highlightText": "",
    "highlightTitle": "",
    "highlightThreadTitle": "",
    "language": "english",
    "sentiment": "positive",
    "categories": [
        "Human Interest",
        "War, Conflict and Unrest",
        "Politics"
    ],
    "topics": [
        "War, Conflict and Unrest->post-war reconstruction",
        "Politics->political development",
        "Politics->human rights",
        "Politics->international relations"
    ],
    "ai_allow": true,
    "has_canonical": false,
    "breaking": null,
    "webz_reporter": false,
    "external_links": [
        "https://www.atlanticcouncil.org/",
        "https://www.atlanticcouncil.org/blogs/menasource/dispatch-from-basra-glimpses-of-hope-in-iraqs-forgotten-south/",
        "https://atlanticcouncil.org/",
        "https://www.atlanticcouncil.org",
        "https://www.atlanticcouncil.org/blogs/menasource/dispatch-from-basra-glimpses-of-hope-in-iraqs-forgotten-south",
        "https://atlanticcouncil.org/blogs/menasource/dispatch-from-basra-glimpses-of-hope-in-iraqs-forgotten-south/"
    ],
    "external_images": [],
    "internal_images": [],
    "entities": {
        "persons": [
            {
                "name": "Jon Wilks",
                "sentiment": "none"
            }
        ],
        "locations": [
            {
                "name": "Basra",
                "sentiment": "none"
            },
            {
                "name": "Gulf",
                "sentiment": "none"
            }
        ],
        "organizations": [
            {
                "name": "Atlantic Council",
                "sentiment": "none",
                "tickers": [
                    {
                        "ticker": null,
                        "exchange": null
                    }
                ]
            }
        ]
    },
    "syndication": {
        "syndicated": false,
        "syndicate_id": null,
        "first_syndicated": false
    },
    "trust": {
        "categories": [],
        "top_news": [],
        "bias": null,
        "source": {
            "type": null,
            "city": null,
            "state": null,
            "country": null,
            "domain_type": null,
            "agency": null,
            "organization_name": null
        }
    },
    "rating": null,
    "crawled": "2025-09-11T12:56:50.802+03:00",
    "updated": "2025-09-11T13:00:55.000+03:00"
}