{
    "thread": {
        "uuid": "20d51437bb52e2a2ed5daf5224d1281378320967",
        "url": "https://www.ndtv.com/world-news/how-guide-dog-roselle-helped-its-blind-owner-escape-9-11-terrorist-attack-9256736",
        "site_full": "www.ndtv.com",
        "site": "ndtv.com",
        "site_section": "https://ndtv.com/",
        "site_categories": [
            "media",
            "health",
            "cold_and_flu",
            "top_news_in",
            "top_news_ca",
            "top_news_ph",
            "top_news_gb",
            "top_news_iq",
            "top_news_nz",
            "top_news_pk",
            "top_news_ae",
            "top_news_au",
            "top_news_us",
            "top_news_za",
            "top_news_qa",
            "top_news_sg",
            "top_news_sa",
            "top_news_my",
            "top_news_kw",
            "top_news"
        ],
        "section_title": "\r\n\tGet Latest News, India News, Breaking News, Today's News - NDTV.com\r\n",
        "site_title": "Get Latest News, India News, Breaking News, Today's News - NDTV.com",
        "title": "How Guide Dog Roselle Helped Its Blind Owner Escape 9/11 Terrorist Attack",
        "title_full": "How Guide Dog Roselle Helped Its Blind Owner Escape 9/11 Terrorist Attack",
        "published": "2025-09-11T10:03:00.000+03:00",
        "replies_count": 0,
        "participants_count": 1,
        "site_type": "news",
        "country": "IN",
        "main_image": "https://c.ndtvimg.com/2025-09/v0nb5jf8_911-attacks_625x300_11_September_25.jpeg",
        "performance_score": 0,
        "domain_rank": 879,
        "domain_rank_updated": "2025-06-03T00:00:00.000+03:00",
        "licensing_agency": [],
        "social": {
            "facebook": {
                "likes": 6,
                "comments": 0,
                "shares": 7
            },
            "vk": {
                "shares": 0
            }
        }
    },
    "uuid": "20d51437bb52e2a2ed5daf5224d1281378320967",
    "url": "https://www.ndtv.com/world-news/how-guide-dog-roselle-helped-its-blind-owner-escape-9-11-terrorist-attack-9256736",
    "ord_in_thread": 0,
    "author": "ndtv.com",
    "published": "2025-09-11T10:03:00.000+03:00",
    "title": "How Guide Dog Roselle Helped Its Blind Owner Escape 9/11 Terrorist Attack",
    "text": "Nearly three thousand people were killed on September 11, 2001, when the unprecedented terrorist attacks shocked the United States. The terrorists attempted to bring the US to its knees, but the day witnessed many acts of bravery and resilience, with many stories continuing to inspire people across the world, even today, 24 years later. One such story is of Roselle, the guide dog, who helped save her blind owner. On September 11, 2001, also called 9/11, al-Qaeda terrorists hijacked jetliners and smashed two of them into New York's iconic World Trade Center (WTC). A third plane hit the Pentagon, and the fourth hijacked plane crashed into a field in Shanksville, Pennsylvania. A total of 2,977 people lost their lives, and millions were impacted. Also Read | 24 Years After 9/11: What Really Happened That Day Roselle, a yellow Labrador guide dog, played a heroic role in saving her blind owner, Michael Hingson, who was working on the 78th floor of the North Tower when American Airlines Flight 11 crashed into the building, just 18 floors above them. As per a report by Pix11.com , after the airplane hit the building, Roselle remained calm despite debris falling around them. She guided Michael and about 30 others down almost 1,500 steps to safety. As quoted in the report, Michael said: \"Roselle was sitting, wagging her tail and yawning like, 'Who woke me up?' That told me that we could try to evacuate in an orderly way and panicking wasn't going to help.\" Also Read | Bangkok Zoo Horror: Lions Eat Zookeeper Alive In Front Of Horrified Visitors, Safety Measures Under Scrutiny Roselle led them through smoke-filled stairwells and stopped when necessary to ensure safety. She even comforted a panicked woman along the way. \"When you go in somewhere, you do it from a standpoint of eyesight…you look at the signs,\" he said. \"Well I know that doesn't really work for me — signs and I don't get along very well. And so I spent time once I started going in to the WTC, learning the complex.\" \"All the way down the stairs, the fact that I kept telling Roselle what a good job you're doing helped a lot of other people, because they saw me focusing and being in charge of my situation.\" She guided Michael to a subway station, providing cleaner air, just minutes before the North Tower collapsed. Roselle and another guide dog, Salty, received the prestigious Dickin Medal in 2002 for their bravery. Roselle was even named American Hero Dog of the Year in 2011. Later, Michael wrote \"Thunder Dog\" about their experience, and founded Roselle's Dream Foundation to support the visually impaired. Roselle passed away in 2011, but her legacy lives on as an inspiration.",
    "highlightText": "",
    "highlightTitle": "",
    "highlightThreadTitle": "",
    "language": "english",
    "sentiment": "positive",
    "categories": [
        "Human Interest",
        "Politics",
        "War, Conflict and Unrest"
    ],
    "topics": [
        "Human Interest->human mishap",
        "Politics->civil rights",
        "Politics->human rights",
        "Politics->government",
        "War, Conflict and Unrest->act of terror"
    ],
    "ai_allow": true,
    "has_canonical": false,
    "breaking": true,
    "webz_reporter": false,
    "external_links": [
        "https://pix11.com/news/local-news/september-11-20-years-later/a-blind-man-his-guide-dog-and-their-escape-from-the-north-tower-on-9-11/",
        "https://www.pix11.com/news/local-news/september-11-20-years-later/a-blind-man-his-guide-dog-and-their-escape-from-the-north-tower-on-9-11/",
        "https://pix11.com/news/local-news/september-11-20-years-later/a-blind-man-his-guide-dog-and-their-escape-from-the-north-tower-on-9-11"
    ],
    "external_images": [],
    "internal_images": [],
    "entities": {
        "persons": [
            {
                "name": "Michael Hingson",
                "sentiment": "none"
            }
        ],
        "locations": [
            {
                "name": "Shanksville",
                "sentiment": "none"
            }
        ],
        "organizations": [
            {
                "name": "American Airlines",
                "sentiment": "none",
                "tickers": [
                    {
                        "ticker": "AAL",
                        "exchange": "NASDAQ"
                    }
                ]
            }
        ]
    },
    "syndication": {
        "syndicated": false,
        "syndicate_id": null,
        "first_syndicated": false
    },
    "trust": {
        "categories": null,
        "top_news": [
            "top_news_in",
            "top_news_ca",
            "top_news_ph",
            "top_news_gb",
            "top_news_iq",
            "top_news_nz",
            "top_news_pk",
            "top_news_ae",
            "top_news_au",
            "top_news_us",
            "top_news_za",
            "top_news_qa",
            "top_news_sg",
            "top_news_sa",
            "top_news_my",
            "top_news_kw",
            "top_news"
        ],
        "bias": "center",
        "source": {
            "type": null,
            "city": null,
            "state": null,
            "country": null,
            "domain_type": null,
            "agency": null,
            "organization_name": null
        }
    },
    "rating": null,
    "crawled": "2025-09-11T10:57:32.713+03:00",
    "updated": "2025-09-12T11:04:36.000+03:00"
}