{
    "thread": {
        "uuid": "81aac93ea43d1fd2ec28629e2e8d5e41da66ae02",
        "url": "https://www.businesstoday.in/markets/stocks/story/cian-agro-shares-soar-178-in-a-month-oil-firm-issues-clarification-on-price-surge-493576-2025-09-11",
        "site_full": "www.businesstoday.in",
        "site": "businesstoday.in",
        "site_section": "https://www.businesstoday.in/amp/latest/economy",
        "site_categories": [
            "media",
            "financial_news",
            "finance"
        ],
        "section_title": "Business News India: Latest Business News Today, Share Market, Economy",
        "site_title": "Business News India: Latest Business News Today, Share Market, Economy",
        "title": "CIAN Agro shares soar 178% in a month; oil firm clarifies on price surge",
        "title_full": "CIAN Agro shares soar 178% in a month; oil firm clarifies on price surge",
        "published": "2025-09-11T12:33:00.000+03:00",
        "replies_count": 0,
        "participants_count": 1,
        "site_type": "news",
        "country": "IN",
        "main_image": "https://akm-img-a-in.tosshub.com/businesstoday/images/story/202509/68c297689df0b-cian-agro-the-stock-has-delivered-a-massive-17799-per-cent-return-in-the-past-month-and-an-astound-113322361-16x9.png",
        "performance_score": 0,
        "domain_rank": 3845,
        "domain_rank_updated": "2025-06-03T00:00:00.000+03:00",
        "licensing_agency": [],
        "social": {
            "facebook": {
                "likes": 0,
                "comments": 0,
                "shares": 0
            },
            "vk": {
                "shares": 0
            }
        }
    },
    "uuid": "81aac93ea43d1fd2ec28629e2e8d5e41da66ae02",
    "url": "https://www.businesstoday.in/markets/stocks/story/cian-agro-shares-soar-178-in-a-month-oil-firm-issues-clarification-on-price-surge-493576-2025-09-11",
    "ord_in_thread": 0,
    "author": "@business_today",
    "published": "2025-09-11T12:33:00.000+03:00",
    "title": "CIAN Agro shares soar 178% in a month; oil firm clarifies on price surge",
    "text": "Shares of smallcap oil player CIAN Agro Industries & Infrastructure Ltd continued their rally for the 24th straight session on Thursday, gaining another 5 per cent to scale a fresh record high of Rs 1,142.40. With this move, the stock has delivered a massive 177.99 per cent return in the past month and an astounding 773.06 per cent gain over the last year.\nBSE has placed the counter under the long-term Additional Surveillance Measure (ASM: Stage 4) framework to caution investors amid extreme price volatility. The exchange has also sought clarification from the company regarding the sharp movement in its shares.\nIn its response, CIAN Agro stated: \"Our company follows strong internal controls and corporate governance practices to monitor and prevent any unauthorized dissemination of information. We confirm that no material information or event has been withheld that could, in our view, impact the price or volume behavior of the stock.\"\nThe company will hold its 38th Annual General Meeting (AGM) on September 30, 2025. Ahead of this, it informed the exchanges that Guttikonda Vara Lakshmi sold 1,85,485 shares at Rs 812 apiece.\nIn terms of financial performance, CIAN Agro reported a sharp turnaround in the June 2025 quarter (Q1 FY26). Consolidated net profit rose significantly to Rs 52.21 crore, compared with just Rs 9.79 lakh in the same period a year earlier. Revenue from operations surged to Rs 510.80 crore, against Rs 17.47 crore in the year-ago quarter.\nFrom a technical standpoint, the BSE-listed stock is trading above the 5-day, 10-, 20-, 30-, 50-, 100-, 150-day and 200-day simple moving averages (SMAs). Its 14-day relative strength index (RSI) came at 96.86. A level below 30 is defined as oversold while a value above 70 is considered overbought.\nThe scrip has a price-to-earnings (P/E) ratio of 3685.16 against a price-to-book (P/B) value of 35.82. Earnings per share (EPS) stood at 0.31 with a return on equity (RoE) of 0.98. According to Trendlyne data, CIAN Agro has a one-year beta of 0.3, indicating low volatility.\nAs of June 2025, promoters held a 67.67 per cent stake in CIAN Agro. The company's Managing Director, Nikhil Gadkari, is the son of Union Road Transport and Highways Minister Nitin Gadkari.",
    "highlightText": "",
    "highlightTitle": "",
    "highlightThreadTitle": "",
    "language": "english",
    "sentiment": "positive",
    "categories": [
        "Economy, Business and Finance",
        "Social Issue",
        "War, Conflict and Unrest"
    ],
    "topics": [
        "Economy, Business and Finance->financial service",
        "Economy, Business and Finance->economy",
        "Economy, Business and Finance->business and market analysis",
        "Social Issue->social condition"
    ],
    "ai_allow": true,
    "has_canonical": false,
    "breaking": false,
    "webz_reporter": false,
    "external_links": [],
    "external_images": [],
    "internal_images": [],
    "entities": {
        "persons": [
            {
                "name": "Guttikonda Vara Lakshmi",
                "sentiment": "none"
            }
        ],
        "locations": [],
        "organizations": [
            {
                "name": "CIAN Agro Industries & Infrastructure Ltd",
                "sentiment": "negative",
                "tickers": []
            }
        ]
    },
    "syndication": {
        "syndicated": false,
        "syndicate_id": null,
        "first_syndicated": false
    },
    "trust": {
        "categories": [],
        "top_news": [],
        "bias": null,
        "source": {
            "type": null,
            "city": null,
            "state": null,
            "country": null,
            "domain_type": null,
            "agency": null,
            "organization_name": null
        }
    },
    "rating": null,
    "crawled": "2025-09-11T13:10:03.476+03:00",
    "updated": "2025-09-11T13:12:54.000+03:00"
}