{
    "thread": {
        "uuid": "72cb059171fcba1ad949e08c4faebab079021a92",
        "url": "https://tass.ru/armiya-i-opk/25024713",
        "site_full": "tass.ru",
        "site": "tass.ru",
        "site_section": "https://tass.ru/rss/all.xml",
        "site_categories": [
            "media",
            "top_news_ru",
            "top_news"
        ],
        "section_title": "ТАСС",
        "site_title": "Новости в России и мире - ТАСС",
        "title": "ОАК: СВО показала, что российская военная авиация является лучшей в мире",
        "title_full": "ОАК: СВО показала, что российская военная авиация является лучшей в мире",
        "published": "2025-09-11T12:51:52.380+03:00",
        "replies_count": 0,
        "participants_count": 0,
        "site_type": "news",
        "country": "RU",
        "main_image": "https://cdn-storage-media.tass.ru/thumb/ru/armiya-i-opk/25024713?u=2025-09-11T09:18:40.702773",
        "performance_score": 0,
        "domain_rank": 1661,
        "domain_rank_updated": "2025-06-03T00:00:00.000+03:00",
        "licensing_agency": [],
        "social": {
            "facebook": {
                "likes": 0,
                "comments": 0,
                "shares": 0
            },
            "vk": {
                "shares": 0
            }
        }
    },
    "uuid": "72cb059171fcba1ad949e08c4faebab079021a92",
    "url": "https://tass.ru/armiya-i-opk/25024713",
    "ord_in_thread": 0,
    "author": null,
    "published": "2025-09-11T12:51:52.380+03:00",
    "title": "ОАК: СВО показала, что российская военная авиация является лучшей в мире",
    "text": "МОСКВА, 11 сентября. /ТАСС/. Специальная военная операция показала, что российская военная авиация является лучшей в мире. Иностранные заказчики, видя насколько эффективно российские самолеты применяются в боевых условиях, выстраиваются в очередь, заявил генеральный директор Объединенной авиастроительной корпорации (ОАК, входит в Ростех) Вадим Бадеха.\n\"Сегодня мы с вами видим, как специальная военная операция и то, как применяются наши самолеты, лучше лучше любых слов, лучше любых презентаций подтверждают, что наша боевая авиация - самая лучшая в мире. И мы видим лучшее подтверждение этому - огромную очередь из иностранных заказчиков. Потому что они видят, насколько эффективно применяются сегодня наши самолеты, насколько они доминируют в реальных боевых условиях\", - сказал он в ходе второго форума студентов-целевиков ОАК в Московском авиационном институте (МАИ).\nОбращаясь к студентам, Бадеха также отметил, что сегодня Россия находится на переломном этапе внедрения беспилотных технологий, искусственного интеллекта в авиацию. \"Это то, что придется делать уже вам, вашим рукам, вашим головам. И здесь на вас огромная надежда. Сегодня десятки, сотни миллиардов рублей инвестируются в создание новых производственных площадей. Но особое внимание мы уделяем и тому, чтобы создавались не только производственные мощности, но и мощности для разработки новой техники\", - отметил он.",
    "highlightText": "",
    "highlightTitle": "",
    "highlightThreadTitle": "",
    "language": "russian",
    "sentiment": "positive",
    "categories": [
        "Politics",
        "War, Conflict and Unrest",
        "Social Issue"
    ],
    "topics": [
        "Politics->censorship and freedom of speech",
        "Politics->political dissent",
        "War, Conflict and Unrest->military occupation"
    ],
    "ai_allow": true,
    "has_canonical": false,
    "breaking": false,
    "webz_reporter": false,
    "external_links": [],
    "external_images": [],
    "internal_images": [],
    "entities": {
        "persons": [],
        "locations": [],
        "organizations": []
    },
    "syndication": {
        "syndicated": null,
        "syndicate_id": null,
        "first_syndicated": false
    },
    "trust": {
        "categories": [],
        "top_news": [
            "top_news_ru",
            "top_news"
        ],
        "bias": null,
        "source": {
            "type": null,
            "city": null,
            "state": null,
            "country": null,
            "domain_type": null,
            "agency": null,
            "organization_name": null
        }
    },
    "rating": null,
    "crawled": "2025-09-11T12:51:52.380+03:00",
    "updated": "2025-09-12T13:07:41.000+03:00"
}