{
    "thread": {
        "uuid": "61cedec6531f1307a7834a4dbcb49d3f77ec0573",
        "url": "https://eldiariony.com/2025/03/19/gianni-infantino-visitara-mexico-con-miras-al-mundial-2026",
        "site_full": "eldiariony.com",
        "site": "eldiariony.com",
        "site_section": "https://newstral.com/es/article",
        "site_categories": [
            "media"
        ],
        "section_title": "Ticker - Newstral.com",
        "site_title": "El Diario NY - Últimas Noticias en Español de New York, USA, y El Mundo",
        "title": "Gianni Infantino visitará México con miras al Mundial 2026 - El Diario NY",
        "title_full": "Gianni Infantino visitará México con miras al Mundial 2026 - El Diario NY",
        "published": "2025-03-20T00:15:00.000+02:00",
        "replies_count": 0,
        "participants_count": 1,
        "site_type": "news",
        "country": "US",
        "main_image": "https://eldiariony.com/wp-content/uploads/sites/2/2025/03/AP25066746418955.jpg?w=1200",
        "performance_score": 0,
        "domain_rank": 16399,
        "domain_rank_updated": "2025-03-17T23:00:00.000+02:00",
        "social": {
            "facebook": {
                "likes": 0,
                "comments": 0,
                "shares": 0
            },
            "vk": {
                "shares": 0
            }
        }
    },
    "uuid": "61cedec6531f1307a7834a4dbcb49d3f77ec0573",
    "url": "https://eldiariony.com/2025/03/19/gianni-infantino-visitara-mexico-con-miras-al-mundial-2026",
    "ord_in_thread": 0,
    "parent_url": null,
    "author": "Miguel Rapetti",
    "published": "2025-03-20T00:15:00.000+02:00",
    "title": "Gianni Infantino visitará México con miras al Mundial 2026 - El Diario NY",
    "text": "Gianni Infantino visitará México con miras al Mundial 2026\nClaudia Sheinbaum, presidenta de México, dio a conocer la noticia de Infantino y también explicó que la sede en Ciudad de México está \"muy avanzada\"\nLa presidenta de México, Claudia Sheinbaum, reveló este miércoles que el presidente de la FIFA, Gianni Infantino, visitará la nación norteamericana con miras a continuar con los preparativos de la Copa del Mundo 2026 donde serán anfitriones, junto a Canadá y Estados Unidos.\nEn una conferencia de prensa matutina Sheinbaum explicó que se encuentra trabajando de primera mano con Infantino en la logística de los preparativos del Mundial y que efectivamente el mandatario estará en México pero “no recordó” la fecha exacta.\n“Sí, (Infantino) va a venir pronto. No, no me acuerdo qué fecha, pero va a venir pronto también. Y sí, sí lo estamos trabajando“, explicó la funcionaria ante los medios.\nLa gobernante mexicana respondió a preguntas de la prensa sobre la visita del dirigente del balompié mundial, quien ya se ha reunido con el mandatario de Estados Unidos, Donald Trump, aunque no aclaró si ella también tendrá un encuentro personal con Infantino.\nNo obstante, aseveró que Ciudad de México, que será sede de la Copa del Mundo junto a Monterrey y Guadalajara, está “muy avanzada” en muchos temas.\nEl Mundial de la FIFA 2026 será el primero de la historia que incluya tres países organizadores y transcurrirá entre México, Estados Unidos y Canadá.\nLa Secretaría de Turismo federal ha estimado la llegada de más de 7 millones de visitantes adicionales al país durante el evento.\nMéxico albergará una cita mundialista por tercera vez en su historia, después de la disputa de los de 1970, que acabó con victoria de la Brasil de Pelé ante Italia (4-1).\nMás tarde, en 1986, concluyó con el título de Argentina y la consagración definitiva de Diego Armando Maradona como autor de dos tantos que pasaron a la historia: el de la “Mano de Dios” y el denominado “‘Gol del Siglo”, ambos contra Inglaterra en cuartos de final.\nSigue leyendo:",
    "highlightText": "",
    "highlightTitle": "",
    "highlightThreadTitle": "",
    "language": "spanish",
    "sentiment": "positive",
    "categories": [
        "Sport",
        "Politics",
        "Human Interest"
    ],
    "topics": [
        "Sport->soccer",
        "Politics->sports policies",
        "Politics->government",
        "Human Interest->record and achievement"
    ],
    "ai_allow": true,
    "has_canonical": false,
    "breaking": false,
    "webz_reporter": false,
    "external_links": [],
    "external_images": [],
    "entities": {
        "persons": [
            {
                "name": "Claudia Sheinbaum",
                "sentiment": "none"
            },
            {
                "name": "Gianni Infantino",
                "sentiment": "none"
            },
            {
                "name": "Donald Trump",
                "sentiment": "none"
            }
        ],
        "locations": [],
        "organizations": [
            {
                "name": "FIFA",
                "sentiment": "none",
                "tickers": []
            }
        ]
    },
    "syndication": {
        "syndicated": null,
        "syndicate_id": null,
        "first_syndicated": false
    },
    "trust": null,
    "rating": null,
    "crawled": "2025-03-20T00:38:57.710+02:00",
    "updated": "2025-03-20T00:38:57.710+02:00"
}