{
    "thread": {
        "uuid": "4ac37dc45596842056b230edc9c3826328362db2",
        "url": "https://c.m.163.com/news/a/JR2505IL05560THT.html?spss=backflow-index-hotlist",
        "site_full": "c.m.163.com",
        "site": "163.com",
        "site_section": "https://c.m.163.com",
        "site_categories": [
            "sports",
            "top_news_vn",
            "top_news_th",
            "top_news_nz",
            "top_news_rs",
            "top_news_sg",
            "top_news_tw",
            "top_news_hk",
            "top_news_my",
            "top_news"
        ],
        "section_title": "网易新闻客户端",
        "site_title": null,
        "title": "凌晨2点！国足世预赛卡位战 1分摆脱垫底 最好结果：印尼平日本胜",
        "title_full": "凌晨2点！国足世预赛卡位战 1分摆脱垫底 最好结果：印尼平日本胜",
        "published": "2025-03-20T00:36:39.839+02:00",
        "replies_count": 0,
        "participants_count": 0,
        "site_type": "news",
        "country": "CN",
        "main_image": "",
        "performance_score": 0,
        "domain_rank": 298,
        "domain_rank_updated": "2025-03-17T23:00:00.000+02:00",
        "social": {
            "facebook": {
                "likes": 0,
                "comments": 0,
                "shares": 0
            },
            "vk": {
                "shares": 0
            }
        }
    },
    "uuid": "4ac37dc45596842056b230edc9c3826328362db2",
    "url": "https://c.m.163.com/news/a/JR2505IL05560THT.html?spss=backflow-index-hotlist",
    "ord_in_thread": 0,
    "parent_url": null,
    "author": null,
    "published": "2025-03-20T00:36:39.839+02:00",
    "title": "凌晨2点！国足世预赛卡位战 1分摆脱垫底 最好结果：印尼平日本胜",
    "text": "本周国际足坛各大洲将再次进行世界杯预选赛的比赛，亚洲区即将迎来第7轮的对阵；国足本轮将前往西亚客战沙特。如若本轮国足拿到3分，那么排名有望从垫底直接飙升到了第2。\n沙特目前世界排名第59，连续参加了2018和2022年的世界杯；国足则是第80。2队此前15次交锋，国足5胜4平6负稍占劣势；2队上一次交手是在去年9月份的18强赛第二轮，国足在早早取得进球且多打1人的情况下，1:2被沙特绝杀。而国足上次客战沙特则发生在2022年的世预赛当中，彼时比分2：3，仍是沙特获胜；国足上次击败沙特则还需要追溯到2015年的澳大利亚亚洲杯的小组赛当中。\n此番再次对阵，国足的目标自然是想客场拿分；此次国足已经成功归化了塞尔吉尼奥，这位国安新援能够加强了中场的组织传球能力；在U20亚洲杯上发挥不俗的王钰栋和刘诚宇一样入围最终的大名单，2人虽不一定首发，但也能作为奇兵使用。而且国足还寄希望占据更好的位置，从而获得出线的主动权。\n在目前C小组的积分榜上，日本队5胜1平不败拿到22分排在第一，获得直通权已经不是问题。排在第2的澳大利亚分数是7分，国足排在小组垫底的第6，不过分数却有6分；印尼，沙特和巴林也都是6分；5队之间相差只有1分。这样一来任何一场比赛的胜负结果都会影响整个排名走势；除了日本外，其他5队最后4轮的每场比赛都几乎是“生死战”。\n根据赛程时间表，国足与沙特比赛将在北京时间3月21日凌晨2点15分进行；同组另外2场比赛对阵是澳大利亚VS印尼（北京时间3月20日下午17点10分进行）日本VS巴林（北京时间3月20日晚18点35进行）。如若国足从沙特身上拿到3分，且澳大利亚和印尼战平以及日本战胜巴林，那么9分的国足将冲到小组第二。哪怕不是这种最好的结果，只要国足取得1分，无论澳大利亚和印尼胜负如何；亦或是巴林能否爆冷，国足都将摆脱垫底的位置。",
    "highlightText": "",
    "highlightTitle": "",
    "highlightThreadTitle": "",
    "language": "chinese",
    "sentiment": "positive",
    "categories": [
        "Sport",
        "Human Interest",
        "Arts, Culture and Entertainment"
    ],
    "topics": [
        "Sport->sport event",
        "Sport->soccer",
        "Human Interest->human mishap",
        "Arts, Culture and Entertainment->mass media"
    ],
    "ai_allow": true,
    "has_canonical": false,
    "breaking": false,
    "webz_reporter": false,
    "external_links": [],
    "external_images": [],
    "entities": {
        "persons": [],
        "locations": [],
        "organizations": []
    },
    "syndication": {
        "syndicated": null,
        "syndicate_id": null,
        "first_syndicated": false
    },
    "trust": null,
    "rating": null,
    "crawled": "2025-03-20T00:36:39.839+02:00",
    "updated": "2025-03-20T00:36:39.839+02:00"
}