{
    "thread": {
        "uuid": "3361f6df079fdadf614b3535e25c17bc7caa5871",
        "url": "https://www.lateja.cr/deportes/torneo-nacional/una-noticia-de-fifa-a-grupo-pachuca-acercaria-mas/RJ56XA2OCVDWNBVMAKBOPOB3RU/story",
        "site_full": "www.lateja.cr",
        "site": "lateja.cr",
        "site_section": "https://www.lateja.cr/videos/sucesos",
        "site_categories": [
            "media"
        ],
        "section_title": "Videos - Sucesos en Costa Rica | La Teja",
        "site_title": "Noticias de Costa Rica | La Teja",
        "title": "Una noticia de FIFA a Grupo Pachuca acercaría más a Alajuelense al Mundial de Clubes | La Teja",
        "title_full": "Una noticia de FIFA a Grupo Pachuca acercaría más a Alajuelense al Mundial de Clubes | La Teja",
        "published": "2025-03-20T00:21:00.000+02:00",
        "replies_count": 0,
        "participants_count": 1,
        "site_type": "news",
        "country": "CR",
        "main_image": "https://www.lateja.cr/resizer/v2/I5KDY2BGNJCQZAZEAKEYXYNOSY.jpg?smart=true&amp;auth=316aa7b82b64dc3f8f237b5554661bba9055e7f56697588aa25ea223385e372d&amp;width=1440",
        "performance_score": 0,
        "domain_rank": 150081,
        "domain_rank_updated": "2025-03-17T23:00:00.000+02:00",
        "social": {
            "facebook": {
                "likes": 0,
                "comments": 0,
                "shares": 0
            },
            "vk": {
                "shares": 0
            }
        }
    },
    "uuid": "3361f6df079fdadf614b3535e25c17bc7caa5871",
    "url": "https://www.lateja.cr/deportes/torneo-nacional/una-noticia-de-fifa-a-grupo-pachuca-acercaria-mas/RJ56XA2OCVDWNBVMAKBOPOB3RU/story",
    "ord_in_thread": 0,
    "parent_url": null,
    "author": "Sergio Alvarado",
    "published": "2025-03-20T00:21:00.000+02:00",
    "title": "Una noticia de FIFA a Grupo Pachuca acercaría más a Alajuelense al Mundial de Clubes | La Teja",
    "text": "Periodista mexicano ilusiona a Alajuelense con el Mundial de Clubes FIFA le habría mandado un bombazo a Grupo Pachuca que lo pone en muy mala posición para el Mundial de Clubes Escuchar Por Sergio Alvarado 19 de marzo 2025, 04:21 p. m.\nLa FIFA al final sacaría a uno de los equipos de grupo Pachuca según informan desde México.Foto: X Pachuca La FIFA habría dado este miércoles una noticia a Grupo Pachuca, dueño de los clubes Pachuca y León en el fútbol mexicano que los habría dejado fríos y es que acerca a Alajuelense al Mundial de Clubes.\nEl periodista John Sutcliffe de ESPN comentó este miércoles en un programa en ESPN México, que el ente rector del fútbol mundial ya le dio la noticia a los aztecas de que solo permitiría ir a uno de sus cuadros, dado que el reglamento de la copa del mundo no permite que dos equipos de un mismo grupo estén en el evento.\nSegún el comunicador el gran ganador con esta resolución sería Alajuelense por méritos deportivos, dado que es el mejor clasificado en el ranquin de Concacaf para el certamen, motivo por el que los manudos metieron una apelación hace meses y actualmente tienen un reclamo ante el Tribunal de Arbitraje Deportivo (TAS) que está pronto a resolverla.\nSutcliffe dijo que la situación es tal que Grupo Pachuca metería su propio reclamo al TAS para que permitan ir a los dos equipos al asegurar que se ganaron en la cancha el derecho, aunque el reglamento tenga ese impedimiento.\nLos esperamos #Enfocados #3pm @Beto_Murrieta @cprocuna #HectorHuerta @fifamedia\nFIFA ya notificó al Grupo Pachuca su resolución sobre la participación de sus dos equipos en el Mundial de Clubes. La información, a las 3 PM en Enfocados.\nLos esperamos 3pm pic.twitter.com/ss90E1TMvE\n— John Sutcliffe (@espnsutcliffe) March 19, 2025 Según lo comentado en el programa también se habló la posibilidad que equipos como Tigres de México o el LAFC de Estados Unidos puedan ir en lugar de uno de los dos de Grupo Pachuca, sin embargo no tendría justificación dado que el reglamento del torneo tampoco deja más de dos equipos de un mismo país.\nMéxico en este momento tiene a tres equipos que son Monterrey, Pachuca y León, mientras que los gringos tienen dos, el Seattle Sounders y el Inter Miami.\n🚨 FIFA ya le habría notificado a Grupo Pachuca que solamente podría participar uno de sus equipos en el Mundial, revela @espnsutcliffe .\nEl Club León y los Tuzos irían al TAS para apelar la decisión, aunque el sacrificado serían los esmeraldas. ¿En qué terminará esta historia? pic.twitter.com/Iy5DHq4Jx1\n— Fieramanía (@FieramaniaMX) March 19, 2025",
    "highlightText": "",
    "highlightTitle": "",
    "highlightThreadTitle": "",
    "language": "spanish",
    "sentiment": "positive",
    "categories": [
        "Sport"
    ],
    "topics": [
        "Sport->sport event",
        "Sport->soccer"
    ],
    "ai_allow": true,
    "has_canonical": false,
    "breaking": false,
    "webz_reporter": false,
    "external_links": [
        "https://assets.readaloudwidget.com/embed/skins/default",
        "https://twitter.com/Beto_Murrieta?ref_src=twsrc%5Etfw",
        "https://t.co/ss90E1TMvE",
        "https://twitter.com/cprocuna?ref_src=twsrc%5Etfw",
        "https://twitter.com/hashtag/3pm?src=hash&ref_src=twsrc%5Etfw",
        "https://twitter.com/FieramaniaMX/status/1902478099855691882?ref_src=twsrc%5Etfw",
        "https://twitter.com/hashtag/Enfocados?src=hash&ref_src=twsrc%5Etfw",
        "https://twitter.com/hashtag/HectorHuerta?src=hash&ref_src=twsrc%5Etfw",
        "https://www.nacion.com/gnfactory/especiales/2023/headphones-1.svg",
        "https://assets.readaloudwidget.com/embed/",
        "https://twitter.com/espnsutcliffe/status/1902462678934684112?ref_src=twsrc%5Etfw",
        "https://t.co/Iy5DHq4Jx1",
        "https://twitter.com/fifamedia?ref_src=twsrc%5Etfw",
        "https://twitter.com/espnsutcliffe?ref_src=twsrc%5Etfw",
        "https://twitter.com/Beto_Murrieta",
        "https://www.twitter.com/FieramaniaMX/status/1902478099855691882?ref_src=twsrc%5Etfw",
        "https://www.t.co/Iy5DHq4Jx1",
        "https://twitter.com/espnsutcliffe",
        "https://www.twitter.com/fifamedia?ref_src=twsrc%5Etfw",
        "https://assets.readaloudwidget.com/embed",
        "https://www.twitter.com/hashtag/HectorHuerta?src=hash&ref_src=twsrc%5Etfw",
        "https://www.assets.readaloudwidget.com/embed/skins/default",
        "https://twitter.com/fifamedia",
        "https://www.twitter.com/cprocuna?ref_src=twsrc%5Etfw",
        "https://www.twitter.com/hashtag/Enfocados?src=hash&ref_src=twsrc%5Etfw",
        "https://www.twitter.com/espnsutcliffe?ref_src=twsrc%5Etfw",
        "https://twitter.com/cprocuna",
        "https://twitter.com/FieramaniaMX/status/1902478099855691882",
        "https://www.twitter.com/Beto_Murrieta?ref_src=twsrc%5Etfw",
        "https://twitter.com/hashtag/3pm",
        "https://www.twitter.com/hashtag/3pm?src=hash&ref_src=twsrc%5Etfw",
        "https://twitter.com/hashtag/HectorHuerta",
        "https://twitter.com/espnsutcliffe/status/1902462678934684112",
        "https://www.twitter.com/espnsutcliffe/status/1902462678934684112?ref_src=twsrc%5Etfw",
        "https://nacion.com/gnfactory/especiales/2023/headphones-1.svg",
        "https://www.assets.readaloudwidget.com/embed/",
        "https://www.t.co/ss90E1TMvE",
        "https://twitter.com/hashtag/Enfocados"
    ],
    "external_images": [],
    "entities": {
        "persons": [],
        "locations": [],
        "organizations": []
    },
    "syndication": {
        "syndicated": null,
        "syndicate_id": null,
        "first_syndicated": false
    },
    "trust": null,
    "rating": null,
    "crawled": "2025-03-20T00:51:47.886+02:00",
    "updated": "2025-03-20T00:57:04.422+02:00"
}