{
    "thread": {
        "uuid": "0c137b978184088e0860d3a3c1dd8758538ee840",
        "url": "https://www.cbssports.com/general/news/ncaa-tournament-2025-bracket-picks-cinderella-teams-and-upsets-model-simulates-march-madness-10000-times",
        "site_full": "www.cbssports.com",
        "site": "cbssports.com",
        "site_section": "https://www.cbssports.com",
        "site_categories": [
            "football",
            "sports"
        ],
        "section_title": "CBS Sports - News, Live Scores, Schedules, Fantasy Games, Video and more. - CBSSports.com",
        "site_title": "CBS Sports - News, Live Scores, Schedules, Fantasy Games, Video and more. - CBSSports.com",
        "title": "NCAA Tournament 2025 bracket picks, Cinderella teams, and upsets: Model simulates March Madness 10,000 times - CBSSports.com",
        "title_full": "NCAA Tournament 2025 bracket picks, Cinderella teams, and upsets: Model simulates March Madness 10,000 times - CBSSports.com",
        "published": "2025-03-20T00:08:00.000+02:00",
        "replies_count": 0,
        "participants_count": 1,
        "site_type": "news",
        "country": "US",
        "main_image": "https://sportshub.cbsistatic.com/i/r/2025/03/19/76b07e75-384a-49bb-b5b5-197480e83813/thumbnail/1200x675/5df41491a854b3b85d167bb78bcd60f4/usatsi-25679698.jpg",
        "performance_score": 0,
        "domain_rank": 1659,
        "domain_rank_updated": "2025-03-17T23:00:00.000+02:00",
        "social": {
            "facebook": {
                "likes": 0,
                "comments": 0,
                "shares": 0
            },
            "vk": {
                "shares": 0
            }
        }
    },
    "uuid": "0c137b978184088e0860d3a3c1dd8758538ee840",
    "url": "https://www.cbssports.com/general/news/ncaa-tournament-2025-bracket-picks-cinderella-teams-and-upsets-model-simulates-march-madness-10000-times",
    "ord_in_thread": 0,
    "parent_url": null,
    "author": "CBS Sports Staff",
    "published": "2025-03-20T00:08:00.000+02:00",
    "title": "NCAA Tournament 2025 bracket picks, Cinderella teams, and upsets: Model simulates March Madness 10,000 times - CBSSports.com",
    "text": "USATSI North Carolina was the last team in the NCAA Tournament bracket 2025, but the Tar Heels' performance in their First Four matchup against San Diego State left no doubts they are one of the 68 best teams in the country. North Carolina demolished San Diego State, 95-68, on Tuesday and advances to play No. 6 seed Ole Miss in the Round of 64 on Thursday. Should the Rebels be put on upset alert for 2025 March Madness bracket picks after Tuesday night's blowout? The Tar Heels were the preseason No. 9 team in the country after adding two five-star freshmen to join guard RJ Davis. Davis was last year's ACC Player of the Year and he had 26 points, including making 6 of 6 3-pointers, on Tuesday. How dangerous is North Carolina the remainder of March Madness 2025? Before making any 2025 March Madness bracket predictions, be sure to check out the 2025 NCAA Tournament bracket picks from the proven computer model at SportsLine .\nTheir proven projection model has simulated every game in the tournament 10,000 times. It has absolutely crushed its March Madness picks recently, beating over 91 percent of all CBS Sports brackets in four of the past six tournaments. It was all over UConn's championship run a year ago and nailed 13 teams in the Sweet 16. It also nailed Alabama's Cinderella run to the Final Four as a 4-seed.\nIt knows how to spot an upset as well. The same model has produced brackets that have nailed 24 first-round upsets by double-digit seeds since its inception in 2016. There's simply no reason to rely on luck when there's proven technology to help you dominate your 2025 March Madness pools.\nNow, with the 2025 NCAA bracket being revealed, the model is simulating the matchups and its results are in. You can only see it over at SportsLine .\n2025 March Madness bracket games to watch One of the 2025 March Madness matchups to keep an eye on: No. 8 seed Mississippi State vs. No. 9 seed Baylor in the East Region. Baylor is led by senior forward Norchad Omier, who averages 15.9 points and 10.9 rebounds per game. Their freshman guard, VJ Edgecombe averaged 15.0 points per game and projects to be a high lottery pick in June's NBA Draft. The Aggies limp into March Madness having lost five of their last seven games, including by 12 to Missouri in the SEC Tournament. They are led by guard Josh Hubbard, who averaged 18.7 PPG. This matchup, which seems likely to be close, tips off on Friday at 12:15 p.m. ET.\nAlso in the East Region, BYU vs. VCU figures to be a pivotal 6 vs. 11 matchup. BYU makes no secret about how it wants to play. They want to shoot from far away, and do so often. The Cougars shot the 16th-most 3-pointers in college basketball and made the seventh-most, averaging 10.7 triples per contest. BYU had the 33rd best 3-point percentage (37.1%), despite shooting so often from deep that they aren't always open looks. But VCU is one of the best at defending the 3-point shot. The Rams rank 22nd in 3-point percentage against (30.6%), which helped them have the No. 6 overall scoring defense in the nation, allowing 62.5 ppg. This matchup of strength vs. strength makes for an intriguing 6 vs. 11 matchup with No. 6 seeds having a .609 win percentage in the opening round, which is the second-lowest of the eight higher seeds.\nThe third matchup to watch in the East Region features No. 3 seed Wisconsin vs. No. 14 seed Montana. The Grizzlies are making their first March Madness appearance since 2019 and they have only made it out of the first round once in 11 trips dating back to 1991. They should be full of confidence, however, since they have won 14 of their last 15 games and were runners-up in the Big Sky Tournament. Montana's swagger could be a threat to Wisconsin, who were a No. 5 seed in last year's tournament and lost to No. 12 James Madison 72-61. Senior guard John Tonje leads the Badgers with 19.2 average points per game, and the team will lean on him to help overwhelm a Montana defense that gave up 72.9 average points a night this season. You can see how far all these teams go over at SportsLine .\nHow to make 2025 NCAA bracket predictions How far will those major programs go? And which Cinderella teams will make surprising runs through the 2025 NCAA Tournament bracket? With the model's track record of calling bracket-busting upsets, you'll want to see which stunners it is calling this year before locking in any 2025 NCAA bracket picks .\nSo what's the optimal NCAA Tournament bracket 2025? And which 2025 March Madness underdogs will shock college basketball? Visit SportsLine now to see which teams you can back with confidence, all from the model that's nailed 24 upsets by double-digit seeds since its inception and beat over 91% of players in four of the last six tournaments .\nOur Latest General Stories Texas vs. Xavier odds, First Four picks CBS Sports Staff • 2 min read Optimal 2025 March Madness bracket picks revealed CBS Sports Staff • 3 min read Best 2025 bracket expert picks, upset alerts CBS Sports Staff • 2 min read 2025 NCAA Tournament upsets, picks, bracket advice CBS Sports Staff • 3 min read Best 2025 bracket picks, teams to watch, upset alerts CBS Sports Staff • 4 min read Best 2025 bracket picks, teams to watch, upset alerts CBS Sports Staff • 4 min read Now Playing Share Share Video Link copied! March Madness 2025 bracket picks, predictions CBS Sports Staff 3 min read NCAA Tournament cheat sheet you have to read before filling out your bracket Matt Norlander 16 min read NFL three-round mock draft: Colorado stars land in AFC East; all 102 picks Chris Trapasso 3 min read Page honoring Jackie Robinson returns to Department of Defense website Matt Snyder 2 min read NC State expected to hire former LSU coach Wade away from McNeese David Cobb 2 min read LSU lands Tristen Keys, the No. 1 receiver in Class of 2026 Shehan Jeyarajah 1 min read Report: Vikings riding with McCarthy, not pursuing deal with Rodgers Cody Benjamin 1 min read Report: Browns showing interest in Wentz as potential bridge QB Tyler Sullivan 2 min read",
    "highlightText": "",
    "highlightTitle": "",
    "highlightThreadTitle": "",
    "language": "english",
    "sentiment": "positive",
    "categories": [
        "Sport",
        "Human Interest",
        "Lifestyle and Leisure"
    ],
    "topics": [
        "Sport->basketball",
        "Sport->sport event",
        "Human Interest->record and achievement",
        "Lifestyle and Leisure->trend",
        "Lifestyle and Leisure->gaming and lottery",
        "Lifestyle and Leisure->game"
    ],
    "ai_allow": true,
    "has_canonical": false,
    "breaking": false,
    "webz_reporter": false,
    "external_links": [
        "https://www.sportsline.com/insiders/2025-ncaa-tournament-optimal-bracket-simulation-model-on-epic-run-reveals-picks-predictions/#ttag=03162025_agg_cbssports_picks_basketball_ncaa_model_fastbracket2cbb",
        "https://twitter.com/intent/tweet?text=which-1-seed-has-the-toughest-road-to-the-final-four-ncaa-march-madness-bracket-breakdown&url=https://www.cbssports.com/watch/general/video/which-1-seed-has-the-toughest-road-to-the-final-four-ncaa-march-madness-bracket-breakdown",
        "https://www.facebook.com/dialog/share?app_id=297742330311988&display=popup&href=https://www.cbssports.com/watch/general/video/which-1-seed-has-the-toughest-road-to-the-final-four-ncaa-march-madness-bracket-breakdown",
        "https://twitter.com/intent/tweet",
        "https://www.facebook.com/dialog/share?app_id=297742330311988&display=popup&href=",
        "https://facebook.com/dialog/share?app_id=297742330311988&display=popup&href=https://cbssports.com/watch/general/video/which-1-seed-has-the-toughest-road-to-the-final-four-ncaa-march-madness-bracket-breakdown",
        "https://twitter.com/intent/tweet?text=which-1-seed-has-the-toughest-road-to-the-final-four-ncaa-march-madness-bracket-breakdown&url=https://cbssports.com/watch/general/video/which-1-seed-has-the-toughest-road-to-the-final-four-ncaa-march-madness-bracket-breakdown",
        "https://www.facebook.com/dialog/share",
        "https://facebook.com/dialog/share?app_id=297742330311988&display=popup&href=",
        "https://sportsline.com/insiders/2025-ncaa-tournament-optimal-bracket-simulation-model-on-epic-run-reveals-picks-predictions/#ttag=03162025_agg_cbssports_picks_basketball_ncaa_model_fastbracket2cbb",
        "https://twitter.com/intent/tweet",
        "https://www.twitter.com/intent/tweet"
    ],
    "external_images": [],
    "entities": {
        "persons": [],
        "locations": [],
        "organizations": []
    },
    "syndication": {
        "syndicated": false,
        "syndicate_id": null,
        "first_syndicated": false
    },
    "trust": null,
    "rating": null,
    "crawled": "2025-03-20T00:29:16.903+02:00",
    "updated": "2025-03-20T01:18:13.531+02:00"
}