{
    "thread": {
        "uuid": "45855919858b5d1317c6192560a7e296eada38b1",
        "url": "https://flipboard.com/topic/knoxvilletennessee/-/a-ZoxaqUcoRI2d4qApnR0CVw%3Aa%3A3195382-%2F0",
        "site_full": "flipboard.com",
        "site": "flipboard.com",
        "site_section": "https://flipboard.com/topic/knoxvilletennessee",
        "site_categories": [
            "family_and_parenting",
            "eldercare"
        ],
        "section_title": "Discover More in Knoxville (Tenn.) on Flipboard",
        "site_title": "Flipboard: Your Social Magazine",
        "title": "Receiver Tristen Keys, No. 16 recruit for '26, commits to LSU | Flipboard",
        "title_full": "Receiver Tristen Keys, No. 16 recruit for '26, commits to LSU | Flipboard",
        "published": "2025-03-20T00:16:00.000+02:00",
        "replies_count": 0,
        "participants_count": 1,
        "site_type": "news",
        "country": "US",
        "main_image": "https://ic-cdn.flipboard.com/espncdn.com/1dcb2d4dbeaa3d6871cc9628ac9e7c9b4da4b8d0/_medium.jpeg",
        "performance_score": 0,
        "domain_rank": 1234,
        "domain_rank_updated": "2025-03-17T23:00:00.000+02:00",
        "social": {
            "facebook": {
                "likes": 0,
                "comments": 0,
                "shares": 0
            },
            "vk": {
                "shares": 0
            }
        }
    },
    "uuid": "45855919858b5d1317c6192560a7e296eada38b1",
    "url": "https://flipboard.com/topic/knoxvilletennessee/-/a-ZoxaqUcoRI2d4qApnR0CVw%3Aa%3A3195382-%2F0",
    "ord_in_thread": 0,
    "parent_url": null,
    "author": "ESPN - Eli Lederman",
    "published": "2025-03-20T00:16:00.000+02:00",
    "title": "Receiver Tristen Keys, No. 16 recruit for '26, commits to LSU | Flipboard",
    "text": "Receiver Tristen Keys, No. 16 recruit for '26, commits to LSU Five-star wide receiver Tristen Keys, ESPN's No. 16 overall prospect in the 2026 class, committed to LSU over Alabama, Tennessee and Texas A&M, his …\nESPN - Eli Lederman • 46m",
    "highlightText": "",
    "highlightTitle": "",
    "highlightThreadTitle": "",
    "language": "english",
    "sentiment": "positive",
    "categories": [
        "Sport",
        "Education",
        "Human Interest"
    ],
    "topics": [
        "Sport->sport event",
        "Sport->sports transaction",
        "Sport->soccer",
        "Education->college and university",
        "Education->students",
        "Human Interest->record and achievement"
    ],
    "ai_allow": true,
    "has_canonical": false,
    "breaking": false,
    "webz_reporter": false,
    "external_links": [],
    "external_images": [],
    "entities": {
        "persons": [
            {
                "name": "Tristen Keys",
                "sentiment": "negative"
            },
            {
                "name": "Eli Lederman",
                "sentiment": "none"
            }
        ],
        "locations": [],
        "organizations": [
            {
                "name": "Texas A&M",
                "sentiment": "none",
                "tickers": []
            },
            {
                "name": "ESPN",
                "sentiment": "none",
                "tickers": []
            }
        ]
    },
    "syndication": {
        "syndicated": false,
        "syndicate_id": null,
        "first_syndicated": false
    },
    "trust": null,
    "rating": null,
    "crawled": "2025-03-20T01:02:08.721+02:00",
    "updated": "2025-03-20T01:02:08.721+02:00"
}