{
    "thread": {
        "uuid": "057b0efa2d52bce7fcb33fbc72befc0fcda457ef",
        "url": "https://www.newkerala.com/news/o/sunil-chhetri-slams-95th-goal-india-outplay-maldives-399",
        "site_full": "www.newkerala.com",
        "site": "newkerala.com",
        "site_section": "https://www.newkerala.com/news",
        "site_categories": [
            "media"
        ],
        "section_title": "NEWS TRENDS TODAY | Top News Headlines",
        "site_title": "News, Entertainment & Wellness by newKerala dot com",
        "title": "Sunil Chhetri Leads India's 3-0 Triumph Over Maldives | NewKerala.com",
        "title_full": "Sunil Chhetri Leads India's 3-0 Triumph Over Maldives | NewKerala.com",
        "published": "2025-03-20T00:35:51.436+02:00",
        "replies_count": 0,
        "participants_count": 1,
        "site_type": "news",
        "country": "IN",
        "main_image": "https://one.newkerala.com/images/t/newkerala-com-news250.webp",
        "performance_score": 0,
        "domain_rank": 23188,
        "domain_rank_updated": "2025-03-17T23:00:00.000+02:00",
        "social": {
            "facebook": {
                "likes": 0,
                "comments": 0,
                "shares": 0
            },
            "vk": {
                "shares": 0
            }
        }
    },
    "uuid": "057b0efa2d52bce7fcb33fbc72befc0fcda457ef",
    "url": "https://www.newkerala.com/news/o/sunil-chhetri-slams-95th-goal-india-outplay-maldives-399",
    "ord_in_thread": 0,
    "parent_url": null,
    "author": "ANI",
    "published": "2025-03-20T00:35:51.436+02:00",
    "title": "Sunil Chhetri Leads India's 3-0 Triumph Over Maldives | NewKerala.com",
    "text": "Key Points\nChhetri returns after 286 days to lead Blue Tigers\nRahul Bheke and Liston Colaco score decisive goals\nFirst win under Manolo Marquez\nSeasoned defender Rahul Bheke (34') and Player of the Match Liston Colaco (66') scored the first two goals for India with strong headers off corner kicks that brooked no defence to find the back of the net.\nThe biggest cheers were reserved for skipper Sunil Chhetri, who scored his 95th international goal when he guided a Colaco cross from the left into the net with a swift header in the 76th minute.\nThe win paved the way for the Blue Tigers to break their 15-month international victory drought. It was also India's first win under Spanish coach Manolo Marquez. India will now play Bangladesh in the AFC Asian Cup 2027 Qualifiers at the same venue on March 25.\nThe excitement at the JN Stadium, hosting a senior men's international match for the first time, was evident from the beginning as legendary striker Chhetri made a comeback to the national team after 286 days to play his 152nd match. The crowd was nearly on its feet in the very first minute when Chhetri created a move that could have fetched a goal.\nChhetri's cross from the left at the goalmouth was a gem and a defensive error made things easier for India as the ball dropped free near the six-yard box. Naorem Mahesh Singh, however, failed to grab the opportunity.\nThe Indian captain was at it again in the 14th minute. His delicate header off a free kick from the left travelled across the Maldives goalmouth most invitingly, but none in the Indian forward line could make the crucial connection.\nOverall, there was no question about India's domination. With Liston Colaco, Naorem Mahesh Singh and Brandon Fernandes doing their bit, the Blue Tigers tightened the noose in and around the Maldives defence. Yet, the breakthrough remained elusive.\nThe Maldives defenders need to be credited for it; they closed down competently and made quick clearances even though some were hasty and desperate. In the 25th minute, a Colaco pile driver was spot on target but the Maldives goalkeeper Hussain Shareef displayed remarkable agility to thwart the attempt.\nShareef, however, was left clueless in the 35th minute when Brandon's corner from the left was met with a powerful header by Bheke that rifled inside like a bullet.\nThereafter, Maldives slowly faded away from the game as India took over in the second half. After a series of missed chances, Colaco picked up his first international goal in the 66th minute when he headed in a Mahesh Singh corner. Chhetri finally put the game to bed in the 76th minute with another header that angularly entered the net.\nIn the 82nd minute, Manolo decided to take off his star striker and bring Irfan Yadwad on. While Chhetri stepped off the ground with a hero's welcome, India played out the rest of the outing with a firm grip over the proceedings.",
    "highlightText": "",
    "highlightTitle": "",
    "highlightThreadTitle": "",
    "language": "english",
    "sentiment": "positive",
    "categories": [
        "Sport"
    ],
    "topics": [
        "Sport->soccer"
    ],
    "ai_allow": true,
    "has_canonical": false,
    "breaking": false,
    "webz_reporter": false,
    "external_links": [],
    "external_images": [],
    "entities": {
        "persons": [
            {
                "name": "Sunil Chhetri",
                "sentiment": "negative"
            },
            {
                "name": "Liston Colaco",
                "sentiment": "negative"
            },
            {
                "name": "Rahul Bheke",
                "sentiment": "negative"
            },
            {
                "name": "Manolo Marquez",
                "sentiment": "none"
            }
        ],
        "locations": [],
        "organizations": [
            {
                "name": "Blue Tigers",
                "sentiment": "none",
                "tickers": []
            }
        ]
    },
    "syndication": {
        "syndicated": false,
        "syndicate_id": null,
        "first_syndicated": false
    },
    "trust": null,
    "rating": null,
    "crawled": "2025-03-20T00:35:51.436+02:00",
    "updated": "2025-03-20T00:35:51.436+02:00"
}