{
    "thread": {
        "uuid": "97bf4b69c28e08d3a81a366be2334f6def317f35",
        "url": "https://www.olimpiadatododia.com.br/futebol/670444-manchester-city-de-kerolin-abre-vantagem-na-champions",
        "site_full": "www.olimpiadatododia.com.br",
        "site": "olimpiadatododia.com.br",
        "site_section": "https://www.olimpiadatododia.com.br/feed/",
        "site_categories": [
            "world_soccer",
            "volleyball",
            "sports"
        ],
        "section_title": "Olimpíada Todo Dia",
        "site_title": "OTD - Olimpíada Todo Dia - Portal do Esporte Olímpico Brasileiro",
        "title": "Manchester City de Kerolin abre vantagem na Champions",
        "title_full": "Manchester City de Kerolin abre vantagem na Champions",
        "published": "2025-03-20T00:51:00.000+02:00",
        "replies_count": 0,
        "participants_count": 1,
        "site_type": "news",
        "country": "BR",
        "main_image": "https://www.olimpiadatododia.com.br/wp-content/uploads/2025/03/CAPA-OTD-8.png",
        "performance_score": 0,
        "domain_rank": 80331,
        "domain_rank_updated": "2025-03-17T23:00:00.000+02:00",
        "social": {
            "facebook": {
                "likes": 0,
                "comments": 0,
                "shares": 0
            },
            "vk": {
                "shares": 0
            }
        }
    },
    "uuid": "97bf4b69c28e08d3a81a366be2334f6def317f35",
    "url": "https://www.olimpiadatododia.com.br/futebol/670444-manchester-city-de-kerolin-abre-vantagem-na-champions",
    "ord_in_thread": 0,
    "parent_url": null,
    "author": "Luciana Zerati",
    "published": "2025-03-20T00:51:00.000+02:00",
    "title": "Manchester City de Kerolin abre vantagem na Champions",
    "text": "O Manchester City e o Chelsea se enfrentaram em partida válida pelas quartas de final da Champions League Feminina 2024/25. O duelo aconteceu no Academy Stadium nesta quarta-feira (19), e o time da casa saiu vitorioso por 2 a 0, com gol da atacante Vivianne Miedema.\n+ SIGA O CANAL DO OLIMPÍADA TODO DIA NO WHATSAPP\nNo primeiro tempo, a partida teve um certo equilíbrio. O Chelsea manteve um ligeiro domínio na posse de bola, com 56%, contra 44% do Manchester City, que acabou saindo vencedor. No entanto, no quesito passes no terço final, as visitantes levaram vantagem, alcançando 80% de aproveitamento. Por outro lado, o Manchester City registrou mais tentativas de chute, com seis no total, mas nenhuma delas foi na direção do gol, o que resultou em um empate sem gols no primeiro tempo.\nNo segundo tempo, o primeiro gol da partida saiu aos 60 minutos, com a atacante Vivianne Miedema, do Manchester City. Apesar disso, o Chelsea continuou dominando a posse de bola e aumentou suas tentativas de gol, mas sem sucesso. Com a vantagem no placar, o time da casa soube administrar o jogo e, com um melhor aproveitamento de passes no terço final, marcou novamente com Miedema, consolidando a vitória e encaminhando a equipe para o resultado positivo.\n+ SIGA O OTD NO YOUTUBE, TWITTER, INSTAGRAM, TIK TOK, FACEBOOK E BLUESKY\nA brasileira Kerolin jogou os 90 minutos, recebeu um cartão amarelo, deu 1 assistência, teve 38 toques na bola e acertou 14 de 18 passes. O próximo confronto entre as equipes será no dia 27 de março, às 17h (horário de Brasília). Caso o Manchester City vença, se classificará para as semifinais.\nVocê deve estar logado para postar uma comentário\nLogin\nDeixe um Comentário\nCancelar resposta\nVocê precisa fazer o login para publicar um comentário.",
    "highlightText": "",
    "highlightTitle": "",
    "highlightThreadTitle": "",
    "language": "portuguese",
    "sentiment": "positive",
    "categories": [
        "Sport"
    ],
    "topics": [
        "Sport->regular competition",
        "Sport->sport event",
        "Sport->soccer"
    ],
    "ai_allow": true,
    "has_canonical": false,
    "breaking": false,
    "webz_reporter": false,
    "external_links": [
        "https://bsky.app/profile/did:plc:65p36kkn5njoia7p7zdzoa3s",
        "https://www.youtube.com/olimpiadatododiatv",
        "https://www.facebook.com/OlimpiadaTodoDia/",
        "https://www.instagram.com/otd_oficial/",
        "https://x.com/otd_oficial",
        "https://www.tiktok.com/@otd_oficial?",
        "https://whatsapp.com/channel/0029Vaj9Xsq1nozEOa4UKC2K",
        "https://facebook.com/OlimpiadaTodoDia/",
        "https://www.instagram.com/otd_oficial",
        "https://instagram.com/otd_oficial/",
        "https://www.tiktok.com/@otd_oficial",
        "https://youtube.com/olimpiadatododiatv",
        "https://www.whatsapp.com/channel/0029Vaj9Xsq1nozEOa4UKC2K",
        "https://www.bsky.app/profile/did:plc:65p36kkn5njoia7p7zdzoa3s",
        "https://tiktok.com/@otd_oficial?",
        "https://www.x.com/otd_oficial",
        "https://www.facebook.com/OlimpiadaTodoDia"
    ],
    "external_images": [],
    "entities": {
        "persons": [],
        "locations": [],
        "organizations": []
    },
    "syndication": {
        "syndicated": null,
        "syndicate_id": null,
        "first_syndicated": false
    },
    "trust": null,
    "rating": null,
    "crawled": "2025-03-20T01:07:40.340+02:00",
    "updated": "2025-03-20T01:07:40.340+02:00"
}