{
    "thread": {
        "uuid": "799a552f4b3948e39eb93dcf684c8ceea47ef594",
        "url": "https://local.newsbreak.com/the-guardian-560688/3863504772328-lee-carsley-hopes-to-earn-the-right-to-be-senior-england-manager-again",
        "site_full": "local.newsbreak.com",
        "site": "newsbreak.com",
        "site_section": "https://local.newsbreak.com/the-guardian-560688",
        "site_categories": [],
        "section_title": "The Guardian&#x27;s Home Page | NewsBreak",
        "site_title": "404 Not Found",
        "title": "Lee Carsley hopes to 'earn the right' to be senior England manager again - NewsBreak",
        "title_full": "Lee Carsley hopes to 'earn the right' to be senior England manager again - NewsBreak",
        "published": "2025-03-20T00:30:00.000+02:00",
        "replies_count": 0,
        "participants_count": 0,
        "site_type": "news",
        "country": "US",
        "main_image": "https://img.particlenews.com/img/id/0lddBj_0znxnHde00",
        "performance_score": 0,
        "domain_rank": 3214,
        "domain_rank_updated": "2025-03-17T23:00:00.000+02:00",
        "social": {
            "facebook": {
                "likes": 0,
                "comments": 0,
                "shares": 0
            },
            "vk": {
                "shares": 0
            }
        }
    },
    "uuid": "799a552f4b3948e39eb93dcf684c8ceea47ef594",
    "url": "https://local.newsbreak.com/the-guardian-560688/3863504772328-lee-carsley-hopes-to-earn-the-right-to-be-senior-england-manager-again",
    "ord_in_thread": 0,
    "parent_url": null,
    "author": null,
    "published": "2025-03-20T00:30:00.000+02:00",
    "title": "Lee Carsley hopes to 'earn the right' to be senior England manager again - NewsBreak",
    "text": "Lee Carsley has said he has ambitions to take charge of England’s senior side again but insisted he was happy to be back with the under-21s as they prepare to defend their European Championship title. Carsley stepped in as interim manager to replace Gareth Southgate after Euro 2024 and helped England to finish top of their Nations League group before being replaced by Thomas Tuchel. The former Republic of Ireland midfielder is back with the under-21s, the side he led to a first European title triumph in 2023, before the finals in Slovakia in June. Related: Thomas Tuchel: perfectionist, workaholic, disciplinarian … winner Carsley is focused on winning a second successive title but he did not rule out a permanent return to the senior role. “It’s something that I enjoyed doing but ultimately, like I’ve said in the past, you’ve definitely got to earn the right to be in that position and I can only do my best,” he said. “I feel happy and trusted doing what I’m doing so we will see what happens in the future.” Asked whether the experience with the senior side had changed his approach, Carsley said: “No, not really. I tried to be myself, tried to do my best and enjoyed it. I didn’t enjoy it at times, but I enjoyed the majority. It was a great experience and I felt privileged and entrusted to be in that position.” He said he needed to deal better with the media: “I’m aware of that. If I’m going to do better in the future then I need to make sure I’m pushing myself. But I enjoyed it – the three camps were excellent. “To get the last win at Wembley [ against Ireland ] was a great feeling. It was a bit surreal then following that because I was coming off such a high and then going back to the day job.” Only four players who were part of England’s triumphant squad two years ago remain eligible for the under-21s, with Carsley drawing on a number of the under-19s side who became European champions in 2022, including the Ipswich forward Liam Delap and Bournemouth’s Alex Scott. Carsley’s assistant, Ashley Cole, was inducted into the Football Association’s hall of fame on Wednesday and he believes a squad that includes Arsenal’s Ethan Nwaneri, Harvey Elliott of Liverpool and Crystal Palace’s Adam Wharton are capable of emulating their predecessors. “We’ve told this group they have left a legacy for you and we want to continue that and hopefully do well in the Euros and leave a legacy for the next generation,” Cole said. “Every day I watch them train, I see the hunger and desire and if we don’t win the Euros, I know they will have given everything.” Delap is expected to start up front against France on Friday before they face Portugal in another friendly on Monday. He, Wharton and Taylor Harwood-Bellis trained with the senior England squad under Tuchel this week and Delap described it as “an incredible experience”. “They are all players you look up to and admire and want to carve your game upon so it was a great experience,” he said. “They [Tuchel and his staff] appreciate everyone is here for a reason, they have so much expression of freedom. They let you be you in a structured way. They let you be yourself.”",
    "highlightText": "",
    "highlightTitle": "",
    "highlightThreadTitle": "",
    "language": "english",
    "sentiment": "positive",
    "categories": [
        "Sport"
    ],
    "topics": [
        "Sport->sports management and ownership",
        "Sport->soccer",
        "Sport->sports coaching"
    ],
    "ai_allow": true,
    "has_canonical": true,
    "breaking": false,
    "webz_reporter": false,
    "external_links": [
        "https://www.theguardian.com/football/2025/mar/19/thomas-tuchel-perfectionist-workaholic-disciplinarian-winner",
        "https://www.theguardian.com/football/2023/jul/08/england-under-21-sink-spain-in-dramatic-final-to-become-european-champions",
        "https://www.theguardian.com/football/2024/nov/17/england-republic-of-ireland-nations-league-match-report",
        "https://theguardian.com/football/2023/jul/08/england-under-21-sink-spain-in-dramatic-final-to-become-european-champions",
        "https://theguardian.com/football/2024/nov/17/england-republic-of-ireland-nations-league-match-report",
        "https://theguardian.com/football/2025/mar/19/thomas-tuchel-perfectionist-workaholic-disciplinarian-winner"
    ],
    "external_images": [],
    "entities": {
        "persons": [],
        "locations": [],
        "organizations": []
    },
    "syndication": {
        "syndicated": false,
        "syndicate_id": null,
        "first_syndicated": false
    },
    "trust": null,
    "rating": null,
    "crawled": "2025-03-20T00:44:08.326+02:00",
    "updated": "2025-03-20T00:44:08.326+02:00"
}