{
    "thread": {
        "uuid": "d03372707249e0b7b74e75b307f8dc7eeee08961",
        "url": "https://www.elimparcial.com/deporte/2025/03/19/rayados-tiene-en-la-mira-a-un-jugador-de-cruz-azul-para-el-mundial-de-clubes-segun-fuentes",
        "site_full": "www.elimparcial.com",
        "site": "elimparcial.com",
        "site_section": "https://www.elimparcial.com/rss/feed.xml",
        "site_categories": [
            "media",
            "top_news_mx",
            "top_news"
        ],
        "section_title": "",
        "site_title": "Noticias de México | El Imparcial",
        "title": "Rayados tiene en la mira a un jugador de Cruz Azul para el Mundial de Clubes, según fuentes",
        "title_full": "Rayados tiene en la mira a un jugador de Cruz Azul para el Mundial de Clubes, según fuentes",
        "published": "2025-03-20T00:13:00.000+02:00",
        "replies_count": 0,
        "participants_count": 1,
        "site_type": "news",
        "country": "MX",
        "main_image": "https://www.elimparcial.com/resizer/v2/ZVWIVVI6IRABXGXF2AWRXXLFQI.png?auth=aa28e8886a827e0825d39189392478c3d66e8ae57394ec2b86e0dd35107ef860&amp;smart=true&amp;width=1200&amp;height=630&amp;quality=70",
        "performance_score": 0,
        "domain_rank": 31190,
        "domain_rank_updated": "2025-03-17T23:00:00.000+02:00",
        "social": {
            "facebook": {
                "likes": 0,
                "comments": 0,
                "shares": 0
            },
            "vk": {
                "shares": 0
            }
        }
    },
    "uuid": "d03372707249e0b7b74e75b307f8dc7eeee08961",
    "url": "https://www.elimparcial.com/deporte/2025/03/19/rayados-tiene-en-la-mira-a-un-jugador-de-cruz-azul-para-el-mundial-de-clubes-segun-fuentes",
    "ord_in_thread": 0,
    "parent_url": null,
    "author": "Brandon Espinoza",
    "published": "2025-03-20T00:13:00.000+02:00",
    "title": "Rayados tiene en la mira a un jugador de Cruz Azul para el Mundial de Clubes, según fuentes",
    "text": "Rayados tiene en la mira a un jugador de Cruz Azul para el Mundial de Clubes, según fuentes\nEl club regiomontano estaría pensando reforzarse con un elemento de la Máquina.\nLa FIFA anunció que los equipos participantes en el próximo Mundial de Clubes podrán incluir fichajes especiales, jugadores que no estén en sus plantillas oficiales para torneos locales y que solo jueguen esta competencia.\nTE PUEDE INTERESAR: Javier Aguirre habla sobre la posibilidad de que Giménez y Jiménez jueguen juntos\n¿En quién están interesados los Rayados?\nSegún información de W Deportes, Rayados está muy interesado en sumar a Erik Lira para el verano, justo a tiempo para el Mundial de Clubes. El joven mediocampista de Cruz Azul destaca por sus habilidades defensivas, algo que el equipo regiomontano necesita con urgencia. La idea es aprovechar la nueva regla de FIFA y traerlo específicamente para este evento, aunque no descartan quedarse con él a largo plazo.\n🤠 LO QUIEREN. Erik Lira está en la mira de Rayados para reforzar su plantilla de cara al Mundial de Clubes, pero no solo eso, los regios también están analizando la opción de comprárselo definitivamente a Cruz Azul en el próximo mercado de fichajes.\n— Hablemos del Azul (@Hablemosdelazul)\n⛲️:[@deportesWRADIO][pic.twitter.com/3EfsG0ma3l][March 10, 2025]\nEn Monterrey, Fernando “Corcho” Rodríguez no atraviesa su mejor momento, y el mediocampista Iker Fimbres no ha logrado ser el pilar que el equipo esperaba. Por eso, los Rayados buscan un jugador con capacidad para recuperar balones y dar equilibrio. Lira, con su versatilidad para jugar como contención o en una línea de tres, encaja perfecto en lo que el club quiere para brillar a nivel mundial.\nTE PUEDE INTERESAR: La Selección mexicana llega completa para le Final Four, Carlos Moreno arregla problema con su visa\nA sus 24 años, Erik Lira se ha convertido en un elemento fundamental para Cruz Azul, tanto así que le ha valido para se llamada a la Selección Nacional. Su capacidad para defender y organizar el juego lo ha puesto en el radar de varios equipos, y ahora los de la pandilla ve en él una oportunidad de oro para fortalecer su plantel y competir contra los mejores del mundo.\nMás que un fichaje temporal\nAunque la regla de FIFA permite fichar a Lira solo para el Mundial de Clubes, en Monterrey están pensando más allá. El club analiza la posibilidad de negociar un traspaso permanente, viendo el potencial del jugador para aportar a largo plazo.\nRayados no es el único que ha puesto los ojos en Erik Lira. En diciembre pasado, equipos de Europa, como algunos de Portugal, Francia y los Países Bajos, mostraron interés en llevárselo. El propio Lira ha dicho que sueña con jugar en el viejo continente, pero por ahora, la posibilidad de unirse a Monterrey para el Mundial de Clubes podría ser un paso importante en su carrera, tanto dentro como fuera de México.\nTE PUEDE INTERESAR: Chicharito, el posible culpable de la salida de Óscar García\nSigue nuestro canal de WhatsApp\nRecibe las noticias más importantes del día. Da click aquí",
    "highlightText": "",
    "highlightTitle": "",
    "highlightThreadTitle": "",
    "language": "spanish",
    "sentiment": "positive",
    "categories": [
        "Sport",
        "Social Issue",
        "Economy, Business and Finance"
    ],
    "topics": [
        "Sport->sport event",
        "Sport->sports transaction",
        "Sport->soccer",
        "Social Issue->demographics",
        "Economy, Business and Finance->tourism and leisure industry",
        "Economy, Business and Finance->media and entertainment industry"
    ],
    "ai_allow": true,
    "has_canonical": false,
    "breaking": true,
    "webz_reporter": false,
    "external_links": [],
    "external_images": [],
    "entities": {
        "persons": [
            {
                "name": "Javier Aguirre",
                "sentiment": "none"
            },
            {
                "name": "Erik Lira",
                "sentiment": "none"
            },
            {
                "name": "Giménez",
                "sentiment": "none"
            },
            {
                "name": "Jiménez",
                "sentiment": "none"
            }
        ],
        "locations": [],
        "organizations": [
            {
                "name": "Cruz Azul",
                "sentiment": "negative",
                "tickers": []
            },
            {
                "name": "FIFA",
                "sentiment": "none",
                "tickers": []
            }
        ]
    },
    "syndication": {
        "syndicated": null,
        "syndicate_id": null,
        "first_syndicated": false
    },
    "trust": null,
    "rating": null,
    "crawled": "2025-03-20T00:57:51.237+02:00",
    "updated": "2025-03-20T00:57:51.237+02:00"
}