{
    "thread": {
        "uuid": "3f887d9478f3cc27de86c9e5f01711bf0685dc9e",
        "url": "https://tvi.iol.pt/noticias/sporting/geovany-quenda/oficial-sporting-anuncia-quenda-e-essugo-no-chelsea",
        "site_full": "tvi.iol.pt",
        "site": "iol.pt",
        "site_section": "https://tvi.iol.pt/noticias/jose-paulo-sousa",
        "site_categories": [
            "hobbies_and_interests",
            "candle_and_soap_making",
            "top_news_pt",
            "top_news"
        ],
        "section_title": "TVI Notícias",
        "site_title": "TVI",
        "title": "OFICIAL: Sporting anuncia Quenda e Essugo no Chelsea",
        "title_full": "OFICIAL: Sporting anuncia Quenda e Essugo no Chelsea",
        "published": "2025-03-20T00:10:00.000+02:00",
        "replies_count": 0,
        "participants_count": 1,
        "site_type": "news",
        "country": "PT",
        "main_image": "https://img.iol.pt/preset/66e33595d34ea1acf26e43ee/og/tvi24",
        "performance_score": 0,
        "domain_rank": 11590,
        "domain_rank_updated": "2025-03-17T23:00:00.000+02:00",
        "social": {
            "facebook": {
                "likes": 0,
                "comments": 0,
                "shares": 0
            },
            "vk": {
                "shares": 0
            }
        }
    },
    "uuid": "3f887d9478f3cc27de86c9e5f01711bf0685dc9e",
    "url": "https://tvi.iol.pt/noticias/sporting/geovany-quenda/oficial-sporting-anuncia-quenda-e-essugo-no-chelsea",
    "ord_in_thread": 0,
    "parent_url": null,
    "author": "Redação Maisfutebol",
    "published": "2025-03-20T00:10:00.000+02:00",
    "title": "OFICIAL: Sporting anuncia Quenda e Essugo no Chelsea",
    "text": "Bomba de mercado! Agora é oficial: Geovany Quenda e Dário Essugo são jogadores do Chelsea por um valor somado de 74,4 milhões de euros!\nO Sporting anunciou as duas transferências em comunicado enviado à CMVM na noite desta quarta-feira.\nQuenda sai a troco de 52,1 milhões de euros, enquanto os londrinos pagam por Essugo 22,2 milhões.",
    "highlightText": "",
    "highlightTitle": "",
    "highlightThreadTitle": "",
    "language": "portuguese",
    "sentiment": "positive",
    "categories": [
        "Sport",
        "Economy, Business and Finance"
    ],
    "topics": [
        "Sport->sports transaction",
        "Sport->sport industry",
        "Sport->soccer",
        "Economy, Business and Finance->mergers and acquisitions"
    ],
    "ai_allow": true,
    "has_canonical": false,
    "breaking": true,
    "webz_reporter": false,
    "external_links": [],
    "external_images": [],
    "entities": {
        "persons": [],
        "locations": [],
        "organizations": []
    },
    "syndication": {
        "syndicated": null,
        "syndicate_id": null,
        "first_syndicated": false
    },
    "trust": null,
    "rating": null,
    "crawled": "2025-03-20T00:25:06.154+02:00",
    "updated": "2025-03-20T00:25:06.154+02:00"
}