{
    "thread": {
        "uuid": "fedcc3220492f843041459b25c6effe2cb70b4fe",
        "url": "https://www.gmx.net/magazine/politik/videos/inland/berlins-buergermeister-spielte-waehrend-stromausfall-tennis-41761058",
        "site_full": "www.gmx.net",
        "site": "gmx.net",
        "site_section": "https://www.gmx.net/",
        "site_categories": [
            "tech",
            "email",
            "arts, culture and entertainment",
            "economy, business and finance",
            "disaster and accident",
            "lifestyle and leisure",
            "crime, law and justice",
            "politics",
            "sport"
        ],
        "section_title": "GMX - kostenlose E-Mail, Cloud, Nachrichten & Freemail",
        "site_title": "GMX - kostenlose E-Mail-Adresse, FreeMail & Nachrichten",
        "title": "Berlins Bürgermeister spielte während Stromausfall Tennis",
        "title_full": "Berlins Bürgermeister spielte während Stromausfall Tennis",
        "published": "2026-01-08T06:54:00.000+02:00",
        "replies_count": 0,
        "participants_count": 0,
        "site_type": "news",
        "country": "DE",
        "main_image": "https://i0.gmx.net/image/060/41761060,pd=2,f=opengraph.jpg",
        "performance_score": 0,
        "domain_rank": 1922,
        "domain_rank_updated": "2026-01-04T23:00:00.000+02:00",
        "licensing_agency": [],
        "social": {
            "facebook": {
                "likes": 0,
                "comments": 0,
                "shares": 0
            },
            "vk": {
                "shares": 0
            }
        }
    },
    "uuid": "fedcc3220492f843041459b25c6effe2cb70b4fe",
    "url": "https://www.gmx.net/magazine/politik/videos/inland/berlins-buergermeister-spielte-waehrend-stromausfall-tennis-41761058",
    "ord_in_thread": 0,
    "author": null,
    "published": "2026-01-08T06:54:00.000+02:00",
    "title": "Berlins Bürgermeister spielte während Stromausfall Tennis",
    "text": "Nach dem großflächigen Stromausfall in Berlin hat der Regierende Bürgermeister Kai Wegner sein Auftreten kritisch reflektiert. Zuvor war bekannt geworden, dass der CDU-Politiker am ersten Tag des Ausfalls Tennis gespielt hatte.\nVideo\nJetzt äußert er Selbstkritik\nBerlins Bürgermeister spielte während Stromausfall Tennis\n© Buzzwoo",
    "highlightText": "",
    "highlightTitle": "",
    "highlightThreadTitle": "",
    "language": "german",
    "sentiment": "negative",
    "categories": [
        "Disaster and Accident"
    ],
    "topics": [
        "Disaster and Accident->emergency response"
    ],
    "ai_allow": true,
    "has_canonical": true,
    "breaking": null,
    "webz_reporter": false,
    "external_links": [],
    "external_images": [],
    "internal_images": [],
    "entities": {
        "persons": [
            {
                "name": "Kai Wegner",
                "sentiment": "negative"
            }
        ],
        "locations": [
            {
                "name": "Berlins",
                "sentiment": "none"
            }
        ],
        "organizations": []
    },
    "syndication": {
        "syndicated": null,
        "syndicate_id": null,
        "first_syndicated": false
    },
    "trust": {
        "categories": [],
        "top_news": [],
        "bias": null,
        "source": {
            "type": null,
            "city": null,
            "state": null,
            "country": null,
            "domain_type": null,
            "agency": null,
            "organization_name": null
        }
    },
    "rating": null,
    "crawled": "2026-01-08T08:01:23.006+02:00",
    "updated": "2026-01-08T08:04:11.000+02:00"
}