{
    "thread": {
        "uuid": "d15b56e2ddeea597ecdcdd0c8ebdb4cd2d6be690",
        "url": "https://fararu.com/fa/news/939934/%D9%85%D9%88%D8%B1%D9%85%D9%88%D8%B1%DB%8C-%D8%A7%DB%8C%D9%84%D8%A7%D9%85-%D9%84%D8%B1%D8%B2%DB%8C%D8%AF",
        "site_full": "fararu.com",
        "site": "fararu.com",
        "site_section": "https://fararu.com/feeds",
        "site_categories": [
            "under_construction",
            "top_news_iq",
            "top_news",
            "war, conflict and unrest",
            "science and technology",
            "arts, culture and entertainment",
            "sport",
            "politics",
            "economy, business and finance"
        ],
        "section_title": "",
        "site_title": "فرارو | اخبار روز ایران و جهان، تحلیل‌های سیاسی و اجتماعی",
        "title": "مورموری ایلام لرزید",
        "title_full": "مورموری ایلام لرزید",
        "published": "2026-01-08T07:57:00.000+02:00",
        "replies_count": 0,
        "participants_count": 1,
        "site_type": "news",
        "country": "US",
        "main_image": "https://cdn.fararu.com/thumbnail/LN36WZVvqCEm/aK7Sm0DF7Q-3P8iPrsvgcu9JXLjMBD6s4N9K2HBWx2M7EacRJebDN0BAtsEqOzpn/%D8%B2%D9%84%D8%B2%D9%84%D9%87.jpg",
        "performance_score": 0,
        "domain_rank": 8270,
        "domain_rank_updated": "2026-01-04T23:00:00.000+02:00",
        "licensing_agency": [],
        "social": {
            "facebook": {
                "likes": 0,
                "comments": 0,
                "shares": 0
            },
            "vk": {
                "shares": 0
            }
        }
    },
    "uuid": "d15b56e2ddeea597ecdcdd0c8ebdb4cd2d6be690",
    "url": "https://fararu.com/fa/news/939934/%D9%85%D9%88%D8%B1%D9%85%D9%88%D8%B1%DB%8C-%D8%A7%DB%8C%D9%84%D8%A7%D9%85-%D9%84%D8%B1%D8%B2%DB%8C%D8%AF",
    "ord_in_thread": 0,
    "author": "Fararu | فرارو | اخبار روز ایران و جهان",
    "published": "2026-01-08T07:57:00.000+02:00",
    "title": "مورموری ایلام لرزید",
    "text": "مورموری ایلام لرزید\nصبح امروز زلزله ۳.۵ ریشتری مورموری ایلام را لرزاند.\nصبح امروز ساعت ۶ و ۳۸ دقیقه زلزله ای به بزرگی ۳.۵ ریشتر بخش مورموری از توابع شهرستان آبدانان را لرزاند.\nاین زلزله در عمق ۱۰ کیلومتری زمین ثبت شده است.\nصبح امروز زلزله ۳.۵ ریشتری مورموری ایلام را لرزاند.\nصبح امروز ساعت ۶ و ۳۸ دقیقه زلزله ای به بزرگی ۳.۵ ریشتر بخش مورموری از توابع شهرستان آبدانان را لرزاند.\nاین زلزله در عمق ۱۰ کیلومتری زمین ثبت شده است.\nنشریه وال استریت ژورنال از تلاش تیم ترامپ برای به دست گرفتن صنعت نفت ونزوئلا خبر داد.\nشب گذشته در برخی نقاط اردبیل و تبریز نورهای عجیبی در آسمان مشاهده شد که بررسی ها نشان می دهد این نورها مربوط به قطار…\nبه نظر میرسد وقتی کسی خودش سیر و مرفه است و با این وجود دغدغه مردم را از یاد نبرده، حرکت او ارزش بسیار بالاتری دارد.…\nقیمت طلا امروز گرمی ۱۶ میلیون و ۱۲۸ هزار تومان است\nکارشناس اماراتی در شبکه الریاضیه به انتقاد تند از فرهاد مجیدی پرداخت و او را دلیل اصلی نتایج ناامید کننده البطائح در…\nروز گذشته بار دیگر دولت و مجلس در جلسه غیرعلنی و پشتدرهای بسته به گفتوگو پرداختند. تفاوت اما این بود که اینبار جلسه…\nبا افزایش قیمت روغن، تخممرغ و گوجهفرنگی هزینه درست کردن املت چقدر میشود؟\nسه بازیکن استقلال که مدعی جدی پوشیدن پیراهن تیم ملی و حضور در جام جهانی هستند، صراحتاًَ خواستار جدایی از این تیم شده و…\nدر خیابان جمهوری بازار باز و فعالیت در مرکزهای تجاری علاءالدین و چهارسو برقرار بود و در ادامه تا خیابان لالهزار…\nارزش سهام عدالت بسته به نوع سبد بین ۳۶ تا مرز ۷۵ میلیون است\nمحمدصادق معتمدیان، استاندار تهران، گفت: علیرغم اینکه عوامل ناامنی زیادی بهدنبال ایجاد ناامنی بودند، اما با تدبیری که…\nرئیس شورای اطلاع رسانی دولت:\nالیاس حضرتی، رئیس شورای اطلاع رسانی دولت چهاردهم امروز چهارشنبه، ۱۷ دی، در حاشیه برگزاری جلسه هیئت دولت اعلام کرد:…\nنگاه تحلیلگران به این وقایع در بعضی نقاط مانند ریشههای اعتراض یا گستره مفهومی آن با یکدیگر متفاوت است که میتوان این…\nقیمت مرغ درمقایسه با نرخ مصوب قبلی ۱۰۲ درصد افزایش پیدا کرد\nوزیر خارجه نسبت به اعتراضات اخیر واکنش نشان داد و گفت: این مسائل به هیچ دولت خارجی مربوط نیست.\nمنابع رسمی از موافقت عبدالناصر همتی با استعفای علیرضا گچپززاده از سمت خود به عنوان معاون ارزی بانک مرکزی خبر دادند.\nپیمان جبلی، رئیس صداوسیما، در پاسخ به سؤالی درباره اینکه «صدای خانمها مثلا مجری شبکه خبر راحت پخش میشود، مردم…\nبعد از منتفیشدن جذب علی قلیزاده، حالا اوسمار ویرا به دنبال جذب محمد محبی است تا وینگر سابق استقلال را به عضویت تیم…\nوزیر بهداشت از پیگیری حوادث دو بیمارستان امام خمینی و ملکشاهی و سینای تهران خبر داد.\nمعاون اجرایی رئیس جمهور خبر داد؛\nمحمدجعفر قائمپناه، معاون اجرایی رئیسجمهور، گفت: امروز آقای پزشکیان دستور دادند در حد اینکه به امنیت ملی خدشهای وارد…\nسید عباس عراقچی، وزیر خارجه در جمع خبرنگاران در حیاط دولت گفت: الان شرایط مناسبی برای مذاکره با امریکا به دلیل سیاست…\nآکسیوس اعلام کرد ترامپ در حال وارد آوردن فشار برای اخراج عوامل چین، روسیه، ایران و کوبا از ونزوئلاست.\nسود سهام عدالت حداکثر تا پنجشنبه ۱۸دی واریز میشود\nاز کاراکاس تا بوگوتا؛ نقشه جدید ترامپ برای نیمکره غربی\nدونالد ترامپ پس از سرنگونی نیکلاس مادورو، با تکیه بر قرائتی شخصی از دکترین مونرو، سیاستی تهاجمی در نیمکره غربی در پیش…\nتهدید تمدن\nسیاستهای داخلی و خارجی دونالد ترامپ از تلاش برای کودتا تا مداخله نظامی و تهدیدهای برونمرزی—همزمان قانون داخلی، حقوق…",
    "highlightText": "",
    "highlightTitle": "",
    "highlightThreadTitle": "",
    "language": "persian",
    "sentiment": "negative",
    "categories": [
        "Disaster and Accident"
    ],
    "topics": [
        "Disaster and Accident->natural disaster"
    ],
    "ai_allow": true,
    "has_canonical": false,
    "breaking": true,
    "webz_reporter": false,
    "external_links": [],
    "external_images": [],
    "internal_images": [
        "https://cdn.fararu.com/thumbnail/LN36WZVvqCEm/fCohl8MdDeqLuUiNxwx9X4gYrgKL9XBZBWdbZWUJQbHweEbOeibJ3lKhwCXPcymMenByfMSSpsbh46ioIqLjxbHMRm21_h7HQpcPeRTlTup9Fg2BIMEOf3jclM_4J6zeNSYMgfXaohsWpX4vmFF5b9wfmPEWs15B/%D8%B2%D9%84%D8%B2%D9%84%D9%87.jpg"
    ],
    "entities": {
        "persons": [],
        "locations": [],
        "organizations": []
    },
    "syndication": {
        "syndicated": null,
        "syndicate_id": null,
        "first_syndicated": false
    },
    "trust": {
        "categories": [],
        "top_news": [
            "top_news_iq",
            "top_news"
        ],
        "bias": null,
        "source": {
            "type": null,
            "city": null,
            "state": null,
            "country": null,
            "domain_type": null,
            "agency": null,
            "organization_name": null
        }
    },
    "rating": null,
    "crawled": "2026-01-08T08:03:25.786+02:00",
    "updated": "2026-01-08T08:08:07.000+02:00"
}