{
    "thread": {
        "uuid": "3033bfbe67392fe4c550b0b4a8ba3ca0200f659b",
        "url": "https://www.meneame.net/story/detenido-ertzaina-disparar-fuera-servicio-tres-presuntos-trevino/c034",
        "site_full": "www.meneame.net",
        "site": "meneame.net",
        "site_section": "https://www.meneame.net/comments_rss",
        "site_categories": [
            "media",
            "top_news"
        ],
        "section_title": "Menéame: comentarios",
        "title": "#34 Detenido un ertzaina por disparar fuera de servicio a tres presuntos ladrones que entraron en su vivienda de Treviño",
        "title_full": "#34 Detenido un ertzaina por disparar fuera de servicio a tres presuntos ladrones que entraron en su vivienda de Treviño",
        "published": "2024-08-08T22:03:00.000+03:00",
        "replies_count": 0,
        "participants_count": 1,
        "site_type": "news",
        "country": "ES",
        "main_image": "https://meneame.net/img/logo_meneame.png",
        "performance_score": 0,
        "domain_rank": 11449,
        "domain_rank_updated": "2024-08-06T13:07:25.000+03:00",
        "reach": null,
        "social": {
            "facebook": {
                "likes": 0,
                "comments": 0,
                "shares": 0
            },
            "gplus": {
                "shares": 0
            },
            "pinterest": {
                "shares": 0
            },
            "linkedin": {
                "shares": 0
            },
            "stumbledupon": {
                "shares": 0
            },
            "vk": {
                "shares": 0
            }
        }
    },
    "uuid": "3033bfbe67392fe4c550b0b4a8ba3ca0200f659b",
    "url": "https://www.meneame.net/story/detenido-ertzaina-disparar-fuera-servicio-tres-presuntos-trevino/c034",
    "ord_in_thread": 0,
    "parent_url": null,
    "author": "DonaldBlake",
    "published": "2024-08-08T22:03:00.000+03:00",
    "title": "#34 Detenido un ertzaina por disparar fuera de servicio a tres presuntos ladrones que entraron en su vivienda de Treviño",
    "text": "Portada\nmis comunidades\notras secciones\n[#5](c5#c-5) [#16](c16#c-16) \"como buen madero tiene su puntito de asesino\"\nO de ser humano\nTerror a que esas personas vuelvan a tratar de entrar a tu casa, y no hablemos si encima tienes familia, cosa que el articulo no aclara.\nY mas cuando se trata de gentuza que debería perder legalmente su condición de ser humano por hacer lo que hace.\nEstoy exagerando, pero no ¿Tenéis idea de lo que sufren la gente cuyo domicilio ha sido asaltado? muchos son incapaces de volver a vivir en el, nunca mas vuelven a sentirse seguros en su propia casa\n[#25](c25#c-25) Comprendo que lo haga, y justifico que la ley lo castigue.\nLo que no comprendo es su empatía con los asaltantes. Ha llamado asesino al asaltado, pero no ha tenido una sola palabra de reproche para los que se han introducido en una casa ajena, con quien sabe que nefastas intenciones.\nLo que hace el madero es ilegal, pero la situación la provocaron ellos al asaltar la vivienda.\n[#27](c27#c-27) Vale, les llamas ladrones en el segundo comentario.\nEs un tema sobre el que soy bastante sensible. He tenido un par de asaltos a viviendas en mi entorno, y en ambos casos las personas asaltadas quedaron traumatizadas y marcadas de por vida.\n[#24](c24#c-24) [#17](c17#c-17) Como aporte un funcionario de prisiones cuenta como el buenismo esta contaminando el sistema penitenciario.\nfuncionario-prisiones-cuenta-vida-carceles-cataluna/voters [#24](c24#c-24) Tengo mucha idea, siendo pequeños entraron al piso de mis padres, se llevaron la extra de navidad y siendo una familia muy humilde resultó ser una putada (gracias a mis abuelos que hicieron lo posible porque fuese una navidad normal).\nHace tres años entraron a mi casa, obviamente la policía sabía de quién se trataba.\nDetenido un ertzaina por disparar fuera de servicio a tres presuntos ladrones que\nentraron en huían de su vivienda de Treviño\n¿A qué ahora se entiende mejor por qué ha sido detenido?\n[#7](c7#c-7) [#8](c8#c-8)\nartículo 242.2 del Código Penal, se encuentra actualmente redactado de la siguiente manera: “2. Cuando el robo se cometa en casa habitada, edificio o local abiertos al público o en cualquiera de sus dependencias, se impondrá la pena de prisión de tres años y seis meses a cinco años”.\nDe 3 a 5 años.\nDe hecho si han denunciado estan identificados e iran para adentro.\nSi el policia justifica q le estaban atacando o lo temia q ocurriera no tendra problema.\n[#11](c11#c-11) Si estaban corriendo alejándose del policía cuando efectuó los disparos... algún problema si va a tener\n[#13](c13#c-13) probablemente.\nYo digo q si no es eso lo q paso (q tampoco estabamos alli para saberlo tu ni yo) si librara.\nSi ha disparado por la espalda a 3 tipos q huian despued de tratar, sin mas, de robar... q ke crujan.\n[#7](c7#c-7) Yo creo que les van a dar la casa del policía, un curso de adaptación de 6 horas, y quizas un coche nuevo. Todos sabemos que si no se dice la nacionalidad del asaltante es por algo...\nVenga, para los que no entran a los enlaces pero quieren tener conversación:\nEn un comunicado, el Departamento vasco de Seguridad ha informado de que, según la versión del agente, tras descubrir a los ladrones, estos salieron huyendo. En ese momento, observó la matrícula de la furgoneta en la que se montaron y salió en su búsqueda, logrando localizarlos en Zaldiaran.\nEl agente fuera de servició contó entonces que le intentaron atropellar y que tuvo que realizar varios disparos para evitar ser arrollado. Tenía, además, retenido a uno de los supuestos ladrones.\nLa Ertzaintza, tras las investigaciones realizadas, ha determinado que la versión dada por el agente no coincide con la información obtenida a través de la inspección ocular. \"Todas las evidencias apuntan a que el agente disparó contra los ocupantes del vehículo cuando estos huían, descartándose que estos intentasen atropellarle\", ha indicado la Consejería de Seguridad.\nQue me hago una idea de lo que estaba pensando este policía cuando hizo lo que dice que hizo, pero hasta donde yo sé la ley es igual para todos y por tanto nadie tiene derecho a ir haciendo el Batman por ahí con la excusa de haber sido víctima de un delito.\n[#12](c12#c-12) Es decir, un policía decide seguir e intentar detener a unos ladrones para que no se escapen. Ya no digo que entraron en su casa y le vieron la cara, suficiente para haberlos ejecutado allí mismo y evitarse líos futuros y amenazas. Digo que cometieron un delito y este policía fue a intentar pararlos y le intentaron atropellar.\nLa apología de meneame de la delincuencia me empieza a dar miedo. Antes me daba risa pero ahora me da miedo que haya gente como vosotros.\n[#17](c17#c-17) Si no sabes leer es normal que pienses así y digas estas tonterías. Como es normal que esto pase en muchos contextos de tu vida te animo a que leas y te ahorres que la gente piense lo que piensa de ti.\nHombre, ya me estaba preocupando, iban como dos semanas sin ningún caso de abuso policial de la Ertzaintza.",
    "highlightText": "",
    "highlightTitle": "",
    "highlightThreadTitle": "",
    "language": "spanish",
    "sentiment": "negative",
    "categories": [
        "Crime, Law and Justice",
        "Social Issue",
        "Politics"
    ],
    "ai_allow": true,
    "webz_reporter": false,
    "external_links": [],
    "external_images": [],
    "entities": {
        "persons": [],
        "organizations": [],
        "locations": []
    },
    "rating": null,
    "crawled": "2024-08-09T00:12:31.495+03:00",
    "updated": "2024-08-09T00:12:31.495+03:00"
}