{
    "thread": {
        "uuid": "6873f0192fc75b5dfd4fd3dfe5092f240b3011b0",
        "url": "https://www.meneame.net/story/rusia-condena-represion-rutinaria-disidentes-parte-estados-ue-rt/c017",
        "site_full": "www.meneame.net",
        "site": "meneame.net",
        "site_section": "https://www.meneame.net/comments_rss",
        "site_categories": [
            "media",
            "top_news"
        ],
        "section_title": "Menéame: comentarios",
        "title": "#17 Rusia condena la \"represión rutinaria\" de los disidentes por parte de los estados de la UE [rt]",
        "title_full": "#17 Rusia condena la \"represión rutinaria\" de los disidentes por parte de los estados de la UE [rt]",
        "published": "2024-08-08T21:59:00.000+03:00",
        "replies_count": 0,
        "participants_count": 1,
        "site_type": "news",
        "country": "ES",
        "main_image": "https://meneame.net/img/logo_meneame.png",
        "performance_score": 0,
        "domain_rank": 11449,
        "domain_rank_updated": "2024-08-06T13:07:25.000+03:00",
        "reach": null,
        "social": {
            "facebook": {
                "likes": 0,
                "comments": 0,
                "shares": 0
            },
            "gplus": {
                "shares": 0
            },
            "pinterest": {
                "shares": 0
            },
            "linkedin": {
                "shares": 0
            },
            "stumbledupon": {
                "shares": 0
            },
            "vk": {
                "shares": 0
            }
        }
    },
    "uuid": "6873f0192fc75b5dfd4fd3dfe5092f240b3011b0",
    "url": "https://www.meneame.net/story/rusia-condena-represion-rutinaria-disidentes-parte-estados-ue-rt/c017",
    "ord_in_thread": 0,
    "parent_url": null,
    "author": "Acémila",
    "published": "2024-08-08T21:59:00.000+03:00",
    "title": "#17 Rusia condena la \"represión rutinaria\" de los disidentes por parte de los estados de la UE [rt]",
    "text": "[Elbaronrojo](/user/Elbaronrojo)a [rt.com](/go/link/3967324) [#10](c10#c-10) allí las buenas familias se lo repartieron todo. Como aquí.\nNingún asesino fascista o colaborador pagó por sus crímenes\nTenemos un rey.\nLa ley de secretos oficiales es un armario lleno de fantasmas podridos.\nLa dueña del estado, la iglesia de roma, ha violado niños por miles, los ha robado por decenas de miles para entregarlos, previo pago, a las buenas familias del párrafo uno. Es machista, homófoba, y racista.\nNo paga impuestos y su mera palabra basta para auto inscribir a su nombre propiedades del patrimonio nacional.\nEduca al 86% de los niños del país, y redacta el 100% de los libros de texto.\nPuedo seguir.\nEuropa es un asco, con 18 conflictos bélicos abiertos,y uno de los más grandes vendedores de armas.\nEn poder destructivo activo, hoy, rusia es un enano a su lado.\nY así hasta el infinito.\nInsisto en lo que dije: vale que Rusia mierda.\nPero no vale decirlo desde el ejemplo de la Europa cristiana.\n[#2](c2#c-2) Desde luego si hay que cercenar la libertad de expresión que sea judicialmente y no con té de polonio. Mejor aburrirse hasta volverse loco a lo Assange que visitar la acera de abajo a demasiada velocidad. El mejor de los mundos posibles.\n[#2](c2#c-2) Cuidao con lo del dedo y la luna. Vale que Rusia es una oligarquía ultraortodoxa chunga, pero europa da un ascazo atroz.\n¿Si hacemos un ránking tienes muy claro, muy claro, muy claro que Rusia es peor?\nEmpate de manual en mierdismo.\n[#4](c4#c-4) El que Rusia sea una oligarquia y carezca de democracia no quita que la UE sea una dictadura neoliberal... que se lo digan a Yaris Varoufakis cuando en 2015 le dijeron en la UE los ministros de economia que las elecciones en europa no estan para cambiar el modelo economico... o neoliberalismo o neoliberalismo...",
    "highlightText": "",
    "highlightTitle": "",
    "highlightThreadTitle": "",
    "language": "spanish",
    "sentiment": "negative",
    "categories": [
        "Social Issue",
        "Politics"
    ],
    "ai_allow": true,
    "webz_reporter": false,
    "external_links": [],
    "external_images": [],
    "entities": {
        "persons": [],
        "organizations": [],
        "locations": []
    },
    "rating": null,
    "crawled": "2024-08-09T00:12:32.303+03:00",
    "updated": "2024-08-09T00:12:32.303+03:00"
}