{
    "thread": {
        "uuid": "61605d2f3d9b2eeba0ae8b80c5c8f6ed63d98caf",
        "url": "https://www.courrierinternational.com/article/racisme-en-afrique-du-sud-l-afrophobie-refait-surface_221022",
        "site_full": "www.courrierinternational.com",
        "site": "courrierinternational.com",
        "site_section": "https://www.courrierinternational.com",
        "site_categories": [
            "travel",
            "france",
            "top_news"
        ],
        "section_title": "Courrier international - Actualités France et Monde",
        "title": "En Afrique du Sud, l’afrophobie refait surface",
        "title_full": "En Afrique du Sud, l’afrophobie refait surface",
        "published": "2024-08-08T19:32:00.000+03:00",
        "replies_count": 0,
        "participants_count": 1,
        "site_type": "news",
        "country": "FR",
        "main_image": "https://focus.courrierinternational.com/2024/08/08/0/0/2400/1600/1200/630/60/0/12be23a_1723130918976-falco-2023-03-11-1835-w.jpg",
        "performance_score": 0,
        "domain_rank": 7875,
        "domain_rank_updated": "2024-08-06T13:07:25.000+03:00",
        "reach": null,
        "social": {
            "facebook": {
                "likes": 46,
                "comments": 29,
                "shares": 11
            },
            "gplus": {
                "shares": 0
            },
            "pinterest": {
                "shares": 0
            },
            "linkedin": {
                "shares": 0
            },
            "stumbledupon": {
                "shares": 0
            },
            "vk": {
                "shares": 0
            }
        }
    },
    "uuid": "61605d2f3d9b2eeba0ae8b80c5c8f6ed63d98caf",
    "url": "https://www.courrierinternational.com/article/racisme-en-afrique-du-sud-l-afrophobie-refait-surface_221022",
    "ord_in_thread": 0,
    "parent_url": null,
    "author": "Courrier international",
    "published": "2024-08-08T19:32:00.000+03:00",
    "title": "En Afrique du Sud, l’afrophobie refait surface",
    "text": "C’est une affaire qui occupe particulièrement la presse sud-africaine, tant elle est révélatrice des travers et tensions qui traversent le pays. La polémique a le visage d’une jeune miss, Chidimma Adetshina, candidate à l’élection de Miss Afrique du Sud. [The Guardian est revenu sur cette affaire](https://www.theguardian.com/world/article/2024/aug/01/miss-south-africa-contestant-faces-backlash-over-nigerian-father) qui déchaîne les passions et a pris dernièrement une tournure politique. Chidimma Adetshina, 23 ans, avait été la cible d’attaques xénophobes sur les réseaux sociaux depuis qu’elle a été annoncée comme finaliste de Miss Afrique du Sud, en juillet dernier. Une pétition avait même été lancée en ligne pour demander son retrait du concours. Sa nationalité sud-africaine avait été l’objet de doutes en raison de l’origine nigériane de son père. La participation de Chidimma Adetshina au concours, [commente News24](https://www.news24.com/news24/southafrica/news/home-affairs-department-probe-finds-mom-of-miss-sa-contestant-may-have-committed-identity-theft-20240807), a été accueillie “avec émotion” lorsque cette information avait été rendue publique. “Cela a provoqué des divisions parmi beaucoup de gens, certains affirmant qu’elle n’était pas apte à représenter le pays, tandis que d’autres ont fait valoir que, parce qu’elle était née en Afrique du Sud, cela faisait d’elle une citoyenne légitime.” La jeune femme, née à Soweto, a grandi au Cap. Elle avait très vite tenté de désamorcer la controverse en [ Hors-série Production, trafic, consommation... La question de la drogue est devenue une problématique mondiale. Décryptages en cartes et en infographies. Et, toujours, les reportages de la presse étrangère. Je commande mon hors-série → ](https://boutiquevpc.courrierinternational.com/hors-series/3239-atlas-des-drogues.html) [ Avant-première Tentez de remporter une invitation pour deux pour l’avant-première « All we imagine as light » de Payal Kapadia le 30 septembre 2024 au Forum des images à 20h. Je reçois mon invitation → ](https://www.courrierinternational.com/club-courrier/avant-premiere-all-we-imagine-as-light-payal-kapadia-2024)",
    "highlightText": "",
    "highlightTitle": "",
    "highlightThreadTitle": "",
    "language": "french",
    "sentiment": "negative",
    "categories": [
        "Arts, Culture and Entertainment",
        "Social Issue",
        "Politics"
    ],
    "ai_allow": true,
    "webz_reporter": false,
    "external_links": [
        "https://www.theguardian.com/world/article/2024/aug/01/miss-south-africa-contestant-faces-backlash-over-nigerian-father",
        "https://www.news24.com/news24/southafrica/news/home-affairs-department-probe-finds-mom-of-miss-sa-contestant-may-have-committed-identity-theft-20240807",
        "https://news24.com/news24/southafrica/news/home-affairs-department-probe-finds-mom-of-miss-sa-contestant-may-have-committed-identity-theft-20240807",
        "https://theguardian.com/world/article/2024/aug/01/miss-south-africa-contestant-faces-backlash-over-nigerian-father"
    ],
    "external_images": [],
    "entities": {
        "persons": [],
        "organizations": [],
        "locations": []
    },
    "rating": null,
    "crawled": "2024-08-09T00:17:25.831+03:00",
    "updated": "2024-08-09T10:32:42.466+03:00"
}