{
    "thread": {
        "uuid": "e2e04de3674179d046b73fae0fff703d3aacdb59",
        "url": "https://www.ibtimes.com/musks-misleading-election-posts-viewed-12-billion-times-study-3739341",
        "site_full": "www.ibtimes.com",
        "site": "ibtimes.com",
        "site_section": "http://www.ibtimes.com/rss/economy/middle-east",
        "site_categories": [
            "media",
            "financial_news",
            "finance"
        ],
        "section_title": "International Business Times",
        "title": "Musk's Misleading Election Posts Viewed 1.2 Billion Times: Study | IBTimes",
        "title_full": "Musk's Misleading Election Posts Viewed 1.2 Billion Times: Study | IBTimes",
        "published": "2024-08-08T20:06:00.000+03:00",
        "replies_count": 0,
        "participants_count": 1,
        "site_type": "news",
        "country": "US",
        "main_image": "https://d.ibtimes.com/en/full/4540761/elon-musk-accused-spreading-us-election-misinformation-x-influential-platform-he-bought-2022.jpg",
        "performance_score": 0,
        "domain_rank": 1136,
        "domain_rank_updated": "2024-08-06T13:07:25.000+03:00",
        "reach": null,
        "social": {
            "facebook": {
                "likes": 0,
                "comments": 0,
                "shares": 0
            },
            "gplus": {
                "shares": 0
            },
            "pinterest": {
                "shares": 0
            },
            "linkedin": {
                "shares": 0
            },
            "stumbledupon": {
                "shares": 0
            },
            "vk": {
                "shares": 0
            }
        }
    },
    "uuid": "e2e04de3674179d046b73fae0fff703d3aacdb59",
    "url": "https://www.ibtimes.com/musks-misleading-election-posts-viewed-12-billion-times-study-3739341",
    "ord_in_thread": 0,
    "parent_url": null,
    "author": "Anuj CHOPRA",
    "published": "2024-08-08T20:06:00.000+03:00",
    "title": "Musk's Misleading Election Posts Viewed 1.2 Billion Times: Study | IBTimes",
    "text": "False or misleading US election claims posted on X by Elon Musk have amassed nearly 1.2 billion views this year, a watchdog reported Thursday, highlighting the billionaire's potential influence on the highly polarized White House race.Ahead of the November election, researchers have raised alarm that X, formerly Twitter, is a hotbed of political misinformation.They have also flagged that Musk, who purchased the platform in 2022 and is a vocal backer of Donald Trump, appears to be swaying voters by spreading falsehoods on his personal account.Researchers from the Center for Countering Digital Hate (CCDH) identified 50 posts since January by Musk -- who has more than 193 million followers on the social media site -- with election claims debunked by independent fact-checkers.None of the posts displayed a \"Community Note,\" a crowd-sourced moderation tool that X has promoted as the way for users to add context to posts, CCDH said, raising questions about its effectiveness to combat falsehoods.\"Elon Musk is abusing his privileged position as owner of a... politically influential social media platform to sow disinformation that generates discord and distrust,\" warned CCDH chief executive Imran Ahmed.\"The lack of Community Notes on these posts shows that his business is failing woefully to contain the kind of algorithmically-boosted incitement that we all know can lead to real-world violence.\"The posts analyzed by CCDH carried widely debunked claims, such as that Democrats are encouraging illegal migration with the aim of \"importing voters\" or that the election is vulnerable to fraud. Both claims amassed hundreds of millions of views.Last week, Musk faced a firehose of criticism for sharing with his followers an AI deepfake video featuring Trump's Democratic rival, Vice President Kamala Harris.In it, a voiceover mimicking Harris calls President Joe Biden senile before declaring that she does not \"know the first thing about running the country.\"The video, viewed by millions, carried no indication that it was parody -- save for a laughing emoji. Only later did Musk clarify that the video was meant as satire.\"Musk behaves as if he is beyond reproach despite growing evidence of the harmful role he is personally playing to fuel disinformation and division ahead of the US elections,\" Nora Benavidez, from the advocacy group Free Press Action Fund, told AFP.\"As his behavior edges closer to election interference, it's up to others -- the public, regulatory agencies and advertisers -- to hold him accountable for his anti-democratic behavior.\"Musk, who purchased the platform in 2022 for $44 billion, is facing growing scrutiny over his potential influence on voters.On Monday, a bipartisan group of five US secretaries of state sent an open letter to Musk, urging him to fix X's AI chatbot known as Grok after it produced election misinformation.Hours after Biden stepped down from the presidential race last month and endorsed Harris as the Democratic nominee, Grok churned out false information about ballot deadlines, which was amplified by other platforms.X -- which also faced criticism for stoking tensions during recent far-right riots across England -- has gutted trust and safety teams and scaled back content moderation efforts once used to tame misinformation, making it what researchers call a haven for disinformation.X did not respond to an AFP request for comment.© Copyright AFP 2024. All rights reserved.",
    "highlightText": "",
    "highlightTitle": "",
    "highlightThreadTitle": "",
    "language": "english",
    "sentiment": "negative",
    "categories": [
        "Politics",
        "Social Issue"
    ],
    "ai_allow": true,
    "webz_reporter": false,
    "external_links": [],
    "external_images": [],
    "entities": {
        "persons": [
            {
                "name": "musk",
                "sentiment": "negative"
            },
            {
                "name": "donald trump",
                "sentiment": "none"
            },
            {
                "name": "elon musk",
                "sentiment": "none"
            }
        ],
        "organizations": [
            {
                "name": "elon musk",
                "sentiment": "negative"
            },
            {
                "name": "center for countering digital hate",
                "sentiment": "none"
            },
            {
                "name": "ccdh",
                "sentiment": "none"
            }
        ],
        "locations": [
            {
                "name": "white house",
                "sentiment": "none"
            },
            {
                "name": "us",
                "sentiment": "none"
            }
        ]
    },
    "rating": null,
    "crawled": "2024-08-09T00:12:47.906+03:00",
    "updated": "2024-08-09T13:30:41.917+03:00"
}