{
    "thread": {
        "uuid": "b02910ac57ca5403e8c5bcb39946536c4b3e3766",
        "url": "https://www.proceso.com.mx/nacional/2024/8/8/fgr-habria-detenido-el-ranchero-jefe-criminal-relacionado-con-caso-ayotzinapa-334486.html",
        "site_full": "www.proceso.com.mx",
        "site": "proceso.com.mx",
        "site_section": "https://www.proceso.com.mx/rss/feed.html?r=87",
        "site_categories": [
            "travel",
            "mexico_and_central_america",
            "top_news"
        ],
        "section_title": "Nacional - Proceso",
        "title": "FGR habría detenido a “El Ranchero”, jefe criminal relacionado con caso Ayotzinapa",
        "title_full": "FGR habría detenido a “El Ranchero”, jefe criminal relacionado con caso Ayotzinapa",
        "published": "2024-08-09T00:09:00.000+03:00",
        "replies_count": 0,
        "participants_count": 1,
        "site_type": "news",
        "country": "MX",
        "main_image": "https://www.proceso.com.mx/u/fotografias/m/2024/5/12/f1280x720-198861_330536_4865.jpeg",
        "performance_score": 0,
        "domain_rank": 14560,
        "domain_rank_updated": "2024-08-06T13:07:25.000+03:00",
        "reach": null,
        "social": {
            "facebook": {
                "likes": 0,
                "comments": 0,
                "shares": 0
            },
            "gplus": {
                "shares": 0
            },
            "pinterest": {
                "shares": 0
            },
            "linkedin": {
                "shares": 0
            },
            "stumbledupon": {
                "shares": 0
            },
            "vk": {
                "shares": 0
            }
        }
    },
    "uuid": "b02910ac57ca5403e8c5bcb39946536c4b3e3766",
    "url": "https://www.proceso.com.mx/nacional/2024/8/8/fgr-habria-detenido-el-ranchero-jefe-criminal-relacionado-con-caso-ayotzinapa-334486.html",
    "ord_in_thread": 0,
    "parent_url": null,
    "author": "Luis Daniel Nava",
    "published": "2024-08-09T00:09:00.000+03:00",
    "title": "FGR habría detenido a “El Ranchero”, jefe criminal relacionado con caso Ayotzinapa",
    "text": "Ayotzinapa FGR habría detenido a “El Ranchero”, jefe criminal relacionado con caso AyotzinapaLa detención por parte de agentes de la FGE y un grupo de fuerzas especiales de militares y marinos se habría realizado la madrugada del martes 6 de agosto en el rancho Los 5 hermanos en la localidad de Apetlanca, municipio de Cuetzala del Progreso. CHILPANCINGO, Gro. (apro).-A punto de cumplirse 10 años de la desaparición de 43 estudiantes de Ayotzinapa y de terminar el gobierno de Andrés Manuel López Obrador, la Fiscalía General de la República (FGR) habría detenido en la región Norte de Guerrero, a Erick Román Fernández, El Ranchero, presunto jefe criminal señalado de desaparecer a un grupo de normalistas en el 2014. La detención por parte de agentes de la FGE y un grupo de fuerzas especiales de militares y marinos se habría realizado la madrugada del martes 6 de agosto en el rancho Los 5 hermanos en la localidad de Apetlanca, municipio de Cuetzala del Progreso. \"El Ranchero\" fue sacado en un helicóptero y trasladado a un penal de alta seguridad, reportaron medios locales. En 2014 Erik Román y familiares encabezaban en Apetlanca una célula de Guerreros Unidos, la organización criminal que ejecutó, junto a policías municipales, al margen de la policía federal y Ejército, la masacre y desaparición de 43 estudiantes de Ayotzinapa la noche del 26 y madrugada del 27 de septiembre de 2014 en Iguala y sus alrededores. Con el reacomodo criminal tras la fragmentación de Guerreros Unidos, Román Fernández se convirtió en jefe de plaza de Los Tlacos o Cártel de la Sierra en Apetlanca y el municipio. En 2020 \"El Ranchero\" y su familia fueron señalados en mantas de que un grupo de al menos 12 estudiantes fueron enviados a su rancho La Lobera en Apetlanca donde se habrían encargado de desaparecerlos. Apetlanca y sus alrededores han sido parte de las investigaciones y búsquedas del caso Ayotzinapa. En abril de 2023 la Comisión para la Verdad y Acceso a la Justicia del Caso Ayotzinapa (Covaj), encabezada en ese momento por el subsecretario de Gobernación, Alejandro Encinas Rodríguez, inició acciones de búsqueda de los muchachos en fosas clandestinas en esa zona, informó el diario El Sur. En julio también se realizaron acciones de búsqueda y excavaciones con maquinaria en Apetlanca y en Tianquizolco por personal de la Unidad Especial de Investigación y Litigación del Caso Ayotzinapa (UEILCA), la FGR y la Covaj, encabezadas por Alejandro Encinas.",
    "highlightText": "",
    "highlightTitle": "",
    "highlightThreadTitle": "",
    "language": "spanish",
    "sentiment": "negative",
    "categories": [
        "Politics",
        "Crime, Law and Justice",
        "Social Issue"
    ],
    "ai_allow": true,
    "webz_reporter": false,
    "external_links": [],
    "external_images": [],
    "entities": {
        "persons": [],
        "organizations": [],
        "locations": []
    },
    "rating": null,
    "crawled": "2024-08-09T00:18:35.230+03:00",
    "updated": "2024-08-09T01:42:54.465+03:00"
}