{
    "thread": {
        "uuid": "94de5286accc2f84e9d5adc90a28b5772dfba67f",
        "url": "https://www.lefigaro.fr/musique/lauryn-hill-annule-17-concerts-aux-etats-unis-et-blame-les-medias-sensationnalistes-20240808",
        "site_full": "www.lefigaro.fr",
        "site": "lefigaro.fr",
        "site_section": "https://lefigaro.fr",
        "site_categories": [
            "tennis",
            "sports",
            "top_news"
        ],
        "section_title": "Le Figaro - Actualité en direct et informations en continu",
        "title": "Lauryn Hill annule 17 concerts aux États-Unis et blâme les «médias sensationnalistes»",
        "title_full": "Lauryn Hill annule 17 concerts aux États-Unis et blâme les «médias sensationnalistes»",
        "published": "2024-08-08T13:07:00.000+03:00",
        "replies_count": 3,
        "participants_count": 4,
        "site_type": "news",
        "country": "FR",
        "main_image": "https://i.f1g.fr/media/cms/1200x630_crop/2024/08/08/4428031dbc36852c227b5e27f87dc01cccb6bcc8b77c116d124a5d743e3dfc01.jpg",
        "performance_score": 0,
        "domain_rank": 770,
        "domain_rank_updated": "2024-08-06T13:07:25.000+03:00",
        "reach": null,
        "social": {
            "facebook": {
                "likes": 0,
                "comments": 0,
                "shares": 1
            },
            "gplus": {
                "shares": 0
            },
            "pinterest": {
                "shares": 0
            },
            "linkedin": {
                "shares": 0
            },
            "stumbledupon": {
                "shares": 0
            },
            "vk": {
                "shares": 0
            }
        }
    },
    "uuid": "94de5286accc2f84e9d5adc90a28b5772dfba67f",
    "url": "https://www.lefigaro.fr/musique/lauryn-hill-annule-17-concerts-aux-etats-unis-et-blame-les-medias-sensationnalistes-20240808",
    "ord_in_thread": 0,
    "parent_url": null,
    "author": "lefigaro.fr",
    "published": "2024-08-08T13:07:00.000+03:00",
    "title": "Lauryn Hill annule 17 concerts aux États-Unis et blâme les «médias sensationnalistes»",
    "text": "Lauryn Hill annule 17 concerts aux États-Unis et blâme les «médias sensationnalistes» Par Le Figaro avec AFP Publié il y a 10 heures Lire dans l’app Copier le lien Lien copié Mail Facebook Twitter Linkedin Messenger WhatsApp Lauryn Hill, Pras Michél et Wyclef Jean, des the Fugees ont performé en 2023 à Central Park, à New York. ARTURO HOLMES / Getty Images via AFP La chanteuse américaine de hip-hop, qui devait lancer sa tournée américaine dans quelques jours avec son ancien groupe The Fugees a finalement annulé ses concerts aux États-Unis.\n«Lauryn Hill, icône du rap, a annulé sa tournée américaine qu’elle devait lancer samedi avec le groupe The Fugees, a annoncé mercredi la plateforme de vente de billets de concerts et spectacles Ticketmaster. Au total, dix-sept dates, prévues jusqu’au 21 septembre, sont annulées moyennant un remboursement automatique des fans de Lauryn Hill . Ces derniers avaient commencé à recevoir des notifications des annulations la veille, selon plusieurs médias américains.\nLive Nation, société organisatrice de la tournée The Celebration Continues ( La fête continue ), a confirmé le remboursement, sans expliquer les raisons de l’annulation. Lauryn Hill a, elle, dénoncé : «Le penchant de certains médias pour le sensationnalisme et les gros titres des pièges à clics ont apparemment créé un récit qui a affecté la vente de billets pour la partie nord-américaine de la tournée. » Il semblerait que les dates étaient loin d’être complètes.\nLe lancement de la tournée était prévu vendredi 9 août à Tampa, en Floride. Elle devait ensuite se poursuivre dans d'autres villes américaines dont Atlanta, Philadelphie, Dallas, Houston et Milwaukee, totalisant 17 dates à travers le pays. La partie européenne de la tournée, qui doit commencer à Dublin en Irlande le 7 octobre et finir à Hambourg en Allemagne le 1er novembre, ne semble pas avoir été affectée.\nCette tournée de retrouvailles des Fugees , annoncée après le premier concert du groupe depuis plus de dix ans en septembre 2021, avait été une première fois repoussée, puis annulée, en raison de la pandémie de Covid-19. Elle avait repris l'année dernière, 25 ans après la sortie en 1998 de l'album solo culte The Miseducation of Lauryn Hill . En novembre 2023, elle avait de nouveau été suspendue en raison de la santé de la chanteuse de 49 ans, affectée par un problème aux cordes vocales.",
    "highlightText": "",
    "highlightTitle": "",
    "highlightThreadTitle": "",
    "language": "french",
    "sentiment": "negative",
    "categories": [
        "Human Interest",
        "Arts, Culture and Entertainment",
        "Social Issue"
    ],
    "ai_allow": true,
    "webz_reporter": false,
    "external_links": [
        "https://sfgs.adj.st/resource?url=https://www.lefigaro.fr/musique/lauryn-hill-annule-17-concerts-aux-etats-unis-et-blame-les-medias-sensationnalistes-20240808&adj_t=17w3s48x&adj_campaign=acquiz-web-article-news",
        "https://www.instagram.com/p/C-ZmyuluBry/",
        "https://www.instagram.com/p/C-YhQNQOjld/",
        "https://instagram.com/p/C-YhQNQOjld/",
        "https://www.instagram.com/p/C-ZmyuluBry",
        "https://www.instagram.com/p/C-YhQNQOjld",
        "https://instagram.com/p/C-ZmyuluBry/",
        "https://sfgs.adj.st/resource",
        "https://sfgs.adj.st/resource?url=https://lefigaro.fr/musique/lauryn-hill-annule-17-concerts-aux-etats-unis-et-blame-les-medias-sensationnalistes-20240808&adj_t=17w3s48x&adj_campaign=acquiz-web-article-news"
    ],
    "external_images": [],
    "entities": {
        "persons": [],
        "organizations": [],
        "locations": []
    },
    "rating": null,
    "crawled": "2024-08-09T00:08:51.110+03:00",
    "updated": "2024-08-09T00:08:51.110+03:00"
}