{
    "thread": {
        "uuid": "a45b07feb5b2205cd6842921cb5d70da43c5d01e",
        "url": "https://www.capitalfm.co.ke/business/2025/11/kenya-eyes-green-digital-factories-in-new-industrial-push/",
        "site_full": "www.capitalfm.co.ke",
        "site": "capitalfm.co.ke",
        "site_section": "https://capitalfm.co.ke/",
        "site_categories": [
            "media"
        ],
        "section_title": "98.4 Capital FM - Nairobi's Hit Music Station | News, Music & Entertainment",
        "site_title": "Kenya breaking news | Kenya news today | Capitalfm.co.ke &#187; Capital News",
        "title": "Kenya eyes green, digital factories in new industrial push",
        "title_full": "Kenya eyes green, digital factories in new industrial push",
        "published": "2025-11-06T09:15:00.000+02:00",
        "replies_count": 0,
        "participants_count": 1,
        "site_type": "news",
        "country": "KE",
        "main_image": "https://www.capitalfm.co.ke/business/files/2025/10/WhatsApp-Image-2025-10-06-at-19.14.59.jpeg",
        "performance_score": 0,
        "domain_rank": 58454,
        "domain_rank_updated": "2025-10-26T23:00:00.000+02:00",
        "licensing_agency": [],
        "social": {
            "facebook": {
                "likes": 0,
                "comments": 0,
                "shares": 0
            },
            "vk": {
                "shares": 0
            }
        }
    },
    "uuid": "a45b07feb5b2205cd6842921cb5d70da43c5d01e",
    "url": "https://www.capitalfm.co.ke/business/2025/11/kenya-eyes-green-digital-factories-in-new-industrial-push/",
    "ord_in_thread": 0,
    "author": "PHIDEL KIZITO",
    "published": "2025-11-06T09:15:00.000+02:00",
    "title": "Kenya eyes green, digital factories in new industrial push",
    "text": "NAIROBI, Kenya, Oct 6 – Kenya is betting on green energy and artificial intelligence to anchor its next phase of industrial growth, as the government unveiled a renewed plan to make the country a regional manufacturing hub.\nCabinet Secretary for Investments, Trade and Industry Lee Kinyanjui speaking during the Kenya Industrialization Conference 2025 in Nairobi said the country’s industrial policy is entering a transformative phase powered by sustainability and technology.\n“Kenya’s industrial transformation now rests on three interlinked pillars industrial infrastructure through County Aggregation Industrial Parks, digitalization and AI for innovation, and greening our industries to meet climate commitments,” he said.\n“These are not separate pursuits, they reinforce one another and define our competitiveness in a low-carbon global economy.”\nKinyanjui highlighted that Kenya’s manufacturing strategy now aligns with global climate goals while leveraging artificial intelligence to boost efficiency, innovation, and market access.\nAmong the flagship initiatives, Kinyanjui singled out green hydrogen as a frontier of industrial decarbonization, positioning Kenya as a leader in clean energy innovation.\nThe government, he said, is moving from policy to practice, with demonstration projects around Olkaria already showcasing the viability of Power-to-X technologies.\nThe ministry is also collaborating with the United Nations Industrial Development Organization (UNIDO) to help local industries transition to low-carbon production while remaining competitive in export markets.\nIn the automotive sector, Kenya is reviving its vehicle assembly industry through the National Automotive Policy and E-Mobility Framework, designed to attract investment into local assembly, battery value chains, and electric mobility infrastructure.\nKinyanjui urged stronger collaboration between public institutions, private investors, and development partners to scale green industrial finance and innovation.",
    "highlightText": "",
    "highlightTitle": "",
    "highlightThreadTitle": "",
    "language": "english",
    "sentiment": "positive",
    "categories": [
        "Environment",
        "Economy, Business and Finance"
    ],
    "topics": [
        "Environment->energy saving",
        "Environment->sustainability",
        "Economy, Business and Finance->business strategy and marketing",
        "Economy, Business and Finance->energy and resource"
    ],
    "ai_allow": true,
    "has_canonical": false,
    "breaking": false,
    "webz_reporter": false,
    "external_links": [],
    "external_images": [],
    "internal_images": [],
    "entities": {
        "persons": [
            {
                "name": "Lee Kinyanjui",
                "sentiment": "none"
            }
        ],
        "locations": [],
        "organizations": []
    },
    "syndication": {
        "syndicated": false,
        "syndicate_id": "a45b07feb5b2205cd6842921cb5d70da43c5d01e",
        "first_syndicated": true
    },
    "trust": {
        "categories": [],
        "top_news": [],
        "bias": null,
        "source": {
            "type": null,
            "city": null,
            "state": null,
            "country": null,
            "domain_type": null,
            "agency": null,
            "organization_name": null
        }
    },
    "rating": null,
    "crawled": "2025-11-06T09:36:20.169+02:00",
    "updated": "2025-11-06T09:40:27.000+02:00"
}