{
    "thread": {
        "uuid": "4e92dbd83a286d25a630dbfd47241921c3f47470",
        "url": "http://stock.10jqka.com.cn/20251106/c672289997.shtml",
        "site_full": "stock.10jqka.com.cn",
        "site": "10jqka.com.cn",
        "site_section": "http://stock.10jqka.com.cn/companynews_list/",
        "site_categories": [
            "stocks",
            "finance",
            "financial_news"
        ],
        "section_title": "公司资讯_股票_同花顺财经",
        "site_title": null,
        "title": "以\"煤\"为基守底线 以\"绿\"为底促发展",
        "title_full": "以\"煤\"为基守底线 以\"绿\"为底促发展",
        "published": "2025-11-06T08:47:00.000+02:00",
        "replies_count": 0,
        "participants_count": 1,
        "site_type": "news",
        "country": "CN",
        "main_image": "",
        "performance_score": 0,
        "domain_rank": 4785,
        "domain_rank_updated": "2025-10-26T23:00:00.000+02:00",
        "licensing_agency": [],
        "social": {
            "facebook": {
                "likes": 0,
                "comments": 0,
                "shares": 0
            },
            "vk": {
                "shares": 0
            }
        }
    },
    "uuid": "4e92dbd83a286d25a630dbfd47241921c3f47470",
    "url": "http://stock.10jqka.com.cn/20251106/c672289997.shtml",
    "ord_in_thread": 0,
    "author": "淮北矿业官网",
    "published": "2025-11-06T08:47:00.000+02:00",
    "title": "以\"煤\"为基守底线 以\"绿\"为底促发展",
    "text": "百米井下“淮盾9号”盾构作业线月进尺508米，刷新 淮北矿业 （ 600985 ）集团最高单进纪录；地面投资建设的聚能发电2×660兆瓦超超临界机组，供电标煤耗265.3克/千瓦时，高效减碳、绿色环保……\n　　“十四五”收官之年，淮北矿业集团煤电产业用一个个火热的生产场景和一组组实实在在的数据，勾勒出传统煤企向“安全好、效率高、智能化、绿色化”转型的生动图景。\n　　 资源储备筑根基，地下“粮仓”蓄能待发\n　　“过去担心资源可能断档，现在深部资源收储让我们心里有了底。”涡北矿地测科有关负责人说。\n　　“十四五”期间，集团锚定“资源接续”目标，一手抓煤炭资源收储，累计收储矿井深部资源1.32亿吨，仅涡北矿就拿下2347万吨优质资源。同时一手抓石灰石资源储备，确保10亿吨以上的“后备家底”，为煤电、化工产业链延伸筑牢“原料粮仓”。\n　　在陶忽图矿，勘探人员摸清了“宝藏家底”——这里的煤炭低灰分、高发热量，每千克可达6200大卡以上，既是优质动力煤，也是气化化工“好原料”，为集团拓展西北能源版图埋下“富矿”。\n　　 重点项目挑大梁，煤电引擎全速轰鸣\n　　十月金秋，陶忽图矿建设项目迎来里程碑时刻——矿井首条煤层大巷开拓，矿井建设正式转入“快车道”。\n　　今年以来，该矿面对“穿巨厚含水层、截割硬岩”的难题，项目建设团队创新采用“定向钻超前帷幕疏放”技术，给巷道穿了一件“雨衣”，有效杜绝透水风险。采用大功率硬岩掘进机、台阶法分区作业，让掘进效率比周边矿井提升40%以上。如今，矿井已转入煤层大巷开拓阶段，达产后年产800万吨的规模，将成为集团在西北的“能源支点”。\n　　聚能发电项目作为安徽省“十四五”重点电源项目，总投资超50亿元的机组建成投产后，年发电量59.4亿千瓦时，将进一步优化区域电网结构，提升供电保障能力，为全省能源安全和经济发展注入新的动能。\n　　 数智赋能提质效，矿山换上“智慧大脑”\n　　“过去井下巡检靠脚跑，现在机器人替班，数据实时传。”在杨柳矿调度指挥中心，工作人员指着毫米级精度的数字孪生大屏介绍，屏幕上采煤机截割轨迹、瓦斯浓度等数据动态更新。“十四五”期间，集团累计建成13座智能化煤矿、2座智能化选煤厂已实现“井下少人、地面无人”。\n　　效率提升的背后，是“大国重器”的硬支撑。近年来，集团累计11台矿用盾构机投入使用，岩巷单进效率提高2倍以上。\n　　临涣选煤厂的“知煤大师”AI大模型，融合厂内知识与行业经验，构建起强大的专属知识能力，让精煤合格率100%，药剂用量减少45%。涡北选煤厂的数字孪生系统，故障预判准确率达98.6%，故障响应速度提升60%。\n　　 绿色转型焕新颜，煤炭穿上“绿色外衣”\n　　昔日的采煤沉陷区，如今铺满蓝色光伏板。孙疃32兆瓦、青东28兆瓦、袁一90兆瓦水面光伏电站，每年生产绿电1.6亿千瓦时，节省标煤约5.09万吨，年减少二氧化碳排放13.74万吨。\n　　持续推进瓦斯综合治理与资源化利用，集团12座瓦斯电站年发电2亿千瓦时，年利用瓦斯量突破1亿立方米，减排二氧化碳180万吨。\n　　煤矸石、煤泥等固废“变废为宝”。临涣中利（淮北涣城）发电公司采用4台300兆瓦循环流化床机组发电，利用洗煤过程中产生的煤矸石、煤泥和混煤等原料进行发电、供热，有效替代了周边企业分散的小火电、小锅炉，减少工业园区烟尘、二氧化硫、氮氧化合物的排放，取得良好的经济效益和社会效益。\n　　从地下“黑色宝藏”到地上“绿色动能”，从人工开采到智能掘进，淮北矿业集团煤电产业在“十四五”期间，用资源储备的“厚度”、项目建设的“速度”、数智转型的“精度”、绿色发展的“亮度”，交出了一份让职工满意、行业认可的“收官答卷”。",
    "highlightText": "",
    "highlightTitle": "",
    "highlightThreadTitle": "",
    "language": "chinese",
    "sentiment": "positive",
    "categories": [
        "Economy, Business and Finance",
        "Environment"
    ],
    "topics": [
        "Economy, Business and Finance->manufacturing and engineering",
        "Economy, Business and Finance->energy and resource",
        "Environment->sustainability",
        "Environment->energy resources",
        "Environment->energy saving"
    ],
    "ai_allow": true,
    "has_canonical": false,
    "breaking": false,
    "webz_reporter": false,
    "external_links": [],
    "external_images": [],
    "internal_images": [],
    "entities": {
        "persons": [],
        "locations": [],
        "organizations": []
    },
    "syndication": {
        "syndicated": null,
        "syndicate_id": null,
        "first_syndicated": false
    },
    "trust": {
        "categories": [],
        "top_news": [],
        "bias": null,
        "source": {
            "type": null,
            "city": null,
            "state": null,
            "country": null,
            "domain_type": null,
            "agency": null,
            "organization_name": null
        }
    },
    "rating": null,
    "crawled": "2025-11-06T08:59:27.971+02:00",
    "updated": "2025-11-06T09:11:56.000+02:00"
}