{
    "thread": {
        "uuid": "97848281ada33ad48df311bbfbf78a2dc8cf08c8",
        "url": "https://www.adnkronos.com/immediapress/pr-newswire/macklemore-backs-international-campaign-climate-education-for-7-million-students-worldwide_3sZdhOsScANePnUYojePos",
        "site_full": "www.adnkronos.com",
        "site": "adnkronos.com",
        "site_section": "https://www.adnkronos.com/rss.xml",
        "site_categories": [
            "media",
            "top_news_it",
            "top_news"
        ],
        "section_title": "",
        "site_title": "News in tempo reale, ultime notizie e video | Adnkronos",
        "title": "Macklemore Backs International Campaign: Climate Education for 7 Million Students Worldwide",
        "title_full": "Macklemore Backs International Campaign: Climate Education for 7 Million Students Worldwide",
        "published": "2025-11-06T09:01:00.000+02:00",
        "replies_count": 0,
        "participants_count": 1,
        "site_type": "news",
        "country": "IT",
        "main_image": "https://www.adnkronos.com/assets/themes/mobile/images/adnkronos-share.jpg",
        "performance_score": 0,
        "domain_rank": 6463,
        "domain_rank_updated": "2025-10-26T23:00:00.000+02:00",
        "licensing_agency": [],
        "social": {
            "facebook": {
                "likes": 0,
                "comments": 0,
                "shares": 0
            },
            "vk": {
                "shares": 0
            }
        }
    },
    "uuid": "97848281ada33ad48df311bbfbf78a2dc8cf08c8",
    "url": "https://www.adnkronos.com/immediapress/pr-newswire/macklemore-backs-international-campaign-climate-education-for-7-million-students-worldwide_3sZdhOsScANePnUYojePos",
    "ord_in_thread": 0,
    "author": "Adnkronos",
    "published": "2025-11-06T09:01:00.000+02:00",
    "title": "Macklemore Backs International Campaign: Climate Education for 7 Million Students Worldwide",
    "text": "06 novembre 2025 | 08.01 LETTURA: 3 minuti",
    "highlightText": "",
    "highlightTitle": "",
    "highlightThreadTitle": "",
    "language": "italian",
    "sentiment": "positive",
    "categories": [
        "Environment",
        "Education"
    ],
    "topics": [
        "Environment->climate change",
        "Education->curriculum",
        "Education->students"
    ],
    "ai_allow": true,
    "has_canonical": false,
    "breaking": true,
    "webz_reporter": false,
    "external_links": [],
    "external_images": [],
    "internal_images": [],
    "entities": {
        "persons": [],
        "locations": [],
        "organizations": []
    },
    "syndication": {
        "syndicated": null,
        "syndicate_id": null,
        "first_syndicated": false
    },
    "trust": {
        "categories": [],
        "top_news": [
            "top_news_it",
            "top_news"
        ],
        "bias": null,
        "source": {
            "type": null,
            "city": null,
            "state": null,
            "country": null,
            "domain_type": null,
            "agency": null,
            "organization_name": null
        }
    },
    "rating": null,
    "crawled": "2025-11-06T09:18:01.796+02:00",
    "updated": "2025-11-07T10:06:02.000+02:00"
}