{
    "thread": {
        "uuid": "5d1f7aa25555cb3e3733db120819c39680fdfb1e",
        "url": "https://finance.eastmoney.com/a/202507243466326477.html",
        "site_full": "finance.eastmoney.com",
        "site": "eastmoney.com",
        "site_section": "http://finance.eastmoney.com/yaowen.html",
        "site_categories": [
            "financial_news",
            "finance"
        ],
        "section_title": "焦点 - 东方财富网",
        "site_title": null,
        "title": "华自科技：去年12月以来锂电业务新增订单明显增加 预计下半年还会陆续有订单落地 _ 东方财富网",
        "title_full": "华自科技：去年12月以来锂电业务新增订单明显增加 预计下半年还会陆续有订单落地 _ 东方财富网",
        "published": "2025-07-24T06:10:00.000+03:00",
        "replies_count": 0,
        "participants_count": 1,
        "site_type": "news",
        "country": "CN",
        "main_image": "",
        "performance_score": 0,
        "domain_rank": 2186,
        "domain_rank_updated": "2025-06-03T00:00:00.000+03:00",
        "licensing_agency": [],
        "social": {
            "facebook": {
                "likes": 0,
                "comments": 0,
                "shares": 0
            },
            "vk": {
                "shares": 0
            }
        }
    },
    "uuid": "5d1f7aa25555cb3e3733db120819c39680fdfb1e",
    "url": "https://finance.eastmoney.com/a/202507243466326477.html",
    "ord_in_thread": 0,
    "author": "人民财讯",
    "published": "2025-07-24T06:10:00.000+03:00",
    "title": "华自科技：去年12月以来锂电业务新增订单明显增加 预计下半年还会陆续有订单落地 _ 东方财富网",
    "text": "人民财讯7月24日电， 华自科技 7月23日在线上路演交流中表示，锂电业务发展呈现阶段性特征：2020年底至2021年，锂电业务市场爆发，公司新接订单超20亿元；2022年至2024年，受行业竞争加剧影响，订单明显下滑；去年12月以来，受益于新一轮锂电设备更新迭代周期，新增订单明显增加，至目前已新签订单近十亿元，预计下半年还会陆续有订单落地。展望未来，公司认为总体很难再现2021年那样爆发式增长，但由于产线技术迭代，效率提升需求等，订单将持续保持稳定，预计每年会在10亿元左右。\n（文章来源：人民财讯）",
    "highlightText": "",
    "highlightTitle": "",
    "highlightThreadTitle": "",
    "language": "chinese",
    "sentiment": "positive",
    "categories": [
        "Economy, Business and Finance",
        "Social Issue",
        "Human Interest"
    ],
    "topics": [
        "Economy, Business and Finance->business financing",
        "Economy, Business and Finance->business strategy and marketing",
        "Economy, Business and Finance->products and services",
        "Social Issue->social networking",
        "Social Issue->social condition"
    ],
    "ai_allow": true,
    "has_canonical": false,
    "breaking": null,
    "webz_reporter": false,
    "external_links": [],
    "external_images": [],
    "internal_images": [],
    "entities": {
        "persons": [],
        "locations": [],
        "organizations": []
    },
    "syndication": {
        "syndicated": null,
        "syndicate_id": null,
        "first_syndicated": false
    },
    "trust": {
        "categories": [],
        "top_news": [],
        "bias": null,
        "source": {
            "type": null,
            "city": null,
            "state": null,
            "country": null,
            "domain_type": null,
            "agency": null,
            "organization_name": null
        }
    },
    "rating": null,
    "crawled": "2025-07-24T07:38:57.954+03:00",
    "updated": "2025-07-24T07:43:22.000+03:00"
}