{
    "thread": {
        "uuid": "aaf131e48ce51e78ecf99efc61855ff32a643698",
        "url": "https://www.torcidaflamengo.com.br/news.asp?nID=172647",
        "site_full": "www.torcidaflamengo.com.br",
        "site": "torcidaflamengo.com.br",
        "site_section": "https://torcidaflamengo.com.br/news.asp?nid=157363",
        "site_categories": [],
        "section_title": "SALVOU O TIME! Dinheiro de atacante do Flamengo impulsionou time do interior paulista rumo à Série A",
        "site_title": "Torcida Flamengo - Clube de Regatas Flamengo",
        "title": "Wesley assegura triunfo do Flamengo sobre o RB Bragantino no último jogo.",
        "title_full": "Wesley assegura triunfo do Flamengo sobre o RB Bragantino no último jogo.",
        "published": "2025-07-24T03:00:00.000+03:00",
        "replies_count": 0,
        "participants_count": 0,
        "site_type": "news",
        "country": "BR",
        "main_image": "https://lncimg.lance.com.br/cdn-cgi/image/width=1280,height=720,quality=75,fit=cover,format=webp/uploads/2025/07/Fla-wesley-scaled-aspect-ratio-512-320.jpg",
        "performance_score": 0,
        "domain_rank": 175692,
        "domain_rank_updated": "2025-06-03T00:00:00.000+03:00",
        "licensing_agency": [],
        "social": {
            "facebook": {
                "likes": 0,
                "comments": 0,
                "shares": 0
            },
            "vk": {
                "shares": 0
            }
        }
    },
    "uuid": "aaf131e48ce51e78ecf99efc61855ff32a643698",
    "url": "https://www.torcidaflamengo.com.br/news.asp?nID=172647",
    "ord_in_thread": 0,
    "author": null,
    "published": "2025-07-24T03:00:00.000+03:00",
    "title": "Wesley assegura triunfo do Flamengo sobre o RB Bragantino no último jogo.",
    "text": "O Flamengo venceu o RB Bragantino por 2 a 1 na noite desta quarta-feira (23), pela 16ª rodada do Brasileirão . No estádio Cícero de Souza Marques, em Bragança Paulista (SP), o triunfo do Rubro-Negro, de virada, contou com gols de Léo Pereira e Wesley . O lateral-direito, aliás, pode ter feito a sua última partida pelo time carioca, já que tem conversas encaminhadas com a Roma, da Itália . Com a vitória, o time carioca diminuiu a diferença para o líder Cruzeiro, que empatou com o Corinthians também nesta quarta. O Rubro-Negro, com um jogo a menos, tem 33 pontos. A Raposa tem 34. O primeiro tempo em Bragança Paulista começou equilibrado e com as duas equipes se estudando bastante. A primeira chance de perigo foi do time da casa, aos 3 minutos, quando Henry Mosquera cruzou rasteiro e Lucas Barbosa finalizou na rede pelo lado de fora.\nA resposta do Flamengo veio aos 13', em um foguete de Bruno Henrique da entrada da área, que obrigou o goleiro Cleiton a espalmar para o lado. A má notícia para o Bragantino veio aos 25, quando o próprio Mosquera sentiu dores na coxa esquerda e precisou ser substituído por Vinicinho. Na reta final da primeira etapa, o jogo ficou mais truncado e as melhores chances surgiram em bolas paradas. O Rubro-Negro, que terminou com 64% de posse de bola, teve uma falta perigosa aos 30 minutos com Arrascaeta, mas Luiz Araújo acertou a barreira na cobrança.\nO próximo jogo do Flamengo também será pelo Brasileirão. No domingo, recebe o Atlético Mineiro no Maracanã. No sábado, o RB Bragantino visita o Fortaleza. RB BRAGANTINO 1X2 FLAMENGO SÉRIE A - BRASILEIRÃO ?? Data e horário: quarta-feira, 23 de julho de 2025, às 21h30 (de Brasília) ?? Local: Estádio Cicero de Souza Marques, em Bragança Paulista (SP) ?? Gols :\\xa0Lucas Barbosa, 1'/2°T (1-0), Léo Pereira, 20'/2°T (1-1), Wesley, 39'/2°T (1-2) ?? Cartões amarelos : Jorginho, Léo Pereira, Evertton Araújo, Wesley e Pedro (FLA) ?? Cartão vermelho: - ? ESCALAÇÕES RB BRAGANTINO (Técnico: Fernando Seabra) Cleiton; Andrés Hurtado, Pedro Henrique (Eduardo Santos/Gustavo Marques), Guzmán e Guilherme; Gabriel, Eric Ramires (Praxedes) e Jhon Jhon; Lucas Barbosa (Fabinho), Sasha (Isidro Pitta) e Henry Mosquera (Vinicinho). FLAMENGO (Técnico: Filipe Luís) Rossi; Wesley, Léo Ortiz, Léo Pereira e Varela (Viña); Evertton Araújo, Jorginho e Arrascaeta; Luiz Araújo (Wallace Yan), Bruno Henrique e Pedro (Juninho). ?? ARBITRAGEM ?? Árbitro : Davi De Oliveira Lacerda (ES) ?? Assistentes : Rafaela da Silva Alves (RS) e Douglas Pagung (ES) ??? VAR : Caio Max Augusto Vieira (GO) Para acompanhar as notícias do Flamengo , acompanhe o Lance! Todas as informações e acontecimentos atualizados em tempo real",
    "highlightText": "",
    "highlightTitle": "",
    "highlightThreadTitle": "",
    "language": "portuguese",
    "sentiment": "positive",
    "categories": [
        "Sport",
        "Human Interest"
    ],
    "topics": [
        "Sport->soccer",
        "Sport->sport event",
        "Sport->regular competition",
        "Human Interest->record and achievement"
    ],
    "ai_allow": true,
    "has_canonical": false,
    "breaking": null,
    "webz_reporter": false,
    "external_links": [],
    "external_images": [],
    "internal_images": [],
    "entities": {
        "persons": [],
        "locations": [],
        "organizations": []
    },
    "syndication": {
        "syndicated": null,
        "syndicate_id": null,
        "first_syndicated": false
    },
    "trust": {
        "categories": [],
        "top_news": [],
        "bias": null,
        "source": {
            "type": null,
            "city": null,
            "state": null,
            "country": null,
            "domain_type": null,
            "agency": null,
            "organization_name": null
        }
    },
    "rating": null,
    "crawled": "2025-07-24T07:43:13.592+03:00",
    "updated": "2025-07-24T07:46:15.000+03:00"
}