{
    "thread": {
        "uuid": "56a9c0f2c5ac904d879edabe5dfd2d8dd1cd65d4",
        "url": "https://www.newsbreak.com/total-pro-sports-313944020/4129309569938-damian-lillard-hilariously-reveals-unexpected-reason-he-bonded-with-jrue-holiday-in-milwaukee",
        "site_full": "www.newsbreak.com",
        "site": "newsbreak.com",
        "site_section": "https://local.newsbreak.com/total-pro-sports-313944020",
        "site_categories": [
            "under_construction"
        ],
        "section_title": "Total Pro Sports&#x27;s Home Page | NewsBreak",
        "site_title": "NewsBreak: Local News &amp; Alerts",
        "title": "Damian Lillard Hilariously Reveals Unexpected Reason He Bonded With Jrue Holiday In Milwaukee - NewsBreak",
        "title_full": "Damian Lillard Hilariously Reveals Unexpected Reason He Bonded With Jrue Holiday In Milwaukee - NewsBreak",
        "published": "2025-07-24T06:16:00.000+03:00",
        "replies_count": 0,
        "participants_count": 1,
        "site_type": "news",
        "country": "US",
        "main_image": "https://img.particlenews.com/img/id/2x0z20_132n6dEE00",
        "performance_score": 0,
        "domain_rank": 3213,
        "domain_rank_updated": "2025-06-03T00:00:00.000+03:00",
        "licensing_agency": [],
        "social": {
            "facebook": {
                "likes": 0,
                "comments": 0,
                "shares": 0
            },
            "vk": {
                "shares": 0
            }
        }
    },
    "uuid": "56a9c0f2c5ac904d879edabe5dfd2d8dd1cd65d4",
    "url": "https://www.newsbreak.com/total-pro-sports-313944020/4129309569938-damian-lillard-hilariously-reveals-unexpected-reason-he-bonded-with-jrue-holiday-in-milwaukee",
    "ord_in_thread": 0,
    "author": "Shabiha Akter",
    "published": "2025-07-24T06:16:00.000+03:00",
    "title": "Damian Lillard Hilariously Reveals Unexpected Reason He Bonded With Jrue Holiday In Milwaukee - NewsBreak",
    "text": "After two years with the Milwaukee Bucks, Damian Lillard is officially back with the Portland Trail Blazers, where he began his NBA journey. The move came after the Bucks waived Lillard, as he is set to miss a significant part of the 2025-26 season due to injury. Without hesitation, Portland extended a welcoming hand to their franchise icon. Lillard, in turn, embraced the opportunity with a full heart. Now with the Blazers, Lillard joins forces with Jrue Holiday. The reunion comes with a sense of irony and familiarity, as the two had a unique connection even before this season. During a media event on Wednesday, Lillard humorously recalled his time in Milwaukee, living in a house previously owned by Jrue Holiday. Lillard humorously revealed that in Holiday’s house, he faced wifi issues. “ When I lived in Milwaukee, I rented his house for two years so we talked a lot. Like, I was complaining to him about the wifi. There’s a clip online of like I shake his hand, we played them in Boston, we had an interaction and people we’re like what? And we were literally talking about his wifi at his house ,” Lillard said. Lillard now won’t need to rent anyone’s home anymore. He has rejoined the Trail Blazers with a fresh three-year, $42 million contract. The deal has allowed him to settle in with his family and reestablish roots in the city that watched him grow into a superstar. The Trail Blazers celebrated Lillard’s homecoming with a heartfelt social media video showing him entering the team’s locker room. Lillard appeared overwhelmed by the moment, though he tried to hold back the emotion. “ I ain’t gonna cry, but I don’t usually be feeling like this. I feel so happy on the inside ,” Lillard said . Lillard originally played his first 11 seasons with Portland before requesting a trade that eventually sent him to Milwaukee. Across his 13 seasons, split between the Blazers and Bucks, Lillard has averaged 25.1 points, 6.7 assists, and 4.3 rebounds per game. The post originally published on .",
    "highlightText": "",
    "highlightTitle": "",
    "highlightThreadTitle": "",
    "language": "english",
    "sentiment": "positive",
    "categories": [
        "Sport",
        "Human Interest",
        "Lifestyle and Leisure"
    ],
    "topics": [
        "Sport->basketball",
        "Lifestyle and Leisure->lifestyle"
    ],
    "ai_allow": true,
    "has_canonical": false,
    "breaking": null,
    "webz_reporter": false,
    "external_links": [
        "https://img.particlenews.com/image.php?type=thumbnail_580x000&url=2x0z20_132n6dEE00",
        "https://img.particlenews.com/image.php?url=2x0z20_132n6dEE00",
        "https://x.com/trailblazers/status/1947526824940212255?t=1HyXkv54OUT_EFXlCrcfjw&s=19",
        "https://www.totalprosports.com/nba/what-the-portland-trail-blazers-starting-lineup-might-look-like-after-damian-lillard-reunion-find-out/",
        "https://www.totalprosports.com/",
        "https://www.totalprosports.com/nba/damian-lillard-hilariously-reveals-unexpected-reason-he-bonded-with-jrue-holiday-in-milwaukee/",
        "https://www.totalprosports.com/nba/damian-lillard-hilariously-reveals-unexpected-reason-he-bonded-with-jrue-holiday-in-milwaukee",
        "https://www.totalprosports.com",
        "https://totalprosports.com/",
        "https://www.totalprosports.com/nba/what-the-portland-trail-blazers-starting-lineup-might-look-like-after-damian-lillard-reunion-find-out",
        "https://www.img.particlenews.com/image.php?url=2x0z20_132n6dEE00",
        "https://totalprosports.com/nba/what-the-portland-trail-blazers-starting-lineup-might-look-like-after-damian-lillard-reunion-find-out/",
        "https://img.particlenews.com/image.php",
        "https://x.com/trailblazers/status/1947526824940212255",
        "https://totalprosports.com/nba/damian-lillard-hilariously-reveals-unexpected-reason-he-bonded-with-jrue-holiday-in-milwaukee/",
        "https://www.x.com/trailblazers/status/1947526824940212255?t=1HyXkv54OUT_EFXlCrcfjw&s=19",
        "https://www.img.particlenews.com/image.php?type=thumbnail_580x000&url=2x0z20_132n6dEE00"
    ],
    "external_images": [],
    "internal_images": [],
    "entities": {
        "persons": [
            {
                "name": "Damian Lillard",
                "sentiment": "negative"
            }
        ],
        "locations": [],
        "organizations": [
            {
                "name": "NBA",
                "sentiment": "none",
                "tickers": [
                    {
                        "ticker": null,
                        "exchange": null
                    }
                ]
            }
        ]
    },
    "syndication": {
        "syndicated": false,
        "syndicate_id": null,
        "first_syndicated": false
    },
    "trust": {
        "categories": [
            "fake_news"
        ],
        "top_news": [],
        "bias": "center",
        "source": {
            "type": null,
            "city": null,
            "state": null,
            "country": null,
            "domain_type": null,
            "agency": null,
            "organization_name": null
        }
    },
    "rating": null,
    "crawled": "2025-07-24T07:36:16.843+03:00",
    "updated": "2025-07-24T07:41:06.000+03:00"
}