{
    "thread": {
        "uuid": "97b4f623c1278a807659b3d02adf1596f7be70c1",
        "url": "https://ms.dbw.cn/system/2025/07/24/059465067.shtml",
        "site_full": "ms.dbw.cn",
        "site": "dbw.cn",
        "site_section": "http://ms.dbw.cn",
        "site_categories": [],
        "section_title": "东北网民生-东北网",
        "site_title": null,
        "title": "社会共治，消除肝炎-东北网民生-东北网",
        "title_full": "社会共治，消除肝炎-东北网民生-东北网",
        "published": "2025-07-24T03:00:00.000+03:00",
        "replies_count": 0,
        "participants_count": 0,
        "site_type": "news",
        "country": "CN",
        "main_image": "",
        "performance_score": 0,
        "domain_rank": 25002,
        "domain_rank_updated": "2025-06-03T00:00:00.000+03:00",
        "licensing_agency": [],
        "social": {
            "facebook": {
                "likes": 0,
                "comments": 0,
                "shares": 0
            },
            "vk": {
                "shares": 0
            }
        }
    },
    "uuid": "97b4f623c1278a807659b3d02adf1596f7be70c1",
    "url": "https://ms.dbw.cn/system/2025/07/24/059465067.shtml",
    "ord_in_thread": 0,
    "author": null,
    "published": "2025-07-24T03:00:00.000+03:00",
    "title": "社会共治，消除肝炎-东北网民生-东北网",
    "text": "时间：2025-07-24 11:13 来源：日照新闻网 编辑：王聪\n2025年7月28日是第15个世界肝炎日，今年的宣传主题是“社会共治，消除肝炎”。\n根据《中国肝硬化临床诊治共识意见》2023年统计显示，在所有肝硬化患者当中，乙肝病毒导致的肝硬化占71.1%，酒精性肝硬化患者占11.27%，丙肝病毒导致肝硬化占8.1%，脂肪肝导致肝硬化占1.5%，此外胆汁淤积、代谢障碍、血液循环障碍、营养障碍、血吸虫病等也会引起肝硬化。接种乙肝疫苗是预防乙肝病毒传播的最有效手段，其安全性已获得医学界的广泛认可。\n我国高度重视乙肝病毒的防控工作，要求所有新生儿在出生后尽快接种乙肝疫苗，尤其是出生后24小时之内，并按照(0、1、6)程序进行接种。\n如果妈妈是乙肝感染者，宝宝出生的12小时内需及时接种乙肝疫苗和乙肝免疫球蛋白，在宝宝1月龄和6月龄接种其余2针，完成全程免疫，在完成全程免疫之后对其抗体产生情况进行筛查，如果为产生抗体继续接种乙肝疫苗，产生抗体后要进行定期检查。\n暨南大学疫苗产业研究院院长梁晓峰教授指出：“对于成人来说，也要重视乙肝病毒的防护，因为疫苗的保护不是终生有效的，是会随着时间的流逝逐渐衰减，如果体内的乙肝抗体阴性或抗体滴度小于10mIU/ml，建议重新接种乙肝疫苗，及时获得保护性抗体。可按照常规的乙肝接种程序(0、1、6月)接种3针20μg乙肝疫苗，进行补打乙肝疫苗，全程需要大约半年的时间；或选择接种60μg乙肝疫苗，初次免疫只需要1-2针，1—2个月就可以完成全程接种。”\n康泰生物是较早参与乙肝疫苗本地化生产的企业之一。公司于1993年在深圳完成乙肝基因工程疫苗的试产，至今累计接种量超过14亿剂次，广泛服务于国家免疫规划体系。",
    "highlightText": "",
    "highlightTitle": "",
    "highlightThreadTitle": "",
    "language": "chinese",
    "sentiment": "positive",
    "categories": [
        "Health",
        "Social Issue",
        "Human Interest"
    ],
    "topics": [
        "Health->public health",
        "Health->disease and condition",
        "Social Issue->social services",
        "Social Issue->demographics",
        "Social Issue->social problem",
        "Human Interest->anniversary"
    ],
    "ai_allow": true,
    "has_canonical": false,
    "breaking": null,
    "webz_reporter": false,
    "external_links": [],
    "external_images": [],
    "internal_images": [],
    "entities": {
        "persons": [],
        "locations": [],
        "organizations": []
    },
    "syndication": {
        "syndicated": null,
        "syndicate_id": null,
        "first_syndicated": false
    },
    "trust": {
        "categories": [],
        "top_news": [],
        "bias": null,
        "source": {
            "type": null,
            "city": null,
            "state": null,
            "country": null,
            "domain_type": null,
            "agency": null,
            "organization_name": null
        }
    },
    "rating": null,
    "crawled": "2025-07-24T07:39:20.037+03:00",
    "updated": "2025-07-24T07:45:00.000+03:00"
}