{
    "thread": {
        "uuid": "821aaaaad12f2c62a84f9005479cb9e1027770a3",
        "url": "https://news.gxtv.cn/article/detail_8b1a474d0af043c18ed3a8f022e28fd3.html",
        "site_full": "news.gxtv.cn",
        "site": "gxtv.cn",
        "site_section": "https://news.gxtv.cn/news/newslist_ce5edde7a0824569acd06d9f95577b56.html",
        "site_categories": [],
        "section_title": "新闻频道_广西网络广播电视台",
        "site_title": null,
        "title": "刘国中在广西调研时强调 不误农时抓紧抓好农业生产工作 毫不懈怠巩固拓展脱贫攻坚成果_新闻频道_广西网络广播电视台",
        "title_full": "刘国中在广西调研时强调 不误农时抓紧抓好农业生产工作 毫不懈怠巩固拓展脱贫攻坚成果_新闻频道_广西网络广播电视台",
        "published": "2025-07-23T21:55:00.000+03:00",
        "replies_count": 0,
        "participants_count": 1,
        "site_type": "news",
        "country": "CN",
        "main_image": "",
        "performance_score": 0,
        "domain_rank": 95242,
        "domain_rank_updated": "2025-06-03T00:00:00.000+03:00",
        "licensing_agency": [],
        "social": {
            "facebook": {
                "likes": 0,
                "comments": 0,
                "shares": 0
            },
            "vk": {
                "shares": 0
            }
        }
    },
    "uuid": "821aaaaad12f2c62a84f9005479cb9e1027770a3",
    "url": "https://news.gxtv.cn/article/detail_8b1a474d0af043c18ed3a8f022e28fd3.html",
    "ord_in_thread": 0,
    "author": "广西网络广播电视台",
    "published": "2025-07-23T21:55:00.000+03:00",
    "title": "刘国中在广西调研时强调 不误农时抓紧抓好农业生产工作 毫不懈怠巩固拓展脱贫攻坚成果_新闻频道_广西网络广播电视台",
    "text": "新闻\nNEWS\n时政\n|\n要闻\n|\n社会\n|\n法治\n|\n体育\n|\n财经\n首页\n>\n新闻\n> 正文\n刘国中在广西调研时强调 不误农时抓紧抓好农业生产工作 毫不懈怠巩固拓展脱贫攻坚成果\n2025-07-23 18:55:08\n来源：\n广西台新闻频道\n中共中央政治局委员、国务院副总理刘国中20日至22日到广西调研。他强调，要深入学习贯彻习近平总书记关于“三农”工作的重要论述，按照党中央、国务院部署，扎实做好粮食等重要农产品生产工作，持续巩固拓展脱贫攻坚成果，深入学习运用“千万工程”经验，因地制宜推进乡村全面振兴。\n刘国中先后来到柳州市、桂林市，走进田间地头、农民专业合作社等，实地了解水稻生产、糖料种植、高标准农田建设等情况。他强调，要不误农时抓紧早稻收割，细致开展机收、烘干、仓储等各环节工作，确保颗粒归仓。要有序推进早稻收购，引导多元主体积极入市，确保农民售粮顺畅、市场平稳。要加强晚稻栽插技术服务，强化先进适用技术集成推广，促进大面积单产提升。要积极培育推广优良甘蔗品种，加快提升丘陵山区地带机械化作业水平，推动糖料稳产提质。要保质保量推动高标准农田建设，强化项目建设全过程监管，深入开展工程质量“回头看”和专项整治。\n刘国中强调，近年来我国极端天气多发，要坚持底线思维，加强农业生产全周期气象监测服务，完善农业防灾减灾应急预案和物资、技术储备，有效防范应对农业灾害。当前要针对台风、洪涝等灾害天气，对受灾田块抓紧落实抢排积水、改种补种等措施，努力减少农业损失。\n刘国中还深入脱贫村、易地搬迁安置社区、乡镇卫生院等，看望脱贫群众，详细了解巩固拓展“三保障”成果、医疗帮扶等情况。他强调，现在距离有效衔接过渡期结束不到半年时间，必须慎终如始扛牢责任，守牢不发生规模性返贫致贫底线，确保平稳衔接过渡到常态化帮扶。要优化提升监测帮扶效能，运用大数据等信息化手段及时动态监测风险，精准落实帮扶措施。要突出抓好农民工和脱贫劳动力稳岗就业，立足特色优势发展乡村富民产业，千方百计促进农民增收。要扎实推进医疗卫生强基工程，加快推动紧密型县域医共体建设，方便农民群众就近享受优质医疗服务。\n广西台 汪舒\n投票\n验证信息\n身份证：\n手机号：\n验证码：\n获取验证码\n相关阅读\n·\n【乡村振兴看广西】临桂平水村：林下灵芝种植 富了乡亲守住了生态\n2025-07-24 10:27:28\n·\n【营商广西·桂在便利】广西上半年受理经营主体诉求近10万件 营商环境持续优化\n2025-07-23 20:46:15\n·\n台风“韦帕”远离广西沿海 沿海陆续恢复船舶进出港\n2025-07-23 19:59:52\n·\n8位老英雄老兵捐赠珍贵史料文物 填补广西革命军事史研究多项空白\n2025-07-23 19:54:16\n·\n路线公布！2025环广西·世巡赛10月14日开赛\n2025-07-23 19:51:13\n评论\n共有条评论\n还可以输入140字",
    "highlightText": "",
    "highlightTitle": "",
    "highlightThreadTitle": "",
    "language": "chinese",
    "sentiment": "positive",
    "categories": [
        "Politics",
        "Economy, Business and Finance",
        "Human Interest"
    ],
    "topics": [
        "Politics->economic policy",
        "Politics->government",
        "Economy, Business and Finance->economy",
        "Economy, Business and Finance->agriculture",
        "Economy, Business and Finance->business governance"
    ],
    "ai_allow": true,
    "has_canonical": false,
    "breaking": null,
    "webz_reporter": false,
    "external_links": [],
    "external_images": [],
    "internal_images": [],
    "entities": {
        "persons": [],
        "locations": [],
        "organizations": []
    },
    "syndication": {
        "syndicated": null,
        "syndicate_id": null,
        "first_syndicated": false
    },
    "trust": {
        "categories": [],
        "top_news": [],
        "bias": null,
        "source": {
            "type": null,
            "city": null,
            "state": null,
            "country": null,
            "domain_type": null,
            "agency": null,
            "organization_name": null
        }
    },
    "rating": null,
    "crawled": "2025-07-24T07:39:13.130+03:00",
    "updated": "2025-07-24T07:45:08.000+03:00"
}