{
    "thread": {
        "uuid": "8839a5e9ca44ca25354a55a5c65331aee31004bf",
        "url": "https://www.edgeprop.my/content/1913166/hi-mobility-denies-wage-cuts-causeway-link-drivers",
        "site_full": "www.edgeprop.my",
        "site": "edgeprop.my",
        "site_section": "https://news.google.com/search?q=my%20when%3a1h&hl=en-us&gl=us&ceid=us%3aen",
        "site_categories": [
            "real_estate",
            "buying_selling_homes"
        ],
        "section_title": "Google News - Search",
        "site_title": "Malaysia Property and Real Estate, Property for Sale / Rent / Auction | EdgeProp.my",
        "title": "HI Mobility denies wage cuts for Causeway Link drivers",
        "title_full": "HI Mobility denies wage cuts for Causeway Link drivers",
        "published": "2025-07-24T03:00:00.000+03:00",
        "replies_count": 0,
        "participants_count": 1,
        "site_type": "news",
        "country": "MY",
        "main_image": "https://media.edgeprop.my/s3fs-public/styles/newsthumbnails/public/field/image/himobilitylogo.jpg",
        "performance_score": 0,
        "domain_rank": 157113,
        "domain_rank_updated": "2025-06-03T00:00:00.000+03:00",
        "licensing_agency": [],
        "social": {
            "facebook": {
                "likes": 0,
                "comments": 0,
                "shares": 0
            },
            "vk": {
                "shares": 0
            }
        }
    },
    "uuid": "8839a5e9ca44ca25354a55a5c65331aee31004bf",
    "url": "https://www.edgeprop.my/content/1913166/hi-mobility-denies-wage-cuts-causeway-link-drivers",
    "ord_in_thread": 0,
    "author": "Justin Lim / theedgemalaysia.com",
    "published": "2025-07-24T03:00:00.000+03:00",
    "title": "HI Mobility denies wage cuts for Causeway Link drivers",
    "text": "- HI Mobility said contrary to the claims made in the media reports, all salary payments to its cross-border bus drivers have been made in full and in accordance with the terms of their employment contracts and in compliance with statutory regulations.\nKUALA LUMPUR (July 23): HI Mobility Bhd (KL:HI) has denied claims that it reduced the salaries of its cross-border bus drivers, stating that all payments have been made in full and in accordance with employment contracts and statutory regulations.\nThe Johor-based public transport company was responding to media reports alleging wage cuts following a walkout by some of its drivers operating under the Causeway Link brand on Monday. Causeway Link provides bus services between Johor Bahru and Singapore.\nThe bus driver strike caused HI Mobility’s share price to decline as much as 4.4% to RM1.74 on Wednesday, before recouping part of the losses to close at RM1.79, down three sen or 1.7%, for a market capitalisation of RM895 million.\nThe stock is up 46.7% since its listing in March this year at an issue price of RM1.22 per share.\nIn a statement released on Wednesday (July 23), HI Mobility said contrary to the claims made in the media reports, all salary payments to its cross-border bus drivers have been made in full and in accordance with the terms of their employment contracts and in compliance with statutory regulations.\nThe company also noted that its drivers are paid bi-weekly and are eligible for performance-based incentives, with monthly gross pay ranging from RM3,300 to more than RM4,300 for “high-achieving drivers”.\nHI Mobility added that it upholds strict compliance with labour laws while consistently ensuring timely compensation for its employees.\nDoes Malaysia have what it takes to become a Blue Zone, marked by health and longevity? Download a copy of EdgeProp’s Blueprint for Wellness to check out townships that are paving the path towards that.\nTOP PICKS BY EDGEPROP\nSALE\nFEATURED\nTaman Bandar Senawang\nSeremban, Negeri Sembilan\nSALE\nFEATURED\nDamaris @ Ara Sendayan\nSeremban, Negeri Sembilan\nSALE\nFEATURED\nTaman Rasah\nSeremban, Negeri Sembilan\nSALE\nFEATURED\nDayana @Nilai Impian\nNilai, Negeri Sembilan\nSALE\nFEATURED\nBandar Springhill\nPort Dickson, Negeri Sembilan\nRENT\nFEATURED\nIsle of Botanica, Setia Eco Glades\nCyberjaya, Selangor\nSALE\nFEATURED\nIsle of Kamares, Setia Eco Glades\nCyberjaya, Selangor\nSALE\nFEATURED\nIsle of Botanica, Setia Eco Glades\nCyberjaya, Selangor\nSALE\nFEATURED\nRoyal Ivory 2\nBandar Saujana Putra, Selangor\nSALE\nFEATURED\nTaman Villa Putra\nSungai Buloh, Selangor\nSALE\nFEATURED\nTaman Pinggiran USJ\nUSJ, Selangor\nSALE\nFEATURED\nBandar Tasik Kesuma\nSemenyih, Selangor\nSALE\nFEATURED\nEbonylane @ Eco Forest\nSemenyih, Selangor\nSALE\nFEATURED\nEverna @ Setia EcoHill\nSemenyih, Selangor\nSALE\nFEATURED\nGardens Ville\nSungai Ara, Penang\nSALE\nFEATURED\nTaman Bayu Aman\nAir Tawar, Penang\nRENT\nFEATURED\nNusajaya Tech Park\nIskandar Puteri (Nusajaya), Johor",
    "highlightText": "",
    "highlightTitle": "",
    "highlightThreadTitle": "",
    "language": "english",
    "sentiment": "positive",
    "categories": [
        "Economy, Business and Finance",
        "Social Issue",
        "Human Interest"
    ],
    "topics": [
        "Economy, Business and Finance->business governance",
        "Economy, Business and Finance->human resources",
        "Social Issue->social problem",
        "Social Issue->social services",
        "Social Issue->social condition"
    ],
    "ai_allow": true,
    "has_canonical": false,
    "breaking": null,
    "webz_reporter": false,
    "external_links": [],
    "external_images": [],
    "internal_images": [],
    "entities": {
        "persons": [],
        "locations": [
            {
                "name": "Johor",
                "sentiment": "none"
            }
        ],
        "organizations": []
    },
    "syndication": {
        "syndicated": false,
        "syndicate_id": null,
        "first_syndicated": false
    },
    "trust": {
        "categories": [],
        "top_news": [],
        "bias": null,
        "source": {
            "type": null,
            "city": null,
            "state": null,
            "country": null,
            "domain_type": null,
            "agency": null,
            "organization_name": null
        }
    },
    "rating": null,
    "crawled": "2025-07-24T07:37:17.674+03:00",
    "updated": "2025-07-24T07:41:28.000+03:00"
}