{
    "thread": {
        "uuid": "9b75e3428047bafccd9eb1335824de0fcd0c54e3",
        "url": "http://sc.stock.cnfol.com/gushizhibo/20250724/31492129.shtml",
        "site_full": "sc.stock.cnfol.com",
        "site": "cnfol.com",
        "site_section": "http://stock.cnfol.com",
        "site_categories": [
            "financial_news",
            "finance",
            "stocks"
        ],
        "section_title": "股票频道_中金在线",
        "site_title": null,
        "title": "港股异动 | 碳酸锂期货大涨超7% 天齐锂业(09696)涨超8% 赣锋锂业(01772)涨超6%_股市直播_市场_中金在线",
        "title_full": "港股异动 | 碳酸锂期货大涨超7% 天齐锂业(09696)涨超8% 赣锋锂业(01772)涨超6%_股市直播_市场_中金在线",
        "published": "2025-07-24T06:27:00.000+03:00",
        "replies_count": 0,
        "participants_count": 0,
        "site_type": "news",
        "country": "CN",
        "main_image": "",
        "performance_score": 0,
        "domain_rank": 10644,
        "domain_rank_updated": "2025-06-03T00:00:00.000+03:00",
        "licensing_agency": [],
        "social": {
            "facebook": {
                "likes": 0,
                "comments": 0,
                "shares": 0
            },
            "vk": {
                "shares": 0
            }
        }
    },
    "uuid": "9b75e3428047bafccd9eb1335824de0fcd0c54e3",
    "url": "http://sc.stock.cnfol.com/gushizhibo/20250724/31492129.shtml",
    "ord_in_thread": 0,
    "author": null,
    "published": "2025-07-24T06:27:00.000+03:00",
    "title": "港股异动 | 碳酸锂期货大涨超7% 天齐锂业(09696)涨超8% 赣锋锂业(01772)涨超6%_股市直播_市场_中金在线",
    "text": "智通财经APP获悉，锂业股拉升走强，截至发稿，天齐锂业(09696)涨8.2%，报37.6港元；赣锋锂业(01772)涨6.09%，报29.06港元。\n　　消息面上，碳酸锂期货主力合约2509涨幅扩大逾7%，现报76800元/吨；此前一度跌超2%。大和研报指出，考虑到供应控制政策的预期以及中国在宣布于西藏建设世界最大水电项目后，对基础设施需求的增加，认为中国上游大宗商品期货价格将在短期内呈上升趋势，从而支撑锂业公司等的股价。中信证券认为，长期来看，6-7万元/吨的锂价具有较强成本支撑，叠加短期供应扰动以及需求旺盛，该行预计锂价有望走出底部区间。\n　　 　　【免责声明】本文仅代表作者本人观点，与和讯网无关。和讯网站对文中陈述、观点判断保持中立，不对所包含内容的准确性、可靠性或完整性提供任何明示或暗示的保证。请读者仅作参考，并请自行承担全部责任。邮箱：news_center@staff.hexun.com",
    "highlightText": "",
    "highlightTitle": "",
    "highlightThreadTitle": "",
    "language": "chinese",
    "sentiment": "positive",
    "categories": [
        "Economy, Business and Finance",
        "Social Issue",
        "Human Interest"
    ],
    "topics": [
        "Economy, Business and Finance->commodity market",
        "Economy, Business and Finance->market and exchange",
        "Economy, Business and Finance->financial and economic news",
        "Social Issue->mankind",
        "Social Issue->discrimination",
        "Social Issue->social problem"
    ],
    "ai_allow": true,
    "has_canonical": false,
    "breaking": null,
    "webz_reporter": false,
    "external_links": [],
    "external_images": [],
    "internal_images": [],
    "entities": {
        "persons": [],
        "locations": [],
        "organizations": []
    },
    "syndication": {
        "syndicated": null,
        "syndicate_id": null,
        "first_syndicated": false
    },
    "trust": {
        "categories": [],
        "top_news": [],
        "bias": null,
        "source": {
            "type": null,
            "city": null,
            "state": null,
            "country": null,
            "domain_type": null,
            "agency": null,
            "organization_name": null
        }
    },
    "rating": null,
    "crawled": "2025-07-24T07:43:52.223+03:00",
    "updated": "2025-07-24T07:48:02.000+03:00"
}