{
    "thread": {
        "uuid": "74ea795d187fa445e78d4fe6c0c51a55b79abac8",
        "url": "https://www.post-journal.com/sports/local-sports/2025/07/fredonia-tops-southwestern-for-title/",
        "site_full": "www.post-journal.com",
        "site": "post-journal.com",
        "site_section": "https://news.google.com/search?q=all%20when%3a1h&hl=en-us&gl=us&ceid=us%3aen",
        "site_categories": [
            "media"
        ],
        "section_title": "Google News - Search",
        "site_title": "News, Sports, Jobs - Post Journal",
        "title": "Fredonia Tops Southwestern For Title",
        "title_full": "Fredonia Tops Southwestern For Title",
        "published": "2025-07-23T03:00:00.000+03:00",
        "replies_count": 0,
        "participants_count": 1,
        "site_type": "news",
        "country": "US",
        "main_image": "",
        "performance_score": 0,
        "domain_rank": 34811,
        "domain_rank_updated": "2025-06-03T00:00:00.000+03:00",
        "licensing_agency": [],
        "social": {
            "facebook": {
                "likes": 0,
                "comments": 0,
                "shares": 0
            },
            "vk": {
                "shares": 0
            }
        }
    },
    "uuid": "74ea795d187fa445e78d4fe6c0c51a55b79abac8",
    "url": "https://www.post-journal.com/sports/local-sports/2025/07/fredonia-tops-southwestern-for-title/",
    "ord_in_thread": 0,
    "author": "Matt Spielman",
    "published": "2025-07-23T03:00:00.000+03:00",
    "title": "Fredonia Tops Southwestern For Title",
    "text": "Fredonia Tops Southwestern For Title\nBig Third Inning Too Much To Overcome\nFREWSBURG — Max Luce entered Wednesday evening’s game in a nearly impossible situation.\nThe Fredonia right-hander came on in relief in the top of the fifth inning with the bases loaded and nobody out against Southwestern.\nAlthough Fredonia had a 9-3 lead, things got tighter after the first two batters Luce faced reached on errors and four more runs crossed the plate.\nBut Luce didn’t flinch. Instead, he induced a groundball for the first out and struck out Southwestern’s No. 3 hitter looking for the second out. Two more singles, including Mason Winchester’s RBI hit, made it 9-8, but Fredonia got out of the inning when Rocco Bongiovanni made a diving stop and threw to first for the final out of the frame.\nLuce made sure that lead held up with three more strikeouts in the top of the sixth inning as Fredonia won their third title in four years, 10-9, over Southwestern in the District 38 Little League 10-12 All-Star Tournament championship game at the Carroll Town Park.\nFredonia jumped on top 9-1 through three innings, including a five-run third.\nRylan Cambria hit an RBI triple and came around to score on an error to open the scoring in the first inning.\nIn the second, Bongiovanni singled and scored; Luce reached on an error and scored; No. 11 hitter Bruno Muscarella hit a two-run single and scored; and Tim Carle hit an RBI single.\nTrailing 5-0 in the top of the third inning, Southwestern’s Beau Beaver singled, stole second, went to third on a passed ball and scored on Elijah Evans’ RBI single.\nBut Fredonia added on in its half of the frame.\nWith two outs, Greyson Whitfield and Brennan Hodkin hit back-to-back singles ahead of Bongiovanni’s RBI single. After a batter was hit by a pitch, Luce drew a bases-loaded walk to force in a run. Theo Conroy capped the scoring with a two-run single to make it 9-1.\nHodkin threw the first four innings for Fredonia, allowing just the one run on two hits and two walks while striking out seven.\nSouthwestern then began its rally in the fifth. Kolton Bouckhuyt and Walker Eggleston walked before Hudson Rapp was hit by a pitch to load the bases. Beaver drew a bases-loaded walk to force in a run and Collin Strong was hit by a pitch to force in another run, which led to Fredonia making a chance to Luce on the mound.\nEvans greeted Luce with a hard-hit ball that got past first base for two runs and Carter Ray’s grounder got past second base for another two runs before Luce stopped the bleeding with just one more run crossing the plate.\nTucker Shoup doubled and scored on another Bongiovanni RBI single in the bottom of the fifth inning to make it 10-8.\nBeaver singled with two outs in the top of the sixth inning and scored on Strong’s RBI double down the left field line, but Luce ended the game with a strikeout to start Fredonia’s celebration.\nDylan Brink and Beaver each had a pair of hits for Southwestern.\nBongiovanni had three hits, two RBIs and two runs scored; Carle had two hits, including a double, and a run scored; and Conroy and Muscarella each drove in a pair of runs for Fredonia.",
    "highlightText": "",
    "highlightTitle": "",
    "highlightThreadTitle": "",
    "language": "english",
    "sentiment": "positive",
    "categories": [
        "Sport",
        "Human Interest",
        "Lifestyle and Leisure"
    ],
    "topics": [
        "Sport->sport event",
        "Sport->sports honour",
        "Sport->baseball",
        "Human Interest->record and achievement",
        "Lifestyle and Leisure->lifestyle",
        "Lifestyle and Leisure->exercise and fitness",
        "Lifestyle and Leisure->game"
    ],
    "ai_allow": true,
    "has_canonical": false,
    "breaking": null,
    "webz_reporter": false,
    "external_links": [],
    "external_images": [],
    "internal_images": [],
    "entities": {
        "persons": [
            {
                "name": "Max Luce",
                "sentiment": "negative"
            },
            {
                "name": "Rocco Bongiovanni",
                "sentiment": "none"
            },
            {
                "name": "Mason Winchester",
                "sentiment": "none"
            }
        ],
        "locations": [
            {
                "name": "Town Park",
                "sentiment": "none"
            }
        ],
        "organizations": [
            {
                "name": "Little League",
                "sentiment": "none",
                "tickers": []
            }
        ]
    },
    "syndication": {
        "syndicated": false,
        "syndicate_id": "74ea795d187fa445e78d4fe6c0c51a55b79abac8",
        "first_syndicated": true
    },
    "trust": {
        "categories": [
            "trusted_news"
        ],
        "top_news": [],
        "bias": "center",
        "source": {
            "type": "local_news",
            "city": [
                "Frewsburg",
                "Dunkirk",
                "Jamestown West",
                "Jamestown",
                "Falconer",
                "Mayville",
                "East Randolph",
                "Lakewood"
            ],
            "state": [
                "New York",
                "Colorado"
            ],
            "country": [
                "US"
            ],
            "domain_type": null,
            "agency": null,
            "organization_name": null
        }
    },
    "rating": null,
    "crawled": "2025-07-24T07:41:37.452+03:00",
    "updated": "2025-07-24T07:46:31.000+03:00"
}