{
    "thread": {
        "uuid": "28e4b1f9ad0a2a971cc146970780c59dd007fd47",
        "url": "https://www.infobae.com/america/agencias/2024/06/27/el-gobierno-ceuti-denuncia-al-comentarista-de-tv3-que-llamo-monos-de-gibraltar-a-aficionados-de-la-ad-ceuta",
        "site_full": "www.infobae.com",
        "site": "infobae.com",
        "site_section": "https://www.infobae.com/america/agencias/",
        "site_categories": [
            "media",
            "top_news"
        ],
        "section_title": "Últimas Noticias de Argentina y del Mundo - Infobae",
        "title": "El Gobierno ceutí denuncia al comentarista de TV3 que llamó \"monos de Gibraltar\" a aficionados de la AD Ceuta - Infobae",
        "title_full": "El Gobierno ceutí denuncia al comentarista de TV3 que llamó \"monos de Gibraltar\" a aficionados de la AD Ceuta - Infobae",
        "published": "2024-06-27T23:47:00.000+03:00",
        "replies_count": 0,
        "participants_count": 1,
        "site_type": "news",
        "country": "AR",
        "main_image": "https://www.infobae.com/new-resizer/499QF9Zyp1RmiDBAQJZr5fI9XnU=/1200x630/filters:format(webp):quality(85)/cloudfront-us-east-1.images.arcpublishing.com/infobae/RXPRDCSJSJCRNJYGH32PWJ27EY.jpg",
        "performance_score": 0,
        "domain_rank": 1975,
        "domain_rank_updated": "2024-06-25T13:08:38.000+03:00",
        "reach": null,
        "social": {
            "facebook": {
                "likes": 0,
                "comments": 0,
                "shares": 0
            },
            "gplus": {
                "shares": 0
            },
            "pinterest": {
                "shares": 0
            },
            "linkedin": {
                "shares": 0
            },
            "stumbledupon": {
                "shares": 0
            },
            "vk": {
                "shares": 0
            }
        }
    },
    "uuid": "28e4b1f9ad0a2a971cc146970780c59dd007fd47",
    "url": "https://www.infobae.com/america/agencias/2024/06/27/el-gobierno-ceuti-denuncia-al-comentarista-de-tv3-que-llamo-monos-de-gibraltar-a-aficionados-de-la-ad-ceuta",
    "ord_in_thread": 0,
    "parent_url": null,
    "author": "@infobae",
    "published": "2024-06-27T23:47:00.000+03:00",
    "title": "El Gobierno ceutí denuncia al comentarista de TV3 que llamó \"monos de Gibraltar\" a aficionados de la AD Ceuta - Infobae",
    "text": "El Gobierno de Ceuta ha interpuesto este jueves una denuncia penal ante el Juzgado de Primera Instancia e Instrucción de la ciudad dirigida al programa 'Esport3' de TV3 y al comentarista que llegó a calificar \"de monos\" a la afición ceutí durante la retransmisión del encuentro entre el Club Gimnàstic de Tarragona y la Agrupación Deportiva Ceuta el pasado 9 de junio. Los calificativos fueron proferidos durante la pausa previa a la segunda parte del partido, cuando los comentaristas del programa deportivo de la televisión pública de Cataluña realizaron comentarios referidos a la actitud de los aficionados visitantes, de quienes llegaron a decir: \"Ríete tú de los monos de Gibraltar\". El presidente de la Ciudad, Juan Vivas, mantuvo una reunión dos días después del incidente, en la que se acordó interponer la denuncia por manifestaciones que son, a juicio del Ejecutivo, \"constitutivas de un delito contra la integridad moral\", además de considerarlas \"absolutamente inadmisibles, de tinte xenófobo, racista y supremacista, que pretendían ridiculizar a todo un colectivo, incluso a toda una ciudad\". Los términos utilizados fueron los siguientes: \"En la grada de los ceutís hay lío, están bien los planos del córner subidos a la jaula. Si abre la jaula, ríete tú de los monos de Gibraltar\". \"Esta equiparación entre ceutíes y monos supone una manifestación pública de humillación, menosprecio y descrédito por motivos racistas\", han insistido. La parte denunciada se limitó a pronunciarse a través de sus redes sociales dos días después de lo sucedido. Pidieron disculpas públicas por comentarios que reconocieron como \"totalmente inadmisibles\". \"Pedimos disculpas a la afición y a los espectadores\". La Real Federación de Fútbol de Ceuta (RFFCE) se sumó a las quejas vertidas por la Ciudad contra los comentarios. Horas antes de lo ocurrido durante la retransmisión del partido, la entidad manifestó su condena contra \"los lamentables hechos\" acaecidos durante la llegada de los jugadores de la AD Ceuta a Tarragona, cuando un grupo de aficionados del Nástic lanzó piedras contra las ventanas del autobús del equipo visitante.",
    "highlightText": "",
    "highlightTitle": "",
    "highlightThreadTitle": "",
    "language": "spanish",
    "sentiment": "negative",
    "categories": [
        "Social Issue",
        "Crime, Law and Justice",
        "Politics"
    ],
    "webz_reporter": false,
    "external_links": [],
    "external_images": [],
    "entities": {
        "persons": [],
        "organizations": [],
        "locations": []
    },
    "rating": null,
    "crawled": "2024-06-28T00:05:14.881+03:00",
    "updated": "2024-06-28T00:05:14.881+03:00"
}