{
    "thread": {
        "uuid": "9deaedcc6d90f0ce26da301f9057707c7cf983f6",
        "url": "https://www.gazettextra.com/news/nation_world/gov-desantis-said-he-cut-florida-s-arts-funding-over-sexual-festivals/article_1f545897-3def-5045-ba39-14ac49c966b3.html",
        "site_full": "www.gazettextra.com",
        "site": "gazettextra.com",
        "site_section": "http://www.gazettextra.com/obituaries/search/?f=rss&t=article&c=&l=50&s=start_time&sd=desc",
        "site_categories": [
            "media"
        ],
        "section_title": "www.gazettextra.com - RSS Results of type article",
        "title": "Gov. DeSantis said he cut Florida’s arts funding over ‘sexual’ festivals",
        "title_full": "Gov. DeSantis said he cut Florida’s arts funding over ‘sexual’ festivals",
        "published": "2024-06-27T22:50:00.000+03:00",
        "replies_count": 0,
        "participants_count": 1,
        "site_type": "news",
        "country": "US",
        "main_image": "https://bloximages.newyork1.vip.townnews.com/gazettextra.com/content/tncms/custom/image/bd5993ec-56a6-11ec-a43c-8f7b005e099d.jpg",
        "performance_score": 0,
        "domain_rank": 14081,
        "domain_rank_updated": "2024-06-25T13:08:38.000+03:00",
        "reach": null,
        "social": {
            "facebook": {
                "likes": 0,
                "comments": 0,
                "shares": 0
            },
            "gplus": {
                "shares": 0
            },
            "pinterest": {
                "shares": 0
            },
            "linkedin": {
                "shares": 0
            },
            "stumbledupon": {
                "shares": 0
            },
            "vk": {
                "shares": 0
            }
        }
    },
    "uuid": "9deaedcc6d90f0ce26da301f9057707c7cf983f6",
    "url": "https://www.gazettextra.com/news/nation_world/gov-desantis-said-he-cut-florida-s-arts-funding-over-sexual-festivals/article_1f545897-3def-5045-ba39-14ac49c966b3.html",
    "ord_in_thread": 0,
    "parent_url": null,
    "author": "Lawrence Mower - Tampa Bay Times (TNS)",
    "published": "2024-06-27T22:50:00.000+03:00",
    "title": "Gov. DeSantis said he cut Florida’s arts funding over ‘sexual’ festivals",
    "text": "TALLAHASSEE, Fla. — Gov. Ron DeSantis cited “sexual” festivals in Orlando and Tampa as the reason\nhe vetoed more than $32 million in arts funding across Florida this month.\n“You have your tax dollars being given in grants to things like the Fringe Festival, which is like a sexual festival where they’re doing all this stuff,” DeSantis said during a news conference Thursday.\nkAm%96 k2 9C67lQ9EEADi^^HHH]@C=2?5@7C:?86]@C8^@7\\76DE:G2=\\a_acQm~C=2?5@ x?E6C?2E:@?2= uC:?86 %962E6C u6DE:G2=k^2m[ 96=5 2??F2==J 7@C bb J62CD[ 92D =:G6 E962E6C[ 4@?46CED 2?5 “<:5 7C:6?5=J D9@HD 2?5 24E:G:E:6D]” %96 ~C=2?5@ $6?E:?6=’D 2CED HC:E6C 2?5 E962E6C 4C:E:4 ?@E65 E92E 2E =62DE @?6 @7 E96 D9@HD 2E E96 76DE:G2= :? |2J “ k2 9C67lQ9EEADi^^HHH]@C=2?5@D6?E:?6=]4@>^a_ac^_d^`g^@C=2?5@\\7C:?86\\C6G:6HD\\@C=2?5@\\D6?E:?6=\\_d`h2\\a^Qm42? 86E D6IF2= — 3FE 2=H2JD 7@C 2 8@@5 C62D@? 2?5 >2I:>F> 4@>:4 67764Ek^2m]”k^Am\nkAm%2>A2 2=D@ 92D 2? 2??F2= k2 9C67lQ9EEADi^^76DE:G2=]E2>A27C:?86]@C8^Qmx?E6C?2E:@?2= uC:?86 u6DE:G2=k^2m[ H9:49 92D 762EFC65 4@>65:2?D[ AFAA6E66CD 2?5 @E96C 2CE:DED]k^Am\nkAm$E2E6 #6A] p??2 tD<2>2?:[ s\\~C=2?5@[ D2:5 E96 ~C=2?5@ 76DE:G2=[ H9:49 D96 2EE6?565 E9:D J62C[ H2D ?@E “D6IF2=]”k^Am\nkAm“xE 5@6D 762EFC6 5C28 BF66?D 2?5 @E96C 7@C>D @7 2CE:DE:4 6IAC6DD:@? E92E s6$2?E:D 92D H2?E65 E@ 46?D@C 56DA:E6 4@FCED E6==:?8 9:> @E96CH:D6P” D96 HC@E6 :? 2 E6IE >6DD286]k^Am\nkAmxE’D ?@E 4=62C H96E96C E96 uC:?86 76DE:G2= H@F=5 92G6 8@EE6? >@?6J 7C@> E9:D J62C’D 3F586E] pD k2 9C67lQ9EEADi^^EH:EE6C]4@>^7:?6@FE^DE2EFD^`g_ebd`adcbea`ffhdcQm!@=:E:4@ u=@C:52 ?@E65k^2m[ E96 DE2E6 7F?5D 4F=EFC2= AC@;64ED k2 9C67lQ9EEADi^^5@D]7=]8@G^4F=EFC2=^8C2?ED^8C2?E\\C6D@FC46D^8C2?E\\2H2C5D\\C64@>>6?52E:@?D^C2?<65\\2AA=:42E:@?\\=:DED^a_ac\\a_ad\\86?6C2=\\AC@8C2>\\DFAA@CE\\C2?<65\\2AA=:42E:@?\\=:DE^QmE9C@F89 2 C2?<65 =:DEk^2m[ 2?5 2 S`d_[___ :E6> 7@C E96 76DE:G2= H2D C2?<65 =@H[ =:<6=J 36J@?5 E96 A@:?E @7 C646:G:?8 2?J 7F?5:?8 E9:D J62C] |@C6 E92? S`d[___ 7@C E96 %2>A2 x?E6C?2E:@?2= uC:?86 u6DE:G2= H2D C2?<65 6G6? =@H6C]k^Am\nkAm“xE’D =:<6[ 9@H >2?J @7 J@F E9:?< J@FC E2I 5@==2CD D9@F=5 8@ E@ 7F?5 E92En” s6$2?E:D D2:5] “}@E G6CJ >2?J A6@A=6 H@F=5 5@ E92E]”k^Am\nkAm~C82?:K6CD @7 E96 ~C=2?5@ 76DE:G2= 5:5 ?@E C6EFC? 42==D 2?5 2 >6DD286 =67E @? E96:C >65:2 =:?6]k^Am\nkAms6$2?E:D’ DA@<6DA6@A=6 5:5 ?@E C6DA@?5 E@ BF6DE:@?D 23@FE H9:49 6G6?ED 2E E96 76DE:G2=D H6C6 D6IF2=[ @C H96E96C E96C6 H6C6 @E96C 2CED AC@;64ED 2C@F?5 E96 DE2E6 96 @3;64E65 E@]k^Am\nkAms6$2?E:D 92D 4C24<65 5@H? @? 5C28 D9@HD E92E 2==@H 49:=5C6?[ 2?5 96 AFD965 7@C =68:D=2E:@? :? a_ab E92E 32CC65 G6?F6D 7C@> 25>:EE:?8 49:=5C6? E@ 25F=E =:G6 A6C7@C>2?46D] p 7656C2= ;F586 E6>A@C2C:=J 3=@4<65 6?7@C46>6?E @7 E96 =2H @G6C 4@?46C?D :E G:@=2E65 u:CDE p>6?5>6?E C:89ED] k2 9C67lQ9EEADi^^HHH]>:2>:96C2=5]4@>^?6HD^A@=:E:4D\\8@G6C?>6?E^2CE:4=6ag`hfb`hg]9E>=Qm%96 &]$] $FAC6>6 r@FCE :? }@G6>36C C67FD65 E@ C6:?DE2E6 :Ek^2m]k^Am\nkAms6$2?E:D’ 4@>>6?ED %9FCD52J H6C6 E96 7:CDE 96’D >256 23@FE 9:D 564:D:@? E@ 4FE E96 6?E:C6EJ @7 E96 4F=EFC2= 8C2?ED 2?5 2CED 7F?5:?8 7C@> E96 DE2E6 3F586E 7@C E96 FA4@>:?8 7:D42= J62C] %96 564:D:@? k2 9C67lQ9EEADi^^HHH]E2>A232J]4@>^?6HD^7=@C:52\\A@=:E:4D^a_ac^_e^a_^7=@C:52\\2CED\\4F=EFC6\\7F?5:?8\\D=2D965\\3F586E^QmDEF??65 @C82?:K2E:@?D 24C@DD E96 DE2E6k^2m 2?5 =67E E96> D4C2>3=:?8 E@ 7:?5 ?6H D@FC46D @7 7F?5:?8]k^Am\nkAms6$2?E:D’ G6E@6D :?4=F565 Sdf_[d__ 7@C E96 %2>A2 |FD6F> @7 pCE 2?5 Sd__[___ 7@C +@@%2>A2 2E {@HCJ !2C<] %96 r=62CH2E6C |2C:?6 pBF2C:F> 2?5 uC:6?5D @7 *3@C 6249 6IA64E65 E@ C646:G6 Sd__[___ :? 4F=EFC2= 724:=:E:6D 8C2?ED]k^Am\nkAm“qJ G6E@:?8 2CED 2?5 4F=EFC6 8C2?ED 2?5 >2<:?8 DF49 2 DE2E6>6?E[ 96 :D ECJ:?8 E@ 4@?EC@= 2?5 46?D@C E96 4@?E6?E @7 E96 2CED[” D2:5 s6>@4C2E:4 $6?]\\6=64E r2C=@D vF:==6C>@ $>:E9 @7 ~C=2?5@] w6 D2:5 E9:D J62C’D ~C=2?5@ uC:?86 76DE:G2= 5C6H `g[___ A6@A=6]k^Am\nkAms6$2?E:D D2:5 E96 {68:D=2EFC6 ?665D E@ “C66G2=F2E6” 9@H 2CED AC@;64ED 2C6 7F?565]k^Am\nkAm“(96? x D66 >@?6J 36:?8 DA6?E E92E H2J[ x 92G6 E@ 36 E96 @?6 E@ DE2?5 FA 7@C E2IA2J6CD 2?5 D2J[ *@F <?@H[ H92E[ E92E :D 2? :?2AAC@AC:2E6 FD6 @7 E2IA2J6C 5@==2CD[” s6$2?E:D D2:5]k^Am\nkAm“x 42?’E D6== E96 uC:?86 u6DE:G2= E@ E2IA2J6CD[ ?@C H@F=5 x H2?E E@ ECJ E@ D6== E96 uC:?86 u6DE:G2= E@ E2IA2J6CD[” 96 25565]k^Am\nkAm\\\\\\\\\\\\\\k^Am\nkAmW%:>6D^w6C2=5 %2==292DD66 qFC62F C6A@CE6C p?2 r632==@D 4@?EC:3FE65 E@ E9:D C6A@CE]Xk^Am\nkAm\\\\\\\\\\\\\\k^Am\nkAm©a_ac %2>A2 q2J %:>6D] ':D:E 2E k2 9C67lQ9EEADi^^HHH]E2>A232J]4@>^QmE2>A232J]4@>k^2m] s:DEC:3FE65 3J %C:3F?6 r@?E6?E p86?4J[ {{r]k^Am",
    "highlightText": "",
    "highlightTitle": "",
    "highlightThreadTitle": "",
    "language": "english",
    "sentiment": "negative",
    "categories": [
        "Social Issue",
        "Politics",
        "Arts, Culture and Entertainment"
    ],
    "webz_reporter": false,
    "external_links": [
        "https://www.tampabay.com/news/florida-politics/2024/06/20/florida-arts-culture-funding-slashed-budget/",
        "https://tampabay.com/news/florida-politics/2024/06/20/florida-arts-culture-funding-slashed-budget/",
        "https://www.tampabay.com/news/florida-politics/2024/06/20/florida-arts-culture-funding-slashed-budget"
    ],
    "external_images": [],
    "entities": {
        "persons": [
            {
                "name": "ron desantis",
                "sentiment": "negative"
            },
            {
                "name": "desantis",
                "sentiment": "negative"
            }
        ],
        "organizations": [],
        "locations": [
            {
                "name": "fla.",
                "sentiment": "none"
            },
            {
                "name": "orlando",
                "sentiment": "none"
            },
            {
                "name": "tallahassee",
                "sentiment": "none"
            },
            {
                "name": "florida",
                "sentiment": "none"
            },
            {
                "name": "tampa",
                "sentiment": "none"
            }
        ]
    },
    "rating": null,
    "crawled": "2024-06-28T00:08:26.677+03:00",
    "updated": "2024-06-28T00:08:26.677+03:00"
}