{
    "thread": {
        "uuid": "18e1215f0bd87311098b19e6889cda97f0604ab8",
        "url": "https://www.newsbreak.com/idaho-state/3507867771519-abortion-advocates-warn-of-chaos-and-confusion-in-the-wake-of-the-supreme-court-s-idaho-ruling",
        "site_full": "www.newsbreak.com",
        "site": "newsbreak.com",
        "site_section": "https://www.newsbreak.com/idaho-state",
        "site_categories": [
            "under_construction",
            "non_standard_content",
            "top_news"
        ],
        "section_title": "Idaho State News | NewsBreak Idaho State",
        "title": "Abortion advocates warn of ‘chaos and confusion’ in the wake of the Supreme Court’s Idaho ruling",
        "title_full": "Abortion advocates warn of ‘chaos and confusion’ in the wake of the Supreme Court’s Idaho ruling",
        "published": "2024-06-27T03:00:00.000+03:00",
        "replies_count": 0,
        "participants_count": 1,
        "site_type": "news",
        "country": "US",
        "main_image": "https://img.particlenews.com/img/id/2UCz5m_0u6bufvm00?type=thumbnail_1600x1200",
        "performance_score": 0,
        "domain_rank": 3356,
        "domain_rank_updated": "2024-06-25T13:08:38.000+03:00",
        "reach": null,
        "social": {
            "facebook": {
                "likes": 0,
                "comments": 0,
                "shares": 0
            },
            "gplus": {
                "shares": 0
            },
            "pinterest": {
                "shares": 0
            },
            "linkedin": {
                "shares": 0
            },
            "stumbledupon": {
                "shares": 0
            },
            "vk": {
                "shares": 0
            }
        }
    },
    "uuid": "18e1215f0bd87311098b19e6889cda97f0604ab8",
    "url": "https://www.newsbreak.com/idaho-state/3507867771519-abortion-advocates-warn-of-chaos-and-confusion-in-the-wake-of-the-supreme-court-s-idaho-ruling",
    "ord_in_thread": 0,
    "parent_url": null,
    "author": "Kelly Rissman",
    "published": "2024-06-27T03:00:00.000+03:00",
    "title": "Abortion advocates warn of ‘chaos and confusion’ in the wake of the Supreme Court’s Idaho ruling",
    "text": "Get updates delivered to you daily. Free and customizable. The Independent By Kelly Rissman,44 minutes ago Expand All Read in NewsBreak Comments / 0 Add a Comment YOU MAY ALSO LIKE Mediaite14 days ago Salon13 days ago [Idaho State](/idaho-state)14 days ago [Texas State](/texas-state)3 days ago Trump mocked after claiming he was ‘tortured’ in Georgia jail booking after turning himself in voluntarily [Fulton County, GA](/fulton-county-ga)1 day ago [New Palestine, IN](/new-palestine-in)1 day ago [Colorado State](/colorado-state)1 day ago Family assaulted and tortured with hot butter knives and forks by gang who demanded their money and guns [North Carolina State](/north-carolina-state)1 day ago [Manatee County, FL](/manatee-county-fl)22 hours ago [New York City, NY](/new-york-city-ny)14 days ago Two men arrested after police discovered that three women and a teen were held captive in a shipping container [East Stroudsburg, PA](/east-stroudsburg-pa)9 hours ago The Independent2 days ago Man charged with threatening to kill presidential candidates found dead as jury was deciding verdict The Independent4 hours ago A teen was found dead on a rural road in 1994. Now, cops plan to exhume her body in hunt for possible serial killer [Deerfield Township, OH](/deerfield-township-oh)2 days ago [Texas State](/texas-state)27 days ago [Branson, MO](/branson-mo)27 days ago Twin toddlers whose dad allegedly tried to drown them are ‘significantly improving’ after days in ICU [West Haven, CT](/west-haven-ct)2 days ago The Independent2 days ago Get updates delivered to you daily. Free and customizable. Welcome to NewsBreak, an open platform where diverse perspectives converge. Most of our content comes from established publications and journalists, as well as from our extensive network of tens of thousands of creators who contribute to our platform. We empower individuals to share insightful viewpoints through short posts and comments. It’s essential to note our commitment to transparency: our Terms of Use acknowledge that our services may not always be error-free, and our Community Standards emphasize our discretion in enforcing policies. We strive to foster a dynamic environment for free expression and robust discourse through safety guardrails of human and AI moderation. Join us in shaping the news narrative together.",
    "highlightText": "",
    "highlightTitle": "",
    "highlightThreadTitle": "",
    "language": "english",
    "sentiment": "negative",
    "categories": [
        "Social Issue",
        "Health",
        "Politics"
    ],
    "webz_reporter": false,
    "external_links": [],
    "external_images": [],
    "entities": {
        "persons": [
            {
                "name": "kelly rissman",
                "sentiment": "negative"
            },
            {
                "name": "trump",
                "sentiment": "none"
            }
        ],
        "organizations": [
            {
                "name": "supreme court",
                "sentiment": "negative"
            },
            {
                "name": "texas state",
                "sentiment": "none"
            },
            {
                "name": "idaho state",
                "sentiment": "none"
            },
            {
                "name": "colorado state",
                "sentiment": "none"
            }
        ],
        "locations": [
            {
                "name": "idaho",
                "sentiment": "none"
            },
            {
                "name": "north carolina",
                "sentiment": "none"
            },
            {
                "name": "new york city",
                "sentiment": "none"
            },
            {
                "name": "newsbreak",
                "sentiment": "none"
            },
            {
                "name": "fl",
                "sentiment": "none"
            },
            {
                "name": "fulton county",
                "sentiment": "none"
            },
            {
                "name": "manatee county",
                "sentiment": "none"
            },
            {
                "name": "east stroudsburg",
                "sentiment": "none"
            },
            {
                "name": "georgia",
                "sentiment": "none"
            },
            {
                "name": "ny",
                "sentiment": "none"
            },
            {
                "name": "new palestine",
                "sentiment": "none"
            }
        ]
    },
    "rating": null,
    "crawled": "2024-06-28T00:49:56.313+03:00",
    "updated": "2024-06-28T00:49:56.313+03:00"
}