{
    "thread": {
        "uuid": "1bd1ad0356cfd178c727ed61d80182cd7dfa24c5",
        "url": "https://www.elobservador.com.uy/estados-unidos/politica/donald-trump/traicion-mary-la-sobrina-del-expresidente-donald-trump-se-une-al-equipo-joe-biden-el-debate-n5948364",
        "site_full": "www.elobservador.com.uy",
        "site": "elobservador.com.uy",
        "site_section": "https://elobservador.com.uy/elobservador/nacional",
        "site_categories": [
            "surfing_bodyboarding",
            "sports",
            "top_news"
        ],
        "section_title": "El Observador: Noticias de Uruguay y del mundo",
        "title": "¿Traición? Mary, la sobrina del expresidente Donald Trump, se une al equipo de Joe Biden en el debate",
        "title_full": "¿Traición? Mary, la sobrina del expresidente Donald Trump, se une al equipo de Joe Biden en el debate",
        "published": "2024-06-27T23:54:00.000+03:00",
        "replies_count": 0,
        "participants_count": 1,
        "site_type": "news",
        "country": "UY",
        "main_image": "https://media.elobservador.com.uy/p/0fa5d1eb8a31381cab85fa9a349c6543/adjuntos/362/imagenes/100/514/0100514187/1200x675/smart/mary_trumpjpg.jpg",
        "performance_score": 0,
        "domain_rank": 16297,
        "domain_rank_updated": "2024-06-25T13:08:38.000+03:00",
        "reach": null,
        "social": {
            "facebook": {
                "likes": 0,
                "comments": 0,
                "shares": 0
            },
            "gplus": {
                "shares": 0
            },
            "pinterest": {
                "shares": 0
            },
            "linkedin": {
                "shares": 0
            },
            "stumbledupon": {
                "shares": 0
            },
            "vk": {
                "shares": 0
            }
        }
    },
    "uuid": "1bd1ad0356cfd178c727ed61d80182cd7dfa24c5",
    "url": "https://www.elobservador.com.uy/estados-unidos/politica/donald-trump/traicion-mary-la-sobrina-del-expresidente-donald-trump-se-une-al-equipo-joe-biden-el-debate-n5948364",
    "ord_in_thread": 0,
    "parent_url": null,
    "author": "ObservadorUY",
    "published": "2024-06-27T23:54:00.000+03:00",
    "title": "¿Traición? Mary, la sobrina del expresidente Donald Trump, se une al equipo de Joe Biden en el debate",
    "text": "Esta noche, la sobrina del candidato a presidente de [Estados Unidos](https://www.elobservador.com.uy/us/tag/estados-unidos) [Donald Trump](https://www.elobservador.com.uy/us/tag/donald-trump), Mary Trump, se unirá al equipo [Biden](https://www.elobservador.com.uy/us/tag/biden)- [Harris](https://www.elobservador.com.uy/us/kamala-harris-a94884) en la sala de spinning, en el contexto del [debate que habrá en ](https://www.elobservador.com.uy/estados-unidos/politica/joe-biden/debate-joe-biden-vs-donald-trump-donde-se-hara-y-como-verlo-n5947234) [Atlanta](https://www.elobservador.com.uy/estados-unidos/politica/joe-biden/debate-joe-biden-vs-donald-trump-donde-se-hara-y-como-verlo-n5947234) [ entre Trump y el actual presidente estadounidense, ](https://www.elobservador.com.uy/estados-unidos/politica/joe-biden/debate-joe-biden-vs-donald-trump-donde-se-hara-y-como-verlo-n5947234) [Joe Biden](https://www.elobservador.com.uy/estados-unidos/politica/joe-biden/debate-joe-biden-vs-donald-trump-donde-se-hara-y-como-verlo-n5947234). ¿Traición? Mary, la sobrina del expresidente Donald Trump, se une al equipo de Joe Biden en el debate En una jugada inesperada, Mary, la sobrina del expresidente Donald Trump, se une al equipo de Joe Biden en el debate que habrá esta noche en Atlanta.",
    "highlightText": "",
    "highlightTitle": "",
    "highlightThreadTitle": "",
    "language": "spanish",
    "sentiment": "negative",
    "categories": [
        "Human Interest",
        "Politics"
    ],
    "webz_reporter": false,
    "external_links": [],
    "external_images": [],
    "entities": {
        "persons": [],
        "organizations": [],
        "locations": []
    },
    "rating": null,
    "crawled": "2024-06-28T00:56:21.759+03:00",
    "updated": "2024-06-28T00:56:21.759+03:00"
}