{
    "thread": {
        "uuid": "2fa79a2f23052d068e5a4cb0dd2039f7ff51496a",
        "url": "https://www.163.com/dy/article/K7G1N27H0519QIKK.html",
        "site_full": "www.163.com",
        "site": "163.com",
        "site_section": "https://tech.163.com/keywords/4/b/4eba5de5667a80fd/1.html",
        "site_categories": [
            "top_news_vn",
            "top_news_th",
            "top_news_nz",
            "top_news_rs",
            "top_news_sg",
            "top_news_tw",
            "top_news_hk",
            "top_news_my",
            "top_news"
        ],
        "section_title": "人工智能_标签_网易出品",
        "site_title": "网易",
        "title": "Meta冻结AI招聘，扎克伯格重组四大实验室，巨额薪酬引发投资者担忧|人工智能|meta|openai|马克·扎克伯格_网易订阅",
        "title_full": "Meta冻结AI招聘，扎克伯格重组四大实验室，巨额薪酬引发投资者担忧|人工智能|meta|openai|马克·扎克伯格_网易订阅",
        "published": "2025-08-21T07:13:00.000+03:00",
        "replies_count": 0,
        "participants_count": 1,
        "site_type": "news",
        "country": "CN",
        "main_image": "",
        "performance_score": 0,
        "domain_rank": 273,
        "domain_rank_updated": "2025-06-03T00:00:00.000+03:00",
        "licensing_agency": [],
        "social": {
            "facebook": {
                "likes": 0,
                "comments": 0,
                "shares": 0
            },
            "vk": {
                "shares": 0
            }
        }
    },
    "uuid": "2fa79a2f23052d068e5a4cb0dd2039f7ff51496a",
    "url": "https://www.163.com/dy/article/K7G1N27H0519QIKK.html",
    "ord_in_thread": 0,
    "author": "网易",
    "published": "2025-08-21T07:13:00.000+03:00",
    "title": "Meta冻结AI招聘，扎克伯格重组四大实验室，巨额薪酬引发投资者担忧|人工智能|meta|openai|马克·扎克伯格_网易订阅",
    "text": "Meta在经历数月大规模招聘后，其人工智能部门的招聘活动已被冻结。这一决定于上周正式生效，与该部门正在进行的重组计划同步实施。招聘冻结措施不仅限制外部人才引进，同时禁止现有员工在AI部门内部进行跨团队调动。\n据了解，此次招聘暂停的具体持续时间尚未向内部员工明确传达。虽然外部招聘被全面冻结，但在特殊情况下可能存在例外，这需要获得Meta首席AI官Alexandr Wang的直接批准。Meta发言人Andy Stone在社交平台回应称，这只是基本的组织规划调整，公司正在为新的人工智能项目建立架构期间暂停部分招聘工作。\nAI部门重组架构调整\nMeta正将其新成立的人工智能部门拆分为四个独立运营的小组。TBD实验室专门致力于超级智能研发，容纳了大量新近招聘的技术人员。Products and Applied Research团队专注于人工智能产品的开发与应用。MSL Infra团队负责基础设施建设与维护工作。FAIR团队则专注于时间跨度更长、更具探索性质的研究项目。\n这四个团队均隶属于Meta超级智能实验室，该实验室的命名体现了首席执行官扎克伯格对构建超越人类认知能力AI系统的战略重视。Meta试图通过重新分配公司现有的大量AI员工，更好地发挥其斥资数十亿美元招募人才的效用。此前负责开发Llama大型语言模型最新版本的AGI基础团队，在今年春季新模型发布表现未达预期后受到高管批评，现已作为重组的一部分被正式解散。\n大手笔招聘引发成本担忧\n在招聘冻结之前，Meta在AI人才争夺战中表现极为激进。扎克伯格亲自参与招募工作，通过电子邮件和WhatsApp联系OpenAI、Google DeepMind等实验室的员工，迅速发出录用通知。部分顶尖AI研究人员获得的总薪酬高达1亿美元，甚至向某些候选人开出15亿美元的天价报价。\n为了确保关键人才加入，Meta采用了\"反向收购式招聘\"策略，通过收购候选人所在公司的股份来吸引他们。扎克伯格聘请Scale AI联合创始人Alexandr Wang担任首席AI官，支付140亿美元收购其公司股份。同时招揽前GitHub首席执行官Nat Friedman以及Safe Superintelligence联合创始人Daniel Gross，在招揽后者时提出收购其风险投资公司股份。\n截至8月中旬，Meta已成功从各大科技公司挖走超过50名员工，其中包括从OpenAI招聘的20多名研究人员和工程师，从谷歌招聘的13人，以及从苹果、xAI、Anthropic等公司招聘的多名技术人才。然而，这些大手笔支出引发投资者对科技巨头AI投资规模的担忧，快速增长的股权薪酬成本被认为可能威胁到股东回报能力。\n本文源自：金融界\n作者：观察君",
    "highlightText": "",
    "highlightTitle": "",
    "highlightThreadTitle": "",
    "language": "chinese",
    "sentiment": "negative",
    "categories": [
        "Economy, Business and Finance",
        "Science and Technology",
        "Social Issue"
    ],
    "topics": [
        "Economy, Business and Finance->business governance",
        "Economy, Business and Finance->human resources",
        "Economy, Business and Finance->corporate news and profiles",
        "Science and Technology->technology and engineering",
        "Science and Technology->social sciences",
        "Social Issue->social services",
        "Social Issue->social condition",
        "Social Issue->discrimination"
    ],
    "ai_allow": true,
    "has_canonical": false,
    "breaking": true,
    "webz_reporter": false,
    "external_links": [],
    "external_images": [],
    "internal_images": [],
    "entities": {
        "persons": [],
        "locations": [],
        "organizations": []
    },
    "syndication": {
        "syndicated": null,
        "syndicate_id": null,
        "first_syndicated": false
    },
    "trust": {
        "categories": [],
        "top_news": [
            "top_news_vn",
            "top_news_th",
            "top_news_nz",
            "top_news_rs",
            "top_news_sg",
            "top_news_tw",
            "top_news_hk",
            "top_news_my",
            "top_news"
        ],
        "bias": null,
        "source": {
            "type": null,
            "city": null,
            "state": null,
            "country": null,
            "domain_type": null,
            "agency": null,
            "organization_name": null
        }
    },
    "rating": null,
    "crawled": "2025-08-21T07:35:17.716+03:00",
    "updated": "2025-08-22T08:08:02.000+03:00"
}