{
    "thread": {
        "uuid": "4f53efadb8dac910f505c11925088ea40ae519e8",
        "url": "http://www.merkur.de/verbraucher/massive-datenpanne-bei-paypal-hacker-bietet-wohl-millionen-zugaenge-zum-verkauf-93892649.html",
        "site_full": "www.merkur.de",
        "site": "merkur.de",
        "site_section": "http://www.merkur.de",
        "site_categories": [
            "media"
        ],
        "section_title": "Merkur.de | News aus Politik, Sport, für Verbraucher, der Welt und aus Bayern",
        "site_title": "Merkur.de | News aus Politik, Sport, für Verbraucher, der Welt und aus Bayern",
        "title": "Massive Datenpanne bei Paypal? Hacker bietet wohl Millionen Zugänge zum Verkauf",
        "title_full": "Massive Datenpanne bei Paypal? Hacker bietet wohl Millionen Zugänge zum Verkauf",
        "published": "2025-08-21T08:52:57.412+03:00",
        "replies_count": 0,
        "participants_count": 1,
        "site_type": "news",
        "country": "DE",
        "main_image": "",
        "performance_score": 0,
        "domain_rank": 4547,
        "domain_rank_updated": "2025-06-03T00:00:00.000+03:00",
        "licensing_agency": [],
        "social": {
            "facebook": {
                "likes": 0,
                "comments": 0,
                "shares": 0
            },
            "vk": {
                "shares": 0
            }
        }
    },
    "uuid": "4f53efadb8dac910f505c11925088ea40ae519e8",
    "url": "http://www.merkur.de/verbraucher/massive-datenpanne-bei-paypal-hacker-bietet-wohl-millionen-zugaenge-zum-verkauf-93892649.html",
    "ord_in_thread": 0,
    "author": "Vivian Werg",
    "published": "2025-08-21T08:52:57.412+03:00",
    "title": "Massive Datenpanne bei Paypal? Hacker bietet wohl Millionen Zugänge zum Verkauf",
    "text": "Massive Datenpanne bei Paypal? Hacker bietet wohl Millionen Zugänge zum Verkauf\nMillionen vertrauliche Zugangsdaten könnten kompromittiert worden sein. Paypal weist einen Hack zurück, Experten geben trotzdem Tipps für Nutzer.\nKassel – PayPal zählt zu den am häufigsten genutzten Online-Bezahldiensten weltweit. Millionen Menschen verwenden die Plattform täglich für schnellen und sicheren Geldtransfer über Web oder App.\nDoch stellen Sie sich vor, Sie öffnen morgen Ihr PayPal-Konto und entdecken unbekannte Transaktionen – ein Albtraum, der für Millionen Nutzer jetzt Realität werden könnte, wie die Nachrichtenplattform Hackread.com berichtet. Im Darknet bietet demnach ein Cyberkrimineller derzeit Millionen PayPal-Zugangsdaten zum Verkauf an – und das für gerade einmal 750 Dollar.\nGefahr für Millionen Nutzer weltweit: Riesiger Datensatz im Darknet geleakt\nDem Bericht zufolge behauptet der Verkäufer mit dem Alias „Chucky_BF“ in einem bekannten Cybercrime-Forum, es habe im Jahr 2025 einen „massiven PayPal-Hack“ gegeben. Der von ihm angebotene Datensatz soll 15,8 Millionen PayPal-Zugangsdaten enthalten, darunter E-Mail-Adressen, Passwörter und spezifische URLs, die direkt mit Paypal-Diensten verknüpft sind.\nDie Daten stammen offenbar aus sogenannter Infostealer-Malware, die Anmeldedaten direkt von infizierten Geräten abgreift. Die Datei umfasst laut Verkäufer rund 1,1 Gigabyte und soll Konten von Nutzern weltweit sowie verschiedener E-Mail-Anbieter betreffen.\nBesonders bedrohlich ist dabei nicht nur die Anzahl der offengelegten Konten, sondern auch die Art der Daten: Neben klassischen Zugangsdaten sollen viele Datensätze direkte Verlinkungen zu Paypal-Funktionen enthalten – ein potenzielles Einfallstor für gezielte Angriffe. Immer wieder gerät Paypal ins Visier von Kriminellen. Verbraucherschützer warnten vor einer dreisten Gast-Konto-Masche.\nPayPal dementiert neuen Hacker-Angriff\nSollten die Angaben des Hackers stimmen, handelt es sich laut HackRead um „einer der größten PayPal-bezogenen Datenlecks der letzten Jahre“. Betroffen wären demnach Millionen Nutzer von Gmail, Yahoo, Hotmail und länderspezifischen E-Mail-Diensten.\nPaypal selbst hat laut dem Wirtschaftsmagazin Forbes einen solchen Vorfall bislang nicht bestätigt. Das Unternehmen betont, es habe keinen neuen Hack gegeben. Vielmehr sollen die angebotenen Daten aus einem bereits bekannten Sicherheitsvorfall aus dem Jahr 2022 stammen. Ob der Datensatz vollständig authentisch ist, eine Mischung aus echten und gefälschten Einträgen enthält oder lediglich eine Neuverpackung älterer Leaks darstellt, ist den Berichten zufolge derzeit unklar.\nGefahr für Millionen Nutzer weltweit – Das sollten Paypal-Nutzer jetzt tun\nSicherheitsexperten raten PayPal-Nutzern dennoch zu konkreten Schutzmaßnahmen: Ändern Sie Ihr Passwort, aktivieren Sie die Zwei-Faktor-Authentifizierung und überprüfen Sie Ihr Konto auf verdächtige Aktivitäten. Zuletzt wurde vor einer betrügerischen E-Mail an Paypal-Nutzer gewarnt.\nAuch wenn Paypal betont, dass es sich nicht um einen neuen Vorfall handelt, bleibt das Risiko laut Forbes hoch – vor allem, weil viele Nutzer ihre Passwörter selten ändern und häufig mehrfach verwenden. Genau das mache solche Leaks besonders gefährlich. Erst neulich schlug ein Landkreis wegen Paypal-Betrügern Alarm. (vw)",
    "highlightText": "",
    "highlightTitle": "",
    "highlightThreadTitle": "",
    "language": "german",
    "sentiment": "negative",
    "categories": [
        "Crime, Law and Justice",
        "Science and Technology",
        "Economy, Business and Finance"
    ],
    "topics": [
        "Crime, Law and Justice->cyber crime",
        "Science and Technology->information technology and computer science",
        "Science and Technology->social sciences",
        "Science and Technology->identification technology",
        "Economy, Business and Finance->financial service",
        "Economy, Business and Finance->business governance"
    ],
    "ai_allow": true,
    "has_canonical": false,
    "breaking": false,
    "webz_reporter": false,
    "external_links": [
        "https://www.hna.de/verbraucher/vorsicht-bei-mail-zu-ungewoehnlicher-aktivitaet-bei-paypal-konto-es-koennte-sich-um-eine-betrugsmasche-handeln-93513033.html",
        "https://hackread.com/threat-actor-selling-plain-text-paypal-credentials/",
        "https://www.hna.de/thema/paypal-org27558/",
        "https://www.hna.de/niedersachsen/wegen-paypal-betruegern-bedenken-viele-nicht-landkreis-schlaegt-alarm-93861769.html",
        "https://www.forbes.com/sites/zakdoffman/2025/08/18/massive-2025-paypal-breach-change-your-password-now/",
        "https://www.hna.de/verbraucher/fiese-betrugsmasche-im-umlauf-kriminelle-zahlen-mit-ihrem-paypal-konto-93477389.html",
        "https://hna.de/verbraucher/fiese-betrugsmasche-im-umlauf-kriminelle-zahlen-mit-ihrem-paypal-konto-93477389.html",
        "https://hna.de/thema/paypal-org27558/",
        "https://forbes.com/sites/zakdoffman/2025/08/18/massive-2025-paypal-breach-change-your-password-now/",
        "https://www.hna.de/thema/paypal-org27558",
        "https://hna.de/verbraucher/vorsicht-bei-mail-zu-ungewoehnlicher-aktivitaet-bei-paypal-konto-es-koennte-sich-um-eine-betrugsmasche-handeln-93513033.html",
        "https://hackread.com/threat-actor-selling-plain-text-paypal-credentials",
        "https://www.hackread.com/threat-actor-selling-plain-text-paypal-credentials/",
        "https://www.forbes.com/sites/zakdoffman/2025/08/18/massive-2025-paypal-breach-change-your-password-now",
        "https://hna.de/niedersachsen/wegen-paypal-betruegern-bedenken-viele-nicht-landkreis-schlaegt-alarm-93861769.html"
    ],
    "external_images": [],
    "internal_images": [],
    "entities": {
        "persons": [
            {
                "name": "Hacker",
                "sentiment": "negative"
            },
            {
                "name": "Paypal",
                "sentiment": "none"
            }
        ],
        "locations": [
            {
                "name": "Kassel",
                "sentiment": "none"
            }
        ],
        "organizations": []
    },
    "syndication": {
        "syndicated": null,
        "syndicate_id": null,
        "first_syndicated": false
    },
    "trust": {
        "categories": [],
        "top_news": [],
        "bias": null,
        "source": {
            "type": null,
            "city": null,
            "state": null,
            "country": null,
            "domain_type": null,
            "agency": null,
            "organization_name": null
        }
    },
    "rating": null,
    "crawled": "2025-08-21T08:52:57.412+03:00",
    "updated": "2025-08-21T08:58:30.000+03:00"
}