{
    "thread": {
        "uuid": "c577ee7d8e79628f909819fae0231c4dd68c0179",
        "url": "https://www.echo24.de/welt/monopol-erbe-behindert-deutschlands-schnelles-internet-entscheidungshoheit-liegt-bei-der-telekom-zr-93892853.html",
        "site_full": "www.echo24.de",
        "site": "echo24.de",
        "site_section": "https://www.echo24.de/welt",
        "site_categories": [
            "non_standard_content",
            "adult",
            "top_news_de",
            "top_news"
        ],
        "section_title": "Aktueller Nachrichten aus Deutschland und Welt - echo24.de",
        "site_title": "echo24.de | Das Nachrichtenportal für Heilbronn und Baden-Württemberg",
        "title": "Monopol-Erbe behindert Deutschlands schnelles Internet: „Entscheidungshoheit liegt bei der Telekom\"",
        "title_full": "Monopol-Erbe behindert Deutschlands schnelles Internet: „Entscheidungshoheit liegt bei der Telekom\"",
        "published": "2025-08-21T09:00:00.000+03:00",
        "replies_count": 0,
        "participants_count": 1,
        "site_type": "news",
        "country": "DE",
        "main_image": "",
        "performance_score": 0,
        "domain_rank": 187264,
        "domain_rank_updated": "2025-06-03T00:00:00.000+03:00",
        "licensing_agency": [],
        "social": {
            "facebook": {
                "likes": 0,
                "comments": 0,
                "shares": 0
            },
            "vk": {
                "shares": 0
            }
        }
    },
    "uuid": "c577ee7d8e79628f909819fae0231c4dd68c0179",
    "url": "https://www.echo24.de/welt/monopol-erbe-behindert-deutschlands-schnelles-internet-entscheidungshoheit-liegt-bei-der-telekom-zr-93892853.html",
    "ord_in_thread": 0,
    "author": "Lisa Gilz",
    "published": "2025-08-21T09:00:00.000+03:00",
    "title": "Monopol-Erbe behindert Deutschlands schnelles Internet: „Entscheidungshoheit liegt bei der Telekom\"",
    "text": "Monopol-Erbe behindert Deutschlands schnelles Internet: „Entscheidungshoheit liegt bei der Telekom“\nMillionen Haushalte surfen auf langsamem Kupfernetz. Breitband-Experten kritisieren die Telekom und hoffen auf Entscheidung vom neuen Merz-Minister.\nBerlin – Frankreich, Spanien oder auch Rumänien: die europäischen Länder haben Deutschland alle zumindest eines voraus. Fast flächendeckend sind die dortigen Haushalte mit Gigabit-Anschlüssen ausgerüstet. Philipp Müller und Franziska Löw vom Breitbandverband ANGA schätzen, dass der Wechsel in Deutschland erst in einem Jahrzehnt abgeschlossen sein wird. Im Interview mit dem Münchner Merkur von IPPEN.MEDIA sprechen sie darüber, wieso die Telekom eine entscheidende Rolle spielt und was sie vom neuen Digitalministerium erwarten.\nInternet-Probleme in Deutschland: Altes Kupfernetz liegt noch überall – Telekom müsste entscheiden\nHerr Müller, Frau Löw: Wieso hängt Deutschland so hinterher, wenn es um schnelles Internet geht?\nLöw: Das hat verschiedene Gründe. Einer davon ist sicherlich das Kupfernetz der Telekom. Dieses Netz stammt noch aus Monopolzeiten und in jedem Haushalt liegt de facto dieser Kupferdraht. Nun ist es so, dass dieses alte Netz an seine Leistungsfähigkeit stößt, beziehungsweise stoßen wird. Viele Kunden kommen aktuell mit einem 250 MBit/s-Anschluss über die Runden. Aber der Datenhunger nimmt erwiesenermaßen zu. Wir werden diese Steigerungen mit dem Kupfernetz nicht mehr stemmen können. Seit der Liberalisierung des Marktes vor fast 30 Jahren hat sich durch eine größere Anbietervielfalt viel getan. In vielen Gebieten wäre das Kupfernetz mittlerweile überflüssig, wenn die Kunden zum vorhandenen Gigabit wechseln würden. Die Entscheidungshoheit, das DSL-Netz in den Ruhestand zu schicken, liegt bei der Telekom. Und die schaltet die Kundinnen und Kunden erst dann um, wenn sie selbst überall an den jeweiligen Straßen und Häuserzügen Glasfaser ausgebaut hat.\nDroht eine schnelle Abschaltung des Kupfernetzes?\nDas ist die Entscheidung der Telekom. Nach §34 des Telekommunikationsgesetzes muss aber „ein Unternehmen mit beträchtlicher Marktmacht“ mindestens ein Jahr im Voraus der Bundesnetzagentur Bescheid geben, wenn es Teile seines Telekommunikationsnetzes außer Betrieb nehmen oder durch neue Infrastrukturen zu ersetzen möchte.\nDie Telekom argumentiert, der Wechsel müsse freiwillig bleiben. Bis alle Haushalte den vollzogen haben, braucht es vorerst weiter das Kupfernetz. Wie viele Haushalte in Deutschland müssten denn noch den Anschluss wechseln?\nMüller: Von „müssen” kann keine Rede sein, auch wenn das manche gezielt behaupten. Vielmehr haben etwa 24 Millionen Haushalte, die noch auf dem langsamen DSL-Kupfernetz surfen, vielerorts eben die Chance auf deutlich besseres Internet zu gleichbleibenden Preisen. Realistisch ist: Der deutschlandweite Wechsel vom Kupfernetz auf Gigabit ist kein Projekt, das heute oder morgen abgeschlossen sein wird, sondern über einen Zeitraum von mehr als zehn Jahren gehen dürfte. Umso wichtiger ist es, dass die Bundesregierung schon heute die richtigen Weichenstellungen veranlasst. Mit der Entscheidung, das Thema im Koalitionsvertrag von CDU, CSU und SPD im Sinne des Anbieterwettbewerbs und damit der Verbraucherinnen und Verbraucher aufzugreifen, ist ein wichtiger erster Schritt getan.\nGlasfaseranschlüsse für Mehrfamilienhäuser, etwa in deutschen Städten, gestalten sich schwieriger\nAber braucht wirklich jeder Haushalt Highspeed-Internet?\nMüller: Wenn Sie die Großelterngeneration fragen, dann sind viele mit 50 bis 100 MBit/s zufrieden. Bei Haushalten mit Teenagern, die streamen, Computerspiele spielen und deren Eltern regelmäßig im Home-Office arbeiten, braucht es schon deutlich mehr Bandbreite. Langsames Internet ist zudem eine der größten Herausforderungen beispielsweise für die Telemedizin, und da kommen die älteren Bürgerinnen und Bürger wieder ins Spiel. Mal ganz zu schweigen davon, dass schnelles Internet mittlerweile gleichermaßen ein entscheidender Standortfaktor für Konzerne und Mittelständler ist.\nFinden sich diese Millionen Haushalte denn vor allem auf dem Land?\nLöw: Tatsächlich muss man sagen, dass im ländlichen Bereich der Glasfaserausbau teilweise schneller vorangeht. Das liegt daran, dass Einfamilienhäuser einfacher anzuschließen sind als die Mehrfamilienhäuser in der Stadt. Die Frage ist nun, wie einfach und verbraucherfreundlich Politik, Regulierung und die Telekom den Wechsel für die übrigen 24 Millionen DSL-Haushalte gestalten.\nDigitalministerium soll Eckdatenpapier zur Kupfer-Glasfaser-Migration vorlegen\nWie betrifft dieser zähe Wandel die Breitband-Unternehmen?\nMüller: Zwei Drittel der Investitionen in den Ausbau schneller Netze kamen bislang von den sogenannten Wettbewerbern. Nachvollziehbar ist, dass die getätigten Investitionen refinanziert werden wollen und müssen. Nur so lässt sich die positive Entwicklung fortsetzen. Den flächendeckenden Gigabit- und Glasfaserausbau in Deutschland schafft kein Unternehmen allein, er gelingt nur gemeinsam mit allen Marktteilnehmern.\nNeuer Newsletter „Unterm Strich“\nWas? Exklusive Einblicke in den Politik-Betrieb, Interviews und Analysen – von unseren Experten der Agenda-Redaktion von IPPEN.MEDIA\nWann? Jeden Freitag\nFür wen? Alle, die sich für Politik, Wirtschaft und Gesellschaft interessieren\nWo? Direkt in ihrem E-Mail-Postfach\nWie? Nach einer kurzen Registrierung bei unserem Medien-Login USER.ID hier kostenlos für den Newsletter anmelden\nWas muss aus Ihrer Sicht passieren?\nMüller: Die Bundesnetzagentur als zuständige Behörde hat zum Thema Internet-Upgrade dieses Jahr ein Impulspapier vorgelegt. Aus unserer Sicht bleiben damit für Verbraucherinnen und Verbraucher in Deutschland noch zu viele Fragen offen. Hoffnung macht, dass das zuständige Bundesdigitalministerium angekündigt hat, zeitnah Eckpunkte für ein Gesamtkonzept zum Thema Kupfer-Glasfaser-Migration vorlegen zu wollen. Es braucht für Deutschland einen verlässlichen, transparenten und nachvollziehbaren Fahrplan in eine digitale Zukunft.\nSchnelles Netz, aber nicht auf Teufel komm raus: Mieter und Hauseigentümer müssen mitgenommen werden\nWas kann beziehungsweise muss das neue Ministerium da aus Ihrer Sicht leisten?\nMüller: Deutschlands erstes Bundesdigitalministerium mit Karsten Wildberger an der Spitze hat einen beachtlichen Start hingelegt. Es hat den Glasfaserausbau in Deutschland rechtlich so eingestuft, dass der Ausbau zukünftig schneller, einfacher und damit auch kostengünstiger erfolgen kann. Allerdings ist bei den aktuell geplanten gesetzlichen Regelungen zur Beschleunigung des Glasfaserausbaus in Mehrfamilienhäusern wichtig zu beachten, dass beides – Deutschlands Internet-Upgrade und Mehrfamilienhaus-Glasfaserausbau – Hand in Hand geht.\nStaatlich verordnete Eingriffe für sowohl Hauseigentümer als auch Mieter bewirken das Gegenteil dessen, was Politik und Verwaltung wollen und unser Land so dringend braucht. Die Glaubwürdigkeit von Digitalisierung und Digitalpolitik in Deutschland braucht Anreize statt Auflagen und Abschreckung. Ob und wie sehr jemand von der Digitalisierung profitiert, wird schließlich immer mehr zur sozialen Frage. Es sind Politik, Verwaltung und Wirtschaft gleichermaßen, die eine große Verantwortung dafür tragen, dass sich die soziale Schere nicht auch noch im digitalen Raum fortsetzt.",
    "highlightText": "",
    "highlightTitle": "",
    "highlightThreadTitle": "",
    "language": "german",
    "sentiment": "negative",
    "categories": [
        "Science and Technology",
        "Economy, Business and Finance"
    ],
    "topics": [
        "Science and Technology->technology and engineering",
        "Science and Technology->social sciences",
        "Science and Technology->information technology and computer science",
        "Economy, Business and Finance->computing and information technology",
        "Economy, Business and Finance->business governance",
        "Economy, Business and Finance->business strategy and marketing"
    ],
    "ai_allow": true,
    "has_canonical": false,
    "breaking": true,
    "webz_reporter": false,
    "external_links": [
        "https://www.hallo-eltern.de/eltern/",
        "https://www.ruhr24.de/service/dsl-abschaltung-internet-kupfer-kosten-glasfaser-router-verbraucher-digitales-alternative-93740456.html",
        "https://www.wa.de/verbraucher/dsl-aus-in-deutschland-fix-so-erkennen-kunden-welchen-anschluss-sie-zu-hause-haben-93739552.html",
        "https://www.fr.de/verbraucher/dsl-wird-deaktiviert-so-erfolgt-der-umstieg-auf-glasfaser-in-deutschland-93729295.html",
        "https://www.ippen.media/sso/register?redirect_uri=https%3A%2F%2Faccounts.user.id%2Faccount%2Fnewsletter%2Fsubscribe%2FSKU-00000948&source=mt_newsletter-textasset_web",
        "https://www.merkur.de/verbraucher/eu-plan-sorgt-fuer-aufregung-dsl-in-deutschland-vor-dem-ende-millionen-sind-betroffen-93735037.html",
        "https://www.fr.de/politik/spd-org26325/",
        "https://www.merkur.de/politik/cdu-org26591/",
        "https://www.merkur.de/politik/csu-org26650/",
        "https://ruhr24.de/service/dsl-abschaltung-internet-kupfer-kosten-glasfaser-router-verbraucher-digitales-alternative-93740456.html",
        "https://fr.de/verbraucher/dsl-wird-deaktiviert-so-erfolgt-der-umstieg-auf-glasfaser-in-deutschland-93729295.html",
        "https://wa.de/verbraucher/dsl-aus-in-deutschland-fix-so-erkennen-kunden-welchen-anschluss-sie-zu-hause-haben-93739552.html",
        "https://ippen.media/sso/register?redirect_uri=https%3A%2F%2Faccounts.user.id%2Faccount%2Fnewsletter%2Fsubscribe%2FSKU-00000948&source=mt_newsletter-textasset_web",
        "https://merkur.de/politik/cdu-org26591/",
        "https://hallo-eltern.de/eltern/",
        "https://merkur.de/politik/csu-org26650/",
        "https://www.ippen.media/sso/register",
        "https://www.fr.de/politik/spd-org26325",
        "https://www.merkur.de/politik/csu-org26650",
        "https://fr.de/politik/spd-org26325/",
        "https://www.merkur.de/politik/cdu-org26591",
        "https://www.hallo-eltern.de/eltern",
        "https://merkur.de/verbraucher/eu-plan-sorgt-fuer-aufregung-dsl-in-deutschland-vor-dem-ende-millionen-sind-betroffen-93735037.html"
    ],
    "external_images": [],
    "internal_images": [],
    "entities": {
        "persons": [
            {
                "name": "Philipp Müller",
                "sentiment": "none"
            },
            {
                "name": "Franziska Löw",
                "sentiment": "none"
            }
        ],
        "locations": [
            {
                "name": "Deutschlands",
                "sentiment": "none"
            },
            {
                "name": "Frankreich",
                "sentiment": "none"
            },
            {
                "name": "Rumänien",
                "sentiment": "none"
            },
            {
                "name": "Spanien",
                "sentiment": "none"
            },
            {
                "name": "Berlin",
                "sentiment": "none"
            }
        ],
        "organizations": [
            {
                "name": "Telekom",
                "sentiment": "none",
                "tickers": [
                    {
                        "ticker": null,
                        "exchange": null
                    }
                ]
            },
            {
                "name": "Münchner Merkur",
                "sentiment": "none",
                "tickers": [
                    {
                        "ticker": null,
                        "exchange": null
                    }
                ]
            }
        ]
    },
    "syndication": {
        "syndicated": null,
        "syndicate_id": null,
        "first_syndicated": false
    },
    "trust": {
        "categories": [],
        "top_news": [
            "top_news_de",
            "top_news"
        ],
        "bias": null,
        "source": {
            "type": null,
            "city": null,
            "state": null,
            "country": null,
            "domain_type": null,
            "agency": null,
            "organization_name": null
        }
    },
    "rating": null,
    "crawled": "2025-08-21T09:37:26.683+03:00",
    "updated": "2025-08-22T10:06:53.000+03:00"
}