{
    "thread": {
        "uuid": "1df68b98e08f146f11f25d7b1aa783ad37caed17",
        "url": "https://tech.huanqiu.com/article/4NzuE2qgZjX",
        "site_full": "tech.huanqiu.com",
        "site": "huanqiu.com",
        "site_section": "https://www.huanqiu.com/",
        "site_categories": [
            "media",
            "top_news_hk",
            "top_news"
        ],
        "section_title": "环球网_全球生活新门户_环球时报旗下网站",
        "site_title": "环球网_全球生活新门户_环球时报旗下网站",
        "title": "马斯克旗下Grok被曝出隐私问题，超37万条用户对话泄露",
        "title_full": "马斯克旗下Grok被曝出隐私问题，超37万条用户对话泄露",
        "published": "2025-08-20T22:21:00.000+03:00",
        "replies_count": 0,
        "participants_count": 1,
        "site_type": "news",
        "country": "CN",
        "main_image": "https://rs2.huanqiucdn.cn/huanqiu/image/www/common/200.jpg",
        "performance_score": 0,
        "domain_rank": 2415,
        "domain_rank_updated": "2025-06-03T00:00:00.000+03:00",
        "licensing_agency": [],
        "social": {
            "facebook": {
                "likes": 0,
                "comments": 0,
                "shares": 0
            },
            "vk": {
                "shares": 0
            }
        }
    },
    "uuid": "1df68b98e08f146f11f25d7b1aa783ad37caed17",
    "url": "https://tech.huanqiu.com/article/4NzuE2qgZjX",
    "ord_in_thread": 0,
    "author": "责编：秦耳",
    "published": "2025-08-20T22:21:00.000+03:00",
    "title": "马斯克旗下Grok被曝出隐私问题，超37万条用户对话泄露",
    "text": "4NzuE2qgZjX tech.huanqiu.com article 马斯克旗下Grok被曝出隐私问题，超37万条用户对话泄露 /e3pmh164r/e3pmtmdvg 【环球网科技综合报道】在人工智能聊天机器人市场竞争日益激烈的当下，用户隐私保护本应是各大厂商坚守的底线。然而，据外媒《福布斯》8月21日报道，特斯拉CEO埃隆·马斯克旗下xAI公司的聊天机器人Grok近日却陷入了一场“分享门”风波，其未经用户充分知晓和同意就公布对话内容的行为，引发了公众对用户隐私安全的广泛担忧。\n《福布斯》报道称，xAI公布了Grok与用户之间数十万次对话的聊天记录。当Grok用户点击“分享”按钮时，会生成一个唯一网址用于分享对话，但这个网址同时也会被提供给谷歌、必应等搜索引擎，导致对话内容可被任何人搜索到。这意味着，用户在不知情的情况下，其与Grok的对话就已被发布到了Grok的网站上。\n目前，谷歌已索引了超过37万条用户与Grok的对话。这些对话内容五花八门，从简单的商务任务到制造非法物品的说明。更令人震惊的是，部分对话泄露了用户的姓名、个人信息和密码等敏感内容，用户上传的文件也可通过分享页面获取。\n英国记者安德鲁·克利福德就是受影响的用户之一。他使用Grok总结报纸头版内容并撰写推文，却不知道自己的提示内容会在谷歌上被搜索到。虽然他表示内容并无不当，但这种未经同意的信息泄露仍让他感到不满。\n而并非所有对话都如此“温和”。一些对话内容露骨、带有偏见，甚至违反了xAI的规定。这些非法指令通过“分享”功能被发布到网上，并被谷歌索引，无疑对社会安全构成了潜在威胁。\n《福布斯》指出，在这场“分享门”风波中，用户隐私成为了最大的“牺牲品”。xAI作为人工智能领域的知名企业，有责任和义务保护用户的隐私安全。同时，监管部门也应加强对人工智能企业的监管，确保用户的合法权益得到保障。（旺旺）",
    "highlightText": "",
    "highlightTitle": "",
    "highlightThreadTitle": "",
    "language": "chinese",
    "sentiment": "negative",
    "categories": [
        "Crime, Law and Justice",
        "Science and Technology",
        "Social Issue"
    ],
    "topics": [
        "Crime, Law and Justice->cyber crime",
        "Science and Technology->information technology and computer science",
        "Science and Technology->biomedical science",
        "Science and Technology->technology and engineering",
        "Social Issue->social networking",
        "Social Issue->social problem"
    ],
    "ai_allow": true,
    "has_canonical": false,
    "breaking": null,
    "webz_reporter": false,
    "external_links": [],
    "external_images": [],
    "internal_images": [],
    "entities": {
        "persons": [],
        "locations": [],
        "organizations": []
    },
    "syndication": {
        "syndicated": null,
        "syndicate_id": null,
        "first_syndicated": false
    },
    "trust": {
        "categories": [],
        "top_news": [
            "top_news_hk",
            "top_news"
        ],
        "bias": null,
        "source": {
            "type": null,
            "city": null,
            "state": null,
            "country": null,
            "domain_type": null,
            "agency": null,
            "organization_name": null
        }
    },
    "rating": null,
    "crawled": "2025-08-21T09:52:02.388+03:00",
    "updated": "2025-08-22T10:07:40.000+03:00"
}