{
    "thread": {
        "uuid": "591f8b298cc9e4fa25e371535fe95daa108dea40",
        "url": "https://portal.sina.com.hk/finance/sina/2025/08/21/1274505/%e6%b8%af%e8%82%a1%e8%98%8b%e6%9e%9c%e6%a6%82%e5%bf%b5%e5%8d%88%e5%be%8c%e8%b7%b3%e6%b0%b4%ef%bc%8c%e7%91%9e%e8%81%b2%e7%a7%91%e6%8a%80%e8%b7%8c%e8%b6%8512/",
        "site_full": "portal.sina.com.hk",
        "site": "sina.com.hk",
        "site_section": "https://portal.sina.com.hk/finance/sina",
        "site_categories": [
            "top_news_hk",
            "top_news_tw",
            "top_news"
        ],
        "section_title": "財經 &#x2d; 新浪香港",
        "site_title": null,
        "title": "港股蘋果概念午後跳水，瑞聲科技跌超12% - 新浪香港",
        "title_full": "港股蘋果概念午後跳水，瑞聲科技跌超12% - 新浪香港",
        "published": "2025-08-21T08:34:00.000+03:00",
        "replies_count": 0,
        "participants_count": 1,
        "site_type": "news",
        "country": "HK",
        "main_image": "http://n.sinaimg.cn/finance/transform/586/w357h229/20250821/668e-e6054ce8e12750db68ddb53333e628a6.png",
        "performance_score": 0,
        "domain_rank": 53845,
        "domain_rank_updated": "2025-06-03T00:00:00.000+03:00",
        "licensing_agency": [],
        "social": {
            "facebook": {
                "likes": 0,
                "comments": 0,
                "shares": 0
            },
            "vk": {
                "shares": 0
            }
        }
    },
    "uuid": "591f8b298cc9e4fa25e371535fe95daa108dea40",
    "url": "https://portal.sina.com.hk/finance/sina/2025/08/21/1274505/%e6%b8%af%e8%82%a1%e8%98%8b%e6%9e%9c%e6%a6%82%e5%bf%b5%e5%8d%88%e5%be%8c%e8%b7%b3%e6%b0%b4%ef%bc%8c%e7%91%9e%e8%81%b2%e7%a7%91%e6%8a%80%e8%b7%8c%e8%b6%8512/",
    "ord_in_thread": 0,
    "author": "新浪網",
    "published": "2025-08-21T08:34:00.000+03:00",
    "title": "港股蘋果概念午後跳水，瑞聲科技跌超12% - 新浪香港",
    "text": "8月21日消息，港股蘋果概念午後跳水，瑞聲科技跌超12%，舜宇光學科技、丘鈦科技跌超3%，鴻騰精密跌超2%。\n中國信通院公佈手機市場運行分析報告顯示，6月內地市場手機出貨量2，259.8萬部，按年跌9.3%。其中，5G手機占1，843.6萬部，按年跌16.7%，占同期手機出貨量的81.6%。國產品牌手機出貨量2，062.7萬部，按年跌6.4%，占同期手機出貨量的91.3%。\n個股消息上，瑞聲科技午間公告，上半年收入133.2億元，同比增18.4%；上半年淨利8.8億元，同比增63.1%。上半年毛利率為20.7%，同比略降0.8個百分點，主要由於產品結構變化：精密結構件業務、光學業務和傳感器及半導體業務的收入增長顯著。",
    "highlightText": "",
    "highlightTitle": "",
    "highlightThreadTitle": "",
    "language": "chinese",
    "sentiment": "negative",
    "categories": [
        "Economy, Business and Finance",
        "Science and Technology",
        "Social Issue"
    ],
    "topics": [
        "Economy, Business and Finance->consumer goods",
        "Economy, Business and Finance->market and exchange",
        "Science and Technology->information technology and computer science",
        "Science and Technology->biotechnology",
        "Science and Technology->technology and engineering",
        "Social Issue->demographics",
        "Social Issue->population and census"
    ],
    "ai_allow": true,
    "has_canonical": false,
    "breaking": true,
    "webz_reporter": false,
    "external_links": [
        "http://service.weibo.com/share/share.php?url=%URL%&title=%TITLE%&pic=%PICS%&appkey=&ralateUid=&language=zh_cn&searchPic=true",
        "http://service.weibo.com/share/share.php",
        "http://www.service.weibo.com/share/share.php?url=%URL%&title=%TITLE%&pic=%PICS%&appkey=&ralateUid=&language=zh_cn&searchPic=true"
    ],
    "external_images": [],
    "internal_images": [],
    "entities": {
        "persons": [],
        "locations": [],
        "organizations": []
    },
    "syndication": {
        "syndicated": null,
        "syndicate_id": null,
        "first_syndicated": false
    },
    "trust": {
        "categories": [],
        "top_news": [
            "top_news_hk",
            "top_news_tw",
            "top_news"
        ],
        "bias": null,
        "source": {
            "type": null,
            "city": null,
            "state": null,
            "country": null,
            "domain_type": null,
            "agency": null,
            "organization_name": null
        }
    },
    "rating": null,
    "crawled": "2025-08-21T08:50:01.801+03:00",
    "updated": "2025-08-22T09:04:31.000+03:00"
}