{
    "thread": {
        "uuid": "d78cb6de387dd015d9e98cc451cc1cb40b73c6cc",
        "url": "https://t.m.youth.cn/transfer/index/url/finance.youth.cn/finance_gdxw/202508/t20250813_16174528.htm",
        "site_full": "t.m.youth.cn",
        "site": "youth.cn",
        "site_section": "https://t.m.youth.cn/transfer/index/url/finance.youth.cn/finance_gdxw",
        "site_categories": [
            "uncategorized"
        ],
        "section_title": "\n        滚动新闻_\n        财经频道_中国青年网\n    ",
        "site_title": null,
        "title": "北京移动用户出现无法使用APP或小程序情况 回应：信号断电--中国青年网",
        "title_full": "北京移动用户出现无法使用APP或小程序情况 回应：信号断电--中国青年网",
        "published": "2025-08-13T19:20:00.000+03:00",
        "replies_count": 0,
        "participants_count": 1,
        "site_type": "news",
        "country": "CN",
        "main_image": "",
        "performance_score": 0,
        "domain_rank": 4512,
        "domain_rank_updated": "2025-06-03T00:00:00.000+03:00",
        "licensing_agency": [],
        "social": {
            "facebook": {
                "likes": 0,
                "comments": 0,
                "shares": 0
            },
            "vk": {
                "shares": 0
            }
        }
    },
    "uuid": "d78cb6de387dd015d9e98cc451cc1cb40b73c6cc",
    "url": "https://t.m.youth.cn/transfer/index/url/finance.youth.cn/finance_gdxw/202508/t20250813_16174528.htm",
    "ord_in_thread": 0,
    "author": "青网新闻白珂嘉",
    "published": "2025-08-13T19:20:00.000+03:00",
    "title": "北京移动用户出现无法使用APP或小程序情况 回应：信号断电--中国青年网",
    "text": "中国青年网讯（记者 白珂嘉）8月13日10时，中国移动北京公司官方微博发布消息称，8月13日早间，北京移动少量用户出现无法使用个别APP或小程序的情况。由此给用户造成的不便，我们深表歉意。我们正在积极排查中，尽快逐步恢复。\n在该条微博内容的评论中，多位用户称“并非少量”，以及“问了周围人全都卡顿了”。抖音、小红书、微博等社交媒体上也有诸多关于“北京移动没信号”的内容，部分用户信号显示2G，部分显示手机信号是5G但是没有网络反应，一位用户称“整个公司钉钉都没打卡成功”，“电动车无法启动，卡在了出门第一步”。\n图片来自“北京移动10086热线”微博评论区\n记者在11点20分致电移动10086客服热线，移动客服称造成此次网络问题的是移动方的“信号断电”，现已恢复。同时客服建议，如手机仍然存在信号或网络问题，重启手机后可恢复正常功能。\n11点30分，北京移动微博账号发布通知，用户上网问题经紧急排查处理已全部恢复。",
    "highlightText": "",
    "highlightTitle": "",
    "highlightThreadTitle": "",
    "language": "chinese",
    "sentiment": "negative",
    "categories": [
        "Crime, Law and Justice",
        "Social Issue",
        "Science and Technology"
    ],
    "topics": [
        "Social Issue->demographics",
        "Social Issue->social networking",
        "Social Issue->social problem",
        "Science and Technology->social sciences",
        "Science and Technology->technology and engineering"
    ],
    "ai_allow": true,
    "has_canonical": false,
    "breaking": null,
    "webz_reporter": false,
    "external_links": [],
    "external_images": [],
    "internal_images": [],
    "entities": {
        "persons": [],
        "locations": [],
        "organizations": []
    },
    "syndication": {
        "syndicated": null,
        "syndicate_id": null,
        "first_syndicated": false
    },
    "trust": {
        "categories": [],
        "top_news": [],
        "bias": null,
        "source": {
            "type": null,
            "city": null,
            "state": null,
            "country": null,
            "domain_type": null,
            "agency": null,
            "organization_name": null
        }
    },
    "rating": null,
    "crawled": "2025-08-21T10:41:04.106+03:00",
    "updated": "2025-08-21T10:46:13.000+03:00"
}