{
    "thread": {
        "uuid": "d362cc9d1c9c9703ba8271c3373ff7e26ade8a51",
        "url": "https://m.chinabyte.com/ai/409/308409.shtml",
        "site_full": "m.chinabyte.com",
        "site": "chinabyte.com",
        "site_section": "https://m.chinabyte.com/iot",
        "site_categories": [],
        "section_title": "物联网.5G_比特网",
        "site_title": null,
        "title": "比特网早报：扎克伯格计划再度改革Meta的AI业务，宇树科技发布新款人形机器人预告海报",
        "title_full": "比特网早报：扎克伯格计划再度改革Meta的AI业务，宇树科技发布新款人形机器人预告海报",
        "published": "2025-08-20T03:00:00.000+03:00",
        "replies_count": 0,
        "participants_count": 0,
        "site_type": "news",
        "country": "CN",
        "main_image": "",
        "performance_score": 0,
        "domain_rank": 17898,
        "domain_rank_updated": "2025-06-03T00:00:00.000+03:00",
        "licensing_agency": [],
        "social": {
            "facebook": {
                "likes": 0,
                "comments": 0,
                "shares": 0
            },
            "vk": {
                "shares": 0
            }
        }
    },
    "uuid": "d362cc9d1c9c9703ba8271c3373ff7e26ade8a51",
    "url": "https://m.chinabyte.com/ai/409/308409.shtml",
    "ord_in_thread": 0,
    "author": null,
    "published": "2025-08-20T03:00:00.000+03:00",
    "title": "比特网早报：扎克伯格计划再度改革Meta的AI业务，宇树科技发布新款人形机器人预告海报",
    "text": "2025年8月20日消息，昨夜今晨，科技圈都发生了哪些大事？行业大咖抛出了哪些新的观点？比特网为您带来值得关注的科技资讯：\n扎克伯格计划再度改革Meta的人工智能业务\nMeta首席执行官马克・扎克伯格在过去几个月里一直在调整公司的人工智能业务。如今，他计划采取进一步行动，这可能会加剧该技术领域的内部动荡。知情人士透露，Meta预计将于周二宣布将其人工智能部门，即Meta超级智能实验室：拆分为四个小组。其中一个小组将专注于人工智能研究;一个小组聚焦于名为“超级智能”的潜在强大人工智能技术;一个小组负责产品相关工作;还有一个小组专注于数据中心等基础设施及其他人工智能硬件。(新浪财经)\nMeta的AI部门拆分是一场“破釜沉舟”的豪赌：通过组织集权化和资源聚焦，扎克伯格试图在AGI竞赛中实现弯道超车。短期内，产品落地速度和算力效率可能显著提升;但长期来看，若无法解决技术路线的不确定性、内部文化的撕裂以及伦理合规的风险，这一调整可能成为Meta在AI时代衰落的转折点。\n软银与英特尔就收购合同芯片制造业务展开谈判\n据报道，软银与英特尔就收购合同芯片制造业务展开谈判。(第一财经)\n百度辟谣蒸汽机视频生成模型多个海外仿冒网址\n8月19日，百度营销发布官方声明，表示近期海外出现大量关于视频生成模型——百度蒸汽机(MuseSteamer)的虚假网站，紧急提示用户注意甄别，谨防受骗。声明同时提到，百度蒸汽机(MuseSteamer)自上线以来受到各方关注，将于8月21日举办升级发布会，全新推出百度蒸汽机 2.0 版本，包括Turbo、Lite、Pro和有声版全系模型。百度蒸汽机(MuseSteamer)于7月2日正式发布，发布首日平均每分钟超百人申请，2周内注册用户超30万。(界面新闻)\n脉脉：AI岗位数暴涨29倍，实习生日薪4000元\n根据脉脉发布的相关岗位数统计，2025年7月，脉脉上人工智能新发岗位量相较2024年1月暴涨29倍，有超过1000家人工智能企业在脉脉上招聘人才，相关在招岗位数量超过7.2万个，除了技术岗位之外，设计、销售、人事、财务、行政、运营、市场等多个非技术岗位也在热招。人工智能相关岗位的平均月薪普遍在4.7万至7.8万元之间，部分人工智能实习生的日薪达4000元。(界面新闻)\nChatGPT能耗比最初版本或高20倍，AI幻觉问题亦引发关注\n近日，博主“风云学会陈经”提出，ChatGPT的能耗相比最初版本可能高出20倍，引起热议。与此同时，AI领域长期存在的“幻觉”问题也再次被推到风口浪尖，该博主认为，这两大问题凸显当前AI发展方向可能存在偏差。AI幻觉是指大语言模型编造它认为是真实存在的甚至看起来合理或可信的信息。 简而言之，就是AI在“胡说八道”。(头条新闻、ZEALER)\nArm挑战英伟达？传聘请亚马逊AI芯片专家开发自研芯片\n据知情人士透露，Arm Holdings已聘请亚马逊人工智能芯片总监Rami Sinno参与其自主完整芯片开发计划。Sinno此前负责亚马逊自研AI芯片Trainium和Inferentia的研发，这两款芯片专门用于构建和运行大型AI应用程序。(智通财经)\n宇树科技发布新款人形机器人预告海报\n8月19日晚，宇树科技发布新款人形机器人预告海报，配文“敬请期待”。根据官方海报，机器人将配备31个关节(6*2+3+7*2+2)。(界面新闻)\n游戏科学新作《黑神话：钟馗》亮相\n在2025科隆游戏展开幕之夜活动中，游戏科学团队的《黑神话：钟馗》惊喜亮相，发布了第一支先导CG预告片。游戏科学团队表示：“钟馗是一个自然而然的选择 —— 在这个新的游戏里，我们有信心做出清爽的变化与新意，也会狠狠反思过去的不足与遗憾。而对所有喜爱《黑神话：悟空》的朋友，我们想说：西游，不会到此为止。”(新浪科技)",
    "highlightText": "",
    "highlightTitle": "",
    "highlightThreadTitle": "",
    "language": "chinese",
    "sentiment": "negative",
    "categories": [
        "Economy, Business and Finance",
        "Science and Technology",
        "Social Issue"
    ],
    "topics": [
        "Economy, Business and Finance->business strategy and marketing",
        "Economy, Business and Finance->computing and information technology",
        "Science and Technology->technology and engineering",
        "Science and Technology->scientific research",
        "Science and Technology->biotechnology",
        "Social Issue->social networking"
    ],
    "ai_allow": true,
    "has_canonical": false,
    "breaking": null,
    "webz_reporter": false,
    "external_links": [],
    "external_images": [],
    "internal_images": [],
    "entities": {
        "persons": [],
        "locations": [],
        "organizations": []
    },
    "syndication": {
        "syndicated": null,
        "syndicate_id": null,
        "first_syndicated": false
    },
    "trust": {
        "categories": [],
        "top_news": [],
        "bias": null,
        "source": {
            "type": null,
            "city": null,
            "state": null,
            "country": null,
            "domain_type": null,
            "agency": null,
            "organization_name": null
        }
    },
    "rating": null,
    "crawled": "2025-08-21T09:41:33.735+03:00",
    "updated": "2025-08-21T09:47:19.000+03:00"
}