{
    "thread": {
        "uuid": "b9fc0b7e08d3a10f7c74b9f70e66c77deebcf765",
        "url": "https://www.terradaily.com/reports/Industry_managed_forests_more_likely_to_fuel_megafires_999.html",
        "site_full": "www.terradaily.com",
        "site": "terradaily.com",
        "site_section": "https://www.terradaily.com/terradaily.xml",
        "site_categories": [
            "media"
        ],
        "section_title": "Earth News, Earth Science, Energy Technology, Environment News",
        "site_title": "Earth News, Earth Science, Energy Technology, Environment News",
        "title": "Industry managed forests more likely to fuel megafires",
        "title_full": "Industry managed forests more likely to fuel megafires",
        "published": "2025-08-21T06:25:00.000+03:00",
        "replies_count": 0,
        "participants_count": 0,
        "site_type": "news",
        "country": "US",
        "main_image": "https://www.spxdaily.com/images-hg/romania-carpathian-forests-logging-cleared-hg.jpg",
        "performance_score": 0,
        "domain_rank": 63914,
        "domain_rank_updated": "2025-06-03T00:00:00.000+03:00",
        "licensing_agency": [],
        "social": {
            "facebook": {
                "likes": 0,
                "comments": 0,
                "shares": 0
            },
            "vk": {
                "shares": 0
            }
        }
    },
    "uuid": "b9fc0b7e08d3a10f7c74b9f70e66c77deebcf765",
    "url": "https://www.terradaily.com/reports/Industry_managed_forests_more_likely_to_fuel_megafires_999.html",
    "ord_in_thread": 0,
    "author": null,
    "published": "2025-08-21T06:25:00.000+03:00",
    "title": "Industry managed forests more likely to fuel megafires",
    "text": "The research, led by the University of Utah, University of California, Berkeley, and the United States Forest Service, is the first to identify how extreme weather conditions and forest management practices jointly impact fire severity. Leveraging a unique lidar dataset, the authors created three-dimensional maps of public and private forests before five wildfires burned 1.1 million acres in the northern Sierra Nevada, California.\nIn periods of extreme weather, stem density-the number of trees per acre-became the most important predictor of a high-severity fire. Even in the face of accelerating climate change, how we manage the land will make a difference.\n\"That's a really hopeful finding because it means that we can adjust how we manage these landscapes to impact the way fires move through them,\" said Jacob Levine, postdoctoral researcher at the U and lead author of the study. \"Strategies that reduce density by thinning out both small and mature trees will make forests more robust and resilient to fire in the future.\"\nIn a 2022 study, Levine and collaborators found that fire severity was typically higher on privately managed forests. They also discovered the risks extended to areas near to, but not owned by, private industry, threatening the wilderness, small landowners and urban areas in their shadow. This new study is the first to identify the underlying forest structures that make high-severity fires more likely in some areas than in others.\nThe study was published on Aug. 20, 2025, in the journal Global Change Biology.\nPlumas National Forest is a mosaic of private industrial and public ownership, and 70% of the study area was burned in five massive wildfires between 2019 and 2021, including the largest single fire in California's recorded history, the Dixie Fire. Serendipitously, a unique dataset had been collected a year before the region burned.\nIn 2018, the U.S. Forest Service, Geological Survey and National Aeronautics and Space Administration surveyed the Plumas National Forest and surrounding private land using airborne light detection and ranging (lidar) flights. The lidar sensors shoot billions of lasers at the landscape below, which bounce off the grass, shrubs, saplings, tree canopies and other structures in the forest with high precision.\n\"We have a really detailed picture of what the forest looked like immediately before these massive fires. It's an unbelievably valuable thing to have,\" Levine said. \"Understanding the forest structures that lead to high-severity fire allows us to target mitigation strategies to get ahead of this massive fire problem while still producing enough timber to meet market demand.\"\n\"You can think about stacking a bunch of matches together in a grid-that's going to burn a lot better than if you have those matches dispersed as smaller clumps,\" Levine explained. \"A bigger fire can easily reach the canopy in dense forests. Then it's ripping through one tree after another, tossing out chunks of burning material miles in advance. It's a different story.\"\nThe objectives of public lands are more varied, requiring management for grazing, recreation, restoration, timber production and wildlife corridors. They're also beholden to the public, which stymies their ability to do active management. Environmental organizations often sue to stop proposed projects that would remove trees to thin down density.\nAlthough the study demonstrates that private industrial lands fare worse, both private and public agencies have much room for improvement to protect our nation's forests. Most Sierra Nevada trees lack adaptations to recover from high-severity fires, leading to more and more of our forests turning into shrub and grasslands.\n\"This has major implications for timber, but also for carbon sequestration, water quality, wildlife habitat and recreation,\" Levine said. \"Shrub and grasslands can be beautiful, but when we think of the Sierra Nevada we picture majestic forests. Without major changes in forest management, future generations could inherit a landscape that looks very different than the one we cherish today.\"\n|\n|\n|",
    "highlightText": "",
    "highlightTitle": "",
    "highlightThreadTitle": "",
    "language": "english",
    "sentiment": "negative",
    "categories": [
        "Environment",
        "Science and Technology"
    ],
    "topics": [
        "Environment->natural resources",
        "Environment->climate change",
        "Environment->ecosystem",
        "Science and Technology->natural science",
        "Science and Technology->scientific research"
    ],
    "ai_allow": true,
    "has_canonical": false,
    "breaking": null,
    "webz_reporter": false,
    "external_links": [],
    "external_images": [],
    "internal_images": [],
    "entities": {
        "persons": [
            {
                "name": "Jacob Levine",
                "sentiment": "none"
            }
        ],
        "locations": [
            {
                "name": "Sierra",
                "sentiment": "none"
            }
        ],
        "organizations": [
            {
                "name": "University of Utah",
                "sentiment": "neutral",
                "tickers": [
                    {
                        "ticker": null,
                        "exchange": null
                    }
                ]
            },
            {
                "name": "Forest Service",
                "sentiment": "none",
                "tickers": [
                    {
                        "ticker": null,
                        "exchange": null
                    }
                ]
            }
        ]
    },
    "syndication": {
        "syndicated": false,
        "syndicate_id": null,
        "first_syndicated": false
    },
    "trust": {
        "categories": [],
        "top_news": [],
        "bias": null,
        "source": {
            "type": null,
            "city": null,
            "state": null,
            "country": null,
            "domain_type": null,
            "agency": null,
            "organization_name": null
        }
    },
    "rating": null,
    "crawled": "2025-08-21T09:33:03.793+03:00",
    "updated": "2025-08-21T09:37:30.000+03:00"
}