{
    "thread": {
        "uuid": "99aef9bcb2ae1367781fb5b5eee9a12c2fdef7d7",
        "url": "https://finance.sina.com.cn/stock/aiassist/ggsp/2025-08-21/doc-infmtrxi7925579.shtml",
        "site_full": "finance.sina.com.cn",
        "site": "sina.com.cn",
        "site_section": "http://finance.sina.cn",
        "site_categories": [
            "tech",
            "top_news_hk",
            "top_news_sg",
            "top_news_tw",
            "top_news"
        ],
        "section_title": "新浪财经_金融信息服务商",
        "site_title": null,
        "title": "维康药业跌1.43%，成交额1.05亿元，今日主力净流入-835.60万|维康药业_新浪财经_新浪网",
        "title_full": "维康药业跌1.43%，成交额1.05亿元，今日主力净流入-835.60万|维康药业_新浪财经_新浪网",
        "published": "2025-08-21T11:10:00.000+03:00",
        "replies_count": 0,
        "participants_count": 1,
        "site_type": "news",
        "country": "CN",
        "main_image": "",
        "performance_score": 0,
        "domain_rank": 236,
        "domain_rank_updated": "2025-06-03T00:00:00.000+03:00",
        "licensing_agency": [],
        "social": {
            "facebook": {
                "likes": 0,
                "comments": 0,
                "shares": 0
            },
            "vk": {
                "shares": 0
            }
        }
    },
    "uuid": "99aef9bcb2ae1367781fb5b5eee9a12c2fdef7d7",
    "url": "https://finance.sina.com.cn/stock/aiassist/ggsp/2025-08-21/doc-infmtrxi7925579.shtml",
    "ord_in_thread": 0,
    "author": "小浪财讯",
    "published": "2025-08-21T11:10:00.000+03:00",
    "title": "维康药业跌1.43%，成交额1.05亿元，今日主力净流入-835.60万|维康药业_新浪财经_新浪网",
    "text": "8月21日， 维康药业 （维权） 跌1.43%，成交额1.05亿元，换手率3.18%，总市值32.94亿元。\n异动分析\n创新药+流感+肝炎概念+医药电商+民营医院\n1、官方公众号表示：近期1.1类中药创新药黄甲软肝颗粒已取得工期临床试验总结报告，拟申请附条件批准上市。试验结果表明: 黄甲软肝颗粒治疗慢性乙型病毒性肝炎肝纤维化 (肝郁脾虚兼察血阻络证)具有良好的临床疗效和安全性，药物的临床获益超过替在风险。\n2、2022年4月27日投资者互动回复:公司与北京盈科瑞合作开发的银黄吸入溶液为2.1类中药改良型新药，北京盈科瑞对银黄吸入溶液治疗冠状病毒肺炎及流感病毒方面进行了研究，结果证明疗效确切，可显著改善肺指数和降低炎性因子。\n3、公司与盈科瑞采取“委托研发服务+研发技术成果转化”的双线发展模式进行深度战略合作，截至目前，双方合作开展1.1类中药创新药参丹通脑滴丸（治疗缺血性中风（脑梗死））、黄甲软肝颗粒（治疗慢性乙型病毒性肝炎肝纤维化）、2.1类中药改良型新药银黄吸入溶液（治疗冠状病毒肺炎及流感病毒）、6个3.1类中药新药（温经汤、二冬汤、养胃汤、济川煎、三甲复脉汤、五味消毒饮）以及中药配方颗粒等科研项目。\n4、浙江维康药业股份有限公司主营业务为现代中药及西药的研发、生产和销售，主要产品包括银黄滴丸、骨刺胶囊、枫蓼肠胃康分散片、益母草软胶囊等中成药以及罗红霉素软胶囊等西药，生产剂型包括硬胶囊剂、片剂、颗粒剂、软胶囊剂、丸剂（滴丸）。2024年7月9日互动易回复：公司在天猫、京东、拼多多等电商平台设有官方旗舰店。\n5、2024年半年度报告，浙江维康中医院有限公司为公司全资子公司。\n(免责声明：分析内容来源于互联网，不构成投资建议，请投资者根据不同行情独立判断)\n资金分析\n今日主力净流入-835.60万，占比0.08%，行业排名40/69，连续2日被主力资金减仓；所属行业主力净流入-6.49亿，连续2日被主力资金减仓。\n区间 今日 近3日 近5日 近10日 近20日 主力净流入 -835.60万 -2660.08万 -4096.84万 -5405.98万 -6401.08万\n主力持仓\n主力没有控盘，筹码分布非常分散，主力成交额5914.91万，占总成交额的5.23%。\n技术面：筹码平均交易成本为23.44元\n该股筹码平均交易成本为23.44元，近期筹码减仓，但减仓程度减缓；目前股价靠近压力位23.52，谨防压力位处回调，若突破压力位则可能会开启一波上涨行情。\n公司简介\n资料显示，浙江维康药业股份有限公司位于浙江省丽水经济开发区遂松路2号，成立日期2000年3月31日，上市日期2020年8月24日，公司主营业务涉及现代中药及西药的研发、生产和销售。主营业务收入构成为：中西成药71.03%，中药饮片13.95%，其他9.90%，保健食品2.85%，其他业务收入/成本1.19%，医疗器械1.08%。\n维康药业所属申万行业为：医药生物-中药Ⅱ-中药Ⅲ。所属概念板块包括：肝炎治疗、中药、抗流感、医药电商、创新药等。\n截至3月31日，维康药业股东户数1.12万，较上期减少3.76%；人均流通股12813股，较上期增加3.90%。2025年1月-3月，维康药业实现营业收入6977.59万元，同比减少65.10%；归母净利润-985.47万元，同比减少140.50%。\n分红方面，维康药业A股上市后累计派现1.79亿元。近三年，累计派现5540.00万元。\n风险提示：市场有风险，投资需谨慎。本文为AI大模型自动发布，任何在本文出现的信息（包括但不限于个股、评论、预测、图表、指标、理论、任何形式的表述等）均只作为参考，不构成个人投资建议。",
    "highlightText": "",
    "highlightTitle": "",
    "highlightThreadTitle": "",
    "language": "chinese",
    "sentiment": "negative",
    "categories": [
        "Economy, Business and Finance",
        "Health",
        "Science and Technology"
    ],
    "topics": [
        "Economy, Business and Finance->financial and economic news",
        "Economy, Business and Finance->healthcare industry",
        "Health->health organisation",
        "Health->medical specialisation",
        "Health->drug rehabilitation",
        "Science and Technology->medical research",
        "Science and Technology->biotechnology"
    ],
    "ai_allow": true,
    "has_canonical": false,
    "breaking": true,
    "webz_reporter": false,
    "external_links": [],
    "external_images": [],
    "internal_images": [],
    "entities": {
        "persons": [],
        "locations": [],
        "organizations": []
    },
    "syndication": {
        "syndicated": null,
        "syndicate_id": null,
        "first_syndicated": false
    },
    "trust": {
        "categories": [],
        "top_news": [
            "top_news_hk",
            "top_news_sg",
            "top_news_tw",
            "top_news"
        ],
        "bias": null,
        "source": {
            "type": null,
            "city": null,
            "state": null,
            "country": null,
            "domain_type": null,
            "agency": null,
            "organization_name": null
        }
    },
    "rating": null,
    "crawled": "2025-08-21T11:20:58.210+03:00",
    "updated": "2025-08-22T12:06:08.000+03:00"
}