{
    "thread": {
        "uuid": "15ed1ab2d23592afc43621a4c29c2722395f7d94",
        "url": "https://www.govtech.com/education/k-12/google-to-give-25m-to-nonprofits-educating-students-teachers-on-ai",
        "site_full": "www.govtech.com",
        "site": "govtech.com",
        "site_section": "https://www.golf.einnews.com/live_feed",
        "site_categories": [
            "media"
        ],
        "section_title": "Live Feed Wire - Golf News Today - EIN Presswire",
        "title": "Google to Give $25M to Nonprofits Educating Students, Teachers on AI",
        "title_full": "Google to Give $25M to Nonprofits Educating Students, Teachers on AI",
        "published": "2024-09-19T03:00:00.000+03:00",
        "replies_count": 0,
        "participants_count": 0,
        "site_type": "news",
        "country": "US",
        "main_image": "https://erepublic.brightspotcdn.com/dims4/default/1d06357/2147483647/strip/true/crop/940x457+0+85/resize/1440x700!/quality/90/?url=http%3A%2F%2Ferepublic-brightspot.s3.us-west-2.amazonaws.com%2Fb3%2Fa6%2Fdc927783a15ab5187c6a70090136%2Fshutterstock-517582705.jpg",
        "performance_score": 0,
        "domain_rank": 4057,
        "domain_rank_updated": "2024-09-17T00:00:00.000+03:00",
        "reach": null,
        "social": {
            "facebook": {
                "likes": 0,
                "comments": 0,
                "shares": 0
            },
            "vk": {
                "shares": 0
            }
        }
    },
    "uuid": "15ed1ab2d23592afc43621a4c29c2722395f7d94",
    "url": "https://www.govtech.com/education/k-12/google-to-give-25m-to-nonprofits-educating-students-teachers-on-ai",
    "ord_in_thread": 0,
    "parent_url": null,
    "author": null,
    "published": "2024-09-19T03:00:00.000+03:00",
    "title": "Google to Give $25M to Nonprofits Educating Students, Teachers on AI",
    "text": "Google to Give $25M to Nonprofits Educating Students, Teachers on AI Google's philanthropic arm is giving money to ISTE+ASCD, 4-H, aiEDU and other groups to train teachers and develop curriculum materials with the intention of reaching students from a wide range of demographic groups. (TNS) — Google.org, the tech company's philanthropy arm, plans to invest over $25 million to support five education nonprofits in helping educators and students learn more about how to use artificial intelligence. The initiative plans to reach over half a million K-12 and college students, as well as educators, giving them the skills they need to use AI responsibly in the classroom and the workplace. Teens are more likely to use AI tools responsibly if their teachers discuss the technology's potential benefits and pitfalls, according to a survey released Sept. 18 by Common Sense Media, a nonprofit that examines the interaction between youth and technology. But most educators aren't getting the training they need in AI. More than seven in 10 teachers said they haven't received any professional development on using AI in the classroom, according to a nationally representative EdWeek Research Center survey of 953 educators, including 553 teachers, conducted Jan. 31 to March 4. The survey data show that teachers who are in urban districts, those in districts where at least 75 percent of students receive free or reduced-price meals, and those who teach elementary grades are more likely than other educators to say they haven't received any AI training. \"As AI skills are increasingly seen as foundational digital skills, it's crucial that teachers are prepared to guide students in understanding and responsibly using the technology,\" Maggie Johnson, the vice president of A big focus of Google's grants will be developing and delivering culturally relevant curriculum for AI, and ensuring AI literacy lessons reach students from a range of demographic groups. AI tools tend to reflect long-standing societal biases. One way to mitigate that problem, experts say, is to include people from many backgrounds in developing the technology. In fact, districts already doing deep work on AI literacy, such as Georgia's Gwinnett County schools, say part of their mission is to ensure students from groups historically underrepresented in tech fields — such as girls and students of color — can access AI coursework. \"Bringing a broader group of people with varied life experiences into using these tools actually does help identify and help improve bias,\" said Richard Culatta, the CEO of ISTE+ASCD, in an interview. Culatta's organization — which provides professional development to educators for a variety of skills — will be one of the beneficiaries of the Google investment. Culatta emphasized that teachers need to understand how to talk to students about AI's bias problems. \"I think that's one of the biggest challenges, is that there's bias in all these tools and in lots of technology,\" Culatta said. \"But when it just sort of sits there and we don't call it to our attention, that's really where the danger is.\" ISTE+ASCD will receive $10 million of the $25 million over three years to reach about 200,000 educators. The organization will collaborate on its AI-related initiatives with six other organizations that focus at least in part on teacher and/or leader training: the National Education Association, Computer Science Teachers Association, Center for Black Educator Development, Latinos for Education, Indigitize, and PlayLab. The work will include \"deep dive professional learnings\" aimed at helping educators understand AI better, including online courses and webinars. Culatta said the sessions will explore questions such as: what is AI and how does it work? \"AI is not magic. We have to be really clear about that,\" Culatta said. ISTE+ASCD plans to also create communities that allow educators to share best practices on using AI, and conduct research to make sure that their efforts are having the desired impact. The work won't focus on specific AI tools but on the technology more broadly, Culatta said. \"In order to help kids be successful, what we really need is to help them have enduring AI skills, because the tools will change,\" Culatta said. \"The tools that we're using today are the least capable AI tools that we're ever going to see, because they're just going to keep getting better.\" Other grantees include: ©2024 Education Week (Bethesda, Md.). Distributed by Tribune Content Agency, LLC. The initiative plans to reach over half a million K-12 and college students, as well as educators, giving them the skills they need to use AI responsibly in the classroom and the workplace. Teens are more likely to use AI tools responsibly if their teachers discuss the technology's potential benefits and pitfalls, according to a survey released Sept. 18 by Common Sense Media, a nonprofit that examines the interaction between youth and technology. But most educators aren't getting the training they need in AI. More than seven in 10 teachers said they haven't received any professional development on using AI in the classroom, according to a nationally representative EdWeek Research Center survey of 953 educators, including 553 teachers, conducted Jan. 31 to March 4. The survey data show that teachers who are in urban districts, those in districts where at least 75 percent of students receive free or reduced-price meals, and those who teach elementary grades are more likely than other educators to say they haven't received any AI training. \"As AI skills are increasingly seen as foundational digital skills, it's crucial that teachers are prepared to guide students in understanding and responsibly using the technology,\" Maggie Johnson, the vice president of [Google.org](http://google.org/), said in an emailed response to questions from Education Week.A big focus of Google's grants will be developing and delivering culturally relevant curriculum for AI, and ensuring AI literacy lessons reach students from a range of demographic groups. AI tools tend to reflect long-standing societal biases. One way to mitigate that problem, experts say, is to include people from many backgrounds in developing the technology. In fact, districts already doing deep work on AI literacy, such as Georgia's Gwinnett County schools, say part of their mission is to ensure students from groups historically underrepresented in tech fields — such as girls and students of color — can access AI coursework. \"Bringing a broader group of people with varied life experiences into using these tools actually does help identify and help improve bias,\" said Richard Culatta, the CEO of ISTE+ASCD, in an interview. Culatta's organization — which provides professional development to educators for a variety of skills — will be one of the beneficiaries of the Google investment. Culatta emphasized that teachers need to understand how to talk to students about AI's bias problems. \"I think that's one of the biggest challenges, is that there's bias in all these tools and in lots of technology,\" Culatta said. \"But when it just sort of sits there and we don't call it to our attention, that's really where the danger is.\" ISTE+ASCD will receive $10 million of the $25 million over three years to reach about 200,000 educators. The organization will collaborate on its AI-related initiatives with six other organizations that focus at least in part on teacher and/or leader training: the National Education Association, Computer Science Teachers Association, Center for Black Educator Development, Latinos for Education, Indigitize, and PlayLab. The work will include \"deep dive professional learnings\" aimed at helping educators understand AI better, including online courses and webinars. Culatta said the sessions will explore questions such as: what is AI and how does it work? \"AI is not magic. We have to be really clear about that,\" Culatta said. THE GOAL OF THE GOOGLE INVESTMENT IS TO BUILD 'ENDURING AI SKILLS' ISTE+ASCD plans to also create communities that allow educators to share best practices on using AI, and conduct research to make sure that their efforts are having the desired impact. The work won't focus on specific AI tools but on the technology more broadly, Culatta said. \"In order to help kids be successful, what we really need is to help them have enduring AI skills, because the tools will change,\" Culatta said. \"The tools that we're using today are the least capable AI tools that we're ever going to see, because they're just going to keep getting better.\" Other grantees include: - 4-H, a nonprofit that offers students the chance to complete projects in agriculture, health, science, and other fields. It will provide training on AI to rural students and educators. - aiEDU, a nonprofit focused on equitable AI literacy. It will help deliver AI curriculum to rural and Indigenous communities. - STEM From Dance, a nonprofit that uses dance to engage girls in science, technology, engineering, and math curriculum. It will help girls use AI to enhance dance choreography through sound, animation, and technology. - The fifth grantee, CodePath, will create industry-reviewed AI coursework for Black, Latino, and Indigenous college students who are studying computing. ©2024 Education Week (Bethesda, Md.). Distributed by Tribune Content Agency, LLC.",
    "highlightText": "",
    "highlightTitle": "",
    "highlightThreadTitle": "",
    "language": "english",
    "sentiment": "positive",
    "categories": [
        "Education",
        "Human Interest"
    ],
    "ai_allow": true,
    "webz_reporter": false,
    "external_links": [
        "http://google.org/",
        "http://google.org",
        "http://www.google.org/"
    ],
    "external_images": [],
    "entities": {
        "persons": [],
        "organizations": [],
        "locations": []
    },
    "syndication": {
        "syndicated": false,
        "syndicate_id": null
    },
    "rating": null,
    "crawled": "2024-09-20T00:06:17.730+03:00",
    "updated": "2024-09-27T03:24:45.453+03:00"
}