{
    "thread": {
        "uuid": "2cdaa0da7fb7edcf91cb7a3d027496aa5dd3b251",
        "url": "https://www.pinkvilla.com/tv/news/kaun-banega-crorepati-16-heres-how-amitabh-bachchan-reacted-to-contestant-named-jaya-1349048",
        "site_full": "www.pinkvilla.com",
        "site": "pinkvilla.com",
        "site_section": "https://www.pinkvilla.com/horoscope/daily/cancer-cancer-horoscope-today-april-1-2024-1291061",
        "site_categories": [
            "media"
        ],
        "section_title": "Pinkvilla: Entertainment News, Lifestyle, Beauty, Box Office, Movies, Korean, Fashion, Sports, Health & More",
        "title": "Kaun Banega Crorepati 16: Here's how Amitabh Bachchan reacted to contestant named Jaya | PINKVILLA",
        "title_full": "Kaun Banega Crorepati 16: Here's how Amitabh Bachchan reacted to contestant named Jaya | PINKVILLA",
        "published": "2024-09-19T20:01:00.000+03:00",
        "replies_count": 0,
        "participants_count": 1,
        "site_type": "news",
        "country": "",
        "main_image": "https://www.pinkvilla.com/images/2024-09/1963854323_l-5.jpg",
        "performance_score": 0,
        "domain_rank": 10140,
        "domain_rank_updated": "2024-09-17T00:00:00.000+03:00",
        "reach": null,
        "social": {
            "facebook": {
                "likes": 0,
                "comments": 0,
                "shares": 0
            },
            "vk": {
                "shares": 0
            }
        }
    },
    "uuid": "2cdaa0da7fb7edcf91cb7a3d027496aa5dd3b251",
    "url": "https://www.pinkvilla.com/tv/news/kaun-banega-crorepati-16-heres-how-amitabh-bachchan-reacted-to-contestant-named-jaya-1349048",
    "ord_in_thread": 0,
    "parent_url": null,
    "author": "Siddhi Chatterjee",
    "published": "2024-09-19T20:01:00.000+03:00",
    "title": "Kaun Banega Crorepati 16: Here's how Amitabh Bachchan reacted to contestant named Jaya | PINKVILLA",
    "text": "Amitabh Bachchan was reminded of his home, looking at a contestant on the sets of Kaun Banega Crorepati 16. Here's what happened. The recent episode of Amitabh Bachchan's Kaun Banega Crorepati 16 had a contestant named Jaya, who hailed from Gujarat. She made the veteran megastar remember her home. Read more to know about it. Jaya has studied engineering and, as of now, focuses on farming in her village. The contestant named Jaya had an overwhelming moment on the sets of Kaun Banega Crorepati 16 . As she made it to the hot seat she told Amitabh Bachchan, \"Sir I want to tell you something. Waise toh Jaya ji aap roz hi bolte honge, par aaj mera ek request hai, mere liye ek baar Jaya ji boliye. (You may be telling Jaya ji everyday, but I request you to call me Jaya ji for once.) She gave a subtle hint to Jaya Bachchan whom AB fondly calls Jaya Ji. The legendary actor gave a witty reply by saying, \"Jabse baithe hai tabse Jaya ji toh hi bol rahe hai. Zara sochiye devi ji, jab tak aap khelte rahenge, tab tak humei apna ghar yaad aata rahega. (Since the time I am sitting, I have been saying Jaya ji. Just imagine goddess, till the time you will be playing, till that time I will remember my home.) The wordplay done by the Piku actor left her speechless. Her knowledge of GK was tremendous on the show, and the audience had to clap for her. She took home Rs 25 lakh, and when she reached Rs 50 lakh for a question related to British colonisation, she decided to quit the quiz game. The question presented by Amit Ji , worth Rs 50 lakh, was, \"Which of these countries has never been invaded or colonized by the British?\" The options were Grenada, Argentina, Ivory Coast, and Costa Rica. Jaya faced the challenges till question 14 like a pro, which was an inspiration to all. All her lifelines were over, and that was when she decided to quit the show. After taking home Rs 25 lakh, AB asked her to guess the answer, and she said Grenada, which was the wrong answer. Ivory Coast was the right answer. ALSO READ: Kaun Banega Crorepati 16: Amitabh Bachchan shares THIS advice Shashi Kapoor gave him to avoid social awkwardness Latest Articles []https://www.pinkvilla.com/tv/serial-updates/yeh-rishta-kya-kehlata-hai-written-update-september-19-armaan-convinces-abhira-of-marriage-decides-this-1348987 []https://www.pinkvilla.com/tv/news/bigg-boss-marathi-5-promo-nikki-tamboli-ditches-arbaz-patel-and-saves-his-rivals-in-task-latter-gets-furious-1348956 []https://www.pinkvilla.com/tv/news/rajiv-thakur-speaks-out-on-his-limited-screen-time-in-the-great-indian-kapil-show-season-1-says-ye-complaint-hain-1348943",
    "highlightText": "",
    "highlightTitle": "",
    "highlightThreadTitle": "",
    "language": "english",
    "sentiment": "positive",
    "categories": [
        "Arts, Culture and Entertainment",
        "Human Interest",
        "Lifestyle and Leisure"
    ],
    "ai_allow": true,
    "webz_reporter": false,
    "external_links": [],
    "external_images": [],
    "entities": {
        "persons": [],
        "organizations": [],
        "locations": []
    },
    "syndication": {
        "syndicated": false,
        "syndicate_id": null
    },
    "rating": null,
    "crawled": "2024-09-20T00:04:50.223+03:00",
    "updated": "2024-09-20T00:04:50.223+03:00"
}