{
    "thread": {
        "uuid": "47468613639656a618ddeb6b7ae60ad784cff2eb",
        "url": "https://www.openpr.com/news/3661560/afloat-by-romardro-henderson-a-gripping-tale-of-survival-and",
        "site_full": "www.openpr.com",
        "site": "openpr.com",
        "site_section": "https://www.openpr.com",
        "site_categories": [
            "marketing",
            "financial_news",
            "finance",
            "business"
        ],
        "section_title": "openPR.com - Worldwide Open Public Relations - Publish Press Releases Free of Charge",
        "title": "Afloat by Romardro Henderson: A Gripping Tale of Survival and",
        "title_full": "Afloat by Romardro Henderson: A Gripping Tale of Survival and",
        "published": "2024-09-19T22:18:00.000+03:00",
        "replies_count": 0,
        "participants_count": 1,
        "site_type": "news",
        "country": "US",
        "main_image": "https://cdn.open-pr.com/X/9/X919364780_g.jpg",
        "performance_score": 0,
        "domain_rank": 10263,
        "domain_rank_updated": "2024-09-17T00:00:00.000+03:00",
        "reach": null,
        "social": {
            "facebook": {
                "likes": 0,
                "comments": 0,
                "shares": 0
            },
            "vk": {
                "shares": 0
            }
        }
    },
    "uuid": "47468613639656a618ddeb6b7ae60ad784cff2eb",
    "url": "https://www.openpr.com/news/3661560/afloat-by-romardro-henderson-a-gripping-tale-of-survival-and",
    "ord_in_thread": 0,
    "parent_url": null,
    "author": "ABNewswire",
    "published": "2024-09-19T22:18:00.000+03:00",
    "title": "Afloat by Romardro Henderson: A Gripping Tale of Survival and",
    "text": "Afloat by Romardro Henderson: A Gripping Tale of Survival and the Quest for Manhood Rising author Romardro Henderson captivates readers with his latest novel, Afloat, a gripping story of adventure, resilience, and the quest for manhood. Now available on Amazon, Afloat invites readers on a harrowing journey across the open sea, where a young adolescent's desire to prove himself becomes a battle for survival. In Afloat, Henderson introduces us to a young boy from a coastal village who yearns to demonstrate his worthiness as a man. Determined to outperform the seasoned fishermen in his family, including his father, the protagonist embarks on a solo fishing expedition. However, the journey quickly turns treacherous as he becomes lost at sea, facing the perils of dehydration, starvation, and hallucinations. As the boy confronts his deepest fears, he realizes that the ocean is not the only danger sharks circle ominously, symbolizing the relentless challenges that test his will to survive. Henderson's powerful storytelling and vivid descriptions plunge readers into the heart of the protagonist's struggle, evoking a deep sense of empathy and suspense. Afloat is more than just a survival tale; it is a profound exploration of the human spirit, the importance of family, and the rites of passage that define us. \"Afloat is a story about more than survival,\" says Romardro Henderson. \"It's about the journey every young person must take to find their place in the world, to confront their fears, and to realize that strength comes not just from proving oneself to others, but from understanding and accepting oneself.\" About the Author Romardro Henderson is a talented new voice in literature, known for his ability to weave intense narratives that resonate with readers of all ages. Afloat is his latest work, showcasing his skill in creating stories that are both heart-pounding and deeply meaningful. Afloat is now available for purchase on Amazon. To order your copy, visit: Amazon Link [https://www.amazon.com/Afloat-Romardro-Henderson/dp/1728377234/ref=tmm_pap_swatch_0?_encoding=UTF8&dib_tag=se&dib=eyJ2IjoiMSJ9.j0HzSbkcQ4fnjruPqxQU4g.nnD7RqzaWqsT9SVgnjThSXBDWVlxEeNGG4Fef22q-0s&qid=1723131595&sr=1-1] For media inquiries, interviews, or review copies, please contact below. Media Contact Company Name: Ink Start Media Contact Person: Sage Grey Email:Send Email [https://www.abnewswire.com/email_contact_us.php?pr=afloat-by-romardro-henderson-a-gripping-tale-of-survival-and-the-quest-for-manhood] Country: United States Website: https://www.amazon.com/Afloat-Romardro-Henderson/dp/1728377234/ref=tmm_pap_swatch_0?_encoding=UTF8&dib_tag=se&dib=eyJ2IjoiMSJ9.j0HzSbkcQ4fnjruPqxQU4g.nnD7RqzaWqsT9SVgnjThSXBDWVlxEeNGG4Fef22q-0s&qid=1723131595&sr=1-1 This release was published on openPR. Permanent link to this press release: Copy Please set a link in the press area of your homepage to this press release on openPR. openPR disclaims liability for any content contained in this release. You can edit or delete your press release Afloat by Romardro Henderson: A Gripping Tale of Survival and the Quest for Manhood here News-ID: 3661560 • Views: … More Releases from ABNewswire [](/news/3661568/addison-zegan-becomes-spotify-s-no-1-most-streamed) Addison Zegan Becomes Spotify's No:1 Most Streamed Motivational Speaker, Inspiri … In a landscape dominated by boomers, millennial motivational speaker Addison Zegan is making progress by becoming the #1 most-streamed motivational speaker on Spotify. This accomplishment puts him at the forefront of the motivational world on Spotify, surpassing industry veterans who have dominated the field for decades. Addison Zegan, a self-made speaker with no team, marketing budget, or agent, has spent over five years tirelessly working to carve out a space … [](/news/3661567/new-jersey-bankruptcy-attorney-daniel-straffi-explains-home) New Jersey Bankruptcy Attorney Daniel Straffi Explains Home Equity Limits for Ch … Daniel Straffi (https://www.straffilaw.com/how-much-equity-can-i-have-in-my-home-and-still-file-for-chapter-7-bankruptcy-in-new-jersey/), a seasoned New Jersey bankruptcy attorney with Straffi & Straffi Attorneys at Law, recently shed light on an important issue for homeowners considering filing for Chapter 7 bankruptcy in New Jersey. In a detailed blog post, Straffi addresses how much equity individuals can retain in their homes while still qualifying for Chapter 7 bankruptcy, a topic that resonates with many homeowners facing financial difficulties. In the blog titled … [](/news/3661566/long-island-estate-planning-attorney-seth-schlessel-releases) Long Island Estate Planning Attorney Seth Schlessel Releases Article on Estate P … Long Island estate planning attorney [https://www.schlessellaw.com/] Seth Schlessel of Schlessel Law PLLC has published an insightful article focused on estate planning in Long Island. This comprehensive guide aims to help individuals and families understand the complexities of estate planning, secure their legacy, and ensure their wishes are fulfilled. The Long Island estate planning attorney emphasizes the significance of having a well-structured estate plan. \"Proper estate planning is crucial in safeguarding assets … [](/news/3661565/galveston-county-child-support-lawyer-lacey-richmond-discusses) Galveston County Child Support Lawyer Lacey Richmond Discusses How to Navigate C … Galveston County child support lawyer [https://www.richmondpllc.com/child-support/] Lacey Richmond, of Richmond Law Firm, PLLC, is committed to helping clients manage the challenges of child support cases. With an increasing need for reliable legal advice in Galveston County, Lacey Richmond focuses on guiding families through the legal process of child support, ensuring that parents understand their rights and obligations. Richmond's firm emphasizes the importance of clarity and fairness in child support arrangements, … More Releases for Afloat [](/news/2508808/vaccine-packaging-market-remains-afloat-amid-covid-19) Vaccine Packaging Market : Remains Afloat amid COVID-19 Pandemic, to Surge Posit … Advances in vaccination, primarily in developed countries, continue to encourage public and private awareness of its benefits, access to vaccines, and the use of vaccines as an important part of health and preventive care. It has been promoted by the effort. The vaccine packaging market will exceed US $ 1.15 billion in 2021. Developing regions are also beginning to take the initiative in public immunization programs that are regularly arranged by … [](/news/2486471/vegan-sauces-market-remains-afloat-amid-covid-19-pandemic) Vegan Sauces Market Remains Afloat amid COVID-19 Pandemic, to Surge Positively, … The analysts at Future Market Insights (FMI) followed a multidisciplinary approach during the pandemic to study the growth and development of the vegan sauce Market. The report features insights on the current growth dynamics and the major revenue reforms prevailing in the market as of 2020 along with the key takeaways over the forecast period 2021 to 2031. The team of researchers at Future Business Insights are focussing on … [](/news/2402993/global-toothpaste-tablet-market-to-remain-afloat-as-green) Global Toothpaste Tablet Market to Remain Afloat as Green Practices of Personal … Sale of toothpaste tablets is gaining momentum as a large section of the global population gravitates towards following staunch standards of personal hygiene. The global value of the toothpaste tablet market is estimated to touch US$152.3 Mn by 2026, growing at a robust CAGR of 6.8% during the period between 2021 and 2026. The past decade has witnessed a heavy uptick in advertising budgets of personal care products. This has … [](/news/2211493/global-healthcare-robotics-market-remains-afloat-amid-covid-19) Global Healthcare Robotics Market Remains Afloat amid COVID-19 Pandemic, to Surg … KD Market Insights (KDMI) recently published market research report on the Global Healthcare Robotics market, this market research report provides detailed analysis of market drivers, challenges, opportunity analysis, and trends, along with various key insights into the market research report. The report on global Healthcare Robotics market demonstrates the important aspects that are anticipated to shape the growth of the market over the forecast period. The study also includes the … [](/news/2208808/global-stargardt-disease-therapeutics-market-remains-afloat) Global Stargardt Disease Therapeutics Market Remains Afloat amid COVID-19 Pandem … KD Market Insights (KDMI) recently published market research report on the Global Stargardt Disease Therapeutics market, this market research report provides detailed analysis of market drivers, challenges, opportunity analysis, and trends, along with various key insights into the market research report. The report on global Stargardt Disease Therapeutics market demonstrates the important aspects that are anticipated to shape the growth of the market over the forecast period. The study also … [](/news/2205648/global-lung-cancer-diagnostics-market-remains-afloat-amid) Global Lung Cancer Diagnostics Market Remains Afloat amid COVID-19 Pandemic, to … KD Market Insights (KDMI) recently published market research report on the Global Lung Cancer Diagnostics market, this market research report provides detailed analysis of market drivers, challenges, opportunity analysis, and trends, along with various key insights into the market research report. The report on global Lung Cancer Diagnostics market demonstrates the important aspects that are anticipated to shape the growth of the market over the forecast period. The study also …",
    "highlightText": "",
    "highlightTitle": "",
    "highlightThreadTitle": "",
    "language": "english",
    "sentiment": "positive",
    "categories": [
        "Arts, Culture and Entertainment",
        "Human Interest"
    ],
    "ai_allow": true,
    "webz_reporter": false,
    "external_links": [
        "https://www.abnewswire.com/email_contact_us.php?pr=afloat-by-romardro-henderson-a-gripping-tale-of-survival-and-the-quest-for-manhood",
        "https://www.straffilaw.com/how-much-equity-can-i-have-in-my-home-and-still-file-for-chapter-7-bankruptcy-in-new-jersey/),",
        "https://www.richmondpllc.com/child-support/",
        "https://www.schlessellaw.com/",
        "http://www.amazon.com/exec/obidos/ASIN/1728377234",
        "https://www.abnewswire.com/email_contact_us.php",
        "http://amazon.com/exec/obidos/ASIN/1728377234",
        "https://www.schlessellaw.com",
        "https://www.richmondpllc.com/child-support",
        "https://schlessellaw.com/",
        "https://richmondpllc.com/child-support/",
        "https://abnewswire.com/email_contact_us.php?pr=afloat-by-romardro-henderson-a-gripping-tale-of-survival-and-the-quest-for-manhood",
        "https://straffilaw.com/how-much-equity-can-i-have-in-my-home-and-still-file-for-chapter-7-bankruptcy-in-new-jersey/),"
    ],
    "external_images": [],
    "entities": {
        "persons": [
            {
                "name": "Romardro Henderson",
                "sentiment": "negative"
            }
        ],
        "organizations": [],
        "locations": []
    },
    "syndication": {
        "syndicated": false,
        "syndicate_id": null
    },
    "rating": null,
    "crawled": "2024-09-20T00:08:37.242+03:00",
    "updated": "2024-09-20T00:08:37.242+03:00"
}