{
    "thread": {
        "uuid": "7b6c8da4881ac6e482b9a4b4dbaeddf0ae41ca8c",
        "url": "https://www.strettoweb.com/2024/09/messina-evento-speciale-fuori-programma-festival-interpretare-antico/1796775",
        "site_full": "www.strettoweb.com",
        "site": "strettoweb.com",
        "site_section": "https://www.strettoweb.com",
        "site_categories": [
            "media",
            "top_news"
        ],
        "section_title": "StrettoWeb | Notizie di Calabria e Sicilia, news dall&#039;Italia, cronaca Reggio e Messina",
        "title": "Messina, evento speciale fuori programma del festival Interpretare l’Antico: in scena “Venere e Adone”",
        "title_full": "Messina, evento speciale fuori programma del festival Interpretare l’Antico: in scena “Venere e Adone”",
        "published": "2024-09-19T17:20:00.000+03:00",
        "replies_count": 0,
        "participants_count": 1,
        "site_type": "news",
        "country": "IT",
        "main_image": "",
        "performance_score": 0,
        "domain_rank": 153171,
        "domain_rank_updated": "2024-09-17T00:00:00.000+03:00",
        "reach": null,
        "social": {
            "facebook": {
                "likes": 0,
                "comments": 0,
                "shares": 0
            },
            "vk": {
                "shares": 0
            }
        }
    },
    "uuid": "7b6c8da4881ac6e482b9a4b4dbaeddf0ae41ca8c",
    "url": "https://www.strettoweb.com/2024/09/messina-evento-speciale-fuori-programma-festival-interpretare-antico/1796775",
    "ord_in_thread": 0,
    "parent_url": null,
    "author": "Danilo Loria",
    "published": "2024-09-19T17:20:00.000+03:00",
    "title": "Messina, evento speciale fuori programma del festival Interpretare l’Antico: in scena “Venere e Adone”",
    "text": "Evento speciale fuori programma del Festival Interpretare l’Antico , in collaborazione con NaxosLegge, al Teatro della Nike del Parco Archeologico di Naxos. ( Via Calcide Eubea 1, – Giardini Naxos ). Sabato 21 settembre alle 21.00 andrà in scena lo straordinario spettacolo “Venere e Adone” (produzione Compagnia Lombardi-Tiezzi) di e con Roberto Latini , con musiche dal vivo eseguite da Gianluca Misiti , in collaborazione con Epica Festival\nFondazione Armunia Castello Pasquini – Festival Inequilibrio – Fortinbras Enterprise.\nPresentazione spettacolo : L’amore terrestre e quello divino nel disarmo di un destino ineluttabile. È questo il tema trattato da Shakespeare, Tiziano, Rubens, Canova, Carracci, Ovidio, attraversando il mito nell’arte, come trattenendo il respiro.\nCome per il mito, la narrazione cede il posto a variazioni dello stesso tema. Il pensiero sollecita continue aperture e aggiunge sipari su scene in trasformazione. Venere e Adone si trasforma così in un programma articolato in grammatiche diverse. Un respiro-fotogramma, solo, fermato, definito, come a impedire che il racconto si possa compiere nel finale che già sappiamo. È forse la speranza che si possa vincere il destino, dando all’Arte il compito di sfidare il tempo e trattenerlo. Tra quelli contenuti nelle Metamorfosi di Ovidio è certamente uno degli episodi più sorprendenti: Adone muore nel bosco durante la caccia a un cinghiale e Venere stessa non può nulla oltre il presentimento che la consuma. Anche questo mito ci rivela che gli Dei in tanti casi possono solo arrendersi al cambiamento; oppure lasciarsi sorprendere.\nIl corpo di Adone in terra svanisce nell’aria fresca del mattino e dal suo sangue in terra spunta un fiore bianco e rosso. Venere e Adone è la storia di ferite mortali, di baci sconfitti che non sanno, non riescono a farsi corazza, difesa. Anche Amore non può nulla. Anche Amore è incapace; è sfinito, è logoro, è vecchio. Sconfitto. Eppure, cadendo, fa un volo infinito.\nAnna Teresa Damiano così descrive lo spettacolo su RaiNews : Un percorso spiazzante di parole e immagini sospese, disperse, la rilettura che Roberto Latini fa del mito narrato nelle Metamorfosi di Ovidio, poi poema shakespeariano, soggetto per Tiziano, Rubens, Canova, Carracci.\nRossella Battisti scrive su Rumor(s)cena : Con quella bocca può dire quello che vuole” chiosava Enzo Garinei in una famosa pubblicità che metteva in primo piano le bellissime labbra di Virna Lisi. Parafrasando, potremmo dire che con quella voce anche Roberto Latini può fare (tutto il teatro) che vuole…\nQuesto spettacolo è il primo dei tre eventi speciali realizzati da Latitudini nell’ambito della 14^ edizione del Festival NaxosLegge, promosso dall’ Assessorato regionale BB. CC. e Identità Siciliana e dal CEPELL Centro per il Libro e la Lettura .\nQuesti i successivi appuntamenti: domenica 29 settembre alle 19:30 , a ingresso gratuito, per “Fare Scena”, la cerimonia di consegna del “ Premio l’Ombra di Dioniso 3^ ed. ” a Spiro Scimone e Francesco Sframeli , che sarà preceduta alle 18:00 dalla performance teatrale “ La seduzione dei mulini a vento ” con protagonisti Dario Tomasello e gli studenti del DAMS di Messina.\nInterpretare l’Antico , dedicato a spettacoli ispirati al Mito, diretto da Gigi Spedale , è organizzato dalla Rete Latitudini con il contributo della Regione siciliana, in collaborazione con il Parco Archeologico Naxos Taormina , diretto da Gabriella Tigano e di NaxosLegge , diretto da Fulvia Toscano.\nIl festival è parte integrante del più ampio progetto Comunicare l’Antico ed è sostenuto dal contributo di ERSU Messina, con il patrocinio non oneroso del Comune di Giardini Naxos e la collaborazione del COSPES e del DAMS dell’Università di Messina.\nIn caso di condizioni meteo avverse, gli eventi si terranno presso il Museo del Mare di Giardini Naxos, in via Porticato, C.da Pallio-Chianchitta, di fronte Centro commerciale I Gabbiani.\nInfo e prenotazioni: +393483813841 +393936025554 +393402939860\nwww.liveticket.it/latitudinirete\nwww.facebook.com/latitudini\nwww.facebook.com/Naxoslegge\nwww.facebook.com/parconaxostaormina",
    "highlightText": "",
    "highlightTitle": "",
    "highlightThreadTitle": "",
    "language": "italian",
    "sentiment": "positive",
    "categories": [
        "Arts, Culture and Entertainment",
        "Lifestyle and Leisure",
        "Human Interest"
    ],
    "ai_allow": true,
    "webz_reporter": false,
    "external_links": [],
    "external_images": [],
    "entities": {
        "persons": [
            {
                "name": "Gianluca Misiti",
                "sentiment": "none"
            },
            {
                "name": "Roberto Latini",
                "sentiment": "none"
            },
            {
                "name": "Shakespeare",
                "sentiment": "none"
            },
            {
                "name": "Carracci",
                "sentiment": "none"
            },
            {
                "name": "Tiziano",
                "sentiment": "none"
            },
            {
                "name": "Canova",
                "sentiment": "none"
            },
            {
                "name": "Ovidio",
                "sentiment": "none"
            },
            {
                "name": "Rubens",
                "sentiment": "none"
            },
            {
                "name": "Adone",
                "sentiment": "none"
            }
        ],
        "organizations": [
            {
                "name": "Teatro della Nike",
                "sentiment": "none"
            }
        ],
        "locations": [
            {
                "name": "Via Calcide Eubea 1",
                "sentiment": "none"
            },
            {
                "name": "Giardini Naxos",
                "sentiment": "none"
            },
            {
                "name": "Venere",
                "sentiment": "none"
            }
        ]
    },
    "syndication": null,
    "rating": null,
    "crawled": "2024-09-20T00:19:29.430+03:00",
    "updated": "2024-09-20T00:19:29.430+03:00"
}