{
    "thread": {
        "uuid": "58dec2495cc34d1377997c03f0a4c2de091f5568",
        "url": "https://report.az/en/foreign-politics/leonid-kalashnikov-favorable-situation-emerged-for-normalization-of-relations-between-baku-and-yerevan/",
        "site_full": "report.az",
        "site": "report.az",
        "site_section": "https://report.az/en",
        "site_categories": [
            "media"
        ],
        "section_title": "Azerbaijan's leading news agency | Report.az",
        "title": "Leonid Kalashnikov: Favorable situation emerged for normalization of relations between Baku and Yerevan | Report.az",
        "title_full": "Leonid Kalashnikov: Favorable situation emerged for normalization of relations between Baku and Yerevan | Report.az",
        "published": "2023-12-25T11:20:00.000+02:00",
        "replies_count": 0,
        "participants_count": 1,
        "site_type": "news",
        "country": "AZ",
        "main_image": "https://static.report.az/photo/3885863e-7d34-397e-90e1-604a50847120_824.jpg",
        "performance_score": 0,
        "domain_rank": 51679,
        "domain_rank_updated": "2023-12-19T12:06:16.000+02:00",
        "reach": null,
        "social": {
            "facebook": {
                "likes": 0,
                "comments": 0,
                "shares": 0
            },
            "gplus": {
                "shares": 0
            },
            "pinterest": {
                "shares": 0
            },
            "linkedin": {
                "shares": 0
            },
            "stumbledupon": {
                "shares": 0
            },
            "vk": {
                "shares": 0
            }
        }
    },
    "uuid": "58dec2495cc34d1377997c03f0a4c2de091f5568",
    "url": "https://report.az/en/foreign-politics/leonid-kalashnikov-favorable-situation-emerged-for-normalization-of-relations-between-baku-and-yerevan/",
    "ord_in_thread": 0,
    "parent_url": null,
    "author": "Kamil Mahmudov Kamil Mahmudov Report az https; Static Report Az; Photo; Thunk",
    "published": "2023-12-25T11:20:00.000+02:00",
    "title": "Leonid Kalashnikov: Favorable situation emerged for normalization of relations between Baku and Yerevan | Report.az",
    "text": "The current conditions are favorable for the normalization of relations between Baku and Yerevan, Russian MP Leonid Kalashnikov, chairperson of the State Duma Committee on CIS Affairs, [Report](https://report.az/en/foreign-politics/leonid-kalashnikov-favorable-situation-emerged-for-normalization-of-relations-between-baku-and-yerevan/) informs, citing the Armenian press. \"I think that currently Armenia and Azerbaijan are really one step closer to signing a peace treaty. Let's say that the events that took place and ultimately led to the current situation were moving in the right direction. Only three regional neighbors had to agree on this issue: Azerbaijan, Armenia, and Russia. I've always talked about it. I have never believed in the OSCE Minsk Group on Karabakh, where the co-chairs are the United States and France. They did not even take a small step in this direction,\" he stressed. The Russian deputy noted that Armenia should improve relations with Azerbaijan and Türkiye because they are neighboring countries. Speaking about the supporters of revanchism in Yerevan, Kalashnikov said that the Karabakh issue has been closed and there is no point in bringing it up now.",
    "highlightText": "",
    "highlightTitle": "",
    "highlightThreadTitle": "",
    "language": "english",
    "sentiment": "positive",
    "categories": [
        "Politics",
        "Human Interest",
        "War, Conflict and Unrest"
    ],
    "external_links": [],
    "external_images": [],
    "entities": {
        "persons": [
            {
                "name": "leonid kalashnikov",
                "sentiment": "negative"
            },
            {
                "name": "kalashnikov sai",
                "sentiment": "none"
            },
            {
                "name": "türkiye",
                "sentiment": "none"
            }
        ],
        "organizations": [
            {
                "name": "cis affairs",
                "sentiment": "none"
            },
            {
                "name": "state duma committee",
                "sentiment": "none"
            },
            {
                "name": "osce minsk group",
                "sentiment": "none"
            }
        ],
        "locations": [
            {
                "name": "baku",
                "sentiment": "none"
            },
            {
                "name": "yerevan",
                "sentiment": "none"
            },
            {
                "name": "armenia",
                "sentiment": "none"
            },
            {
                "name": "karabakh",
                "sentiment": "none"
            },
            {
                "name": "azerbaijan",
                "sentiment": "none"
            },
            {
                "name": "united states",
                "sentiment": "none"
            },
            {
                "name": "france",
                "sentiment": "none"
            },
            {
                "name": "russia",
                "sentiment": "none"
            }
        ]
    },
    "rating": null,
    "crawled": "2023-12-25T11:46:45.151+02:00",
    "updated": "2023-12-25T11:46:45.151+02:00"
}