{
    "thread": {
        "uuid": "3f5aa68787d14829f084ea1820d62edeb7dbb8be",
        "url": "https://justthenews.com/nation/religion/pope-francis-says-hearts-are-bethlehem-where-jesus-rejected-futile-logic-war",
        "site_full": "justthenews.com",
        "site": "justthenews.com",
        "site_section": "https://www.justthenews.com",
        "site_categories": [
            "under_construction",
            "non_standard_content"
        ],
        "section_title": "Just The News",
        "title": "Pope Francis says 'hearts are in Bethlehem' where Jesus is 'rejected by the futile logic of war' | Just The News",
        "title_full": "Pope Francis says 'hearts are in Bethlehem' where Jesus is 'rejected by the futile logic of war' | Just The News",
        "published": "2023-12-25T14:25:00.000+02:00",
        "replies_count": 0,
        "participants_count": 1,
        "site_type": "news",
        "country": "US",
        "main_image": "https://justthenews.com/sites/default/files/styles/social_media_share/public/2023-12/GettyImages-1880581037.jpg?h=c9720776&amp;itok=-vMVeHJy",
        "performance_score": 0,
        "domain_rank": 14867,
        "domain_rank_updated": "2023-12-19T12:06:12.000+02:00",
        "reach": null,
        "social": {
            "facebook": {
                "likes": 0,
                "comments": 0,
                "shares": 0
            },
            "gplus": {
                "shares": 0
            },
            "pinterest": {
                "shares": 0
            },
            "linkedin": {
                "shares": 0
            },
            "stumbledupon": {
                "shares": 0
            },
            "vk": {
                "shares": 0
            }
        }
    },
    "uuid": "3f5aa68787d14829f084ea1820d62edeb7dbb8be",
    "url": "https://justthenews.com/nation/religion/pope-francis-says-hearts-are-bethlehem-where-jesus-rejected-futile-logic-war",
    "ord_in_thread": 0,
    "parent_url": null,
    "author": "Madeleine Hubbard",
    "published": "2023-12-25T14:25:00.000+02:00",
    "title": "Pope Francis says 'hearts are in Bethlehem' where Jesus is 'rejected by the futile logic of war' | Just The News",
    "text": "Pope Francis says 'hearts are in Bethlehem' where Jesus is 'rejected by the futile logic of war' \"They are the little Jesuses of today, these little ones whose childhood has been devastated by war,\" Francis said. Pope Francis said in his Christmas Eve Midnight Mass homily that \"our hearts are in Bethlehem,\" where Jesus was born and is currently being \"rejected\" due to Israel's ongoing war in the Gaza Strip, and in his Christmas Day homily on Monday, he called the children affected by war the \"little Jesuses of today.\" \"Tonight, our hearts are in Bethlehem, where the Prince of Peace is once more rejected by the futile logic of war, by the clash of arms that even today prevents him from finding room in the world,\" the pontiff said Sunday evening, according to the [Vatican](https://www.vatican.va/content/francesco/en/homilies/2023/documents/20231224-omelia-natale.html). The pope was referring to how [Luke 2:7](https://www.biblegateway.com/passage/?search=Luke%202%3A7&version=NIV) states that there was no room in the inn for Jesus and his family, so they stayed in a manger. Many Christmas celebrations in Bethlehem have been [tapered down ](https://www.axios.com/2023/12/24/bethlehem-gaza-war-christmas-celebrations-canceled-palestinian)amid the ongoing war less than 50 miles away in the [Gaza Strip](https://justthenews.com/government/white-house/biden-stands-elusive-two-state-solution-gaza-war-wh-says). The Palestinian Authority has full civilian and security control of Bethlehem in the West Bank while [Gaza](https://justthenews.com/world/middle-east/un-security-council-votes-send-more-aid-gaza-us-and-russia-abstain) is under the control of Hamas, the U.S.-designated foreign terrorist organization that launched an attack against Israel on Oct. 7, killing about 1,200 people and [kidnapping approximately 240 others](https://justthenews.com/world/middle-east/hamas-threatens-no-hostages-will-leave-alive-unless-demands-met). In his [Christmas Day homily](https://press.vatican.va/content/salastampa/it/bollettino/pubblico/2023/12/25/0913/01992.html#EN), the pontiff said that the \"Prince of this world\" is \"sowing the seeds of death.\" \"We see this played out in Bethlehem, where the birth of the Saviour is followed by the slaughter of the innocents. How many innocents are being slaughtered in our world! In their mothers’ wombs, in odysseys undertaken in desperation and in search of hope, in the lives of all those little ones whose childhood has been devastated by war. They are the little Jesuses of today, these little ones whose childhood has been devastated by war,\" Francis said. The pope has [previously asked](https://www.npr.org/2023/11/06/1210992532/israel-hamas-cease-fire-humanitarian-pause#:~:text=Pope%20Francis%20renewed%20his%20appeal,of%20State%20Antony%20Blinken%20on) for a ceasefire between Israel and Hamas. The sermon was similar to the one he gave [last Christmas](https://justthenews.com/nation/religion/pope-laments-senseless-war-economic-crisis-christmas-address), where the pope lamented what he called the \"senseless war\" in Ukraine.",
    "highlightText": "",
    "highlightTitle": "",
    "highlightThreadTitle": "",
    "language": "english",
    "sentiment": "positive",
    "categories": [
        "Religion and Belief",
        "War, Conflict and Unrest",
        "Human Interest"
    ],
    "external_links": [
        "https://press.vatican.va/content/salastampa/it/bollettino/pubblico/2023/12/25/0913/01992.html#EN),",
        "https://www.axios.com/2023/12/24/bethlehem-gaza-war-christmas-celebrations-canceled-palestinian)amid",
        "https://www.vatican.va/content/francesco/en/homilies/2023/documents/20231224-omelia-natale.html).",
        "https://www.biblegateway.com/passage/?search=Luke%202%3A7&version=NIV)",
        "https://www.npr.org/2023/11/06/1210992532/israel-hamas-cease-fire-humanitarian-pause#:~:text=Pope%20Francis%20renewed%20his%20appeal,of%20State%20Antony%20Blinken%20on)",
        "https://axios.com/2023/12/24/bethlehem-gaza-war-christmas-celebrations-canceled-palestinian)amid",
        "https://www.biblegateway.com/passage/",
        "https://vatican.va/content/francesco/en/homilies/2023/documents/20231224-omelia-natale.html).",
        "https://www.press.vatican.va/content/salastampa/it/bollettino/pubblico/2023/12/25/0913/01992.html#EN),",
        "https://biblegateway.com/passage/?search=Luke%202%3A7&version=NIV)",
        "https://npr.org/2023/11/06/1210992532/israel-hamas-cease-fire-humanitarian-pause#:~:text=Pope%20Francis%20renewed%20his%20appeal,of%20State%20Antony%20Blinken%20on)"
    ],
    "external_images": [],
    "entities": {
        "persons": [
            {
                "name": "jesus",
                "sentiment": "negative"
            },
            {
                "name": "pope francis",
                "sentiment": "negative"
            },
            {
                "name": "francis",
                "sentiment": "none"
            }
        ],
        "organizations": [
            {
                "name": "vatican",
                "sentiment": "none"
            },
            {
                "name": "prince of peace",
                "sentiment": "none"
            }
        ],
        "locations": [
            {
                "name": "bethlehem",
                "sentiment": "none"
            },
            {
                "name": "gaza strip",
                "sentiment": "none"
            },
            {
                "name": "israel",
                "sentiment": "none"
            }
        ]
    },
    "rating": null,
    "crawled": "2023-12-25T16:48:26.208+02:00",
    "updated": "2023-12-25T16:48:26.208+02:00"
}