{
    "thread": {
        "uuid": "7e712c49624558ecc94bd6d0b7066b78f7cfde73",
        "url": "https://www.larioja.com/internacional/europa/condenan-meses-prision-anciano-amenazar-muerte-jueza-20250409230143-ntrc.html",
        "site_full": "www.larioja.com",
        "site": "larioja.com",
        "site_section": "https://larioja.com",
        "site_categories": [
            "media"
        ],
        "section_title": "LA RIOJA - Noticias y actualidad de La Rioja, Logroño y comarcas",
        "site_title": "LA RIOJA - Noticias y actualidad de La Rioja, Logroño y comarcas",
        "title": "Condenan a 8 meses de prisión a un anciano por amenazar de muerte a la jueza del caso Le Pen",
        "title_full": "Condenan a 8 meses de prisión a un anciano por amenazar de muerte a la jueza del caso Le Pen",
        "published": "2025-04-10T00:01:00.000+03:00",
        "replies_count": 0,
        "participants_count": 1,
        "site_type": "news",
        "country": "ES",
        "main_image": "https://s2.ppllstatics.com/rc/www/multimedia/2025/04/09/le-pen-ko2C--1920x1080@RC.JPG",
        "performance_score": 0,
        "domain_rank": 32360,
        "domain_rank_updated": "2025-04-08T00:00:00.000+03:00",
        "licensing_agency": [],
        "social": {
            "facebook": {
                "likes": 0,
                "comments": 0,
                "shares": 0
            },
            "vk": {
                "shares": 0
            }
        }
    },
    "uuid": "7e712c49624558ecc94bd6d0b7066b78f7cfde73",
    "url": "https://www.larioja.com/internacional/europa/condenan-meses-prision-anciano-amenazar-muerte-jueza-20250409230143-ntrc.html",
    "ord_in_thread": 0,
    "author": "Enric Bonet",
    "published": "2025-04-10T00:01:00.000+03:00",
    "title": "Condenan a 8 meses de prisión a un anciano por amenazar de muerte a la jueza del caso Le Pen",
    "text": "Secciones\nServicios\nEmpieza la respuesta judicial a la oleada de amenazas de la extrema derecha francesa contra los magistrados. El Tribunal de Bobigny (periferia norte de París) ... condenó este miércoles por la tarde a ocho meses de prisión condicional a un internauta, de 76 años, que había amenazado de muerte a la jueza que inhabilitó a Marine Le Pen hasta 2030. La pena para este jubilado, que no tenía antecedentes, incluye una multa de 3.000 euros.\nTras el anuncio del veredicto por el caso de los falsos asistentes en el Parlamento Europeo de la ultraderechista Agrupación Nacional (RN, por sus siglas en francés), Gérard B. publicó en la red social X la fotografía de una guillotina, acompañada por el mensaje «es lo que merece esta puta». Lo escribió refiriéndose a la jueza Bénédicte de Perthuis, que presidió la corte que declaró culpable a Le Pen de haber llevado a cabo «un sistema» que permitió a su partido malversar 4,5 millones del Parlamento Europeo. Además de una inhabilitación a efectos inmediatos de cinco años, la líder de la extrema derecha fue condenada a cuatro años de prisión (dos ellos condicionales) y una multa de 100.000 euros.\nEl mensaje por parte de ese simpatizante de la derecha radical solo fue visto por 200 personas en la red social de Elon Musk. A pesar de ello, lo detuvieron y lo procesaron a través de un juicio rápido. «En Francia, hay personas a las que cortaron la cabeza» tras haber sufrido una campaña de acoso en internet, ha recordado el fiscal. Lo ha dicho refiriéndose al caso del profesor Samuel Paty, asesinado en 2020 por un joven yihadista. «Detrás de su teléfono en su casa (…), uno no asume ningún riesgo. Pero eso puede ser un pretexto para personas violentas o con problemas mentales», ha añadido el representante del Ministerio Público.\nEl autor de esa amenaza de muerte es un francés 'pied-noir' que nació en la Argelia francesa y se fue a la Francia metropolitana cuando tenía 14 años, tras la independencia de ese país. Actualmente, está jubilado tras haber dirigido una empresa de informática. Durante el juicio, se defendió con que la foto de la guillotina «era un «símbolo de justicia. Lo que quería decir es que algunos jueces quizás merecerían ser juzgados». Tras la sentencia del 31 de marzo, se multiplicaron en internet los mensajes insultantes y amenazantes contra Bénédicte de Perthuis. Hasta el punto de que tuvieron que desplegar una protección policial específica para esta magistrada.\n¿Ya eres suscriptor/a? Inicia sesión\nPublicidad\nPublicidad\nPublicidad\nPublicidad\nEsta funcionalidad es exclusiva para suscriptores.\nReporta un error en esta noticia",
    "highlightText": "",
    "highlightTitle": "",
    "highlightThreadTitle": "",
    "language": "spanish",
    "sentiment": "negative",
    "categories": [
        "Crime, Law and Justice",
        "Politics",
        "Social Issue"
    ],
    "topics": [
        "Crime, Law and Justice->judiciary",
        "Crime, Law and Justice->court",
        "Crime, Law and Justice->assault",
        "Politics->civil rights",
        "Politics->political dissent",
        "Politics->fundamental rights",
        "Social Issue->discrimination",
        "Social Issue->social problem",
        "Social Issue->ageism"
    ],
    "ai_allow": true,
    "has_canonical": true,
    "breaking": false,
    "webz_reporter": false,
    "external_links": [],
    "entities": {
        "persons": [
            {
                "name": "Bénédicte de Perthuis",
                "sentiment": "none"
            },
            {
                "name": "Gérard B.",
                "sentiment": "none"
            }
        ],
        "locations": [],
        "organizations": [
            {
                "name": "Tribunal de Bobigny",
                "sentiment": "none",
                "tickers": []
            },
            {
                "name": "Agrupación Nacional",
                "sentiment": "none",
                "tickers": []
            },
            {
                "name": "Parlamento Europeo",
                "sentiment": "none",
                "tickers": []
            },
            {
                "name": "RN",
                "sentiment": "none",
                "tickers": []
            }
        ]
    },
    "syndication": {
        "syndicated": null,
        "syndicate_id": null,
        "first_syndicated": false
    },
    "trust": {
        "categories": [],
        "bias": null,
        "source": {
            "type": null,
            "city": null,
            "state": null,
            "country": null,
            "domain_type": null,
            "agency": null,
            "organization_name": null
        }
    },
    "rating": null,
    "crawled": "2025-04-10T00:11:30.660+03:00",
    "updated": "2025-04-10T00:11:30.660+03:00"
}