{
    "thread": {
        "uuid": "9a9c0d8eb46a6a7f21d43f86619e9202d256585d",
        "url": "https://www.kalb.com/2025/04/09/npso-arrests-sex-offender-failing-register-gun-charges",
        "site_full": "www.kalb.com",
        "site": "kalb.com",
        "site_section": "https://news.google.com/search?q=and%20when%3A1h&hl=en-US&gl=US&ceid=US%3Aen",
        "site_categories": [
            "media"
        ],
        "section_title": "Google News - Search",
        "site_title": "KALB / News Channel 5 / Local News / First Alert Storm Team / Alexandria, Louisiana / Cenla",
        "title": "NPSO arrests sex offender for failing to register and gun charges",
        "title_full": "NPSO arrests sex offender for failing to register and gun charges",
        "published": "2025-04-10T00:07:00.000+03:00",
        "replies_count": 0,
        "participants_count": 1,
        "site_type": "news",
        "country": "US",
        "main_image": "https://gray-kalb-prod.gtv-cdn.com/resizer/v2/RZE4CGO6MJACPOYCYJOPLK6ULE.jpg?auth=369c46803682feb55e7e17e5c9dbf469f193fa155a01409243224ef89a89b8b5&amp;width=1200&amp;height=600&amp;smart=false&amp;focal=917%2C726",
        "performance_score": 0,
        "domain_rank": 40277,
        "domain_rank_updated": "2025-04-08T00:00:00.000+03:00",
        "licensing_agency": [],
        "social": {
            "facebook": {
                "likes": 0,
                "comments": 0,
                "shares": 0
            },
            "vk": {
                "shares": 0
            }
        }
    },
    "uuid": "9a9c0d8eb46a6a7f21d43f86619e9202d256585d",
    "url": "https://www.kalb.com/2025/04/09/npso-arrests-sex-offender-failing-register-gun-charges",
    "ord_in_thread": 0,
    "author": "KALB Digital Team",
    "published": "2025-04-10T00:07:00.000+03:00",
    "title": "NPSO arrests sex offender for failing to register and gun charges",
    "text": "NATCHITOCHES PARISH, La. (KALB) - A registered sex offender who failed to comply with Louisiana’s sex offender registration laws has been arrested, according to the Natchitoches Parish Sheriff’s Office.\nNPSO said Eduardo Garibay had maintained his registration in Texas, but did not fulfill his legal obligation to register in Louisiana after living in Natchitoches Parish for over a year.\nEduardo Garibay (Natchitoches Parish Sheriff's Office) NPSO obtained an arrest warrant for Garibay for one count of failure to register as a sex offender under Louisiana law.\nA search warrant was executed at his residence as well. Authorities found two firearms, one of which was a .357 Magnum Smith and Wesson Revolver, found to have been reported as stolen by the Desoto Parish Sheriff’s Office. The second firearm, a .22 caliber Savage Rifle, was reported as lost through a Texas law enforcement agency.\nAs a convicted felon, Garibay is prohibited from possessing firearms.\nOn April 7, Garibay was arrested and booked into the LaSalle Corrections for one count of failure to register as a sex offender, two counts of possession of a firearm by a person convicted of certain felonies and one count of illegal possession of a stolen firearm.\nThe Natchitoches Parish Sheriff’s Office urges the public to report any information about non-compliant sex offenders. Tips can be submitted anonymously on the NPSO website at npsheriff.org . Information regarding registered sex offenders in the area can also be accessed via the website or by calling the NPSO Criminal Investigations Bureau at 318-357-7830.",
    "highlightText": "",
    "highlightTitle": "",
    "highlightThreadTitle": "",
    "language": "english",
    "sentiment": "negative",
    "categories": [
        "Crime, Law and Justice",
        "Social Issue",
        "Human Interest"
    ],
    "topics": [
        "Crime, Law and Justice->law enforcement",
        "Crime, Law and Justice->crime",
        "Crime, Law and Justice->arrest",
        "Social Issue->discrimination",
        "Social Issue->social problem",
        "Social Issue->juvenile delinquency",
        "Human Interest->human mishap"
    ],
    "ai_allow": true,
    "has_canonical": false,
    "breaking": true,
    "webz_reporter": false,
    "external_links": [
        "https://linkprotect.cudasvc.com/url?a=https%3a%2f%2fnpsheriff.org&c=E,1,Qvqz4KqifNlMYHYL4DHHPBPSKpF9khNBTjCeWhBc6xeFQNE-Mk6kYRldKH3-QvAeOm5KBzgkCaePiepG9zsHAhIYyUN0npgMuioVCPiNODfnBhk5Ytxo5iST7b5r&typo=1&ancr_add=1",
        "https://linkprotect.cudasvc.com/url",
        "https://www.linkprotect.cudasvc.com/url?a=https%3a%2f%2fnpsheriff.org&c=E,1,Qvqz4KqifNlMYHYL4DHHPBPSKpF9khNBTjCeWhBc6xeFQNE-Mk6kYRldKH3-QvAeOm5KBzgkCaePiepG9zsHAhIYyUN0npgMuioVCPiNODfnBhk5Ytxo5iST7b5r&typo=1&ancr_add=1"
    ],
    "entities": {
        "persons": [
            {
                "name": "Eduardo Garibay",
                "sentiment": "none"
            }
        ],
        "locations": [],
        "organizations": [
            {
                "name": "Natchitoches Parish Sheriff's Office",
                "sentiment": "none",
                "tickers": []
            }
        ]
    },
    "syndication": {
        "syndicated": false,
        "syndicate_id": null,
        "first_syndicated": false
    },
    "trust": {
        "categories": [],
        "bias": null,
        "source": {
            "type": null,
            "city": null,
            "state": null,
            "country": null,
            "domain_type": null,
            "agency": null,
            "organization_name": null
        }
    },
    "rating": null,
    "crawled": "2025-04-10T00:19:40.693+03:00",
    "updated": "2025-04-10T00:19:40.693+03:00"
}