{
    "thread": {
        "uuid": "5c5e7979143ed43e477283ea0c4e8736eac5669a",
        "url": "https://www.clarin.com/policiales/buscados-entradera-descubrieron-fabricaban-balas-bandas-narco_0_V7zFuVKeD2.html",
        "site_full": "www.clarin.com",
        "site": "clarin.com",
        "site_section": "https://www.clarin.com/rss/lo-ultimo",
        "site_categories": [
            "media",
            "top_news_ar",
            "top_news_ve",
            "top_news_pe",
            "top_news_co",
            "top_news_mx",
            "top_news_cl",
            "top_news_es",
            "top_news"
        ],
        "section_title": "Clarin.com - Home - Lo último",
        "site_title": "Noticias. Últimas noticias de Argentina y el Mundo | Clarín",
        "title": "Eran buscados por una entradera y descubrieron que fabricaban balas para bandas narco",
        "title_full": "Eran buscados por una entradera y descubrieron que fabricaban balas para bandas narco",
        "published": "2025-04-10T00:09:00.000+03:00",
        "replies_count": 0,
        "participants_count": 1,
        "site_type": "news",
        "country": "AR",
        "main_image": "https://www.clarin.com/img/2025/04/09/MbN52kMNF_2000x1500__1.jpg",
        "performance_score": 0,
        "domain_rank": 2267,
        "domain_rank_updated": "2025-04-08T00:00:00.000+03:00",
        "licensing_agency": [],
        "social": {
            "facebook": {
                "likes": 0,
                "comments": 0,
                "shares": 0
            },
            "vk": {
                "shares": 0
            }
        }
    },
    "uuid": "5c5e7979143ed43e477283ea0c4e8736eac5669a",
    "url": "https://www.clarin.com/policiales/buscados-entradera-descubrieron-fabricaban-balas-bandas-narco_0_V7zFuVKeD2.html",
    "ord_in_thread": 0,
    "author": "Emmanuel Dalbe",
    "published": "2025-04-10T00:09:00.000+03:00",
    "title": "Eran buscados por una entradera y descubrieron que fabricaban balas para bandas narco",
    "text": "Dos hombres eran investigados como los autores de una entradera realizada en los primeros días de marzo en Ciudadela, pero la Policía descubrió que fabricaban balas que eran vendidas en el mercado ilegal, especialmente a bandas de narcotraficantes.\nLa investigación, a cargo de detectives de la Delegación Departamental de Investigaciones (DDI) de La Matanza, comenzó luego del robo que sufrió una empleada doméstica que estaba al cuidado de una casa.\nSegún relató el dueño de la vivienda, se encontraba de vacaciones por lo que el domicilio quedó a cargo del cuidado. Declaró que conocía a la mujer hacía más de 20 años y que era de “su más íntima confianza”.\nAl mediodía del 4 de marzo le tocaron el timbre dos hombres que se hicieron pasar por operarios de una empresa de gas. La mujer salió de la casa para abrir el medidor. La acción fue aprovechada por los sospechosos que sacaron un arma de fuego, la redujeron y la obligaron a entrar a la casa.\nLa víctima fue maniatada y obligada a entregar sus pertenencias. Los ladrones revisaron toda la casa hasta encontrar dinero. Permanecieron más de dos horas hasta que se escaparon a bordo de un Ford Focus gris.\nLa investigación\nLa fiscal Andrea Palin, titular de la Fiscalía N° 9 de La Matanza, encomendó a la División Robos y Hurtos de la DDI del distrito la investigación para dar con las identidades de los autores del robo.\nCon la información aportada en la chapa patente del Ford Focus se determinó que el conductor es un hombre identificado como Carlos Adrián González, de quien se estableció su domicilio de residencia y alternativos como también la línea telefónica que utiliza.\nGracias a su número de teléfono se supo por la geolocalización que estuvo en el lugar del hecho al mediodía del 4 de marzo y que su compañero se llama Cristian Emanuel González. Aunque comparten apellido no son familiares, confirmó a Clarín una fuente del caso.\nCon la información adquirida la fiscal Palin solicitó al juzgado de Garantías N° 3 dos órdenes de allanamientos que fueron aceptadas.\nEn uno de los procedimientos se detuvo a Carlos González. En la vivienda donde se encontraba los policías secuestraron más de 10 mil municiones.\nSe estableció que ambos González estarían vinculados a la venta de armas de manera ilegal a través de la recarga de municiones con elementos que les fueron secuestrados.\n“Tenían una estación de recarga de municiones. Los casquillos o vainas, que es lo que queda después de explotar el cartucho, las recuperaban, las limpiaban y las rellenaban”, explicó una fuente de la causa. Abastecía a las organizaciones criminales narco\nEn la casa había una balanza marca RCBS utilizada para la recarga de municiones, una rectificadora, proyectiles y cartuchos de varios calibre, vainas servidas, puntas semiencamisadas para el relleno, pólvora y armas de fuego. También fue hallado el Ford Focus utilizado al momento del robo.\nLa recarga de municiones y la venta ilegal\nUn detective precisó a Clarín que ambos sospechosos están vinculados a la venta de municiones en el mercado ilegal.\nEn el lugar encontraron más de 10 mil municiones, las que fueron resguardadas por la policía.\nSegún declaró de manera informal el acusado, la organización abastecía el mercado negro vinculado al narcotráfico en la zona de Virrey del Pino y Gregorio de Laferrere.\n“Cobran hasta el doble de lo que sale una caja, que son difícil de conseguir. De manera legal, las vainas las venden las armerías. Depende el calibre una caja puede valer entre 50 y 100 mil pesos y traen 50 unidades”, expresó.\nMG\nSobre la firma\nMirá también\nNewsletter Clarín\nRecibí en tu email todas las noticias, coberturas, historias y análisis de la mano de nuestros periodistas especializados\nQUIERO RECIBIRLO\nTags relacionados",
    "highlightText": "",
    "highlightTitle": "",
    "highlightThreadTitle": "",
    "language": "spanish",
    "sentiment": "negative",
    "categories": [
        "Crime, Law and Justice",
        "Social Issue",
        "Human Interest"
    ],
    "topics": [
        "Crime, Law and Justice->organised crime",
        "Crime, Law and Justice->investigation (criminal)",
        "Social Issue->social problem",
        "Social Issue->juvenile delinquency"
    ],
    "ai_allow": true,
    "has_canonical": false,
    "breaking": true,
    "webz_reporter": false,
    "external_links": [],
    "entities": {
        "persons": [],
        "locations": [
            {
                "name": "La",
                "sentiment": "none"
            }
        ],
        "organizations": [
            {
                "name": "Delegación Departamental de Investigaciones",
                "sentiment": "none",
                "tickers": []
            },
            {
                "name": "Policía",
                "sentiment": "none",
                "tickers": []
            },
            {
                "name": "DDI",
                "sentiment": "none",
                "tickers": []
            }
        ]
    },
    "syndication": {
        "syndicated": null,
        "syndicate_id": null,
        "first_syndicated": false
    },
    "trust": {
        "categories": [],
        "bias": null,
        "source": {
            "type": null,
            "city": null,
            "state": null,
            "country": null,
            "domain_type": null,
            "agency": null,
            "organization_name": null
        }
    },
    "rating": null,
    "crawled": "2025-04-10T00:15:42.865+03:00",
    "updated": "2025-04-10T00:15:42.865+03:00"
}