{
    "thread": {
        "uuid": "480741106e783ca658d1cbad35e4faf56330c22b",
        "url": "https://larepublica.pe/agencias/2025/04/09/dominicana-cierra-rescates-en-escombros-de-discoteca-con-al-menos-124-muertos-817770",
        "site_full": "larepublica.pe",
        "site": "larepublica.pe",
        "site_section": "https://larepublica.pe/rss.xml",
        "site_categories": [
            "media",
            "top_news_co",
            "top_news_cl",
            "top_news_pe",
            "top_news_mx",
            "top_news_ve",
            "top_news"
        ],
        "section_title": "Ãšltimas noticias del PerÃº y el Mundo por La RepÃºblica",
        "site_title": "Últimas noticias de última hora del Perú y el mundo en La República",
        "title": "Dominicana cierra rescates en escombros de discoteca con al menos 124 muertos",
        "title_full": "Dominicana cierra rescates en escombros de discoteca con al menos 124 muertos",
        "published": "2025-04-10T00:05:00.000+03:00",
        "replies_count": 0,
        "participants_count": 1,
        "site_type": "news",
        "country": "PE",
        "main_image": "https://imgmedia.larepublica.pe/1200x630/larepublica/original/2025/03/10/67cf22ef81bc3651622f3385.jpg",
        "performance_score": 0,
        "domain_rank": 6992,
        "domain_rank_updated": "2025-04-08T00:00:00.000+03:00",
        "licensing_agency": [],
        "social": {
            "facebook": {
                "likes": 0,
                "comments": 0,
                "shares": 0
            },
            "vk": {
                "shares": 0
            }
        }
    },
    "uuid": "480741106e783ca658d1cbad35e4faf56330c22b",
    "url": "https://larepublica.pe/agencias/2025/04/09/dominicana-cierra-rescates-en-escombros-de-discoteca-con-al-menos-124-muertos-817770",
    "ord_in_thread": 0,
    "author": "Agencia AFP",
    "published": "2025-04-10T00:05:00.000+03:00",
    "title": "Dominicana cierra rescates en escombros de discoteca con al menos 124 muertos",
    "text": "Dominicana cierra rescates en escombros de discoteca con al menos 124 muertos\nLos socorristas dominicanos cierran este miércoles las labores de rescate en la discoteca que colapsó en Santo Domingo con la extracción de los que estiman serán los 20 últimos cuerpos hallados entre los escombros.\nAl saldo oficial de fallecidos de 124 deben sumarse los cuerpos encontrados en las últimas horas en la zona de desastre.\nLos familiares de los desaparecidos se aglomeraban en los alrededores de la discoteca Jet Set, que se derrumbó el martes 8 de abril en pleno concierto del popular cantante de merengue Rubby Pérez, quien falleció en el incidente.\nTambién acudían a hospitales y a la morgue a la espera de noticias o identificación de sus parientes. Un listado con nombres de víctimas fue colocado sobre la lona de una tienda de campaña aledaña a donde trasladan los cuerpos.\n\"Estamos haciendo una extracción de 20 cuerpos que visualizamos y ya tenemos 12 afuera\", dijo el general José Luis Frómeta Herasme, jefe del Cuerpo de Bomberos del Distrito Nacional.\n\"El día de hoy culminamos las labores de rescate, dejando limpio el ambiente\".\nDesde el aire puede apreciarse la estructura con el enorme agujero que dejó el techo colapsado.\nMás de 300 socorristas trabajaron entre los escombros de ladrillos, láminas de zinc y barras de acero de la discoteca. Una grúa de construcción apoyaba la retirada de bloques, también usaron martillos hidráulicos.\nBrigadistas de Puerto Rico e Israel ayudaron en las operaciones.\n- \"Angustia y mucho dolor\" -\nEl saldo de heridos se mantuvo desde el martes en 150. El jefe de las operaciones, Juan Manuel Méndez, descartó el hallazgo de sobrevivientes.\n\"Hasta el momento, desafortunadamente, no hemos rescatado a personas con vida\", dijo a la prensa. \"Si estamos y siempre vamos a estar esperanzados en que pueda aparecer, pero hasta el momento no\".\nMercedes López tiene un hijo desaparecido. Dijo a la AFP sentir \"angustia y mucho dolor\". \"No lo hemos encontrado en los listados ni tampoco en los hospitales\", señaló cuando acudía a la carpa en busca de información.\nLarissa Minier espera novedades de su hermano: \"Tenemos la esperanza de que Dios lo va a sacar de allí vivo\".\nUn primer extranjero fallecido fue confirmado: el jefe de la diplomacia de Estados Unidos, Marco Rubio, informó en X sobre la \"desafortunada muerte de al menos un ciudadano estadounidense\".\nLa autoridades habilitaron desde el martes bancos de sangre para recibir donaciones.\n- Voz del merengue -\nNo hay un balance oficial sobre el número de asistentes al concierto de Rubby Pérez, una de las voces más emblemáticas del merengue con éxitos como \"Volveré\", \"Enamorado de Ella\" o \"Buscando tus besos\".\nLa discoteca tiene capacidad para 700 personas en mesas y unas 1.000 de pie.\nMéndez dijo que el cuerpo del cantante fue recuperado en la madrugada.\nEl gobierno le rendirá homenaje en el Teatro Nacional el jueves.\nLa gobernadora de la provincia de Monte Cristi, Nelsy Cruz, también murió en el siniestro.\nTambién fallecieron los exbeisbolistas de Grandes Ligas Octavio Dotel y Tony Blanco.\nEs una de las mayores tragedias en este país. En 2023 murieron 38 personas en una explosión en San Cristóbal, a media hora en auto de Santo Domingo. Dos décadas antes, 136 presos de una cárcel en Higüey (este) fallecieron en un incendio.\nbur-jt/val/mbj/dga\nundefined",
    "highlightText": "",
    "highlightTitle": "",
    "highlightThreadTitle": "",
    "language": "spanish",
    "sentiment": "negative",
    "categories": [
        "Crime, Law and Justice",
        "Disaster and Accident",
        "Human Interest"
    ],
    "topics": [
        "Crime, Law and Justice->investigation (criminal)",
        "Crime, Law and Justice->homicide",
        "Disaster and Accident->disaster",
        "Disaster and Accident->structural failure",
        "Human Interest->human mishap"
    ],
    "ai_allow": true,
    "has_canonical": false,
    "breaking": true,
    "webz_reporter": false,
    "external_links": [],
    "entities": {
        "persons": [
            {
                "name": "José Luis Frómeta Herasme",
                "sentiment": "none"
            },
            {
                "name": "Rubby Pérez",
                "sentiment": "none"
            }
        ],
        "locations": [],
        "organizations": [
            {
                "name": "Cuerpo de Bomberos del Distrito Nacional",
                "sentiment": "none",
                "tickers": []
            }
        ]
    },
    "syndication": {
        "syndicated": null,
        "syndicate_id": null,
        "first_syndicated": false
    },
    "trust": {
        "categories": [],
        "bias": null,
        "source": {
            "type": null,
            "city": null,
            "state": null,
            "country": null,
            "domain_type": null,
            "agency": null,
            "organization_name": null
        }
    },
    "rating": null,
    "crawled": "2025-04-10T00:24:35.024+03:00",
    "updated": "2025-04-10T00:24:35.024+03:00"
}