{
    "thread": {
        "uuid": "b772236a5931e77a373e72959c4c1309b9eb561f",
        "url": "https://valor.globo.com/politica/noticia/2025/04/09/deputado-glauber-braga-anuncia-greve-de-fome-at-fim-do-processo-que-analisa-pedido-de-cassao.ghtml",
        "site_full": "valor.globo.com",
        "site": "globo.com",
        "site_section": "http://www.valor.com.br/cultura/rss",
        "site_categories": [
            "top_news_br",
            "top_news_pt",
            "top_news_us",
            "top_news_pe",
            "top_news_ie",
            "top_news_ar",
            "top_news"
        ],
        "section_title": "valor",
        "site_title": null,
        "title": "Deputado Glauber Braga anuncia greve de fome até fim do processo que analisa pedido de cassação | Política | Valor Econômico",
        "title_full": "Deputado Glauber Braga anuncia greve de fome até fim do processo que analisa pedido de cassação | Política | Valor Econômico",
        "published": "2025-04-10T00:03:00.000+03:00",
        "replies_count": 0,
        "participants_count": 1,
        "site_type": "news",
        "country": "BR",
        "main_image": "https://s2-valor.glbimg.com/cIBh3-vjFoD81U9tSwl7wcwY88Q=/1200x/smart/filters:cover():strip_icc()/i.s3.glbimg.com/v1/AUTH_63b422c2caee4269b8b34177e8876b93/internal_photos/bs/2024/N/h/DTiV5ZR5ALFt2FR6C5Zg/lula0373-4.jpg",
        "performance_score": 0,
        "domain_rank": 775,
        "domain_rank_updated": "2025-04-08T00:00:00.000+03:00",
        "licensing_agency": [],
        "social": {
            "facebook": {
                "likes": 0,
                "comments": 0,
                "shares": 40
            },
            "vk": {
                "shares": 0
            }
        }
    },
    "uuid": "b772236a5931e77a373e72959c4c1309b9eb561f",
    "url": "https://valor.globo.com/politica/noticia/2025/04/09/deputado-glauber-braga-anuncia-greve-de-fome-at-fim-do-processo-que-analisa-pedido-de-cassao.ghtml",
    "ord_in_thread": 0,
    "author": "globo.com",
    "published": "2025-04-10T00:03:00.000+03:00",
    "title": "Deputado Glauber Braga anuncia greve de fome até fim do processo que analisa pedido de cassação | Política | Valor Econômico",
    "text": "O deputado federal Glauber Braga (Psol-RJ) anunciou que fará uma greve de fome até o fim do processo disciplinar que pode levar à cassação do mandato do parlamentar. O anúncio foi feito durante a Comissão de Ética da Câmara, nesta quarta-feira (9).\nLeia mais:\nGlauber é acusado de quebra de decoro após ter expulsado a chutes e empurrões um integrante do Movimento Brasil Livre (MBL) das Câmara, em abril de 2024.\n\"Estou tomando a decisão de que eu vou permanecer aqui nessa sala, permanecer no Congresso Nacional, até a finalização do processo. Eu estou o dia inteiro em jejum e, a partir de agora, não vou até o fechamento desse processo me alimentar\", disse Glauber. Ele completou:\n\"Quem quiser chamar de greve de fome, chame de greve de fome.\"\nPouco antes do anúncio, a sessão chegou a ser interrompida após embates entre deputados da esquerda e bolsonaristas. Desde que começou, na manhã desta quarta-feira (9), a audiência está sendo marcada por turbulências e protestos de manifestantes a favor do parlamentar fluminense.\nApós o anúncio de Glauber, outros psolistas prestaram solidariedade ao deputado. A deputada federal Luiza Erundina (Psol-SP) afirmou que acompanhará a decisão do parlamentar de continuar dentro da Câmara até o fim do processo disciplinar.\n\"Eu proponho que fiquemos aqui com o companheiro Glauber até o desfecho desse processo. Quero ficar com ele aqui nesta sala\", disse a Erundina.\nEm abril, o deputado e o militante Gabriel Costenaro discutiram nos corredores das comissões da Câmara. O bate-boca veio às vias de fato após o ativista do MBL xingar a mãe de Braga.\nNa quarta-feira passada (2), o relator do processo, o deputado Paulo Magalhães (PSD-BA), recomendou a cassação de Glauber. No parecer, o parlamentar argumentou que o deputado fluminense cometeu desvios de conduta ao chutar e empurrar um militante do MBL das dependências da Câmara.\nA sessão da semana passada, porém, foi suspensa a pedido de aliados do deputado, e o relatório não foi votado pelo colegiado.\nOs parlamentares do Psol e aliados tentaram nesta quarta novamente adiar a sessão, mas os pedidos foram negados pelo presidente do colegiado, deputado Leur Lomanto Júnior (União Brasil-BA).\nMesmo que a Comissão de Ética vote pela cassação de Glauber, o deputado pode recorrer da decisão à Comissão de Constituição e Justiça (CCJ). Para o parlamentar perder o mandato, o caso também precisa passar pelo Plenário e ter uma maioria simples, isto é, 257 votos dos 513 parlamentares a favor da cassação.\nDeputado Glauber Braga — Foto: Lula Marques/ Agência Brasil",
    "highlightText": "",
    "highlightTitle": "",
    "highlightThreadTitle": "",
    "language": "portuguese",
    "sentiment": "negative",
    "categories": [
        "Politics",
        "Social Issue",
        "Crime, Law and Justice"
    ],
    "topics": [
        "Politics->civil rights",
        "Politics->political candidates",
        "Politics->political process",
        "Social Issue->social problem",
        "Social Issue->social condition",
        "Crime, Law and Justice->corruption",
        "Crime, Law and Justice->law enforcement"
    ],
    "ai_allow": true,
    "has_canonical": false,
    "breaking": true,
    "webz_reporter": false,
    "external_links": [],
    "entities": {
        "persons": [],
        "locations": [],
        "organizations": []
    },
    "syndication": {
        "syndicated": null,
        "syndicate_id": null,
        "first_syndicated": false
    },
    "trust": {
        "categories": [],
        "bias": null,
        "source": {
            "type": null,
            "city": null,
            "state": null,
            "country": null,
            "domain_type": null,
            "agency": null,
            "organization_name": null
        }
    },
    "rating": null,
    "crawled": "2025-04-10T00:16:23.460+03:00",
    "updated": "2025-04-10T00:16:23.460+03:00"
}