{
    "thread": {
        "uuid": "214a72f320c78441678af1e05b38a4db7b1d656c",
        "url": "https://g1.globo.com/fato-ou-fake/noticia/2025/04/09/e-fake-video-em-que-neymar-diz-que-selecao-passa-vergonha-quando-ele-nao-esta-em-campo.ghtml",
        "site_full": "g1.globo.com",
        "site": "globo.com",
        "site_section": "https://g1.globo.com/rss/g1/",
        "site_categories": [
            "media",
            "top_news_br",
            "top_news_pt",
            "top_news_us",
            "top_news_pe",
            "top_news_ie",
            "top_news_ar",
            "top_news"
        ],
        "section_title": "g1",
        "site_title": null,
        "title": "É #FAKE vídeo de Neymar falando que a seleção passa vergonha quando ele não está em campo | Fato ou Fake | G1",
        "title_full": "É #FAKE vídeo de Neymar falando que a seleção passa vergonha quando ele não está em campo | Fato ou Fake | G1",
        "published": "2025-04-10T00:02:00.000+03:00",
        "replies_count": 0,
        "participants_count": 1,
        "site_type": "news",
        "country": "BR",
        "main_image": "https://s2-g1.glbimg.com/ESc_CroU0yOXcmBkWq3Gb7HkKz4=/1200x0/filters:format(jpeg)/https://i.s3.glbimg.com/v1/AUTH_59edd422c0c84a879bd37670ae4f538a/internal_photos/bs/2025/L/9/jabmm6QfWcFkcB9B7pew/fotos-g1-2025-01-31t192410.849.png",
        "performance_score": 0,
        "domain_rank": 775,
        "domain_rank_updated": "2025-04-08T00:00:00.000+03:00",
        "licensing_agency": [],
        "social": {
            "facebook": {
                "likes": 0,
                "comments": 0,
                "shares": 1
            },
            "vk": {
                "shares": 0
            }
        }
    },
    "uuid": "214a72f320c78441678af1e05b38a4db7b1d656c",
    "url": "https://g1.globo.com/fato-ou-fake/noticia/2025/04/09/e-fake-video-em-que-neymar-diz-que-selecao-passa-vergonha-quando-ele-nao-esta-em-campo.ghtml",
    "ord_in_thread": 0,
    "author": "globo.com",
    "published": "2025-04-10T00:02:00.000+03:00",
    "title": "É #FAKE vídeo de Neymar falando que a seleção passa vergonha quando ele não está em campo | Fato ou Fake | G1",
    "text": "1 de 4 É #FAKE vídeo em que Neymar diz que seleção passa vergonha quando ele não está em campo — Foto: Reprodução É #FAKE vídeo em que Neymar diz que seleção passa vergonha quando ele não está em campo — Foto: Reprodução\nCircula nas redes sociais um vídeo de uma entrevista na qual o jogador de futebol Neymar, do Santos, afirma que a seleção brasileira sempre passa vergonha quando ele não joga e insulta os técnicos Carlo Ancelotti, do Real Madrid, e Jorge Jesus, ex-Flamengo. É #FAKE .\n2 de 4 selo fake — Foto: g1 selo fake — Foto: g1\n🛑 Como é o vídeo manipulado?\nNo conteúdo mentiroso, Neymar aparece vestindo uma camiseta branca e interagindo durante uma entrevista ao Podpah. No registro, o atacante diz que a seleção passa vergonha quando ele não está em campo e insulta os técnicos Carlo Ancelotti, do Real Madrid, e Jorge Jesus, ex-Flamengo e atualmente no Al-Hilal, ambos cotados para assumir o comando do Brasil:\n\"Pronto, agora que o Dorival [Júnior] foi demitido [da seleção], vai começar a loucura de fechar com o Ancelotti ou com o Jorge de Jesus. Ancelotti, na minha opinião, não é lá essas coisas. Eu acho que ele deu sorte no Real Madrid. Já o perturbado do Jorge Jesus também é fraco, né? O único trabalho de expressão que esse velho gagá fez foi aqui no Flamengo [...].\" \"Eu queria fazer minhas cachorradas na paz e jogar apenas em jogos específicos na manha, mas ele [Jorge Jesus] como sempre foi inventar moda e ferrou com tudo. Espero, sinceramente, que o Ednaldo [Rodrigues, presidente da CBF] não chame ele. Se chamar ele, eu me aposento de vez dessa seleção nojenta.\" \"A mídia sempre bota para lascar em mim. Mas, quando eu não jogo, a seleção sempre passa a vergonha. Se você perceber, no 7 a 1, eu não estava [...]. Nessa goleada vergonhosa contra a Argentina, sem o Messi, eu também não estava. Resumindo: eu sou a pica de cachorro dessa geração sem vergonha. Aí, eu te pergunto: se comigo era ruim, imagina sem mim?\"\n⚠️ Por que o conteúdo é falso?\nAs imagens e o áudio do vídeo foram manipulados com inteligência artificial (IA). Neymar nunca fez essas afirmações. O conteúdo mentiroso usou um vídeo do jogador em uma live do podcast de entrevistas Podpah, realizada em 27 de fevereiro de 2025.\nO Fato ou Fake analisou as expressões faciais e postura de Neymar, que são semelhantes no vídeo verdadeiro e no falso . O vídeo enganoso usou três vezes um mesmo trecho da entrevista verdadeira . Nela, o atleta originalmente fala sobre quando ainda tentava conciliar os jogos profissionais com os estudos:\n\"Comecei a jogar no profissional. Eu estava para largar o colégio, não conseguia associar as duas coisas, porque treinava de manhã. [...] Eu ia para colégio na segunda-feira, aí na terça tinha que treinar de manhã, para viajar parar jogar na quarta. Então, já não ia pro colégio nem na terça nem na quarta. E, se o jogo fosse fora de Santos, na quinta de manhã, eu já não ia [para a escola], porque a gente voltava no dia seguinte. Então, eu ia [para a escola] na segunda ou sexta\".\nO vídeo falso foi publicado em 2 de abril de 2025, por uma conta do Instagram que afirma que todos os seus vídeos são completamente feitos por IA. O perfil diz não ter \"a intenção de ofender ninguém, apenas humor\". O conteúdo tem mais de 3,3 milhões de visualizações .\n📌 Por que o vídeo falso de Neymar circula agora?\nEle viralizou cinco dias depois do vídeo mentiroso de Ancelotti chamando a seleção de \"sem vergonha\", desmentido pelo Fato ou Fake . Em 25 de março de 2025, a seleção brasileira de futebol obteve o pior resultado em eliminatórias para a Copa do Mundo, após ser derrotada pela Argentina por 4 a 1 . Após a partida, o técnico Dorival Júnior foi demitido do comando da seleção brasileira . Até a última atualização desta reportagem, não havia sido decidido quem assumirá o cargo, mas entre as opções citadas estão o próprio Ancelotti e o português Jorge Jesus .\n3 de 4 Neymar assina com o Santos FC e chega uniformizado à festa de apresentação na Vila Belmiro — Foto: Santos FC Neymar assina com o Santos FC e chega uniformizado à festa de apresentação na Vila Belmiro — Foto: Santos FC\n4 de 4 É #FAKE vídeo em que Neymar diz que seleção passa vergonha quando ele não está em campo — Foto: Reprodução É #FAKE vídeo em que Neymar diz que seleção passa vergonha quando ele não está em campo — Foto: Reprodução\nVeja também\nÉ #FATO vídeo que mostra cachorro escondendo pintinho na boca",
    "highlightText": "",
    "highlightTitle": "",
    "highlightThreadTitle": "",
    "language": "portuguese",
    "sentiment": "negative",
    "categories": [
        "Crime, Law and Justice",
        "Politics",
        "Social Issue"
    ],
    "topics": [
        "Social Issue->social problem"
    ],
    "ai_allow": true,
    "has_canonical": false,
    "breaking": true,
    "webz_reporter": false,
    "external_links": [],
    "entities": {
        "persons": [],
        "locations": [],
        "organizations": []
    },
    "syndication": {
        "syndicated": null,
        "syndicate_id": null,
        "first_syndicated": false
    },
    "trust": {
        "categories": [],
        "bias": null,
        "source": {
            "type": null,
            "city": null,
            "state": null,
            "country": null,
            "domain_type": null,
            "agency": null,
            "organization_name": null
        }
    },
    "rating": null,
    "crawled": "2025-04-10T00:24:40.844+03:00",
    "updated": "2025-04-10T00:24:40.844+03:00"
}