{
    "thread": {
        "uuid": "ab28a9a6c11ec8b20abe45dc6018d68c3ad586fd",
        "url": "https://news.knowledia.com/FR/fr/articles/l-association-anticor-porte-plainte-contre-eric-ciotti-pour-recel-de-5b2b545b35a577a06a0b575cfb59ee548ea3d595",
        "site_full": "news.knowledia.com",
        "site": "knowledia.com",
        "site_section": "https://news.knowledia.com/fr",
        "site_categories": [
            "uncategorized"
        ],
        "section_title": "Knowledia Actualités - France",
        "site_title": null,
        "title": "L'association Anticor porte plainte contre Éric Ciotti pour « recel de détournement de fonds publics »",
        "title_full": "L'association Anticor porte plainte contre Éric Ciotti pour « recel de détournement de fonds publics »",
        "published": "2025-04-10T00:22:21.333+03:00",
        "replies_count": 0,
        "participants_count": 1,
        "site_type": "news",
        "country": "GB",
        "main_image": "",
        "performance_score": 0,
        "domain_rank": 81608,
        "domain_rank_updated": "2025-04-08T00:00:00.000+03:00",
        "licensing_agency": [],
        "social": {
            "facebook": {
                "likes": 0,
                "comments": 0,
                "shares": 0
            },
            "vk": {
                "shares": 0
            }
        }
    },
    "uuid": "ab28a9a6c11ec8b20abe45dc6018d68c3ad586fd",
    "url": "https://news.knowledia.com/FR/fr/articles/l-association-anticor-porte-plainte-contre-eric-ciotti-pour-recel-de-5b2b545b35a577a06a0b575cfb59ee548ea3d595",
    "ord_in_thread": 0,
    "author": "Le Parisien avec AFP",
    "published": "2025-04-10T00:22:21.333+03:00",
    "title": "L'association Anticor porte plainte contre Éric Ciotti pour « recel de détournement de fonds publics »",
    "text": "L'association pointe notamment la mise à disposition d'un véhicule du département et l'usage de collaborateurs parlementaires rémunérés, selon elle, par le conseil départemental. Des avantages qu'Éric Ciotti aurait conservés, alors même qu'il n'est plus président de la collectivité. Éric Ciotti dans le viseur d'Anticor. L'association a déposé plainte contre le président de l'UDR, pour « recel de détournement de fonds publics » au sein de l'exécutif départemental des Alpes-Maritimes, a confirmé mercredi Damien Martinelli, procureur de la République de Nice.\nCette plainte en date du 14 janvier révélée par Le Monde fait suite à un premier signalement d'Anticor en 2019, sur les mêmes faits, qui avait alors entraîné l'ouverture d'une enquête préliminaire par le parquet de Nice. Damien Martinelli a précisé que cette nouvelle plainte donnait lieu actuellement à des « investigations » confiées au service de police…\nLe Parisien avec AFP",
    "highlightText": "",
    "highlightTitle": "",
    "highlightThreadTitle": "",
    "language": "french",
    "sentiment": "negative",
    "categories": [
        "Politics",
        "Crime, Law and Justice",
        "Social Issue"
    ],
    "topics": [
        "Politics->political parties and movements",
        "Politics->government policy",
        "Politics->political process",
        "Crime, Law and Justice->corruption",
        "Social Issue->discrimination",
        "Social Issue->social problem"
    ],
    "ai_allow": true,
    "has_canonical": false,
    "breaking": false,
    "webz_reporter": false,
    "external_links": [
        "https://www.leparisien.fr/politique/lassociation-anticor-porte-plainte-contre-eric-ciotti-pour-recel-de-detournement-de-fonds-publics-09-04-2025-LJL5EKBAAVA5PLPK23LO7H2CUI.php",
        "https://leparisien.fr/politique/lassociation-anticor-porte-plainte-contre-eric-ciotti-pour-recel-de-detournement-de-fonds-publics-09-04-2025-LJL5EKBAAVA5PLPK23LO7H2CUI.php"
    ],
    "entities": {
        "persons": [],
        "locations": [],
        "organizations": []
    },
    "syndication": {
        "syndicated": null,
        "syndicate_id": null,
        "first_syndicated": false
    },
    "trust": {
        "categories": [],
        "bias": null,
        "source": {
            "type": null,
            "city": null,
            "state": null,
            "country": null,
            "domain_type": null,
            "agency": null,
            "organization_name": null
        }
    },
    "rating": null,
    "crawled": "2025-04-10T00:22:21.333+03:00",
    "updated": "2025-04-10T00:22:21.333+03:00"
}