{
    "thread": {
        "uuid": "33084d86c7bbc38370e213f93ea5f69ff743cf5f",
        "url": "https://ca.news.yahoo.com/train-collides-truck-witness-describes-210514423.html",
        "site_full": "ca.news.yahoo.com",
        "site": "yahoo.com",
        "site_section": "https://ca.sports.yahoo.com/rss",
        "site_categories": [
            "media",
            "top_news_ru",
            "top_news_ar",
            "top_news_cz",
            "top_news_nz",
            "top_news_au",
            "top_news_jp",
            "top_news_ae",
            "top_news_ua",
            "top_news_tr",
            "top_news_us",
            "top_news_at",
            "top_news_tw",
            "top_news_pt",
            "top_news_pl",
            "top_news_gb",
            "top_news_th",
            "top_news_kr",
            "top_news_sa",
            "top_news_co",
            "top_news_vn",
            "top_news_hu",
            "top_news_sg",
            "top_news_ph",
            "top_news_rs",
            "top_news_bg",
            "top_news_br",
            "top_news_hk",
            "top_news_nl",
            "top_news_qa",
            "top_news_hr",
            "top_news_ie",
            "top_news_ro",
            "top_news_pk",
            "top_news_se",
            "top_news_id",
            "top_news_dk",
            "top_news_de",
            "top_news_eg",
            "top_news_it",
            "top_news_pe",
            "top_news_sk",
            "top_news_ch",
            "top_news_za",
            "top_news_ma",
            "top_news_my",
            "top_news_il",
            "top_news_kw",
            "top_news_in",
            "top_news_fr",
            "top_news_ve",
            "top_news_fi",
            "top_news_be",
            "top_news_mx",
            "top_news_no",
            "top_news_ca",
            "top_news_cl",
            "top_news_iq",
            "top_news_gr",
            "top_news_es",
            "top_news"
        ],
        "section_title": "Yahoo Canada Sports - Sports News, Scores, Rumours, Fantasy Games, and more",
        "site_title": "News &amp; Analysis | Yahoo News Canada",
        "title": "Train collides with truck; witness describes crash",
        "title_full": "Train collides with truck; witness describes crash",
        "published": "2025-04-10T00:05:00.000+03:00",
        "replies_count": 0,
        "participants_count": 1,
        "site_type": "news",
        "country": "CA",
        "main_image": "https://media.zenfs.com/en/video.wcvb.hearstnews.com/cc2bdac9c7bfe77caffac82114658cff",
        "performance_score": 0,
        "domain_rank": 45,
        "domain_rank_updated": "2025-04-08T00:00:00.000+03:00",
        "licensing_agency": [],
        "social": {
            "facebook": {
                "likes": 0,
                "comments": 0,
                "shares": 0
            },
            "vk": {
                "shares": 0
            }
        }
    },
    "uuid": "33084d86c7bbc38370e213f93ea5f69ff743cf5f",
    "url": "https://ca.news.yahoo.com/train-collides-truck-witness-describes-210514423.html",
    "ord_in_thread": 0,
    "author": "WCVB - Boston",
    "published": "2025-04-10T00:05:00.000+03:00",
    "title": "Train collides with truck; witness describes crash",
    "text": "Read full article WCVB - Boston Train collides with truck; witness describes crash WCVB - Boston April 10, 2025 at 12:05 a.m.\nLink Copied\nAn MBTA train struck an unoccupied tractor-trailer at Pine Street in Canton, pushing it 100 feet. No injuries were reported, but delays affect the Stoughton Line.",
    "highlightText": "",
    "highlightTitle": "",
    "highlightThreadTitle": "",
    "language": "english",
    "sentiment": "negative",
    "categories": [
        "Crime, Law and Justice"
    ],
    "topics": [
        "Crime, Law and Justice->reckless driving"
    ],
    "ai_allow": true,
    "has_canonical": false,
    "breaking": true,
    "webz_reporter": false,
    "external_links": [
        "https://www.wcvb.com/",
        "https://s.yimg.com/os/creatr-uploaded-images/2020-12/c9078640-34c4-11eb-babb-bfac7a2f0d35",
        "https://s.yimg.com/ny/api/res/1.2/z1bmB.7kIDu1ARp9reXGdA--/YXBwaWQ9aGlnaGxhbmRlcjt3PTE0NjtoPTYw/https://s.yimg.com/os/creatr-uploaded-images/2020-12/c9078640-34c4-11eb-babb-bfac7a2f0d35",
        "https://twitter.com/intent/tweet?text=Train%20collides%20with%20truck%3B%20witness%20describes%20crash&url=https%3A%2F%2Fca.news.yahoo.com%2Ftrain-collides-truck-witness-describes-210514423.html%3Fsoc_src%3Dsocial-sh%26soc_trk%3Dtw%26tsrc%3Dtwtr&via=Yahoo",
        "https://s.yimg.com/uu/api/res/1.2/NqQk.fs8SZVyfHePoMW_7g--~B/aD00MjE7dz03NDc7YXBwaWQ9eXRhY2h5b24-/https://media.zenfs.com/en/video.wcvb.hearstnews.com/cc2bdac9c7bfe77caffac82114658cff",
        "https://www.facebook.com/dialog/feed?app_id=458584288257241&link=https%3A%2F%2Fca.news.yahoo.com%2Ftrain-collides-truck-witness-describes-210514423.html%3Fsoc_src%3Dsocial-sh%26soc_trk%3Dfb%26tsrc%3Dfb",
        "https://s.yimg.com/uu/api/res/1.2/.krtotxl1CKmPfMD9eC0Vg--~B/Zmk9c3RyaW07aD0zNjA7dz02NDA7c209MTthcHBpZD15dGFjaHlvbg--/https://media.zenfs.com/en/video.wcvb.hearstnews.com/cc2bdac9c7bfe77caffac82114658cff)",
        "https://media.zenfs.com/en/video.wcvb.hearstnews.com/cc2bdac9c7bfe77caffac82114658cff",
        "https://www.media.zenfs.com/en/video.wcvb.hearstnews.com/cc2bdac9c7bfe77caffac82114658cff",
        "https://www.facebook.com/dialog/feed",
        "https://www.s.yimg.com/uu/api/res/1.2/NqQk.fs8SZVyfHePoMW_7g--~B/aD00MjE7dz03NDc7YXBwaWQ9eXRhY2h5b24-/https://www.media.zenfs.com/en/video.wcvb.hearstnews.com/cc2bdac9c7bfe77caffac82114658cff",
        "https://www.twitter.com/intent/tweet?text=Train%20collides%20with%20truck%3B%20witness%20describes%20crash&url=https%3A%2F%2Fca.news.yahoo.com%2Ftrain-collides-truck-witness-describes-210514423.html%3Fsoc_src%3Dsocial-sh%26soc_trk%3Dtw%26tsrc%3Dtwtr&via=Yahoo",
        "https://www.s.yimg.com/os/creatr-uploaded-images/2020-12/c9078640-34c4-11eb-babb-bfac7a2f0d35",
        "https://www.wcvb.com",
        "https://www.s.yimg.com/ny/api/res/1.2/z1bmB.7kIDu1ARp9reXGdA--/YXBwaWQ9aGlnaGxhbmRlcjt3PTE0NjtoPTYw/https://www.s.yimg.com/os/creatr-uploaded-images/2020-12/c9078640-34c4-11eb-babb-bfac7a2f0d35",
        "https://www.s.yimg.com/uu/api/res/1.2/.krtotxl1CKmPfMD9eC0Vg--~B/Zmk9c3RyaW07aD0zNjA7dz02NDA7c209MTthcHBpZD15dGFjaHlvbg--/https://www.media.zenfs.com/en/video.wcvb.hearstnews.com/cc2bdac9c7bfe77caffac82114658cff)",
        "https://wcvb.com/",
        "https://facebook.com/dialog/feed?app_id=458584288257241&link=https%3A%2F%2Fca.news.yahoo.com%2Ftrain-collides-truck-witness-describes-210514423.html%3Fsoc_src%3Dsocial-sh%26soc_trk%3Dfb%26tsrc%3Dfb",
        "https://twitter.com/intent/tweet"
    ],
    "entities": {
        "persons": [],
        "locations": [],
        "organizations": [
            {
                "name": "WCVB",
                "sentiment": "negative",
                "tickers": []
            },
            {
                "name": "MBTA",
                "sentiment": "none",
                "tickers": []
            }
        ]
    },
    "syndication": {
        "syndicated": false,
        "syndicate_id": null,
        "first_syndicated": false
    },
    "trust": {
        "categories": [],
        "bias": null,
        "source": {
            "type": null,
            "city": null,
            "state": null,
            "country": null,
            "domain_type": null,
            "agency": null,
            "organization_name": null
        }
    },
    "rating": null,
    "crawled": "2025-04-10T00:18:15.128+03:00",
    "updated": "2025-04-10T00:18:15.128+03:00"
}