{
    "thread": {
        "uuid": "c1f8eae164bd01a3d0d599d53b6033377b1f35dd",
        "url": "https://www.resumenlatinoamericano.org/2025/04/09/brasil-con-bombas-policia-militar-de-sao-paulo-reprime-ocupacion-del-mst-de-planta-responsable-de-la-muerte-de-235-mil-peces",
        "site_full": "www.resumenlatinoamericano.org",
        "site": "resumenlatinoamericano.org",
        "site_section": "http://kaeltikx.blogspot.com/feeds/posts/default",
        "site_categories": [
            "media"
        ],
        "section_title": "Resumen Latinoamericano",
        "site_title": "Resumen Latinoamericano -",
        "title": "Brasil. Con bombas, Policía Militar de Sao Paulo reprime ocupación del MST de planta responsable de la muerte de 235 mil peces",
        "title_full": "Brasil. Con bombas, Policía Militar de Sao Paulo reprime ocupación del MST de planta responsable de la muerte de 235 mil peces",
        "published": "2025-04-10T00:07:00.000+03:00",
        "replies_count": 0,
        "participants_count": 1,
        "site_type": "news",
        "country": "AR",
        "main_image": "https://www.resumenlatinoamericano.org/wp-content/uploads/2025/04/reforma-agraria-1140x815-1-e1744232843676.webp",
        "performance_score": 0,
        "domain_rank": 32290,
        "domain_rank_updated": "2025-04-08T00:00:00.000+03:00",
        "licensing_agency": [],
        "social": {
            "facebook": {
                "likes": 0,
                "comments": 0,
                "shares": 0
            },
            "vk": {
                "shares": 0
            }
        }
    },
    "uuid": "c1f8eae164bd01a3d0d599d53b6033377b1f35dd",
    "url": "https://www.resumenlatinoamericano.org/2025/04/09/brasil-con-bombas-policia-militar-de-sao-paulo-reprime-ocupacion-del-mst-de-planta-responsable-de-la-muerte-de-235-mil-peces",
    "ord_in_thread": 0,
    "author": "Resumen Latinoamericano",
    "published": "2025-04-10T00:07:00.000+03:00",
    "title": "Brasil. Con bombas, Policía Militar de Sao Paulo reprime ocupación del MST de planta responsable de la muerte de 235 mil peces",
    "text": "Por Gabriela Moncau, Brasil de Fato / Resumen Latinoamericano, 9 de abril de 2025.\nEn la zona se encontraban vehículos de la Policía Local y de la Guardia Civil Municipal, sobre la que sobrevolaba un helicóptero.\nCerca de 400 familias del Movimiento de los Trabajadores Sin Tierra (MST) fueron expulsadas violentamente, en la mañana de este lunes (7), de un área de la Usina Azucarera São José S/A Álcool e Açúcar, en Rio das Pedras (SP), donde intentaban instalar un campamento. Perteneciente al Grupo Farias, la empresa fue multada con R$ 18 millones por la Compañía Ambiental del Estado de São Paulo (Cetesb), por provocar la muerte, en julio de 2024, de alrededor de 235 mil peces en el río Piracicaba.\nAl menos quince vehículos de la Policía Militar (PM) y dos de la Guardia Civil Municipal se encontraban en la zona, sobre la que sobrevolaba un helicóptero de la PM. Portando escopetas calibre .12, los policías pidieron a los trabajadores sin tierra que despejaran un camino, que ya estaba abierto, para el paso de camiones. Luego dieron cinco minutos para desmontar el campamento. Antes de que los militantes pudieran desmantelar las estructuras del lugar, agentes armados iniciaron la represión con bombas y sin presentar orden judicial.\nUna mujer que estaba muy cerca de la explosión de una de las bombas inhaló el humo, enfermó y tuvo que ser subida al autobús del grupo de los sin tierra. Todavía no hay información sobre el estado de salud del activista.\nLa ocupación, que inició la madrugada de este lunes, se enmarca en la Jornada Nacional de Lucha en Defensa de la Reforma Agraria. Más conocida como Abril Rojo , la principal movilización anual del MST en 2025 tiene como lema “Ocupar para alimentar a Brasil”. Debajo del cartel a la entrada de la planta, los trabajadores sin tierra colocaron tres pancartas, entre ellas: “¿Dónde están los peces en el río? La Planta São José los destruyó”. En el terreno, las familias del MST encontraron una gran cantidad de insecticidas y pesticidas. Entre ellos, Engeo Pleno: un producto fabricado por Syngenta, prohibido en Europa y asociado a la muerte de las abejas.\n“La Constitución prevé la asignación de áreas afectadas por delitos ambientales a los efectos de la realización de la reforma agraria”, destaca una nota de la dirección estatal del MST, al explicar la elección del área ocupada. Además de denunciar públicamente el impacto del modelo de producción de la planta, la ocupación pretendía “exigir que las tierras del Grupo Farias se utilicen para el asentamiento de familias. Además del delito ambiental, la empresa tiene deudas, lo que demuestra la insostenibilidad de la agroindustria”, afirma el comunicado.\nLa policía destruye las estructuras del campo – Gabriela Moncau/Brasil de Fato A Brasil de Fato , Marcio Santos, de la dirección nacional del MST en São Paulo, reforzó que el movimiento ve las acciones de la Policía Militar como “extremadamente ilegales”. “No hubo embargo ni acción legal. Simplemente llegaron con determinación política, con la instrucción de no tolerar una ocupación legítima en ese lugar”, dijo.\n“Hoy se produjo otro episodio vergonzoso de la policía de Tarcísio [de Freitas, gobernador de São Paulo], que utiliza todo su aparato represivo para reprimir a los trabajadores que se manifiestan justamente en defensa de la reforma agraria y contra los crímenes ambientales”, añadió el dirigente, destacando también que la planta ocupada “le debe millones al gobierno”.\nJunto al cuerpo de guardia de la Planta São José, el MST develó la pancarta con el lema del día de lucha de abril de 2025 – Gabriela Moncau / Brasil de Fato Contaminación sin precedentes El derrame de melaza de caña de azúcar atribuido por la Cetesb a la Planta São José mató cerca de 50 toneladas de peces. Según la investigación del organismo ambiental, la contaminación se inició en el arroyo Tijuco Preto, afluente del río Piracicaba, y recorrió aproximadamente 70 kilómetros hasta llegar al Área de Protección Ambiental de Tanquã, región apodada el “mini Pantanal de São Paulo”. El episodio fue considerado el mayor desastre ambiental jamás registrado en el río Piracicaba. Según Cetesb, la inspección realizada en 2024 a la planta detectó una situación de “descontrol” en el flujo de líquidos y fugas en los tanques de almacenamiento.\nBrasil de Fato contactó a Usina São José y hasta el momento de publicar este artículo no recibió respuesta. Si hay una respuesta, se actualizará el texto.\nEl caso del derrame de residuos muestra, en opinión de Jelson*, también coordinador del campamento, “cómo el agronegocio, no sólo de la caña de azúcar, sino de sus diversas ramas, es altamente tóxico y destructivo”.\n“Esta zona no cumple su función social”, destaca el trabajador sin tierra. “Por eso presentamos esta denuncia y exigimos que se cumpla nuestra agenda de cobro y expropiación de esta zona, sin indemnización por el delito ambiental”, argumenta. Tras el desalojo, los sin tierra realizaron una manifestación en la plaza central de la ciudad de Piracicaba (SP).\n*Se han cambiado los nombres para proteger la identidad de los entrevistados.\nEditado por: Nathallia Fonseca",
    "highlightText": "",
    "highlightTitle": "",
    "highlightThreadTitle": "",
    "language": "spanish",
    "sentiment": "negative",
    "categories": [
        "Crime, Law and Justice",
        "Politics",
        "Social Issue"
    ],
    "topics": [
        "Crime, Law and Justice->law enforcement",
        "Crime, Law and Justice->war crime",
        "Crime, Law and Justice->corruption",
        "Politics->political crisis",
        "Politics->government",
        "Politics->civil rights",
        "Social Issue->social problem",
        "Social Issue->mankind",
        "Social Issue->discrimination"
    ],
    "ai_allow": true,
    "has_canonical": false,
    "breaking": false,
    "webz_reporter": false,
    "external_links": [
        "https://www.brasildefato.com.br/2025/04/03/abril-vermelho-mst-prepara-ocupacoes-e-doacoes-de-alimentos-em-denuncia-ao-agro-e-por-reforma-agraria/",
        "https://www.brasildefato.com.br/2024/04/15/abril-vermelho-comeca-com-mais-de-24-ocupacoes-em-11-estados-diz-mst/",
        "https://brasildefato.com.br/2025/04/03/abril-vermelho-mst-prepara-ocupacoes-e-doacoes-de-alimentos-em-denuncia-ao-agro-e-por-reforma-agraria/",
        "https://brasildefato.com.br/2024/04/15/abril-vermelho-comeca-com-mais-de-24-ocupacoes-em-11-estados-diz-mst/",
        "https://www.brasildefato.com.br/2024/04/15/abril-vermelho-comeca-com-mais-de-24-ocupacoes-em-11-estados-diz-mst",
        "https://www.brasildefato.com.br/2025/04/03/abril-vermelho-mst-prepara-ocupacoes-e-doacoes-de-alimentos-em-denuncia-ao-agro-e-por-reforma-agraria"
    ],
    "entities": {
        "persons": [],
        "locations": [],
        "organizations": []
    },
    "syndication": {
        "syndicated": null,
        "syndicate_id": null,
        "first_syndicated": false
    },
    "trust": {
        "categories": [],
        "bias": null,
        "source": {
            "type": null,
            "city": null,
            "state": null,
            "country": null,
            "domain_type": null,
            "agency": null,
            "organization_name": null
        }
    },
    "rating": null,
    "crawled": "2025-04-10T00:27:12.686+03:00",
    "updated": "2025-04-10T01:42:21.688+03:00"
}