{
    "thread": {
        "uuid": "4858419b33ce32637d5741d7c98a0029e565e17a",
        "url": "https://www.register-herald.com/news/life/federal-funds-should-not-be-withheld-from-patients-with-adhd/article_32854092-efda-11ef-8fdb-e3e401f4aed6.html",
        "site_full": "www.register-herald.com",
        "site": "register-herald.com",
        "site_section": "http://www.register-herald.com/search/?q=&t=article&l=100&d=&d1=&d2=&s=start_time&sd=desc&nsa=eedition&c%5b%5d=news,news/*&f=rss",
        "site_categories": [
            "media",
            "education",
            "business"
        ],
        "section_title": "www.register-herald.com - RSS Results in news,news/* of type article",
        "title": "Federal funds should not be withheld from patients with ADHD | Life | register-herald.com",
        "title_full": "Federal funds should not be withheld from patients with ADHD | Life | register-herald.com",
        "published": "2025-02-21T00:29:00.000+02:00",
        "replies_count": 0,
        "participants_count": 1,
        "site_type": "news",
        "country": "US",
        "main_image": "https://bloximages.chicago2.vip.townnews.com/register-herald.com/content/tncms/custom/image/b87268c4-7873-11e7-af9a-f3a04545878a.jpg?resize=200%2C200",
        "performance_score": 0,
        "domain_rank": 26798,
        "domain_rank_updated": "2025-02-17T23:00:00.000+02:00",
        "social": {
            "facebook": {
                "likes": 0,
                "comments": 0,
                "shares": 0
            },
            "vk": {
                "shares": 0
            }
        }
    },
    "uuid": "4858419b33ce32637d5741d7c98a0029e565e17a",
    "url": "https://www.register-herald.com/news/life/federal-funds-should-not-be-withheld-from-patients-with-adhd/article_32854092-efda-11ef-8fdb-e3e401f4aed6.html",
    "ord_in_thread": 0,
    "parent_url": null,
    "author": "Trinity Keenan guest columnist",
    "published": "2025-02-21T00:29:00.000+02:00",
    "title": "Federal funds should not be withheld from patients with ADHD | Life | register-herald.com",
    "text": "As a mental health therapist and ADHD certified clinical services provider, I am alarmed at the Trump’s administration’s recent attack on medication for the treatment of ADHD.\nADHD affects executive functioning which includes difficulties with organization, time management, prioritization, working memory, and emotional regulation. Stimulants help with attention, focus, staying on task, motivation, and they help decrease impulsivity. There is a large body of research to support this. Treatment of ADHD decreases anxiety, depression, substance use, motor vehicle accidents, work and school failure, sexual risk-taking, and even suicidality in this population.",
    "highlightText": "",
    "highlightTitle": "",
    "highlightThreadTitle": "",
    "language": "english",
    "sentiment": "negative",
    "categories": [
        "Health"
    ],
    "topics": [
        "Health->mental health and disorder"
    ],
    "ai_allow": false,
    "has_canonical": false,
    "breaking": false,
    "webz_reporter": false,
    "external_links": [],
    "external_images": [],
    "entities": {
        "persons": [],
        "organizations": [],
        "locations": []
    },
    "syndication": {
        "syndicated": false,
        "syndicate_id": null,
        "first_syndicated": false
    },
    "trust": null,
    "rating": null,
    "crawled": "2025-02-21T00:45:34.789+02:00",
    "updated": "2025-02-21T00:45:34.789+02:00"
}