{
    "thread": {
        "uuid": "e6e3ecd3c0b3beb52c805b87e5565d8d7cd85fec",
        "url": "https://cebudailynews.inquirer.net/624258/wembanyama-blood-clot-expected-to-end-spurs-stars-nba-season",
        "site_full": "cebudailynews.inquirer.net",
        "site": "inquirer.net",
        "site_section": "https://usa.inquirer.net/165058/fire-ravaged-areas-in-la-county-under-flood-watch",
        "site_categories": [
            "media",
            "top_news_ph",
            "top_news"
        ],
        "section_title": "Fire-ravaged areas in LA under flood watch | Inquirer",
        "title": "Wembanyama: Blood clot to end Spurs star's NBA season",
        "title_full": "Wembanyama: Blood clot to end Spurs star's NBA season",
        "published": "2025-02-21T00:21:00.000+02:00",
        "replies_count": 0,
        "participants_count": 1,
        "site_type": "news",
        "country": "PH",
        "main_image": "https://cebudailynews.inquirer.net/files/2025/02/AFP__20250220__36YA7QE__v2__HighRes__FilesBasketNbaFraSpursWembanyama-scaled.jpg",
        "performance_score": 0,
        "domain_rank": 2004,
        "domain_rank_updated": "2025-02-17T23:00:00.000+02:00",
        "social": {
            "facebook": {
                "likes": 34,
                "comments": 0,
                "shares": 23
            },
            "vk": {
                "shares": 0
            }
        }
    },
    "uuid": "e6e3ecd3c0b3beb52c805b87e5565d8d7cd85fec",
    "url": "https://cebudailynews.inquirer.net/624258/wembanyama-blood-clot-expected-to-end-spurs-stars-nba-season",
    "ord_in_thread": 0,
    "parent_url": null,
    "author": "dsingson",
    "published": "2025-02-21T00:21:00.000+02:00",
    "title": "Wembanyama: Blood clot to end Spurs star's NBA season",
    "text": "BASKETBALL Wembanyama: Blood clot appears to end Spurs star’s NBA season By: Agence France Presse February 21,2025 - 06:21 AM\nThe San Antonio Spurs announced on February 20, 2025, that the team’s French forward-center #01 Victor Wembanyama has been diagnosed with deep vein thrombosis in his right shoulder and he will miss the remainder of the 2024-2025 NBA season. Photo is Wembanyama during a press conference after a training sesssion in Paris on January 22, 2025.\nHOUSTON, United States — San Antonio Spurs star Victor Wembanyama is expected to miss the rest of the NBA season after being diagnosed with deep vein thrombosis in his right shoulder, the team said Thursday.\nThe Spurs said in a statement that the 21-year-old French player was diagnosed with the blood clot after he returned to San Antonio following last Sunday’s All-Star game in San Francisco.\n“Wembanyama is expected to miss the remainder of the 2024-25 regular season,” the Spurs said. “The team will provide updates as appropriate.”\nREAD:\nNBA: LeBron James says he won’t play in All-Star game\nNBA: Nikola Jokic turns 30 and averaging a triple-double this season\nNBA All-Star: Wembanyama, Chris Paul DQ’ed after plan backfires\nThe announcement brings a premature end to another outstanding campaign by Wembanyama, who earned Rookie of the Year honors last season after being taken first overall in the NBA draft.\n“It’s tough,” San Antonio’s veteran point guard Chris Paul said of losing Wembanyama, who was averaging 24.3 points, 11.0 rebounds, 3.7 assists and a league-best 3.8 blocks in 46 games for the Spurs this season.\n“Tough more than anything, I think for all of us, knowing how much he means to our team, but more so knowing how much he means to the game and how much he loves to play.”\nOther NBA players have dealt with similar health concerns. Chris Bosh, a two-time NBA champion with the Miami heat, was ultimately forced to retire at the age of 32 after repeatedly dealing with blood clots.\nBut the Detroit Pistons’ Ausar Thompson has returned to play 33 games this season afer he was diagnosed with a blood clot in March of last year. Brandon Ingram, now with the Toronto Raptors, recovered after being diagnosed with a blood clot in his right arm in 2019.\nBut it’s a big blow for a player who made an immediate impact on arriving in the league and whose influence is only growing in his second season.\nThe 7-foot-3 (2.21m) Wembanyama became an All-Star for the first time when he was chosen as a reserve.\nYoung Minnesota star Anthony Edwards noted Wembanyama’s rise during All-Star weekend when he was asked if he considered himself a candidate for “next face of the league”.\n“Not really,” Edwards said, “That’s what they’ve got Wemby for.”\nThe Spurs have reportedly indicated they expect Wembanyama to make a full recovery.\nWhile the team’s announcement didn’t rule out the possibility that Wembanyama could be fit for the playoffs, the chances of San Antonio reaching the post-season without him look slim.\nThe Spurs are in 12th place in the Western Conference, two spots away from the final play-in berth now held by the Golden State Warriors.\nEven with the arrival of high-scoring guard De’Aaron Fox from Sacramento at the trade deadline, the Spurs will likely suffer without their centerpiece.\n‘Can’t replace Vic’ “I think everybody understands that basketball is what we do and not who we are,” Paul told reporters at San Antonio’s practice session ahead of Thursday’s game against Phoenix.\n“So life and everything is so much more important. But for us, we know losing a big part of our team like that is (compensated for) by committee.”\n“Trust me, you can’t replace Vic,” Paul said. “I can’t stand on a guy’s shoulders and block every shot that comes to the rim.\n“Aside from his basketball ability, his charisma and what he brings into the locker room I think is what we’ll miss the most.”\nWembanyama was playing in the French league a year and a half ago before his selection as the number one pick in the 2023 NBA draft set him on the path to global stardom.\nHe helped France capture the silver medal at last year’s Paris Olympics, where they fell to the United States in the final.\nHis sophomore season included a trip home to France, where the Spurs split two games in Paris with the Indiana Pacers.\nOn course for potential defensive player of the year honors, Wembanyama will now not play enough games to be eligible for any of the major end of season awards.\nLosing Wembanyama is another blow for the Spurs, after legendary longtime coach Gregg Popovich suffered a stroke in November that forced him to take indefinite leave from the team.\nPaul insisted that the Spurs remained focused on making the post-season.\n“That’s the plan,” he said. “That’s absolutely the plan. I know Vic, I know Pop, they wouldn’t have it any other way.”\nYour subscription could not be saved. Please try again.",
    "highlightText": "",
    "highlightTitle": "",
    "highlightThreadTitle": "",
    "language": "english",
    "sentiment": "negative",
    "categories": [
        "Sport",
        "Health",
        "Human Interest"
    ],
    "topics": [
        "Sport->sport event",
        "Sport->basketball",
        "Health->medical condition",
        "Health->injury",
        "Human Interest->human mishap"
    ],
    "ai_allow": true,
    "has_canonical": false,
    "breaking": true,
    "webz_reporter": false,
    "external_links": [
        "https://cdn.onthe.io/io.js/sOVpa5r2AcJX",
        "https://cutechin.com/v2rvrh_NWlVsHYo8naJC9k8mF4T1Hdc_wzh6673eRNEPMh7f-XezDBP8eZQ_tcaXw",
        "https://cdn.onthe.io/io.js/POrqaNiaTKNh",
        "https://www.googletagmanager.com/ns.html?id=GTM-P4BV2XR",
        "https://www.facebook.com/tr?id=607491687857238&ev=PageView&noscript=1",
        "https://www.google.com/coop/cse/brand?form=cse-search-box&lang=en",
        "https://www.facebook.com/inquirerdotnet,https://twitter.com/inquirerdotnet,https://www.youtube.com/user/inquirernews,https://www.instagram.com/inquirerdotnet,https://www.tiktok.com/@inquirerdotnet",
        "https://pnekru6pxrum-a.akamaihd.net/",
        "https://www.clarity.ms/tag/",
        "https://avd.innity.net/",
        "https://api.w.org/",
        "https://googletagmanager.com/ns.html?id=GTM-P4BV2XR",
        "https://www.pnekru6pxrum-a.akamaihd.net/",
        "https://google.com/coop/cse/brand?form=cse-search-box&lang=en",
        "https://www.cdn.onthe.io/io.js/sOVpa5r2AcJX",
        "https://www.cdn.onthe.io/io.js/POrqaNiaTKNh",
        "https://clarity.ms/tag/",
        "https://api.w.org",
        "https://www.facebook.com/tr",
        "https://www.avd.innity.net/",
        "https://facebook.com/tr?id=607491687857238&ev=PageView&noscript=1",
        "https://avd.innity.net",
        "https://www.google.com/coop/cse/brand",
        "https://www.api.w.org/",
        "https://www.clarity.ms/tag",
        "https://facebook.com/inquirerdotnet,https://twitter.com/inquirerdotnet,https://youtube.com/user/inquirernews,https://instagram.com/inquirerdotnet,https://tiktok.com/@inquirerdotnet",
        "https://www.cutechin.com/v2rvrh_NWlVsHYo8naJC9k8mF4T1Hdc_wzh6673eRNEPMh7f-XezDBP8eZQ_tcaXw",
        "https://www.googletagmanager.com/ns.html",
        "https://pnekru6pxrum-a.akamaihd.net"
    ],
    "external_images": [],
    "entities": {
        "persons": [
            {
                "name": "Victor Wembanyama",
                "sentiment": "none"
            },
            {
                "name": "LeBron James",
                "sentiment": "none"
            },
            {
                "name": "Nikola Jokic",
                "sentiment": "none"
            }
        ],
        "organizations": [
            {
                "name": "NBA",
                "sentiment": "negative"
            },
            {
                "name": "San Antonio Spurs",
                "sentiment": "none"
            }
        ],
        "locations": [
            {
                "name": "HOUSTON",
                "sentiment": "none"
            }
        ]
    },
    "syndication": {
        "syndicated": false,
        "syndicate_id": null,
        "first_syndicated": false
    },
    "trust": null,
    "rating": null,
    "crawled": "2025-02-21T00:30:02.340+02:00",
    "updated": "2025-02-21T01:00:48.329+02:00"
}