{
    "thread": {
        "uuid": "487538850a8703d5e87647b35a166022b62acaca",
        "url": "https://www.wsmv.com/2025/02/20/tn-ag-calls-action-against-sellers-counterfeit-contaminated-weight-loss-drugs",
        "site_full": "www.wsmv.com",
        "site": "wsmv.com",
        "site_section": "https://news.google.com/search?q=for%20when%3A1h&hl=en-US&gl=US&ceid=US%3Aen",
        "site_categories": [
            "media"
        ],
        "section_title": "Google News - Search",
        "title": "TN AG calls for action against sellers of counterfeit, contaminated weight-loss drugs",
        "title_full": "TN AG calls for action against sellers of counterfeit, contaminated weight-loss drugs",
        "published": "2025-02-20T23:54:00.000+02:00",
        "replies_count": 0,
        "participants_count": 1,
        "site_type": "news",
        "country": "US",
        "main_image": "https://gray-wsmv-prod.gtv-cdn.com/resizer/v2/XKFTMVTSVZB35CLIW6RSAYMVNU.bmp?auth=27711de0c036da692e39794ca1cfe3641245166f4a0614c7736a084f90d8d24e&amp;width=1200&amp;height=600&amp;smart=true",
        "performance_score": 0,
        "domain_rank": 10705,
        "domain_rank_updated": "2025-02-17T23:00:00.000+02:00",
        "social": {
            "facebook": {
                "likes": 0,
                "comments": 0,
                "shares": 0
            },
            "vk": {
                "shares": 0
            }
        }
    },
    "uuid": "487538850a8703d5e87647b35a166022b62acaca",
    "url": "https://www.wsmv.com/2025/02/20/tn-ag-calls-action-against-sellers-counterfeit-contaminated-weight-loss-drugs",
    "ord_in_thread": 0,
    "parent_url": null,
    "author": "@WSMV",
    "published": "2025-02-20T23:54:00.000+02:00",
    "title": "TN AG calls for action against sellers of counterfeit, contaminated weight-loss drugs",
    "text": "TN AG calls for action against sellers of counterfeit, contaminated weight-loss drugs\n“Millions of Americans rely on GLP-1 drugs to improve their health, but bad actors are peddling dangerous fakes.”\nNASHVILLE, Tenn. (WSMV) - Tennessee Attorney General Jonathan Skrmetti, among other attorneys general, is calling for the Food and Drug Administration (FDA) to take action against the sale of counterfeit and unsafe forms of the weight loss and diabetes drugs Ozempic, Wegovy, Mounjaro, and Zepbound (GLP-1 drugs).\n“Millions of Americans rely on GLP-1 drugs to improve their health, but bad actors are peddling dangerous fakes,” said AG Skrmetti. “These counterfeit or copycat drugs can be contaminated through shady supply chains running from China, Turkey, and other overseas suppliers, or they can contain entirely different drugs manufactured and packaged to look like GLP-1 drugs. We are asking the FDA to lead efforts to safeguard our American supply chain and to work with other federal and state agencies to stop bad actors from producing counterfeit drugs.”\nHe said that the sky-high demand for GLP-1 drugs alongside high price tags and tight supplies is creating opportunities for bad actors to take advantage of consumers. Skrmetti said that there’s been an increase of the manufacturing and selling of counterfeit, untested products.\n“And counterfeit versions pose not only a risk to public health but also to our national security. There are reports that counterfeit GLP-1 drugs from India, Turkey, China, and other foreign sources have infiltrated the U.S. supply chain,” he said.\nCopyright 2025 WSMV. All rights reserved.",
    "highlightText": "",
    "highlightTitle": "",
    "highlightThreadTitle": "",
    "language": "english",
    "sentiment": "negative",
    "categories": [
        "Health"
    ],
    "topics": [
        "Health->drug rehabilitation",
        "Health->health organisation",
        "Health->health treatment and procedure"
    ],
    "ai_allow": true,
    "has_canonical": false,
    "breaking": true,
    "webz_reporter": false,
    "external_links": [],
    "external_images": [],
    "entities": {
        "persons": [],
        "organizations": [],
        "locations": []
    },
    "syndication": {
        "syndicated": false,
        "syndicate_id": "487538850a8703d5e87647b35a166022b62acaca",
        "first_syndicated": true
    },
    "trust": null,
    "rating": null,
    "crawled": "2025-02-21T00:01:23.277+02:00",
    "updated": "2025-02-21T00:01:23.277+02:00"
}