{
    "thread": {
        "uuid": "d39eb86cda7319f3f78b42e336054186305c04a5",
        "url": "https://teletime.com.br/20/02/2025/associacao-chama-atencao-para-uso-e-carregamento-de-baterias-de-celulares",
        "site_full": "teletime.com.br",
        "site": "teletime.com.br",
        "site_section": "https://www.teletime.com.br",
        "site_categories": [
            "media"
        ],
        "section_title": "Home | TELETIME News",
        "title": "Associação chama atenção para uso e carregamento de baterias de celulares",
        "title_full": "Associação chama atenção para uso e carregamento de baterias de celulares",
        "published": "2025-02-20T21:56:00.000+02:00",
        "replies_count": 0,
        "participants_count": 1,
        "site_type": "news",
        "country": "BR",
        "main_image": "",
        "performance_score": 0,
        "domain_rank": 163307,
        "domain_rank_updated": "2025-02-17T23:00:00.000+02:00",
        "social": {
            "facebook": {
                "likes": 0,
                "comments": 0,
                "shares": 0
            },
            "vk": {
                "shares": 0
            }
        }
    },
    "uuid": "d39eb86cda7319f3f78b42e336054186305c04a5",
    "url": "https://teletime.com.br/20/02/2025/associacao-chama-atencao-para-uso-e-carregamento-de-baterias-de-celulares",
    "ord_in_thread": 0,
    "parent_url": null,
    "author": "Marcos Urupá",
    "published": "2025-02-20T21:56:00.000+02:00",
    "title": "Associação chama atenção para uso e carregamento de baterias de celulares",
    "text": "Após o recente caso da explosão da bateria de um smartphone no bolso de uma mulher em Anápolis (GO), na semana passada, a Associação Brasileira de Avaliação da Conformidade (Abrac) chamou a atenção para a segurança dos dispositivos móveis e componentes de armazenamento de energia, reforçando que os aparelhos celulares e baterias homologadas pela Agência Nacional de Telecomunicações (Anatel) passam por rigorosos testes de segurança antes de chegarem ao mercado.\nA entidade reúne os principais laboratórios e certificadoras acreditadas ao Inmetro e que são responsáveis pela avaliação da conformidade de produtos oferecidos aos cidadãos, como os aparelhos celulares e seus componentes.\nO incidente em Anápolis ocorreu enquanto a vítima fazia compras em um comércio local. Segundo relatos, ela sentiu um calor intenso repentino e percebeu que o aparelho estava em chamas. A mulher sofreu queimaduras de primeiro e segundo graus e precisou de atendimento médico. O modelo do aparelho cumpria todas as etapas previstas para a homologação da Anatel, e o caso está sendo melhor investigado pelo fabricante para apurar a causa do incidente .\nA Abrac explica que as baterias certificadas pela Anatel são submetidas a uma série de ensaios elétricos e de segurança, incluindo testes de sobrecarga, curtos-circuitos, quedas e resistência a altas temperaturas. Esses procedimentos garantem que os dispositivos possam ser utilizados com máxima segurança pelos consumidores.\n\"As baterias que passam pelo processo de avaliação da conformidade possuem riscos significativamente menores de acidentes. Mas esse episódio reforça que mesmo utilizando produtos homologados e certificados, são necessários cuidados \", destaca Kim Rieffel, vice-presidente de Telecomunicações da Abrac.\nCuidados essenciais A entidade esclarece que além da certificação, há cuidados que o usuário pode adotar para aumentar a segurança e a durabilidade da bateria do celular.\nEntre as principais recomendações estão:\nevitar carregar o celular até 100%, pois isso pode causar estresse na bateria e reduzir sua vida útil; usar apenas carregadores certificados e compatíveis com o aparelho; evitar o uso do smartphone enquanto ele carrega; manter o dispositivo longe de temperaturas extremas; e trocar a bateria somente em assistências técnicas autorizadas. \"Muitas explosões e falhas graves ocorrem por mau uso, como a utilização de carregadores de baixa qualidade ou a exposição do aparelho a calor excessivo. Pequenas mudanças nos hábitos do dia a dia podem fazer toda a diferença para evitar acidentes e prolongar a vida útil da bateria\", acrescenta Rieffel.\nAs baterias de celulares evoluíram significativamente nos últimos anos, mas ainda exigem manuseio adequado para evitar riscos. A Abrac reforça a importância de sempre verificar se os produtos adquiridos possuem o selo de certificação da Anatel, garantindo um uso mais seguro e confiável.",
    "highlightText": "",
    "highlightTitle": "",
    "highlightThreadTitle": "",
    "language": "portuguese",
    "sentiment": "negative",
    "categories": [
        "Health",
        "Social Issue"
    ],
    "topics": [
        "Health->injury",
        "Health->health organisation",
        "Social Issue->social problem",
        "Social Issue->communities",
        "Social Issue->values"
    ],
    "ai_allow": true,
    "has_canonical": false,
    "breaking": false,
    "webz_reporter": false,
    "external_links": [],
    "external_images": [],
    "entities": {
        "persons": [],
        "organizations": [],
        "locations": []
    },
    "syndication": {
        "syndicated": null,
        "syndicate_id": null,
        "first_syndicated": false
    },
    "trust": null,
    "rating": null,
    "crawled": "2025-02-21T00:15:47.037+02:00",
    "updated": "2025-02-21T00:15:47.037+02:00"
}