{
    "thread": {
        "uuid": "9284072485cbe3abcfec5f01a087d0e0368047ff",
        "url": "https://news.nestia.com/detail/Therapy-Is-Good.-These-Therapists-Are-Bad./13293096",
        "site_full": "news.nestia.com",
        "site": "nestia.com",
        "site_section": "https://news.nestia.com/en/list?offset=0&limit=100&featured_tag_filter=true",
        "site_categories": [
            "uncategorized"
        ],
        "section_title": "News &amp; Headlines - Singapore Top Reads | Nestia",
        "title": "Therapy Is Good. These Therapists Are Bad. | Nestia",
        "title_full": "Therapy Is Good. These Therapists Are Bad. | Nestia",
        "published": "2025-02-21T00:01:00.000+02:00",
        "replies_count": 0,
        "participants_count": 1,
        "site_type": "news",
        "country": "SG",
        "main_image": "https://nestia-food-obs-ap-southeast-3.nestia.com/202502/21/a0faaf98ac2efc93a886dd88c79588aa_750x750.jpg",
        "performance_score": 0,
        "domain_rank": 93653,
        "domain_rank_updated": "2025-02-17T23:00:00.000+02:00",
        "social": {
            "facebook": {
                "likes": 0,
                "comments": 0,
                "shares": 0
            },
            "vk": {
                "shares": 0
            }
        }
    },
    "uuid": "9284072485cbe3abcfec5f01a087d0e0368047ff",
    "url": "https://news.nestia.com/detail/Therapy-Is-Good.-These-Therapists-Are-Bad./13293096",
    "ord_in_thread": 0,
    "parent_url": null,
    "author": "The New York Times-Style",
    "published": "2025-02-21T00:01:00.000+02:00",
    "title": "Therapy Is Good. These Therapists Are Bad. | Nestia",
    "text": "In her first session with a new therapist in San Diego, Elise, 37, immediately felt turned off. Not because of anything the therapist said, but because of the fact that she was riding a stationary bike during their conversation.Maria Danna, 35, was alarmed when her therapist in Portland, Ore., “vigorously shook a maraca at my face” in order to “pick up the energy I was giving off in session.”",
    "highlightText": "",
    "highlightTitle": "",
    "highlightThreadTitle": "",
    "language": "english",
    "sentiment": "negative",
    "categories": [
        "Health",
        "Social Issue",
        "Human Interest"
    ],
    "topics": [
        "Health->mental health and disorder",
        "Health->therapy",
        "Social Issue->social services",
        "Social Issue->social problem"
    ],
    "ai_allow": true,
    "has_canonical": false,
    "breaking": false,
    "webz_reporter": false,
    "external_links": [],
    "external_images": [],
    "entities": {
        "persons": [
            {
                "name": "Elise",
                "sentiment": "neutral"
            },
            {
                "name": "Danna",
                "sentiment": "none"
            }
        ],
        "organizations": [],
        "locations": []
    },
    "syndication": {
        "syndicated": false,
        "syndicate_id": null,
        "first_syndicated": false
    },
    "trust": null,
    "rating": null,
    "crawled": "2025-02-21T00:11:45.393+02:00",
    "updated": "2025-02-21T00:11:45.393+02:00"
}