{
    "thread": {
        "uuid": "2b6a55f2c203f2ecbee8f381d4697ef6dd0d08c3",
        "url": "https://www.mapleridgenews.com/community/doctors-puzzled-over-maple-ridge-boys-seizures-7833299",
        "site_full": "www.mapleridgenews.com",
        "site": "mapleridgenews.com",
        "site_section": "https://www.mapleridgenews.com/community",
        "site_categories": [
            "media"
        ],
        "section_title": "Community  - Maple Ridge-Pitt Meadows News",
        "title": "Doctors puzzled over Maple Ridge boy's seizures",
        "title_full": "Doctors puzzled over Maple Ridge boy's seizures",
        "published": "2025-02-21T01:00:00.000+02:00",
        "replies_count": 0,
        "participants_count": 1,
        "site_type": "news",
        "country": "CA",
        "main_image": "https://www.bpmcdn.com/f/files/mapleridge/2025-february/250220-mrn-gofundme-knowles/1.jpg;w=1200;h=800;mode=crop",
        "performance_score": 0,
        "domain_rank": 120582,
        "domain_rank_updated": "2025-02-17T23:00:00.000+02:00",
        "social": {
            "facebook": {
                "likes": 0,
                "comments": 0,
                "shares": 0
            },
            "vk": {
                "shares": 0
            }
        }
    },
    "uuid": "2b6a55f2c203f2ecbee8f381d4697ef6dd0d08c3",
    "url": "https://www.mapleridgenews.com/community/doctors-puzzled-over-maple-ridge-boys-seizures-7833299",
    "ord_in_thread": 0,
    "parent_url": null,
    "author": "Colleen Flanagan",
    "published": "2025-02-21T01:00:00.000+02:00",
    "title": "Doctors puzzled over Maple Ridge boy's seizures",
    "text": "A Maple Ridge family is asking for the community's help after their son started experiencing multiple daily seizures, which doctors are unable to diagnose.\nStepmom Kelsey Knowles appealed for help online, saying in the last four months they have watched her stepson's health, \"decline at a rapid rate\".\n\"He remains a medical mystery.. but it has gotten to the point that he is suffering multiple seizures daily,\" said Knowles, noting that her stepson often just sleeps now.\n\"He has lost some of his speech progress and has not been able to attend school in weeks. He has little interest in anything, even food.. and often just him getting up and to the table for a meal causes a seizure,\" she added, saying her stepson has become a zombie child.\nKnowles is the stepmother of three special needs children, with varying needs.\nHer stepson, she noted, has complex needs. He was born with a diaphragmatic hernia and placed in a coma for the first six months of his life.\nSince then, she said, he has received about 15 health diagnosis that involved multiple surgeries including open heart surgery.\n\"We are constantly in and out of the hospital, working with specialists and advocating to keep our child alive and well,\" she said.\nWith this recent turn of event he was given a \"light diagnosis\" of autism related epilepsy. But doctors say his seizures are not typical of this condition, said Knowles. And, even though he is on the highest dose of seizure medications, the seizures continue to increase daily.\n\"He has had multiple scans and tests.. to no avail,\" said the desperate stepmom, noting that doctors are not sure on how else to help him.\nKnowles started a GoFundMe because the situation is causing financial strain on the family. She is unable to work and is caring for their sick child and her husband's current job is not enough to cover the bills and the medical and prescription costs.\nShe is hoping to raise $15,000 to put towards their daily expenses and to put towards a change in career for her spouse to get his Class 1 driving license or haul truck operator certificate so that they can survive off of a single income.\nAs of Thursday morning, Feb. 20, the GoFundMe had raised $1,755 towards that goal.\nTo donate go to: https://www.gofundme.com/f/strength-for-our-family-a-new-start-after-loss-and-injury.",
    "highlightText": "",
    "highlightTitle": "",
    "highlightThreadTitle": "",
    "language": "english",
    "sentiment": "negative",
    "categories": [
        "Health",
        "Human Interest"
    ],
    "topics": [
        "Health->medical condition"
    ],
    "ai_allow": true,
    "has_canonical": false,
    "breaking": false,
    "webz_reporter": false,
    "external_links": [
        "https://www.gofundme.com/f/strength-for-our-family-a-new-start-after-loss-and-injury",
        "https://gofundme.com/f/strength-for-our-family-a-new-start-after-loss-and-injury"
    ],
    "external_images": [],
    "entities": {
        "persons": [
            {
                "name": "Knowles",
                "sentiment": "none"
            }
        ],
        "organizations": [],
        "locations": [
            {
                "name": "Maple",
                "sentiment": "none"
            }
        ]
    },
    "syndication": {
        "syndicated": false,
        "syndicate_id": "2b6a55f2c203f2ecbee8f381d4697ef6dd0d08c3",
        "first_syndicated": true
    },
    "trust": null,
    "rating": null,
    "crawled": "2025-02-21T01:10:17.298+02:00",
    "updated": "2025-02-21T01:10:17.298+02:00"
}