{
    "thread": {
        "uuid": "196eda461a2cd4e87e9485e6337e16bee0c44603",
        "url": "https://leadership.ng/sharia-discussions-in-southwest-politically-motivated-ahmadiyya-leader",
        "site_full": "leadership.ng",
        "site": "leadership.ng",
        "site_section": "https://www.leadership.ng",
        "site_categories": [
            "media"
        ],
        "section_title": "Leadership News - Nigeria News, Nigerian Newspaper, Breaking News And More",
        "title": "Sharia Discussions In Southwest Politically Motivated - Ahmadiyya Leader",
        "title_full": "Sharia Discussions In Southwest Politically Motivated - Ahmadiyya Leader",
        "published": "2025-02-16T14:01:00.000+02:00",
        "replies_count": 0,
        "participants_count": 1,
        "site_type": "news",
        "country": "NG",
        "main_image": "",
        "performance_score": 0,
        "domain_rank": 18819,
        "domain_rank_updated": "2025-02-10T23:00:00.000+02:00",
        "social": {
            "facebook": {
                "likes": 0,
                "comments": 0,
                "shares": 0
            },
            "vk": {
                "shares": 0
            }
        }
    },
    "uuid": "196eda461a2cd4e87e9485e6337e16bee0c44603",
    "url": "https://leadership.ng/sharia-discussions-in-southwest-politically-motivated-ahmadiyya-leader",
    "ord_in_thread": 0,
    "parent_url": null,
    "author": "Leadership News",
    "published": "2025-02-16T14:01:00.000+02:00",
    "title": "Sharia Discussions In Southwest Politically Motivated - Ahmadiyya Leader",
    "text": "The Amir and National Head of the Ahmadiyya Muslim Jama’at of Nigeria, Alhaji Alatoye AbdulAzeez has expressed concerns that recent discussions surrounding Sharia law enforcement in the Southwest might be driven by political motivations rather than genuine religious intentions.\nThe Amir stated this at a press conference on “World Crisis and the Pathway to Peace”, where he received the managing director of Muslim Television Ahmadiyya (MTA) International, Sir Munir-ud-Din Shams, at Ahmadiyya Muslim Jama’at headquarters in Lagos.\nAlhaji AbdulAzeez described the comments as overly sentimental, clarifying that Sharia courts have long been established in the Southwest region.\nHe cited a Sharia court in Ojokoro as an example, noting recent disagreements on marital issues where individuals chose between customary and Sharia courts.\nAlhaji AbdulAzeez affirmed that Nigeria remains a secular state, with Sharia courts serving only Muslims, adding that, “The Southwest is peaceful, with various religious groups living harmoniously. Sharia courts resolve issues between Muslims who opt to use them. No non-Muslim can be forced to adhere to Sharia law.”\nHe suggested that the recent discussions might be politically motivated, reiterating that Sharia has existed in Nigeria long before anyone began mobilising for crises and wars. According to him, this is a case of political Sharia rather than religious.\nThe Amir highlighted concerns over the wrongful application of Sharia such as stoning individuals to death for expressing themselves, which is a criminal offence under Nigerian law.\nHe stressed that Sharia courts in states like Lagos, Ogun and Kwara primarily handle marital and inheritance laws, not criminal offences.\nDrawing from the recently published book by the worldwide head of the Ahmadiyya Muslim Community, His Holiness Hazrat Mirza Masroor Ahmad, Sir Munir-ud-Din Shams assessed the current world situation, describing it as a turbulent time marked by a continuing global economic crisis and alarming parallels to the period preceding the Second World War.",
    "highlightText": "",
    "highlightTitle": "",
    "highlightThreadTitle": "",
    "language": "english",
    "sentiment": "negative",
    "categories": [
        "Politics",
        "Social Issue",
        "Religion and Belief"
    ],
    "topics": [
        "Politics->freedom of religion",
        "Politics->political development",
        "Social Issue->diversity, equity and inclusion",
        "Social Issue->mankind",
        "Social Issue->religious discrimination",
        "Religion and Belief->relations between religion and government",
        "Religion and Belief->religious conflict",
        "Religion and Belief->islam"
    ],
    "ai_allow": true,
    "has_canonical": false,
    "breaking": false,
    "webz_reporter": false,
    "external_links": [],
    "external_images": [],
    "entities": {
        "persons": [],
        "organizations": [],
        "locations": []
    },
    "syndication": {
        "syndicated": false,
        "syndicate_id": "196eda461a2cd4e87e9485e6337e16bee0c44603",
        "first_syndicated": true
    },
    "trust": null,
    "rating": null,
    "crawled": "2025-02-16T14:06:47.962+02:00",
    "updated": "2025-02-16T14:06:47.962+02:00"
}