{
    "thread": {
        "uuid": "5842fc63fe77352ad58f6527005d4133d761982a",
        "url": "https://www.elperiodista.cl/2025/02/papa-cancela-la-audiencia-jubilar-del-sabado-por-hospitalizacion",
        "site_full": "www.elperiodista.cl",
        "site": "elperiodista.cl",
        "site_section": "https://elperiodista.cl",
        "site_categories": [
            "buying_selling_cars",
            "vehicles"
        ],
        "section_title": "Actualidad nacional e internacional - El Periodista",
        "title": "Papa cancela la Audiencia Jubilar del sábado por hospitalización",
        "title_full": "Papa cancela la Audiencia Jubilar del sábado por hospitalización",
        "published": "2025-02-18T17:25:00.000+02:00",
        "replies_count": 0,
        "participants_count": 1,
        "site_type": "news",
        "country": "CL",
        "main_image": "https://www.elperiodista.cl/wp-content/uploads/2024/11/Papa-Francisco-Vaticano.jpg",
        "performance_score": 0,
        "domain_rank": 185111,
        "domain_rank_updated": "2025-02-17T23:00:00.000+02:00",
        "social": {
            "facebook": {
                "likes": 0,
                "comments": 0,
                "shares": 0
            },
            "vk": {
                "shares": 0
            }
        }
    },
    "uuid": "5842fc63fe77352ad58f6527005d4133d761982a",
    "url": "https://www.elperiodista.cl/2025/02/papa-cancela-la-audiencia-jubilar-del-sabado-por-hospitalizacion",
    "ord_in_thread": 0,
    "parent_url": null,
    "author": "Editora",
    "published": "2025-02-18T17:25:00.000+02:00",
    "title": "Papa cancela la Audiencia Jubilar del sábado por hospitalización",
    "text": "El Vaticano ha cancelado la Audiencia Jubilar de este sábado 22 de febrero debido a las condiciones de salud del Papa Francisco, que permanece ingresado en el hospital Gemelli de Roma desde el pasado viernes debido a la bronquitis que padece, según ha informado la Santa Sede en un comunicado.\nPara la celebración de la Santa Misa con motivo del Jubileo de los Diáconos, programada para este domingo a las 09.00 horas en la Basílica de San Pedro, el Papa Francisco ha delegado en Rino Fisichella, proprefecto del Dicasterio para la Evangelización.\nEl último parte médico, publicado este lunes por la tarde, indicaba que el Papa permanecía «sin fiebre» con la terapia prescrita en el hospital Gemelli de Roma.\nEl Vaticano informó de que las condiciones clínicas de Francisco son «estacionarias» y que el lunes por la mañana recibió la Eucaristía y, posteriormente, se dedicó a algunas actividades laborales y a la lectura de textos.\nEl lunes por la mañana el Vaticano informó de que Francisco presentaba un cuadro clínico complejo y que continuará hospitalizado después de que los resultados de las pruebas realizadas en los últimos días hayan demostrado una infección polimicrobica de las vías respiratorias que ha determinado un cambio adicional en la terapia.\nAsimismo, la Santa Sede aseguró que el Pontífice se encuentra conmovido por los numerosos mensajes de cariño que está recibiendo y ha querido expresar su apoyo a todas las personas que están hospitalizadas.",
    "highlightText": "",
    "highlightTitle": "",
    "highlightThreadTitle": "",
    "language": "spanish",
    "sentiment": "negative",
    "categories": [
        "Health",
        "Religion and Belief"
    ],
    "topics": [
        "Health->health organisation",
        "Health->health facility",
        "Religion and Belief->religious leader",
        "Religion and Belief->christianity"
    ],
    "ai_allow": true,
    "has_canonical": false,
    "breaking": false,
    "webz_reporter": false,
    "external_links": [],
    "external_images": [],
    "entities": {
        "persons": [
            {
                "name": "Rino Fisichella",
                "sentiment": "none"
            },
            {
                "name": "Papa Francisco",
                "sentiment": "none"
            }
        ],
        "organizations": [
            {
                "name": "Audiencia Jubilar",
                "sentiment": "none"
            }
        ],
        "locations": []
    },
    "syndication": {
        "syndicated": null,
        "syndicate_id": null,
        "first_syndicated": false
    },
    "trust": null,
    "rating": null,
    "crawled": "2025-02-18T18:40:15.528+02:00",
    "updated": "2025-02-18T18:40:15.528+02:00"
}