{
    "thread": {
        "uuid": "2b1330879dc8d6d864eea0dfaa814af166074eb8",
        "url": "https://collider.com/god-told-me-to-horror-movie",
        "site_full": "collider.com",
        "site": "collider.com",
        "site_section": "https://news.google.com/search?q=is%20when%3a1h&hl=en-us&gl=us&ceid=us%3aen",
        "site_categories": [
            "movies",
            "illegal_content",
            "entertainment"
        ],
        "section_title": "Google News - Search",
        "title": "God Is the Murderer in This Creepy '70s Sci-Fi Horror Movie",
        "title_full": "God Is the Murderer in This Creepy '70s Sci-Fi Horror Movie",
        "published": "2025-02-16T04:38:00.000+02:00",
        "replies_count": 0,
        "participants_count": 1,
        "site_type": "news",
        "country": "US",
        "main_image": "https://static1.colliderimages.com/wordpress/wp-content/uploads/2025/02/godtold-edit.jpg",
        "performance_score": 0,
        "domain_rank": 2329,
        "domain_rank_updated": "2025-02-10T23:00:00.000+02:00",
        "social": {
            "facebook": {
                "likes": 0,
                "comments": 0,
                "shares": 0
            },
            "vk": {
                "shares": 0
            }
        }
    },
    "uuid": "2b1330879dc8d6d864eea0dfaa814af166074eb8",
    "url": "https://collider.com/god-told-me-to-horror-movie",
    "ord_in_thread": 0,
    "parent_url": null,
    "author": "Joel Medina",
    "published": "2025-02-16T04:38:00.000+02:00",
    "title": "God Is the Murderer in This Creepy '70s Sci-Fi Horror Movie",
    "text": "Religion can be a beautiful thing that brings communities together — but it also has a history of being pretty violent. Particularly in popular texts like the Bible (you might have heard of it), people often gloss over the many shocking depictions of bloodshed and gore that this kind of text describes. It’s an aspect of religion that often goes ignored, which is exactly why legendary director Larry Cohen decided to bring it to the forefront in his 1976 horror classic, God Told Me To .\nFollowing a beleaguered NYPD cop who is facing a string of random murders where each perpetrator claims they were following the voice of God, the film quickly devolves from gritty drama into terrifying science fiction mayhem . Yet amidst all this violence is a poignant message about the brutality of religion and what it means to have “faith” in a human who claims to be anything but. Through the terrifying cult at the film’s center, Cohen describes the worst possibility of organized religion, using the plot's violence to show how people sometimes enact violence with their only excuse being that some higher power (or, more often, a cultish leader) approves. It’s a haunting message that, combined with the disturbing violence throughout, creates an interrogation of organized religion like viewers have never seen.\nAliens and Cops Collide in ‘God Told Me To’\nImage via New World Pictures Fans of Cohen know the director for his many mind-bending and laughable horror concepts, so they may have been confused to see the extremely grounded way God Told Me To begins. The movie starts as a police procedural rather than a fantastical horror film; Detective Nicholas ( Tony Lo Bianco ) is a devout Catholic and member of the NYPD who, after catching a mass murderer who said his murders were advised by God before jumping to his death, learns of countless other random crimes where the perpetrators said the same. His attempt to unravel this mystery leads him to a mind-controlled cult whose leader, the immensely creepy Bernard Phillips ( Richard Lynch ), reveals a shocking truth: he and Nicholas were ‘virgin births,’ the result of women being impregnated by a strange alien being. The movie excels in portraying these wild elements in a shockingly grounded fashion, using things like the brutality of the justice system or horrific scenes like a man self-decapitating in an elevator to grant this story bloody gravity. Yet all of this superficial terror pales in comparison to the film’s true message: the horrors people are capable of when they feel they can blame it on a higher power.\nRelated 'Heretic' Review: Hugh Grant Preaches Bad News About the Good Word in Religious Horror Sophie Thatcher and Chloe East are Grant's prey in the horror flick.\nPosts Religion is in no way an inherently bad thing; in fact, it’s undeniable that the practice of gathering based on faith has united communities for generations. Yet organized religion is constantly critiqued on how common it is for them to become for-profit, with people granting all of their faith to some leader rather than an actual higher power, with this leader’s “teachings” — often hateful lessons on discrimination — making the followers feel all of their bad behavior is justified. God Told Me To criticizes this toxicity that lives in so much of modern organized religion, with Phillip’s mind-controlled followers acting as an allegory for those who feel that their individual faith is not only reason enough to enact atrocities, but that one mortal should control their entire life. Even more, as Philip’s motivations are revealed to be world domination rather than actual worship , the film emphasizes that these leaders are still human, that they are not infallible and could be twisting others' faith for their own gain. As Cohen is one to do, this metaphor is told in the truly wildest way, but that doesn’t deny that the discomfort people may feel watching these horrors be committed in the name of God is only an exaggerated version of how people use religion to excuse their hatred today.\n‘God Told Me To’ Is Never a Good Excuse Close Despite Cohen’s attempts to communicate a real message about organized religion, God Told Me To’s stranger elements bog down what could have been an astute metaphor. The wild alien aspects take this out of what is a human issue — all while displaying some extremely transgressive thoughts on gender, sexuality, and race. And while no system is perfect, the film seems to label all religion as completely harmful, not attempting to have a complex conversation about the amount of good that organized faith does and instead focusing purely on the bad. Despite these issues in the narrative, though, the film does what few movies have the strength to in calling out the harmful religious institutions that persist to this day . It spotlights the irony of not only people refusing to recognize how violent their religion's origins are and the ridiculous tactic of feeling like personal faith can validate violent decisions . It’s a scathing critique as well as a chilling fusion of horror, police procedural, and science fiction elements, making God Told Me To stand out as one of the legendary director’s weirdest and best films ever.\nYour Rating close 10 stars 9 stars 8 stars 7 stars 6 stars 5 stars 4 stars 3 stars 2 stars 1 star Rate Now 0 /10 Your comment has not been saved\nGod Told Me To R Crime Horror Mystery Science Fiction Release Date October 22, 1976 Runtime 91 minutes Director Larry Cohen Writers Larry Cohen Producers Roger Corman Cast See All\nTony Lo Bianco Peter J. Nicholas\nDeborah Raffin Casey Forster\nSandy Dennis Martha Nicholas\nSylvia Sidney Elizabeth Mullin God Told Me To is a 1976 science fiction horror film directed by Larry Cohen. It follows a New York detective investigating a string of murders where the perpetrators claim divine instruction. The film explores themes of faith, madness, and the paranormal as the detective uncovers unsettling truths.\nPowered by\nExpand Collapse Follow Followed Like Close",
    "highlightText": "",
    "highlightTitle": "",
    "highlightThreadTitle": "",
    "language": "english",
    "sentiment": "negative",
    "categories": [
        "Religion and Belief",
        "Arts, Culture and Entertainment"
    ],
    "topics": [
        "Religion and Belief->cult",
        "Religion and Belief->religious conflict",
        "Arts, Culture and Entertainment->culture",
        "Arts, Culture and Entertainment->mass media",
        "Arts, Culture and Entertainment->literature"
    ],
    "ai_allow": true,
    "has_canonical": false,
    "breaking": false,
    "webz_reporter": false,
    "external_links": [
        "https://twitter.com/intent/tweet?text=God%20Is%20the%20Murderer%20in%20This%20Creepy%20%2770s%20Sci-Fi%20Horror%20Movie&url=https%3A%2F%2Fcollider.com%2Fgod-told-me-to-horror-movie%2F",
        "https://bsky.app/intent/compose?text=https%3A%2F%2Fcollider.com%2Fgod-told-me-to-horror-movie%2F",
        "https://www.valnetinc.com/en/terms-of-use#community-guidelines",
        "https://web.whatsapp.com/send?text=https%3A%2F%2Fcollider.com%2Fgod-told-me-to-horror-movie%2F",
        "http://share.flipboard.com/bookmarklet/popout?v=2&title=God%20Is%20the%20Murderer%20in%20This%20Creepy%20%2770s%20Sci-Fi%20Horror%20Movie&url=https%3A%2F%2Fcollider.com%2Fgod-told-me-to-horror-movie%2F&utm_campaign=tools&utm_medium=article-share&utm_source=collider.com",
        "https://www.reddit.com/submit?url=https%3A%2F%2Fcollider.com%2Fgod-told-me-to-horror-movie%2F",
        "https://www.linkedin.com/shareArticle?mini=true&url=https%3A%2F%2Fcollider.com%2Fgod-told-me-to-horror-movie%2F&title=God%20Is%20the%20Murderer%20in%20This%20Creepy%20%2770s%20Sci-Fi%20Horror%20Movie&source=collider.com&summary=That%20excuse%20is%20soooo%20overplayed%21",
        "https://screenrant.com/db/movie/god-told-me-to/",
        "https://www.facebook.com/sharer/sharer.php?u=https%3A%2F%2Fcollider.com%2Fgod-told-me-to-horror-movie%2F%2F&src=sdkpreparse",
        "https://screenrant.com/db/movie/god-told-me-to/#cast-cand-crew",
        "https://bsky.app/intent/compose",
        "https://www.screenrant.com/db/movie/god-told-me-to/",
        "https://screenrant.com/db/movie/god-told-me-to",
        "https://www.twitter.com/intent/tweet?text=God%20Is%20the%20Murderer%20in%20This%20Creepy%20%2770s%20Sci-Fi%20Horror%20Movie&url=https%3A%2F%2Fcollider.com%2Fgod-told-me-to-horror-movie%2F",
        "https://www.screenrant.com/db/movie/god-told-me-to/#cast-cand-crew",
        "https://facebook.com/sharer/sharer.php?u=https%3A%2F%2Fcollider.com%2Fgod-told-me-to-horror-movie%2F%2F&src=sdkpreparse",
        "http://share.flipboard.com/bookmarklet/popout",
        "http://www.share.flipboard.com/bookmarklet/popout?v=2&title=God%20Is%20the%20Murderer%20in%20This%20Creepy%20%2770s%20Sci-Fi%20Horror%20Movie&url=https%3A%2F%2Fcollider.com%2Fgod-told-me-to-horror-movie%2F&utm_campaign=tools&utm_medium=article-share&utm_source=collider.com",
        "https://web.whatsapp.com/send",
        "https://www.bsky.app/intent/compose?text=https%3A%2F%2Fcollider.com%2Fgod-told-me-to-horror-movie%2F",
        "https://www.facebook.com/sharer/sharer.php",
        "https://www.linkedin.com/shareArticle",
        "https://www.reddit.com/submit",
        "https://www.web.whatsapp.com/send?text=https%3A%2F%2Fcollider.com%2Fgod-told-me-to-horror-movie%2F",
        "https://valnetinc.com/en/terms-of-use#community-guidelines",
        "https://reddit.com/submit?url=https%3A%2F%2Fcollider.com%2Fgod-told-me-to-horror-movie%2F",
        "https://twitter.com/intent/tweet",
        "https://linkedin.com/shareArticle?mini=true&url=https%3A%2F%2Fcollider.com%2Fgod-told-me-to-horror-movie%2F&title=God%20Is%20the%20Murderer%20in%20This%20Creepy%20%2770s%20Sci-Fi%20Horror%20Movie&source=collider.com&summary=That%20excuse%20is%20soooo%20overplayed%21"
    ],
    "external_images": [],
    "entities": {
        "persons": [
            {
                "name": "Larry Cohen",
                "sentiment": "none"
            }
        ],
        "organizations": [],
        "locations": []
    },
    "syndication": {
        "syndicated": false,
        "syndicate_id": null,
        "first_syndicated": false
    },
    "trust": null,
    "rating": null,
    "crawled": "2025-02-16T04:40:57.453+02:00",
    "updated": "2025-02-16T10:28:48.101+02:00"
}