{
    "thread": {
        "uuid": "4b47d2f9726b8c9a64423f9e573a1dec38cedc98",
        "url": "https://news.br.crossmap.com/2025/02/17/principal-cantora-da-ad-alagoas-e-suspensa-por-participar-de-evento-de-outro-ministerio",
        "site_full": "news.br.crossmap.com",
        "site": "crossmap.com",
        "site_section": "https://br.crossmap.com",
        "site_categories": [],
        "section_title": "Crossmap - Pesquisa CristÃ£, Portal e Comunidade Online",
        "title": "Principal cantora da AD Alagoas é suspensa por participar de evento de outro ministério - Crossmap News BR",
        "title_full": "Principal cantora da AD Alagoas é suspensa por participar de evento de outro ministério - Crossmap News BR",
        "published": "2025-02-17T15:19:00.000+02:00",
        "replies_count": 0,
        "participants_count": 0,
        "site_type": "news",
        "country": "US",
        "main_image": "",
        "performance_score": 0,
        "domain_rank": 130658,
        "domain_rank_updated": "2025-02-10T23:00:00.000+02:00",
        "social": {
            "facebook": {
                "likes": 0,
                "comments": 0,
                "shares": 0
            },
            "vk": {
                "shares": 0
            }
        }
    },
    "uuid": "4b47d2f9726b8c9a64423f9e573a1dec38cedc98",
    "url": "https://news.br.crossmap.com/2025/02/17/principal-cantora-da-ad-alagoas-e-suspensa-por-participar-de-evento-de-outro-ministerio",
    "ord_in_thread": 0,
    "parent_url": null,
    "author": null,
    "published": "2025-02-17T15:19:00.000+02:00",
    "title": "Principal cantora da AD Alagoas é suspensa por participar de evento de outro ministério - Crossmap News BR",
    "text": "Você está sendo redirecionado para Fuxico Gospel.\nFuxico Gospel.\nSe o seu navegador não o redirecionar para lá, por favor Clique aqui para continuar.\nSe o seu navegador não o redirecionar para lá, por favor Clique aqui para continuar.",
    "highlightText": "",
    "highlightTitle": "",
    "highlightThreadTitle": "",
    "language": "portuguese",
    "sentiment": "negative",
    "categories": [
        "Religion and Belief",
        "Human Interest",
        "Social Issue"
    ],
    "topics": [
        "Religion and Belief->christianity",
        "Religion and Belief->cult",
        "Religion and Belief->religious leader",
        "Social Issue->social networking",
        "Social Issue->communities",
        "Social Issue->religious discrimination"
    ],
    "ai_allow": true,
    "has_canonical": false,
    "breaking": false,
    "webz_reporter": false,
    "external_links": [
        "https://www.fuxicogospel.com.br/",
        "https://www.fuxicogospel.com.br/2025/02/principal-cantora-da-ad-alagoas-e-suspensa-por-participar-de-evento-de-outro-ministerio.html",
        "https://fuxicogospel.com.br/2025/02/principal-cantora-da-ad-alagoas-e-suspensa-por-participar-de-evento-de-outro-ministerio.html",
        "https://www.fuxicogospel.com.br",
        "https://fuxicogospel.com.br/"
    ],
    "external_images": [],
    "entities": {
        "persons": [],
        "organizations": [],
        "locations": []
    },
    "syndication": {
        "syndicated": null,
        "syndicate_id": null,
        "first_syndicated": false
    },
    "trust": null,
    "rating": null,
    "crawled": "2025-02-17T23:21:19.010+02:00",
    "updated": "2025-02-17T23:21:19.010+02:00"
}