{
    "thread": {
        "uuid": "190eebfcbbc0d6d855a57b6b9edfe6b7b74eb28f",
        "url": "https://www.lavanguardia.com/sociedad/20250218/10396641/papa-participara-tampoco-actos-jubilares-proximo-semana-agenciaslv20250218.html",
        "site_full": "www.lavanguardia.com",
        "site": "lavanguardia.com",
        "site_section": "https://www.lavanguardia.com/tecnologia/error-fatal",
        "site_categories": [
            "media",
            "top_news_ar",
            "top_news_ve",
            "top_news_pe",
            "top_news_co",
            "top_news_mx",
            "top_news_cl",
            "top_news_es",
            "top_news"
        ],
        "section_title": "\n                            Error fatal | Tecnología\n",
        "title": "El Papa no participará tampoco en los actos jubilares del próximo fin de semana",
        "title_full": "El Papa no participará tampoco en los actos jubilares del próximo fin de semana",
        "published": "2025-02-18T12:38:00.000+02:00",
        "replies_count": 0,
        "participants_count": 1,
        "site_type": "news",
        "country": "ES",
        "main_image": "https://www.lavanguardia.com/images/default.jpg?h=508b",
        "performance_score": 0,
        "domain_rank": 1393,
        "domain_rank_updated": "2025-02-10T23:00:00.000+02:00",
        "social": {
            "facebook": {
                "likes": 0,
                "comments": 0,
                "shares": 0
            },
            "vk": {
                "shares": 0
            }
        }
    },
    "uuid": "190eebfcbbc0d6d855a57b6b9edfe6b7b74eb28f",
    "url": "https://www.lavanguardia.com/sociedad/20250218/10396641/papa-participara-tampoco-actos-jubilares-proximo-semana-agenciaslv20250218.html",
    "ord_in_thread": 0,
    "parent_url": null,
    "author": "SERVIMEDIA",
    "published": "2025-02-18T12:38:00.000+02:00",
    "title": "El Papa no participará tampoco en los actos jubilares del próximo fin de semana",
    "text": "BUSCAR busqueda avanzada SUSCRÍBETE Secciones Al Minuto Internacional Política Opinión Sociedad Deportes Economía Ciudades Pop Cultura Sucesos Participación Suscriptores Temas A fondo Narrativas visuales En Mejora Continua Fotografía Vídeos Canales La Contra Natural Big Vang Salud Series Cribeo Magazine Viajes Vivo Moveo De Moda Comer Historia y Vida La Uni Vivo Seguro Peludos El Comprador Andro4all Mediterranean Servicios Edició en català Edición Impresa Hemeroteca Podcast EntrenaMentes Empresas de Vanguardia Directorio Empresas Programación TV Películas y Series Libros Loterías Horóscopo Comparativas Descuentos Calculadora sueldo neto La Vanguardia sociedad\n¡Ups! Tu explorador está configurado para bloquear JavaScript. Para usar nuestros servicios, es necesario que lo permitas. El Papa no participará tampoco en los actos jubilares del próximo fin de semana SERVIMEDIA\n18/02/2025 11:38",
    "highlightText": "",
    "highlightTitle": "",
    "highlightThreadTitle": "",
    "language": "spanish",
    "sentiment": "negative",
    "categories": [
        "Religion and Belief",
        "Politics"
    ],
    "topics": [
        "Religion and Belief->religious leader",
        "Religion and Belief->pope",
        "Politics->government",
        "Politics->freedom of religion",
        "Politics->church elections"
    ],
    "ai_allow": true,
    "has_canonical": false,
    "breaking": false,
    "webz_reporter": false,
    "external_links": [
        "https://www.twitter.com/lavanguardia",
        "https://www.facebook.com/LaVanguardia",
        "https://pandg.tapad.com/tag",
        "https://www.instagram.com/lavanguardia",
        "https://sdk.mrf.io/statics",
        "https://www.facebook.com/tr?id=316167066837274&ev=PageView&noscript=1/",
        "https://sb.scorecardresearch.com/p?c1=2&c2=6398301&cs_ucfr=1&cv=2.0&cj=1",
        "https://sb.scorecardresearch.com/p",
        "https://twitter.com/lavanguardia",
        "https://facebook.com/tr?id=316167066837274&ev=PageView&noscript=1/",
        "https://instagram.com/lavanguardia",
        "https://facebook.com/LaVanguardia",
        "https://www.facebook.com/tr",
        "https://www.facebook.com/tr?id=316167066837274&ev=PageView&noscript=1",
        "https://www.sdk.mrf.io/statics",
        "https://www.sb.scorecardresearch.com/p?c1=2&c2=6398301&cs_ucfr=1&cv=2.0&cj=1",
        "https://www.pandg.tapad.com/tag"
    ],
    "external_images": [],
    "entities": {
        "persons": [
            {
                "name": "Papa",
                "sentiment": "none"
            }
        ],
        "organizations": [],
        "locations": []
    },
    "syndication": {
        "syndicated": null,
        "syndicate_id": null,
        "first_syndicated": false
    },
    "trust": null,
    "rating": null,
    "crawled": "2025-02-18T13:00:34.567+02:00",
    "updated": "2025-02-18T13:00:34.567+02:00"
}