{
    "thread": {
        "uuid": "e4f9a7902fb2f90e304b9e010718c1a67e92a6d9",
        "url": "https://www.lakeexpo.com/news/lake_news/beloved-reverend-michael-penn-goes-to-god/article_b6b4df42-ecad-11ef-9835-2387a4c01fb4.html",
        "site_full": "www.lakeexpo.com",
        "site": "lakeexpo.com",
        "site_section": "http://lakeexpo.com/search/?q=&t=article&l=100&d=&d1=&d2=&s=start_time&sd=desc&nsa=eedition&c[]=news/lake_news,news/lake_news/*&f=rss",
        "site_categories": [
            "real_estate",
            "buying_selling_homes",
            "sailing",
            "sports"
        ],
        "section_title": "www.lakeexpo.com - RSS Results in news/lake_news,news/lake_news/* of type article",
        "title": "Beloved Reverend Michael Penn Goes To God",
        "title_full": "Beloved Reverend Michael Penn Goes To God",
        "published": "2025-02-16T12:15:00.000+02:00",
        "replies_count": 0,
        "participants_count": 0,
        "site_type": "news",
        "country": "US",
        "main_image": "https://bloximages.chicago2.vip.townnews.com/lakeexpo.com/content/tncms/assets/v3/editorial/c/f3/cf314df4-ecb1-11ef-b343-bbae3d81a281/67b260c56c33c.image.jpg?crop=1080%2C567%2C0%2C472",
        "performance_score": 0,
        "domain_rank": 89468,
        "domain_rank_updated": "2025-02-17T23:00:00.000+02:00",
        "social": {
            "facebook": {
                "likes": 0,
                "comments": 0,
                "shares": 0
            },
            "vk": {
                "shares": 0
            }
        }
    },
    "uuid": "e4f9a7902fb2f90e304b9e010718c1a67e92a6d9",
    "url": "https://www.lakeexpo.com/news/lake_news/beloved-reverend-michael-penn-goes-to-god/article_b6b4df42-ecad-11ef-9835-2387a4c01fb4.html",
    "ord_in_thread": 0,
    "parent_url": null,
    "author": null,
    "published": "2025-02-16T12:15:00.000+02:00",
    "title": "Beloved Reverend Michael Penn Goes To God",
    "text": "Reverend Michael William Penn died in peace early morning, Friday, February 14, 2025.\nFather Penn was most recently serving as Priest of Our Lady of the Lake Catholic Church in Lake Ozark, Missouri.\nMichael William Penn was born on March 15, 1957, in Kansas City, Missouri.\nFather Penn was preceded in death by his parents Claggett S. Penn and Margaret M. (O’Hare) Penn, and is survived by his brother priests, Delaney Family, relatives, neighbors, and many friends.\nFather Penn attended the following elementary and secondary schools in Kansas City, Missouri: Our Lady of Good Counsel, Guardian Angels, Bishop Lillis High School, and St. John’s Diocesan Seminary.\nPrior to moving to Edina, Fr. Penn worked in various retail and hospitality positions, and assisted in various church and parish ministries. He then attended Penn Valley Community College, Kansas City, Missouri, Northeast Missouri State University, Kirksville, Missouri, and Conception Seminary College, Conception, Missouri where he received his BA in Theology. Fr. Penn then attended Kenrick Seminary in St. Louis, Missouri where he received his Master of Divinity degree. Fr. Penn was ordained on May 31, 2003, at the Cathedral of St. Joseph, Jefferson City by the Most Reverend John R. Gaydos, Bishop of Jefferson City.\nFather Penn pastoral assignments\n– Associate Pastor, Our Lady of Lourdes, Columbia from 2003-2004\n– Pastor, St. Mary, Glasgow from 2004-2010\n– Pastor, St. Joseph, Slater from 2004-2010\n– Pastor, Holy Rosary, Monroe City from 2010-2018\n– Pastor, St. Stephen, Indian Creek from 2010-2018\n– Pastor, St. Joseph, Palmyra from 2011-2018\n– Pastor, St. Joseph, Canton from 2015-2016\n– Pastor, Notre Dame, LaGrange from 2015-2016\n– Pastor, Queen of Peace, Ewing from 2015-2016\n– Pastor, St. Mary, Shelbina from 2016-2018\n– Pastor, St. Patrick, Clarence from 2016-2018\n– Pastor, St. Francis Xavier, Taos from 2018-2022\n– Pastor, Our Lady of the Lake, Lake Ozark from 2022 until his death\nOther positions held by Father Penn:\n– Bishop’s Master of Ceremonies from 2004-2018\n– Senator, Columbia Deanery from 2004-2008\n– Liturgical Commission from 2005-2019\n– Dean, Columbia Deanery from 2006-2007\n– Priest Representative to Diocesan Pastoral Council from 2009-2010\n– Dean, Hannibal Deanery from 2013-2018\n– Ministry to Priests Committee from 2017-2018\n– Priests’ Personnel Board from 2018-2022\n– Ex Officio, Helias Catholic High School Board of Directors from 2019-2022\n– Pastor Review Panel from 2019-2022\n– Served as the Bishop’s delegate to the Fr. Tolton Guild for the cause of canonization of Fr. Tolton from 2010 until his death\n– Presbyteral Council from 2022-2025\nFr. Penn was a Knight of the Equestrian Order of the Holy Sepulchre of Jerusalem and a member of the Knights of Columbus Fourth Degree.\nServices for Reverend Michael William Penn\nA Vigil Service will be held 3:30 p.m., Thursday, February 20, 2025, at Our Lady of the Lake Church, Lake Ozark, Missouri. Visitation will be from 4-7 p.m.\nThere will be an additional visitation from 10 –11 a.m., Friday, February 21, 2025, at the Cathedral of St. Joseph, Jefferson City, Missouri. The concelebrated Mass of Christian Burial will follow at 11 a.m. The Most Reverend W. ShawnMcKnight will preside, with Rev. Gregory Meystrik as homilist. A meal will follow the Mass in Cana Hall.\nOn Sunday, February 23, 2025 there will be a visitation from 3-4 p.m. at St. Joseph Church, Edina, Missouri, with Evening Prayer for the Dead to follow. Burial will be in the St. Joseph Catholic Cemetery in Edina, Missouri immediately after the prayer.\nEternal rest grant to him, O Lord; and let light perpetual shine upon him. May his soul, and the souls of all the faithful departed, through the mercy of God, rest in peace.",
    "highlightText": "",
    "highlightTitle": "",
    "highlightThreadTitle": "",
    "language": "english",
    "sentiment": "negative",
    "categories": [
        "Human Interest",
        "Religion and Belief"
    ],
    "topics": [
        "Human Interest->funeral and memorial service",
        "Religion and Belief->christianity",
        "Religion and Belief->church",
        "Religion and Belief->religious leader"
    ],
    "ai_allow": false,
    "has_canonical": false,
    "breaking": false,
    "webz_reporter": false,
    "external_links": [],
    "external_images": [],
    "entities": {
        "persons": [
            {
                "name": "Michael Penn",
                "sentiment": "negative"
            },
            {
                "name": "Michael William Penn",
                "sentiment": "negative"
            },
            {
                "name": "Margaret M.",
                "sentiment": "none"
            },
            {
                "name": "Delaney",
                "sentiment": "none"
            }
        ],
        "organizations": [
            {
                "name": "Northeast Missouri State University",
                "sentiment": "none"
            },
            {
                "name": "Penn Valley Community College",
                "sentiment": "none"
            },
            {
                "name": "Conception Seminary College",
                "sentiment": "none"
            },
            {
                "name": "Bishop Lillis High School",
                "sentiment": "none"
            }
        ],
        "locations": [
            {
                "name": "St. Louis",
                "sentiment": "none"
            },
            {
                "name": "Fr. Penn",
                "sentiment": "none"
            },
            {
                "name": "Lake",
                "sentiment": "none"
            }
        ]
    },
    "syndication": {
        "syndicated": false,
        "syndicate_id": null,
        "first_syndicated": false
    },
    "trust": null,
    "rating": null,
    "crawled": "2025-02-18T15:38:05.752+02:00",
    "updated": "2025-02-18T15:38:05.752+02:00"
}