{
    "thread": {
        "uuid": "19c1914aae7bdbd172b8c1271aa713db72d7bfe3",
        "url": "https://www.zazoom.it/2025-02-18/papa-francesco-e-la-morte-quello-che-il-pontefice-ha-gia-disposto/16408130",
        "site_full": "www.zazoom.it",
        "site": "zazoom.it",
        "site_section": "https://zazoom.it",
        "site_categories": [
            "media",
            "television",
            "entertainment"
        ],
        "section_title": "Zazoom Social News - Ultime News",
        "title": "Papa Francesco e la morte | quello che il pontefice ha già disposto",
        "title_full": "Papa Francesco e la morte | quello che il pontefice ha già disposto",
        "published": "2025-02-18T18:17:30.400+02:00",
        "replies_count": 0,
        "participants_count": 1,
        "site_type": "news",
        "country": "IT",
        "main_image": "https://media-assets.vanityfair.it/photos/614da53a359cfd59de6a5e8b/16:9/w_1280,c_limit/GettyImages-4680053762.jpg",
        "performance_score": 0,
        "domain_rank": 145567,
        "domain_rank_updated": "2025-02-17T23:00:00.000+02:00",
        "social": {
            "facebook": {
                "likes": 0,
                "comments": 0,
                "shares": 0
            },
            "vk": {
                "shares": 0
            }
        }
    },
    "uuid": "19c1914aae7bdbd172b8c1271aa713db72d7bfe3",
    "url": "https://www.zazoom.it/2025-02-18/papa-francesco-e-la-morte-quello-che-il-pontefice-ha-gia-disposto/16408130",
    "ord_in_thread": 0,
    "parent_url": null,
    "author": "@zazoomblog",
    "published": "2025-02-18T18:17:30.400+02:00",
    "title": "Papa Francesco e la morte | quello che il pontefice ha già disposto",
    "text": "Papa Francesco e la morte | quello che il pontefice ha già disposto\nDalle esequie semplificate alla tomba fuori dalle mura vaticane. Così Papa Francesco vuole cambiare anche il Papato nell’ultimo viaggio e ha cominciato a pensarci subito dopo l'elezioneLeggi su Vanityfair.it\nVanityfair.it - Papa Francesco e la morte: quello che il pontefice ha già disposto\n- Guerra di potere in Vaticano per sostituire il Papa: chi comanda mentre Bergoglio è in ospedale\n- Papa Francesco ricoverato al Gemelli per bronchite: preoccupano le condizioni di salute\n- Papa Francesco dato di nuovo per morto\n- Il Papa: \"Il male ha i giorni contati, guerra e morte non avranno ultima parola\"\n- I funerali dei papi saranno più sobri\n- Funerale del Papa, cambiano le regole: via l’esposizione della salma sul catafalco\n- Papa Francesco, l'ultimo bollettino: \"quadro clinico complesso, ma...\". Come è andata la notte - Nella tarda mattinata di oggi, 18 febbraio, il direttore della Sala Stampa della Santa Sede, Matteo Bruni, ha fatto il punto sulle condizioni ... (iltempo.it)\n- Papa Francesco: pontefice ancora ricoverato in ospedale ma a breve possibili le sue dimissioni - Papa Francesco è attualmente ricoverato in ospedale per la Bronchite che lo ha colpito, la situazione lo ha portato a soffrire di problemi respiratori ma il quadro sta pian piano migliorando con possi ... (notizie.it)\n- Papa Francesco, notte tranquilla per il pontefice ricoverato al Policlinico Gemelli - È trascorsa senza particolari novità, in modo tranquillo, la notte di papa Francesco al Policlinico Gemelli, la terza dopo il ricovero di venerdì scorso per il riacutizzarsi della bronchite e l’infezi ... (ilfattoquotidiano.it)\nVideo Papa Francesco",
    "highlightText": "",
    "highlightTitle": "",
    "highlightThreadTitle": "",
    "language": "italian",
    "sentiment": "negative",
    "categories": [
        "Religion and Belief",
        "Human Interest",
        "Politics"
    ],
    "topics": [
        "Religion and Belief->religious leader",
        "Religion and Belief->christianity",
        "Religion and Belief->religious ritual",
        "Human Interest->funeral and memorial service",
        "Politics->freedom of religion",
        "Politics->government",
        "Politics->political process"
    ],
    "ai_allow": true,
    "has_canonical": false,
    "breaking": false,
    "webz_reporter": false,
    "external_links": [],
    "external_images": [],
    "entities": {
        "persons": [],
        "organizations": [],
        "locations": []
    },
    "syndication": {
        "syndicated": null,
        "syndicate_id": null,
        "first_syndicated": false
    },
    "trust": null,
    "rating": null,
    "crawled": "2025-02-18T18:17:30.400+02:00",
    "updated": "2025-02-18T18:17:30.400+02:00"
}