{
    "thread": {
        "uuid": "35f283692f098bc90d54a7df118ebdc6a50146fd",
        "url": "https://cubasi.cu/es/noticia/papa-francisco-es-hospitalizado-por-una-bronquitis",
        "site_full": "cubasi.cu",
        "site": "cubasi.cu",
        "site_section": "https://cubasi.cu",
        "site_categories": [
            "media"
        ],
        "section_title": "Cuba Si - Noticias de Cuba y el mundo.",
        "title": "Papa Francisco es hospitalizado por una bronquitis | Cuba Si",
        "title_full": "Papa Francisco es hospitalizado por una bronquitis | Cuba Si",
        "published": "2025-02-14T13:14:00.000+02:00",
        "replies_count": 0,
        "participants_count": 0,
        "site_type": "news",
        "country": "CU",
        "main_image": "http://cubasi.cu/sites/default/files/jsjd.jpg",
        "performance_score": 0,
        "domain_rank": 109399,
        "domain_rank_updated": "2025-02-10T23:00:00.000+02:00",
        "social": {
            "facebook": {
                "likes": 0,
                "comments": 0,
                "shares": 0
            },
            "vk": {
                "shares": 0
            }
        }
    },
    "uuid": "35f283692f098bc90d54a7df118ebdc6a50146fd",
    "url": "https://cubasi.cu/es/noticia/papa-francisco-es-hospitalizado-por-una-bronquitis",
    "ord_in_thread": 0,
    "parent_url": null,
    "author": null,
    "published": "2025-02-14T13:14:00.000+02:00",
    "title": "Papa Francisco es hospitalizado por una bronquitis | Cuba Si",
    "text": "Papa Francisco es hospitalizado por una bronquitis\nespeciales\nImagen tomada de\n[https://www.telesurtv.net]\nEl Vaticano anunció este viernes que el papa Francisco fue ingresado en un hospital de Roma con la finalidad de realizarse un diagnóstico y un tratamiento relacionado con la bronquitis que padece desde hace días.\nEl jefe de la Iglesia católica fue internado en el hospital Agostino Gemelli de Roma, minutos después de haber recibido en su residencia Casa Santa Marta al ió, por ejemplo, con el presidente de Eslovaquia, Roberto Fico.\nEl sumo pontífice, de 88 años de edad, ya había presentado dificultades para respirar en los últimos días. El miércoles pasado, dio inicio a la lectural de la catequesis de la audiencia general, sin embargo, pidiò a un colaborador que continuara con la lectura después de presentar un episodio de tos.",
    "highlightText": "",
    "highlightTitle": "",
    "highlightThreadTitle": "",
    "language": "spanish",
    "sentiment": "negative",
    "categories": [
        "Health",
        "Human Interest",
        "Religion and Belief"
    ],
    "topics": [
        "Health->health facility",
        "Health->health treatment and procedure",
        "Health->medical condition",
        "Human Interest->human mishap",
        "Religion and Belief->christianity",
        "Religion and Belief->pope"
    ],
    "ai_allow": true,
    "has_canonical": false,
    "breaking": false,
    "webz_reporter": false,
    "external_links": [],
    "external_images": [],
    "entities": {
        "persons": [],
        "organizations": [],
        "locations": []
    },
    "syndication": {
        "syndicated": null,
        "syndicate_id": null,
        "first_syndicated": false
    },
    "trust": null,
    "rating": null,
    "crawled": "2025-02-14T13:19:21.869+02:00",
    "updated": "2025-02-14T13:19:21.869+02:00"
}