{
    "thread": {
        "uuid": "4d663026f9e31eeebf3deddd4b2f37a18a416099",
        "url": "https://article.wn.com/view/2025/02/19/MAILBAG_FROM_A_YESHIVA_ADMINISTRATOR_The_Chillul_Hashem_Crea",
        "site_full": "article.wn.com",
        "site": "wn.com",
        "site_section": "https://wn.com/world",
        "site_categories": [
            "media"
        ],
        "section_title": "World News - World",
        "title": "MAILBAG FROM A YESHIVA ADMINISTRATOR: The Chillul Hashem Created By Dov Hikind By The Boro ... - Worldnews.com",
        "title_full": "MAILBAG FROM A YESHIVA ADMINISTRATOR: The Chillul Hashem Created By Dov Hikind By The Boro ... - Worldnews.com",
        "published": "2025-02-19T02:00:00.000+02:00",
        "replies_count": 0,
        "participants_count": 0,
        "site_type": "news",
        "country": "US",
        "main_image": "",
        "performance_score": 0,
        "domain_rank": 3648,
        "domain_rank_updated": "2025-02-17T23:00:00.000+02:00",
        "social": {
            "facebook": {
                "likes": 0,
                "comments": 0,
                "shares": 0
            },
            "vk": {
                "shares": 0
            }
        }
    },
    "uuid": "4d663026f9e31eeebf3deddd4b2f37a18a416099",
    "url": "https://article.wn.com/view/2025/02/19/MAILBAG_FROM_A_YESHIVA_ADMINISTRATOR_The_Chillul_Hashem_Crea",
    "ord_in_thread": 0,
    "parent_url": null,
    "author": null,
    "published": "2025-02-19T02:00:00.000+02:00",
    "title": "MAILBAG FROM A YESHIVA ADMINISTRATOR: The Chillul Hashem Created By Dov Hikind By The Boro ... - Worldnews.com",
    "text": "As an administrator of a school located on 50th St. between 13th and 14th Avenues (there are 3 large",
    "highlightText": "",
    "highlightTitle": "",
    "highlightThreadTitle": "",
    "language": "english",
    "sentiment": "negative",
    "categories": [
        "Religion and Belief",
        "Human Interest",
        "Social Issue"
    ],
    "topics": [
        "Religion and Belief->religious leader",
        "Religion and Belief->judaism",
        "Religion and Belief->religious conflict",
        "Social Issue->social problem",
        "Social Issue->communities",
        "Social Issue->diversity, equity and inclusion"
    ],
    "ai_allow": true,
    "has_canonical": false,
    "breaking": false,
    "webz_reporter": false,
    "external_links": [],
    "external_images": [],
    "entities": {
        "persons": [
            {
                "name": "Dov Hikind",
                "sentiment": "negative"
            }
        ],
        "organizations": [],
        "locations": []
    },
    "syndication": {
        "syndicated": false,
        "syndicate_id": null,
        "first_syndicated": false
    },
    "trust": null,
    "rating": null,
    "crawled": "2025-02-19T09:02:09.989+02:00",
    "updated": "2025-02-19T09:02:09.989+02:00"
}