{
    "thread": {
        "uuid": "1ea79f355da973ac9e44c9a3917fecf01d8b8580",
        "url": "https://virtualjerusalem.com/senior-israeli-rabbi-directs-ultra-orthodox-to-withdraw-from-zionist-institutions",
        "site_full": "virtualjerusalem.com",
        "site": "virtualjerusalem.com",
        "site_section": "https://www.virtualjerusalem.com",
        "site_categories": [
            "media",
            "judaism",
            "religion"
        ],
        "section_title": "Virtual Jerusalem | Israel News &amp; Views",
        "title": "Senior Israeli Rabbi Directs Ultra-Orthodox to Withdraw from Zionist Institutions",
        "title_full": "Senior Israeli Rabbi Directs Ultra-Orthodox to Withdraw from Zionist Institutions",
        "published": "2025-02-18T18:15:00.000+02:00",
        "replies_count": 0,
        "participants_count": 1,
        "site_type": "news",
        "country": "US",
        "main_image": "",
        "performance_score": 0,
        "domain_rank": 189856,
        "domain_rank_updated": "2025-02-17T23:00:00.000+02:00",
        "social": {
            "facebook": {
                "likes": 0,
                "comments": 0,
                "shares": 0
            },
            "vk": {
                "shares": 0
            }
        }
    },
    "uuid": "1ea79f355da973ac9e44c9a3917fecf01d8b8580",
    "url": "https://virtualjerusalem.com/senior-israeli-rabbi-directs-ultra-orthodox-to-withdraw-from-zionist-institutions",
    "ord_in_thread": 0,
    "parent_url": null,
    "author": "VJ Editor",
    "published": "2025-02-18T18:15:00.000+02:00",
    "title": "Senior Israeli Rabbi Directs Ultra-Orthodox to Withdraw from Zionist Institutions",
    "text": "JERUSALEM – Rabbi Dov Landau, a prominent leader within Israel’s Lithuanian ultra-Orthodox community, has instructed representatives of the Degel HaTorah political party to withdraw from all participation in Zionist institutions, citing ideological differences. In a letter published in the ultra-Orthodox daily Yated Ne’eman, Landau criticized Zionism as a secular movement “rooted in heresy and rebellion […]| Read More VINnews",
    "highlightText": "",
    "highlightTitle": "",
    "highlightThreadTitle": "",
    "language": "english",
    "sentiment": "negative",
    "categories": [
        "Politics",
        "Social Issue",
        "Religion and Belief"
    ],
    "topics": [
        "Politics->freedom of religion",
        "Politics->political process",
        "Politics->government",
        "Social Issue->diversity, equity and inclusion",
        "Social Issue->religious discrimination",
        "Religion and Belief->judaism",
        "Religion and Belief->religious leader",
        "Religion and Belief->religious conflict"
    ],
    "ai_allow": true,
    "has_canonical": false,
    "breaking": false,
    "webz_reporter": false,
    "external_links": [
        "https://vinnews.com/2025/02/18/senior-rabbi-directs-ultra-orthodox-to-withdraw-from-zionist-institutions/",
        "https://i0.wp.com/vinnews.com/wp-content/uploads/2025/02/606108-768x502.jpeg?resize=696%2C455&#038;ssl=1",
        "https://www.i0.wp.com/vinnews.com/wp-content/uploads/2025/02/606108-768x502.jpeg?resize=696%2C455&#038;ssl=1",
        "https://i0.wp.com/vinnews.com/wp-content/uploads/2025/02/606108-768x502.jpeg",
        "https://vinnews.com/2025/02/18/senior-rabbi-directs-ultra-orthodox-to-withdraw-from-zionist-institutions",
        "https://www.vinnews.com/2025/02/18/senior-rabbi-directs-ultra-orthodox-to-withdraw-from-zionist-institutions/"
    ],
    "external_images": [],
    "entities": {
        "persons": [
            {
                "name": "Dov Landau",
                "sentiment": "none"
            }
        ],
        "organizations": [],
        "locations": []
    },
    "syndication": {
        "syndicated": false,
        "syndicate_id": null,
        "first_syndicated": false
    },
    "trust": null,
    "rating": null,
    "crawled": "2025-02-18T23:42:53.376+02:00",
    "updated": "2025-02-18T23:42:53.376+02:00"
}