{
    "thread": {
        "uuid": "55e45cc55d2f2ae55c236a1b23cb84fba13faf42",
        "url": "https://sarajevotimes.com/jubilee-audience-cancelled-as-pope-francis-is-treated-for-bronchitis-in-hospital",
        "site_full": "sarajevotimes.com",
        "site": "sarajevotimes.com",
        "site_section": "https://world.einnews.com/ajax/headlines",
        "site_categories": [],
        "section_title": "",
        "title": "Jubilee Audience cancelled as Pope Francis is treated for Bronchitis in Hospital",
        "title_full": "Jubilee Audience cancelled as Pope Francis is treated for Bronchitis in Hospital",
        "published": "2025-02-14T20:00:00.000+02:00",
        "replies_count": 0,
        "participants_count": 1,
        "site_type": "news",
        "country": "US",
        "main_image": "https://sarajevotimes.com/wp-content/uploads/2016/09/pope-francis.jpg",
        "performance_score": 0,
        "domain_rank": 77207,
        "domain_rank_updated": "2025-02-10T23:00:00.000+02:00",
        "social": {
            "facebook": {
                "likes": 0,
                "comments": 0,
                "shares": 0
            },
            "vk": {
                "shares": 0
            }
        }
    },
    "uuid": "55e45cc55d2f2ae55c236a1b23cb84fba13faf42",
    "url": "https://sarajevotimes.com/jubilee-audience-cancelled-as-pope-francis-is-treated-for-bronchitis-in-hospital",
    "ord_in_thread": 0,
    "parent_url": null,
    "author": "admin",
    "published": "2025-02-14T20:00:00.000+02:00",
    "title": "Jubilee Audience cancelled as Pope Francis is treated for Bronchitis in Hospital",
    "text": "Following the hospitalization of Pope Francis who is being treated for bronchitis at the Agostino Gemelli Polyclinic Hospital in Rome, adjustments have been made to the upcoming Jubilee events.\nA Holy See Press Office statement on Friday said “The Jubilee Audience scheduled for tomorrow, February 15, has been canceled. The Holy Mass for the Jubilee of Artists and the World of Culture, set to take place on Sunday, February 16, will be presided over by His Eminence Cardinal José Tolentino de Mendonça, Prefect of the Dicastery for Culture and Education”.\n“Furthermore, the meeting with artists, originally planned for Monday at Cinecittà, will not take place due to the Pope’s inability to attend,” the statement continued.\nThe Holy See Press Office announced on Friday morning that Pope Francis would be admitted to the Agostino Gemelli Polyclinic hospital following his morning audiences, explaining that the Pope was scheduled to undergo several diagnostic tests and continue treatment for his ongoing bout of bronchitis.\nThe Holy Father has been suffering from bronchitis for several days, as he has noted during a couple of public audiences.\nHe has asked his collaborators to read his prepared remarks at the last two Wednesday General Audiences, among other events.\nAlready on February 6, the Holy See Press Office had released a statement noting that the Pope was suffering from bronchitis and would hold his audiences at his residence in the Casa Santa Marta, Vatican News writes.",
    "highlightText": "",
    "highlightTitle": "",
    "highlightThreadTitle": "",
    "language": "english",
    "sentiment": "negative",
    "categories": [
        "Health",
        "Religion and Belief",
        "Social Issue"
    ],
    "topics": [
        "Health->health facility",
        "Health->hospital",
        "Religion and Belief->pope",
        "Religion and Belief->christianity",
        "Religion and Belief->religious leader",
        "Social Issue->social services",
        "Social Issue->ageism",
        "Social Issue->social condition"
    ],
    "ai_allow": true,
    "has_canonical": false,
    "breaking": false,
    "webz_reporter": false,
    "external_links": [],
    "external_images": [],
    "entities": {
        "persons": [
            {
                "name": "Agostino Ge",
                "sentiment": "negative"
            },
            {
                "name": "José Tolentino de Mendonça",
                "sentiment": "none"
            },
            {
                "name": "Pope Francis",
                "sentiment": "none"
            }
        ],
        "organizations": [
            {
                "name": "Holy See Press Office",
                "sentiment": "none"
            }
        ],
        "locations": []
    },
    "syndication": {
        "syndicated": false,
        "syndicate_id": "55e45cc55d2f2ae55c236a1b23cb84fba13faf42",
        "first_syndicated": true
    },
    "trust": null,
    "rating": null,
    "crawled": "2025-02-14T21:02:12.194+02:00",
    "updated": "2025-02-14T21:02:12.194+02:00"
}