{
    "thread": {
        "uuid": "55fd402f306931aa66b04d8e9772b7aff34f316a",
        "url": "https://english.aaj.tv/news/330403359/black-indians-are-not-allowed-the-story-of-building-a-unique-church-aaj-news",
        "site_full": "english.aaj.tv",
        "site": "aaj.tv",
        "site_section": "https://news.google.com/search?q=are%20when%3a1h&hl=en-us&gl=us&ceid=us%3aen",
        "site_categories": [],
        "section_title": "Google News - Search",
        "title": "Black Indians Are Not Allowed': The Story of Building a Unique Church - Aaj News",
        "title_full": "Black Indians Are Not Allowed': The Story of Building a Unique Church - Aaj News",
        "published": "2025-02-17T20:00:00.000+02:00",
        "replies_count": 0,
        "participants_count": 0,
        "site_type": "news",
        "country": "PK",
        "main_image": "https://i.ytimg.com/vi/_EhXBYHp9ac/maxresdefault.jpg",
        "performance_score": 0,
        "domain_rank": 105423,
        "domain_rank_updated": "2025-02-10T23:00:00.000+02:00",
        "social": {
            "facebook": {
                "likes": 0,
                "comments": 0,
                "shares": 0
            },
            "vk": {
                "shares": 0
            }
        }
    },
    "uuid": "55fd402f306931aa66b04d8e9772b7aff34f316a",
    "url": "https://english.aaj.tv/news/330403359/black-indians-are-not-allowed-the-story-of-building-a-unique-church-aaj-news",
    "ord_in_thread": 0,
    "parent_url": null,
    "author": null,
    "published": "2025-02-17T20:00:00.000+02:00",
    "title": "Black Indians Are Not Allowed': The Story of Building a Unique Church - Aaj News",
    "text": "Tuesday 18 February 2025 | 19 Shaban 1446 اردو Tuesday, February 18, 2025 19 Shaban 1446 Climate change Petrol prices Latest Pakistan World Business & Economy Sports Life & Style Videos Search Search Home Latest Covid-19 — No Confidence — Elections Don't Miss the Latest News Subscribing is the best way to get our best stories immediately.\nMaybe later Allow Notifications Black Indians Are Not Allowed’: The Story of Building a Unique Church - Aaj News Black Indians Are Not Allowed': The Story of Building a Unique Church - Aaj News 17 Feb, 2025 Videos Black Indians Are Not Allowed’: The Story of Building a Unique Church - Aaj News Facebook Twitter Whatsapp Comments Related Stories\nChildhood Friends or Mortal Enemies?| Analysis by Amir Zia - Aaj News\nModi’s US visit, a warning for Pakistan - Aaj News\nOpposition’s Preparations for a Major Alliance, PTI’s Internal Disorder, Why Confrontation?|Aaj News\nElections Rigging: Salman Akram Raja Seeks Supreme Court Notice! - Aaj News\nModi’s US visit, a major challenge for Pakistan, and India-US defense deal analysis by Amir Zia\nProgress in Mustafa Murder Case in Karachi - 11PM Headlines - Aaj News Comments 1000 Characters Taboola Taboola ads will show in this div Most Popular\nAmerican woman, heartbroken over Pakistani lover, detained in Dubai\nCheck now as Rs1,500 prize bond winners list for November 15 draw released\nMustafa murder case: Accused Armaghan’s dark past unveiled\nAmerican woman, heartbroken over Pakistani lover, detained in Dubai\nCheck now as Rs1,500 prize bond winners list for November 15 draw released\nMustafa murder case: Accused Armaghan’s dark past unveiled Latest\nWorld Bank pledges $40 billion investment in Pakistan\nFather of prime suspect in Mustafa murder case claims son is innocent, blames Shiraz for killing\nAaj News goes inside house of Mustafa murder case’s prime suspect in Karachi’s Defence\nLive TV\nPopular\nAmerican woman, heartbroken over Pakistani lover, detained in Dubai\nCheck now as Rs1,500 prize bond winners list for November 15 draw released\nMustafa murder case: Accused Armaghan’s dark past unveiled\nEarthquake shocks felt in Islamabad, Rawalpindi\nPakistan wins Basmati rice ownership battle against India in global market\nMustafa Amir Murder case | Special interview with Kamran Qureshi, father of accused Armaghan Latest\nWorld Bank pledges $40 billion investment in Pakistan\nFather of prime suspect in Mustafa murder case claims son is innocent, blames Shiraz for killing\nAaj News goes inside house of Mustafa murder case’s prime suspect in Karachi’s Defence\nLight rain continues in Karachi’s various areas as weather system moves from Balochistan\nSenate approves salary and perks increase bill amid opposition protest\nShair Afzal Marwat: Nawaz Sharif was ousted with Gen Bajwa and Saqib Nisar’s collaboration Contact Us | Privacy Policy | About Us | Careers | Authors | Transmission | Aaj TV | Aaj Entertainment | Business Recorder 2025 © AAJ English TV. All Rights Reserved.",
    "highlightText": "",
    "highlightTitle": "",
    "highlightThreadTitle": "",
    "language": "english",
    "sentiment": "negative",
    "categories": [
        "Social Issue",
        "Religion and Belief"
    ],
    "topics": [
        "Social Issue->national or ethnic minority",
        "Social Issue->diversity, equity and inclusion",
        "Social Issue->discrimination",
        "Religion and Belief->relations between religion and government",
        "Religion and Belief->religious conflict",
        "Religion and Belief->church"
    ],
    "ai_allow": true,
    "has_canonical": false,
    "breaking": false,
    "webz_reporter": false,
    "external_links": [],
    "external_images": [],
    "entities": {
        "persons": [],
        "organizations": [],
        "locations": []
    },
    "syndication": {
        "syndicated": false,
        "syndicate_id": null,
        "first_syndicated": false
    },
    "trust": null,
    "rating": null,
    "crawled": "2025-02-17T20:09:56.707+02:00",
    "updated": "2025-02-17T21:33:21.685+02:00"
}