{
    "thread": {
        "uuid": "ae2eafa3ff9fcf5c2273dc70c69c2366bc9e6665",
        "url": "https://www.torinoggi.it/2025/10/02/leggi-notizia/argomenti/ultimora-2/articolo/maltempo-oggi-sullitalia-piogge-e-temporali-e-allerta.html",
        "site_full": "www.torinoggi.it",
        "site": "torinoggi.it",
        "site_section": "http://www.torinoggi.it/rss.xml",
        "site_categories": [
            "media"
        ],
        "section_title": "Torinoggi.it",
        "site_title": "Torinoggi.it&nbsp;-&nbsp;Notizie Torino - News e video in tempo reale di cronaca, politica, attualità, eventi",
        "title": "Maltempo oggi sull'Italia, piogge e temporali: è allerta",
        "title_full": "Maltempo oggi sull'Italia, piogge e temporali: è allerta",
        "published": "2025-10-02T08:21:00.000+03:00",
        "replies_count": 0,
        "participants_count": 1,
        "site_type": "news",
        "country": "IT",
        "main_image": "https://www.torinoggi.it/fileadmin/archivio/adnkronos/imported/www.adnkronos.com_resources_029e-1edc3a72259c-f4ad4ac187f9-1000_format_medium_maltempo_pioggia_ombrelli_ipa.jpeg.jpeg",
        "performance_score": 0,
        "domain_rank": 182374,
        "domain_rank_updated": "2025-09-29T00:00:00.000+03:00",
        "licensing_agency": [],
        "social": {
            "facebook": {
                "likes": 0,
                "comments": 0,
                "shares": 0
            },
            "vk": {
                "shares": 0
            }
        }
    },
    "uuid": "ae2eafa3ff9fcf5c2273dc70c69c2366bc9e6665",
    "url": "https://www.torinoggi.it/2025/10/02/leggi-notizia/argomenti/ultimora-2/articolo/maltempo-oggi-sullitalia-piogge-e-temporali-e-allerta.html",
    "ord_in_thread": 0,
    "author": "webinfo@adnkronos.com (Web Info)",
    "published": "2025-10-02T08:21:00.000+03:00",
    "title": "Maltempo oggi sull'Italia, piogge e temporali: è allerta",
    "text": "(Adnkronos) - Ancora maltempo oggi, giovedì 2 ottobre, sull'Italia. Si prevede pioggia, temporali e venti da forti a burrasca. Secondo il bollettino della Protezione civile sono diverse le regioni a rischio.\nUn’area di bassa pressione, in approfondimento sui settori ionici, convoglia aria fredda dai Balcani verso l’Italia, accompagnata da precipitazioni a prevalente carattere temporalesco e da venti di burrasca provenienti da Nord, che localmente raggiungeranno anche intensità di burrasca forte, specie sulle regioni centro-meridionali del Paese.\nSulla base dei fenomeni previsti è stata valutata per la giornata di oggi - per rischio idraulico, temporali e idrogeologico - allerta gialla in Puglia, Molise e settori di Abruzzo, Basilicata, Calabria e Sicilia.\nLa Protezione civile della regione Campania ha inoltre emanato un avviso di allerta meteo valido sull'intero territorio per vento forte e mare agitato lungo le coste fino alle 20 di domani, venerdì 3 ottobre.",
    "highlightText": "",
    "highlightTitle": "",
    "highlightThreadTitle": "",
    "language": "italian",
    "sentiment": "negative",
    "categories": [
        "Weather"
    ],
    "topics": [
        "Weather->weather phenomena",
        "Weather->weather warning"
    ],
    "ai_allow": true,
    "has_canonical": false,
    "breaking": null,
    "webz_reporter": false,
    "external_links": [],
    "external_images": [],
    "internal_images": [],
    "entities": {
        "persons": [],
        "locations": [
            {
                "name": "Basilicata",
                "sentiment": "none"
            },
            {
                "name": "Calabria",
                "sentiment": "none"
            },
            {
                "name": "Abruzzo",
                "sentiment": "none"
            },
            {
                "name": "Sicilia",
                "sentiment": "none"
            },
            {
                "name": "Molise",
                "sentiment": "none"
            },
            {
                "name": "Puglia",
                "sentiment": "none"
            }
        ],
        "organizations": [
            {
                "name": "Adnkronos",
                "sentiment": "none",
                "tickers": [
                    {
                        "ticker": null,
                        "exchange": null
                    }
                ]
            },
            {
                "name": "Italia",
                "sentiment": "none",
                "tickers": [
                    {
                        "ticker": null,
                        "exchange": null
                    }
                ]
            },
            {
                "name": "Protezione civile",
                "sentiment": "none",
                "tickers": [
                    {
                        "ticker": null,
                        "exchange": null
                    }
                ]
            }
        ]
    },
    "syndication": {
        "syndicated": null,
        "syndicate_id": null,
        "first_syndicated": false
    },
    "trust": {
        "categories": [],
        "top_news": [],
        "bias": null,
        "source": {
            "type": null,
            "city": null,
            "state": null,
            "country": null,
            "domain_type": null,
            "agency": null,
            "organization_name": null
        }
    },
    "rating": null,
    "crawled": "2025-10-02T09:44:22.594+03:00",
    "updated": "2025-10-02T09:57:52.000+03:00"
}