{
    "thread": {
        "uuid": "25457823335d858aa830edd4edc5acb7dc444c7a",
        "url": "https://news.1777.ru/117031-magnitnyy-shtorm-prodolzhaetsya-treti-sutki-na-fone-anomalnogo-solnechnogo-vetra",
        "site_full": "news.1777.ru",
        "site": "1777.ru",
        "site_section": "http://news.1777.ru/rss/yandex",
        "site_categories": [
            "media"
        ],
        "section_title": "Новости Ставрополя и Ставропольского края",
        "site_title": null,
        "title": "Магнитный шторм продолжается третьи сутки на фоне аномального солнечного ветра",
        "title_full": "Магнитный шторм продолжается третьи сутки на фоне аномального солнечного ветра",
        "published": "2025-10-02T08:55:00.000+03:00",
        "replies_count": 0,
        "participants_count": 1,
        "site_type": "news",
        "country": "RU",
        "main_image": "https://media.1777.ru/images/images_processing/506/5064749814925592.jpeg",
        "performance_score": 0,
        "domain_rank": 71110,
        "domain_rank_updated": "2025-09-29T00:00:00.000+03:00",
        "licensing_agency": [],
        "social": {
            "facebook": {
                "likes": 0,
                "comments": 0,
                "shares": 0
            },
            "vk": {
                "shares": 0
            }
        }
    },
    "uuid": "25457823335d858aa830edd4edc5acb7dc444c7a",
    "url": "https://news.1777.ru/117031-magnitnyy-shtorm-prodolzhaetsya-treti-sutki-na-fone-anomalnogo-solnechnogo-vetra",
    "ord_in_thread": 0,
    "author": "1777.ru",
    "published": "2025-10-02T08:55:00.000+03:00",
    "title": "Магнитный шторм продолжается третьи сутки на фоне аномального солнечного ветра",
    "text": "Магнитная буря, начавшаяся утром во вторник, продолжается уже более 50 часов. Шторм держится в диапазоне G1-G3, большую часть времени находясь на среднем уровне с отдельными сильными пиками.\nГлавным фактором, поддерживающим возмущённое состояние магнитосферы, остаётся исключительно высокая скорость солнечного ветра. Она стабильно держится около красной экстремально высокой границы в районе 700-800 км/с, а временами показывает отдельные пики в 900 км/с. Нормальными считаются значения 300-450 км/с.\nВ настоящее время высокая скорость ветра поддерживается сразу двумя внешними факторами: повышенной вспышечной активностью и воздействием на Землю со стороны крупной корональной дыры. В зону действия последней планета вошла ночью, сообщили в Лаборатории солнечной астрономии ИКИ РАН.\nПо состоянию на начало дня позитивных новостей по стабилизации обстановки нет.",
    "highlightText": "",
    "highlightTitle": "",
    "highlightThreadTitle": "",
    "language": "russian",
    "sentiment": "negative",
    "categories": [
        "Weather",
        "Environment"
    ],
    "topics": [
        "Weather->weather phenomena",
        "Environment->energy resources",
        "Environment->climate change",
        "Environment->environmental pollution"
    ],
    "ai_allow": true,
    "has_canonical": false,
    "breaking": null,
    "webz_reporter": false,
    "external_links": [],
    "external_images": [],
    "internal_images": [],
    "entities": {
        "persons": [],
        "locations": [],
        "organizations": []
    },
    "syndication": {
        "syndicated": null,
        "syndicate_id": null,
        "first_syndicated": false
    },
    "trust": {
        "categories": [],
        "top_news": [],
        "bias": null,
        "source": {
            "type": null,
            "city": null,
            "state": null,
            "country": null,
            "domain_type": null,
            "agency": null,
            "organization_name": null
        }
    },
    "rating": null,
    "crawled": "2025-10-02T10:45:40.451+03:00",
    "updated": "2025-10-02T10:52:07.000+03:00"
}