{
    "thread": {
        "uuid": "5da39954330d1dec09b862501b20f31718cdc9c5",
        "url": "https://nigeria.shafaqna.com/EN/AL/7493360",
        "site_full": "nigeria.shafaqna.com",
        "site": "shafaqna.com",
        "site_section": "http://nigeria.shafaqna.com/rss.xml",
        "site_categories": [
            "media",
            "top_news_iq",
            "top_news"
        ],
        "section_title": "Nigeria News (News Reader) | ",
        "site_title": "Nigeria News (News Reader)",
        "title": "Again, Federal Govt Warns Of Flooding In 7 Northern States",
        "title_full": "Again, Federal Govt Warns Of Flooding In 7 Northern States",
        "published": "2025-10-02T07:07:00.000+03:00",
        "replies_count": 0,
        "participants_count": 0,
        "site_type": "news",
        "country": "NG",
        "main_image": "",
        "performance_score": 0,
        "domain_rank": 29809,
        "domain_rank_updated": "2025-09-29T00:00:00.000+03:00",
        "licensing_agency": [],
        "social": {
            "facebook": {
                "likes": 0,
                "comments": 0,
                "shares": 0
            },
            "vk": {
                "shares": 0
            }
        }
    },
    "uuid": "5da39954330d1dec09b862501b20f31718cdc9c5",
    "url": "https://nigeria.shafaqna.com/EN/AL/7493360",
    "ord_in_thread": 0,
    "author": null,
    "published": "2025-10-02T07:07:00.000+03:00",
    "title": "Again, Federal Govt Warns Of Flooding In 7 Northern States",
    "text": "The Federal Ministry of Environment s National Flood Early Warning Centre (FEW Centre) has issued a flood warning alert in addition to the prediction of 29th September, 2025. A circular signed by the ministry’s director of the Erosion, Food, and Coastal Zone Management Department, Usman Abdullahi Bokani, listed the locations and their environs likely to experience [ ]\nleadership- 2 hours ago\nAgain, Federal Govt Warns Of Flooding In 7 Northern States\nLatest News\n-\n-\n-\n-\n-\n-\n-\n-\n-\n-\n-\n-\n-\n-\n-\n-\n-\n-\n-\n-\n-\n-\n-\n-\n-\n-\n-\n-\n-\n-\n-\n-\n-\n-\n-\n-\n-\n-\n-\n-\n-\n-\n-\n-\n-\n-\n-\n-\n-\n-\n-\n-\n-\n-\n-\n-\n-\n-\n-\n-\n-\n-\n-\n-\n-\n-\n-\n-\n-\n-\n-\n-\n-\n-\n-\n-\n-\n-\n-\n-\n-\n-\n-\n-\n-\n-\n-\n-\n-\n-\n-\n-\n-\n-\n-\n-\n-\n-\n-\n-\n-\n-\n-\n-\n-\n-\n-\n-\n-\n-\n-\n-\n-\n-\n-\n-\n-\n-\n-\n-",
    "highlightText": "",
    "highlightTitle": "",
    "highlightThreadTitle": "",
    "language": "english",
    "sentiment": "negative",
    "categories": [
        "Weather",
        "Environment",
        "Social Issue"
    ],
    "topics": [
        "Weather->weather warning",
        "Environment->natural resources",
        "Environment->water",
        "Social Issue->social problem",
        "Social Issue->communities",
        "Social Issue->social condition"
    ],
    "ai_allow": true,
    "has_canonical": false,
    "breaking": null,
    "webz_reporter": false,
    "external_links": [],
    "external_images": [],
    "internal_images": [],
    "entities": {
        "persons": [
            {
                "name": "Usman Abdullahi Bokani",
                "sentiment": "none"
            }
        ],
        "locations": [],
        "organizations": [
            {
                "name": "Coastal Zone Management Department",
                "sentiment": "none",
                "tickers": [
                    {
                        "ticker": null,
                        "exchange": null
                    }
                ]
            }
        ]
    },
    "syndication": {
        "syndicated": false,
        "syndicate_id": null,
        "first_syndicated": false
    },
    "trust": {
        "categories": [],
        "top_news": [
            "top_news_iq",
            "top_news"
        ],
        "bias": null,
        "source": {
            "type": null,
            "city": null,
            "state": null,
            "country": null,
            "domain_type": null,
            "agency": null,
            "organization_name": null
        }
    },
    "rating": null,
    "crawled": "2025-10-02T08:44:38.842+03:00",
    "updated": "2025-10-03T09:06:48.000+03:00"
}