{
    "thread": {
        "uuid": "72c977d936ad4d6dd0360a3b5bef2a8e32e0d509",
        "url": "https://www.news.de/lokales/855971885/wetter-das-unterallgaeu-warnung-und-wettervorhersage-stuendlich-fuer-heute-02-10-2025/1/",
        "site_full": "www.news.de",
        "site": "news.de",
        "site_section": "https://www.news.de/rss/849808580/lokales",
        "site_categories": [
            "media",
            "top_news_de",
            "top_news"
        ],
        "section_title": "",
        "site_title": "news.de - mehr als Nachrichten und News, die Sie bewegen",
        "title": "Wetterwarnung das Unterallgäu heute: Nebel in der Region möglich",
        "title_full": "Wetterwarnung das Unterallgäu heute: Nebel in der Region möglich",
        "published": "2025-10-02T09:08:00.000+03:00",
        "replies_count": 0,
        "participants_count": 1,
        "site_type": "news",
        "country": "DE",
        "main_image": "https://media.news.de/images/858100649/images/74/ea/1570b9372c53ce440352b8407469/nopic/no_pic/1200/675/1/1/-/63/1024/576/-/-/der-dwd-warnung-nebel-symbolbild_858100649_1200x675_fef168742d2c339f4517800d59ec8458.jpg",
        "performance_score": 0,
        "domain_rank": 27132,
        "domain_rank_updated": "2025-09-29T00:00:00.000+03:00",
        "licensing_agency": [],
        "social": {
            "facebook": {
                "likes": 0,
                "comments": 0,
                "shares": 0
            },
            "vk": {
                "shares": 0
            }
        }
    },
    "uuid": "72c977d936ad4d6dd0360a3b5bef2a8e32e0d509",
    "url": "https://www.news.de/lokales/855971885/wetter-das-unterallgaeu-warnung-und-wettervorhersage-stuendlich-fuer-heute-02-10-2025/1/",
    "ord_in_thread": 0,
    "author": "alx/roj/news.de",
    "published": "2025-10-02T09:08:00.000+03:00",
    "title": "Wetterwarnung das Unterallgäu heute: Nebel in der Region möglich",
    "text": "- Nebel für\nUnterallgäuvorhergesagt - Wird heute Morgen zwischen 04:48 und 09:00 Uhr erwartet\n- Mehrere Gemeinden sind in der Region betroffen\ndas Unterallgäu - Warnung wegen Nebel erwartet\nLaut einer Wetterwarnung soll es heute (Do) am 02.10.2025, zwischen 04:48 und 09:00 Uhr in Unterallgäu neblig werden. Der Deutsche Wetterdienst (DWD) gab dazu gegen 06:17 Uhr eine entsprechende Warnung für die Region heraus. Dort heißt es: \"Es tritt gebietsweise Nebel mit Sichtweiten unter 150 Metern auf.\"\nFür folgende Gemeinden gilt die Wetterwarnung:\nAmberg/MN - Apfeltrach - Bad Grönenbach - Bad Wörishofen - Benningen - Breitenbrunn/MN - Buxheim/MN - Böhen - Dirlewang - Erkheim - Ettringen - Hawangen - Heimertingen - Holzgünz - Kammlach - Kronburg - Lachen - Lauben/MN - Lautrach - Legau - M.Rettenbach - Markt Wald - Memmingerberg - Mindelheim - Niederrieden - Oberrieden - Ottobeuren - Pfaffenhausen - Rammingen - Salgen - Sontheim - Stetten - Trunkelsberg - Tussenhausen - Türkheim - Ungerhausen - Ungerhauser Wa. - Unteregg - Westerheim - Wiedergeltingen - Wolfertschwend. - Woringen\nAußerdem rät der Wetterdienst aus Sicherheitsgründen, Folgendes zu meiden, bzw. einzuhalten:\n- Fahrverhalten an plötzlich auftretende Sichtbehinderungen (Nebelbänke) anpassen\nWeitere Warnungen für Unterallgäu\nFür Unterallgäu liegt für heute noch eine weitere Warnmeldung vor Frost vor. Die Warnung des DWD gilt für den Zeitraum zwischen dem 02.10.2025, 00:00 und dem 02.10.2025, 07:00 Uhr. In dieser heißt es: \"Vor allem in Tal- und Muldenlagen tritt leichter Frost um -1 °C auf.\"\nDiese Seite wird je nach Wetterlage mit den neuesten Unwettermeldungen der Region aktualisiert. Wenn Sie sich über aktuelle Unwetter in Unterallgäu informieren wollen, speichern Sie gern diese Seite als Lesezeichen ab.\n+++ Redaktioneller Hinweis: Dieser Text wurde mithilfe der Warnmeldung des Deutschen Wetterdienstes (DWD) vom 02.10.25 Uhr und aktuellen Daten von OpenWeather für die stündliche Vorhersage erstellt. Zwischen Warnmeldung und stündlicher Vorhersage kann es aufgrund der Daten aus verschiedenen Messstationen zu Abweichungen innerhalb der Region kommen. Um Sie schnellstmöglich zu informieren, werden diese Texte täglich datengetrieben aktualisiert und stichprobenartig kontrolliert. Bei Anmerkungen oder Rückfragen wenden Sie sich bitte an hinweis@news.de. +++\ndas Unterallgäu: Weitere aktuelle Nachrichten\nalx/roj/news.de\nErfahren Sie hier mehr über die journalistischen Standards und die Redaktion von news.de.",
    "highlightText": "",
    "highlightTitle": "",
    "highlightThreadTitle": "",
    "language": "german",
    "sentiment": "negative",
    "categories": [
        "Weather",
        "Social Issue",
        "Environment"
    ],
    "topics": [
        "Weather->weather warning",
        "Social Issue->demographics",
        "Social Issue->social services",
        "Social Issue->communities",
        "Environment->environmental pollution",
        "Environment->climate change"
    ],
    "ai_allow": true,
    "has_canonical": false,
    "breaking": null,
    "webz_reporter": false,
    "external_links": [
        "https://www.dwd.de/DE/wetter/warnungen_gemeinden/warnkarten/warnkarten_node.html",
        "https://dwd.de/DE/wetter/warnungen_gemeinden/warnkarten/warnkarten_node.html"
    ],
    "external_images": [],
    "internal_images": [],
    "entities": {
        "persons": [],
        "locations": [
            {
                "name": "Bad Wörishofen",
                "sentiment": "none"
            },
            {
                "name": "Pfaffenhausen",
                "sentiment": "none"
            },
            {
                "name": "Memmingerberg",
                "sentiment": "none"
            },
            {
                "name": "Breitenbrunn",
                "sentiment": "none"
            },
            {
                "name": "Unterallgäu",
                "sentiment": "none"
            },
            {
                "name": "Westerheim",
                "sentiment": "none"
            },
            {
                "name": "Mindelheim",
                "sentiment": "none"
            },
            {
                "name": "Ettringen",
                "sentiment": "none"
            },
            {
                "name": "Benningen",
                "sentiment": "none"
            },
            {
                "name": "Türkheim",
                "sentiment": "none"
            },
            {
                "name": "Kronburg",
                "sentiment": "none"
            },
            {
                "name": "Sontheim",
                "sentiment": "none"
            },
            {
                "name": "Stetten",
                "sentiment": "none"
            },
            {
                "name": "Amberg",
                "sentiment": "none"
            }
        ],
        "organizations": [
            {
                "name": "Deutsche Wetterdienst",
                "sentiment": "none",
                "tickers": [
                    {
                        "ticker": null,
                        "exchange": null
                    }
                ]
            },
            {
                "name": "DWD",
                "sentiment": "none",
                "tickers": [
                    {
                        "ticker": null,
                        "exchange": null
                    }
                ]
            }
        ]
    },
    "syndication": {
        "syndicated": null,
        "syndicate_id": null,
        "first_syndicated": false
    },
    "trust": {
        "categories": [],
        "top_news": [
            "top_news_de",
            "top_news"
        ],
        "bias": null,
        "source": {
            "type": null,
            "city": null,
            "state": null,
            "country": null,
            "domain_type": null,
            "agency": null,
            "organization_name": null
        }
    },
    "rating": null,
    "crawled": "2025-10-02T10:24:55.829+03:00",
    "updated": "2025-10-02T10:31:12.000+03:00"
}