{
    "thread": {
        "uuid": "1529976344356de4e3df15c4df1a0f28e64ba4ab",
        "url": "https://tsargrad.tv/novost/vetnam-preduprezhdaet-o-nastupajushhem-tajfune-matmo-nad-juzhnym-kitaem_1388842",
        "site_full": "tsargrad.tv",
        "site": "tsargrad.tv",
        "site_section": "https://spb.tsargrad.tv/novost",
        "site_categories": [
            "television",
            "entertainment",
            "top_news_ru",
            "top_news"
        ],
        "section_title": "Свежие новости России и мира сегодня - лента последних новостей дня",
        "site_title": "Телеканал Царьград последние новости онлайн",
        "title": "Вьетнам предупреждает о наступающем тайфуне \"Матмо\" над Южным Китаем",
        "title_full": "Вьетнам предупреждает о наступающем тайфуне \"Матмо\" над Южным Китаем",
        "published": "2025-10-02T09:39:00.000+03:00",
        "replies_count": 0,
        "participants_count": 1,
        "site_type": "news",
        "country": "RU",
        "main_image": "https://img.tsargrad.tv/cache/8/8/9433266906840594_titels_world-2.webp/w1056h594fill.webp",
        "performance_score": 0,
        "domain_rank": 17521,
        "domain_rank_updated": "2025-09-29T00:00:00.000+03:00",
        "licensing_agency": [],
        "social": {
            "facebook": {
                "likes": 0,
                "comments": 0,
                "shares": 0
            },
            "vk": {
                "shares": 0
            }
        }
    },
    "uuid": "1529976344356de4e3df15c4df1a0f28e64ba4ab",
    "url": "https://tsargrad.tv/novost/vetnam-preduprezhdaet-o-nastupajushhem-tajfune-matmo-nad-juzhnym-kitaem_1388842",
    "ord_in_thread": 0,
    "author": "tsargrad.tv",
    "published": "2025-10-02T09:39:00.000+03:00",
    "title": "Вьетнам предупреждает о наступающем тайфуне \"Матмо\" над Южным Китаем",
    "text": "Вьетнам предупреждает о наступающем тайфуне \"Матмо\" над Южным Китаем\nНа Вьетнам движется тайфун \"Матмо\", усилившийся в Южно-Китайском море. Это уже 11-й тайфун в регионе в этом сезоне. Предыдущий шторм \"Буалой\" привёл к погибшим, пропавшим без вести и значительным разрушениям, нанеся огромный ущерб стране.\nНовый тайфун, образовавшийся над Южно-Китайским морем, направляется в сторону Вьетнама. Данную информацию предоставили в Национальном центре гидрометеорологического прогнозирования Вьетнама.\nКак уточнили в центре, тропическая депрессия, зародившаяся в восточной части Филиппин, переросла в тайфун, который начнёт движение через Южно-Китайское море уже 3 октября. В течение следующих 24-х часов тайфун, названный на международной арене \"Матмо\", будет располагаться поблизости восточного побережья филиппинского острова Лусон, двигаясь на северо-запад со скоростью 20-25 км/ч.\nНачиная с 4 октября, северо-восточные районы Южно-Китайского моря, включая воды Парасельских островов, будут подвержены сильным ветрам, грозам, смерчам и высоким волнам.\nДля Вьетнама \"Матмо\" станет 11-м тайфуном этого сезона. Предыдущий тайфун, \"Буалой\", который обрушился на северные и центральные регионы страны на этой неделе, стал причиной гибели, как минимум, 29 человек, ещё 22 числятся пропавшими без вести. Проливные дожди, вызванные тайфуном \"Буалой\", привели к сильному паводку, в результате которого были повреждены более 144,7 тысячи домов в северных и центральных провинциях, свыше 20 тысяч из них были полностью затоплены, пострадали почти 1,1 тысячи школ.\nВласти Вьетнама предварительно оценили материальный ущерб от этого стихийного бедствия в 8,016 миллиарда донгов (примерно $304 млн).",
    "highlightText": "",
    "highlightTitle": "",
    "highlightThreadTitle": "",
    "language": "russian",
    "sentiment": "negative",
    "categories": [
        "Weather",
        "Environment"
    ],
    "topics": [
        "Weather->weather phenomena",
        "Weather->weather warning",
        "Environment->natural resources",
        "Environment->sustainability",
        "Environment->climate change"
    ],
    "ai_allow": true,
    "has_canonical": false,
    "breaking": null,
    "webz_reporter": false,
    "external_links": [],
    "external_images": [],
    "internal_images": [],
    "entities": {
        "persons": [],
        "locations": [],
        "organizations": []
    },
    "syndication": {
        "syndicated": null,
        "syndicate_id": null,
        "first_syndicated": false
    },
    "trust": {
        "categories": [],
        "top_news": [
            "top_news_ru",
            "top_news"
        ],
        "bias": null,
        "source": {
            "type": null,
            "city": null,
            "state": null,
            "country": null,
            "domain_type": null,
            "agency": null,
            "organization_name": null
        }
    },
    "rating": null,
    "crawled": "2025-10-02T10:52:58.844+03:00",
    "updated": "2025-10-03T11:07:24.000+03:00"
}