{
    "thread": {
        "uuid": "361fd8564d259654a5beb3d2ecfac543570f131c",
        "url": "https://mil.ifeng.com/c/8n7QzDLRI5f",
        "site_full": "mil.ifeng.com",
        "site": "ifeng.com",
        "site_section": "https://mil.ifeng.com/shanklist/3-35201-/",
        "site_categories": [
            "jobs",
            "us_military",
            "top_news_hk",
            "top_news_tw",
            "top_news"
        ],
        "section_title": "社会_资讯_手机凤凰网",
        "site_title": null,
        "title": "突遇极端天气！上百辆车被困！紧急封路！上海人傻眼了_凤凰网",
        "title_full": "突遇极端天气！上百辆车被困！紧急封路！上海人傻眼了_凤凰网",
        "published": "2025-10-02T10:38:00.000+03:00",
        "replies_count": 0,
        "participants_count": 0,
        "site_type": "news",
        "country": "CN",
        "main_image": "",
        "performance_score": 0,
        "domain_rank": 685,
        "domain_rank_updated": "2025-09-29T00:00:00.000+03:00",
        "licensing_agency": [],
        "social": {
            "facebook": {
                "likes": 0,
                "comments": 0,
                "shares": 0
            },
            "vk": {
                "shares": 0
            }
        }
    },
    "uuid": "361fd8564d259654a5beb3d2ecfac543570f131c",
    "url": "https://mil.ifeng.com/c/8n7QzDLRI5f",
    "ord_in_thread": 0,
    "author": null,
    "published": "2025-10-02T10:38:00.000+03:00",
    "title": "突遇极端天气！上百辆车被困！紧急封路！上海人傻眼了_凤凰网",
    "text": "“一阵秋雨一场凉”\n这句话在上海遭遇滑铁卢\n一场大雨又把上海拉回夏天\n这两天\n不少人被上海的天气\n搞得没脾气\n在国庆假期前\n不少计划来上海旅游的网友\n发帖询问来上海要注意什么\n上海天气如何？\n该准备什么衣服\n上海网友回答：\n“短袖和外套\n但外套基本穿不上\n除非喜欢半夜出去溜达”\n官方回答：注意防暑\n昨天，副热带高压西伸加强\n上海的最高气温逐日上升\n未来一周最高气温都在30℃及以上\n10月5-6日的最高气温可达34℃\n接近高温线\n上海天气总结：\n气温高，湿度大，体感闷热\n↓↓↓\n今天多云到阴\n局部地区有短时阵雨\n傍晚前后雨势变得明显\n转为多云到阴有时有阵雨或雷雨\n今天气温比昨天略有上升\n全天在25-31℃之间\n东南风4-5级\n沿江沿海地区阵风有6级\n相对湿度95-60%\n假期大半段时间，上海暑气未消，提醒市民外出注意防暑。 假期最后两天，随着北方弱冷空气扩散南下，上海的最高气温降至30℃附近。\n正值国庆假期\n来关注全国天气\n快看看你在的城市天气怎么样？\n1-5日，华西地区、黄淮等地多降雨， 甘肃东部、宁夏南部、陕西中南部、四川东部、重庆西部和北部、湖北西部、河南、山东中南部、苏皖中北部等地 将有中到大雨，局地有暴雨或大暴雨。\n4日夜间至6日， 广东西南部、广西南部、海南以及云南南部等地的部分地区有大到暴雨，局地有大暴雨。\n6-8日， 将有冷空气影响北方地区，西北地区东部、华北中南部有中到大雨、局部暴雨。\n有假期在新疆旅游的坊友吗？\n10月1日\n不少游客发视频称\n新疆喀纳斯下大雪\n现场视频显示\n景区内白茫茫一片\n观鱼台的台阶上布满了积雪\n喀纳斯景区管委会工作人员透露\n目前景区正常开放\n但观鱼台处于关闭状态\n喀纳斯景区下雪图片（图源：网络视频截图）\n“国庆期间这几天雨雪天气较多，一般这种天气情况下，观鱼台会关闭。” 景区工作人员介绍，当地从早上七八点开始下雪，一直持续到现在。目前景区正常营业。今天游客较多，受降雪影响，当地道路通行难度较大。为保障通行安全，景区已实施交通管制，并安排车辆进行积雪清理。\n喀纳斯神仙湾仍能游览（视频截图）\n据北京青年报报道，受近期极端天气影响，喀纳斯景区暂停开放所有徒步线路。\n9月30日，有网友发视频称， 她在新疆阿勒泰地区阿禾公路自驾游时，天空突然下起大雪， 路上还有不少车辆和她一样被困在了路上，10月1日凌晨2点才回到阿勒泰市区。\n新疆阿勒泰地区阿禾公路突降大雪（视频截图）\n据视频画面显示，9月30日下午2时30分左右， 阿禾公路上雪花飘飘，四周白茫茫一片，不少私家车由于大雪停在了路上。\n视频拍摄者称，当天她驾车前往禾木景区，刚上阿禾公路时只有小雨， 没想到路上突然下起了大雪，“全部都是白茫茫的，啥也看不见”。 晚上8时30分，她再次发布视频称，阿禾公路上仍旧是风雪交加，路边的积雪已没过了脚踝，虽然铲车将积雪清除了几次，但路面已经结冰，有上百辆车被困在路上。\n阿禾公路有私家车因大雪被困（视频截图）\n视频中，视频拍摄者称，她来自陕西，9月30日下午自驾经过阿禾公路时遇到了大雪被困，“我长这么大第一次见这么大的雪，从来没想到新疆会下这么大的雪”， 等待救援时她的车由于路面较滑被撞了2次，但幸好人没有事 。在评论区，她回复称，10月1日凌晨2点，她终于安全到达了位于市区的酒店。\n阿勒泰市交通警察大队一名工作人员告诉记者， 目前阿禾公路已经封路，被困人员已经全部安全撤出，但仍有上百台私家车被困在路上， 后续会安排拖车有序救援， 预计到10月3日阿禾公路才会恢复通行 ，具体视天气情况而定。\n据公开资料显示，阿勒泰地区喀纳斯景区，简称喀纳斯景区，位于新疆维吾尔自治区阿尔泰山中段，地处中国与哈萨克斯坦、俄罗斯、蒙古国接壤地带，景区面积10030平方千米。阿勒泰地区喀纳斯景区主要包括哈纳斯国家级自然保护区、喀纳斯国家地质公园、白哈巴国家森林公园、贾登峪国家森林公园、喀纳斯河谷、禾木河谷、禾木草原、那仁草原及禾木村、白哈巴村、喀纳斯村三个原始图瓦村落等八大自然景观区和三大人文景观区。\n新疆阿勒泰：阿禾公路\n同样，10月1日\n国庆长假第一天\n西藏纳木措 大雪飘飘\n令不少游客大饱眼福\n有人惊叹宛若仙境\n网友发布的视频显示，前往纳木措的公路上有不少雪，汽车行驶速度较慢，公路两侧的山坡上已盖了厚厚一层积雪。\n1日中午12时许，纳木措景区工作人员称，纳木措的气温已经到了0℃以下， 以往国庆假期还没开始降温，一般不会下雪，今年的情况比较特殊。 到1日中午，游客情况和往常差不多，开车过来需要小心行驶。\n资料显示，纳木措位于西藏中部的当雄县，湖面海拔4718米，湖泊面积约1961平方公里，是中国第三大咸水湖，也是全球海拔最高的大型湖泊。2023年，纳木措景区获评国家4A级旅游景区。\n在 青海西宁日月山景区\n10月1日清晨\n多名网友发帖称下雪了\n山上白茫茫一片，被积雪覆盖\n该景区工作人员称，下雪不会影响游客参观，目前山上草坪已被积雪覆盖，路面基本无积雪。 不影响景区正常营业，国庆期间游客相比平时更多。\n日月山下雪现场图（图源：网络视频截图）\n日月山景区现场图片（图源：网络视频截图）\n据公开资料显示，日月山位于青海省湟源县西南40公里处，属祁连山脉支脉，全长90公里，平均海拔4000米，主峰阿勒大湾山海拔4877米，青藏公路穿越的日月山口海拔3520米。它地处黄土高原与青藏高原的叠合区，是青海农耕文明与游牧文明的天然分界线。\n你国庆在哪个城市旅游呢？\n是热的要死、秋高气爽、还是天寒地冻？\n来源：新闻坊综合自上海市天气、极目新闻、网友评论、小红书\n举报 打开 app 阅读更多精彩内容 热点新闻",
    "highlightText": "",
    "highlightTitle": "",
    "highlightThreadTitle": "",
    "language": "chinese",
    "sentiment": "negative",
    "categories": [
        "Weather",
        "Disaster and Accident",
        "Human Interest"
    ],
    "topics": [
        "Weather->weather phenomena",
        "Weather->weather warning",
        "Disaster and Accident->emergency response",
        "Disaster and Accident->natural disaster"
    ],
    "ai_allow": true,
    "has_canonical": false,
    "breaking": true,
    "webz_reporter": false,
    "external_links": [],
    "external_images": [],
    "internal_images": [],
    "entities": {
        "persons": [],
        "locations": [],
        "organizations": []
    },
    "syndication": {
        "syndicated": null,
        "syndicate_id": null,
        "first_syndicated": false
    },
    "trust": {
        "categories": [],
        "top_news": [
            "top_news_hk",
            "top_news_tw",
            "top_news"
        ],
        "bias": null,
        "source": {
            "type": null,
            "city": null,
            "state": null,
            "country": null,
            "domain_type": null,
            "agency": null,
            "organization_name": null
        }
    },
    "rating": null,
    "crawled": "2025-10-02T10:53:33.089+03:00",
    "updated": "2025-10-02T10:57:36.000+03:00"
}