{
    "thread": {
        "uuid": "ccfa49cd988e85b2fcbf3f1234700f1b5f470dd1",
        "url": "https://www.bhaskar.com/local/uttar-pradesh/gorakhpur/news/rain-became-a-hindrance-in-gorakhpur-136069332.html",
        "site_full": "www.bhaskar.com",
        "site": "bhaskar.com",
        "site_section": "http://www.bhaskar.com/rss-feed/2052/",
        "site_categories": [
            "tech",
            "email",
            "top_news_in",
            "top_news_kw",
            "top_news_ae",
            "top_news"
        ],
        "section_title": "उत्तरप्रदेश | दैनिक भास्कर",
        "site_title": "Hindi News; Latest Hindi News, Breaking Hindi News Live, Hindi Samachar (हिंदी समाचार), Hindi News Paper Today - Dainik Bhaskar",
        "title": "Rain became a hindrance in Gorakhpur | गोरखपुर में बारिश बनी बाधा: रात भर चलने वाले मेले में पसरा सन्नाटा, मायूस हो कर घर लौटे श्रद्धालु - Gorakhpur News | Dainik Bhaskar",
        "title_full": "Rain became a hindrance in Gorakhpur | गोरखपुर में बारिश बनी बाधा: रात भर चलने वाले मेले में पसरा सन्नाटा, मायूस हो कर घर लौटे श्रद्धालु - Gorakhpur News | Dainik Bhaskar",
        "published": "2025-10-02T08:39:00.000+03:00",
        "replies_count": 0,
        "participants_count": 1,
        "site_type": "news",
        "country": "IN",
        "main_image": "https://images.bhaskarassets.com/thumb/730x0/web2images/521/2025/10/02/whatsappvideo2025-10-02at105350am-ezgifcom-resize_1759383320.gif",
        "performance_score": 0,
        "domain_rank": 20048,
        "domain_rank_updated": "2025-09-29T00:00:00.000+03:00",
        "licensing_agency": [],
        "social": {
            "facebook": {
                "likes": 0,
                "comments": 0,
                "shares": 0
            },
            "vk": {
                "shares": 0
            }
        }
    },
    "uuid": "ccfa49cd988e85b2fcbf3f1234700f1b5f470dd1",
    "url": "https://www.bhaskar.com/local/uttar-pradesh/gorakhpur/news/rain-became-a-hindrance-in-gorakhpur-136069332.html",
    "ord_in_thread": 0,
    "author": "दैनिक भास्कर",
    "published": "2025-10-02T08:39:00.000+03:00",
    "title": "Rain became a hindrance in Gorakhpur | गोरखपुर में बारिश बनी बाधा: रात भर चलने वाले मेले में पसरा सन्नाटा, मायूस हो कर घर लौटे श्रद्धालु - Gorakhpur News | Dainik Bhaskar",
    "text": "लोगों का कहना था कि इस दिन का इंतजार वे पूरे साल करते हैं, लेकिन बारिश की वजह से ठीक से दर्शन भी नहीं कर पाए। किसी ने एक-दो मूर्तियों के दर्शन किए और फिर घर लौटना पड़ा। बारिश शुरू होते ही आयोजकों ने मूर्तियों को तिरपाल से ढकने की कोशिश की, ताकि प्रतिमा को नुकसान न हो। सुबह होते ही पंडालों को फिर से खोला गया। वहीं खुले में स्टॉल लगाने वाले वेंडरों को भी परेशानी का सामना करना पड़ा और उन्हें अपना सामान पैक कर घर लौटना पड़ा। कब हुई बारिश? शाम लगभग 8 बजे से हल्की बारिश रुक-रुक कर शुरू हुई थी। रात 11:30 बजे के बाद तेज हवाओं के साथ जोरदार बारिश हुई, जिससे पूरा इलाका भीग गया।",
    "highlightText": "",
    "highlightTitle": "",
    "highlightThreadTitle": "",
    "language": "hindi",
    "sentiment": "negative",
    "categories": [
        "Weather",
        "Social Issue",
        "Human Interest"
    ],
    "topics": [
        "Weather->weather phenomena",
        "Social Issue->communities",
        "Social Issue->social condition",
        "Social Issue->demographics"
    ],
    "ai_allow": true,
    "has_canonical": false,
    "breaking": null,
    "webz_reporter": false,
    "external_links": [],
    "external_images": [],
    "internal_images": [],
    "entities": {
        "persons": [],
        "locations": [],
        "organizations": []
    },
    "syndication": {
        "syndicated": null,
        "syndicate_id": null,
        "first_syndicated": false
    },
    "trust": {
        "categories": [],
        "top_news": [
            "top_news_in",
            "top_news_kw",
            "top_news_ae",
            "top_news"
        ],
        "bias": null,
        "source": {
            "type": null,
            "city": null,
            "state": null,
            "country": null,
            "domain_type": null,
            "agency": null,
            "organization_name": null
        }
    },
    "rating": null,
    "crawled": "2025-10-02T09:53:21.049+03:00",
    "updated": "2025-10-03T10:08:17.000+03:00"
}