{
    "thread": {
        "uuid": "28feed6f7c0a3a76b6f94581bb1d8a05030be6f8",
        "url": "https://progorod43.ru/news/135594",
        "site_full": "progorod43.ru",
        "site": "progorod43.ru",
        "site_section": "https://m.progorod43.ru/rss.xml",
        "site_categories": [
            "media"
        ],
        "section_title": "Новости Кирова и Кировской области | Про Город Киров",
        "site_title": "Новости Кирова и Кировской области | Про Город Киров",
        "title": "Заморозки скуют Центральную Россию раньше обычного: синоптики назвали точную дату",
        "title_full": "Заморозки скуют Центральную Россию раньше обычного: синоптики назвали точную дату",
        "published": "2025-10-02T08:30:00.000+03:00",
        "replies_count": 0,
        "participants_count": 1,
        "site_type": "news",
        "country": "RU",
        "main_image": "",
        "performance_score": 0,
        "domain_rank": 175088,
        "domain_rank_updated": "2025-09-29T00:00:00.000+03:00",
        "licensing_agency": [],
        "social": {
            "facebook": {
                "likes": 0,
                "comments": 0,
                "shares": 0
            },
            "vk": {
                "shares": 0
            }
        }
    },
    "uuid": "28feed6f7c0a3a76b6f94581bb1d8a05030be6f8",
    "url": "https://progorod43.ru/news/135594",
    "ord_in_thread": 0,
    "author": "Валерия Веселова",
    "published": "2025-10-02T08:30:00.000+03:00",
    "title": "Заморозки скуют Центральную Россию раньше обычного: синоптики назвали точную дату",
    "text": "Заморозки скуют Центральную Россию раньше обычного: синоптики назвали точную дату\n- 08:30 2 октября\nВалерия Веселова\nНаучный руководитель Гидрометцентра России Роман Вильфанд предупредил о приближающихся ночных заморозках, которые затронут большинство регионов европейской части страны. Резкое похолодание ожидается в ближайшие дни и может представлять опасность для сельского хозяйства и теплолюбивых растений.\nТемпературные рекорды: европейская часть России\nСиноптики прогнозируют значительное понижение температуры в ночные часы:\nЦентральный федеральный округ\n- Ивановская, Костромская, Ярославская области: до -5°C\n- Московская область: до -4°C\n- Тамбовская, Воронежская, Курская области: до -2°C\nПриволжский федеральный округ\n- Татарстан, Башкирия: -2...-5°C\n- Пензенская, Ульяновская, Самарская области: -2...-5°C\nЮжные регионы\n- Астраханская, Волгоградская области: до -2°C\n- Республика Калмыкия: до -2°C\nУральский округ\n-\nСвердловская область: -2...-5°C\nАрктическое вторжение: причины аномалии\nМетеорологи объясняют майские заморозки влиянием арктических воздушных масс, которые активно продвигаются в центральные регионы страны. Атмосферные процессы характеризуются:\n- Установлением антициклона\n- Отсутствием облачности в ночные часы\n- Интенсивным выхолаживанием приземного слоя воздуха\n- Преобладанием северных ветров\nСельскохозяйственные риски и рекомендации\nЭксперты советуют садоводам и фермерам принять защитные меры:\n- Укрыть теплолюбивые культуры агроволокном\n- Использовать дымовые завесы для защиты садов\n- Отложить высадку рассады в открытый грунт\n- Обеспечить дополнительное укрытие многолетников\nЯкутия: экстремальные холода в мае\nНаиболее впечатляющие температурные аномалии ожидаются в Якутии:\n- Температура на 5-10 градусов ниже климатической нормы\n- Ночные показатели до -19...-21°C\n- Устойчивый антициклон над северными территориями\nПрогноз на ближайшую неделю\nМетеорологи обещают постепенное выравнивание температурного фона:\n- Восстановление сезонных значений к концу недели\n- Ослабление влияния арктического воздуха\n- Постепенное прогревание приземных слоев атмосферы\nСпециалисты рекомендуют жителям указанных регионов следить за обновлениями прогнозов и принимать необходимые меры для защиты растений и комфортного самочувствия в период аномальных холодов.\nИсточник: РИА Новости",
    "highlightText": "",
    "highlightTitle": "",
    "highlightThreadTitle": "",
    "language": "russian",
    "sentiment": "negative",
    "categories": [
        "Weather",
        "Environment",
        "Social Issue"
    ],
    "topics": [
        "Weather->weather forecast",
        "Weather->weather phenomena",
        "Environment->climate change",
        "Environment->global warming"
    ],
    "ai_allow": true,
    "has_canonical": false,
    "breaking": null,
    "webz_reporter": false,
    "external_links": [
        "https://ria.ru/20251001/vilfand-2045540696.html",
        "https://www.ria.ru/20251001/vilfand-2045540696.html"
    ],
    "external_images": [],
    "internal_images": [],
    "entities": {
        "persons": [],
        "locations": [],
        "organizations": []
    },
    "syndication": {
        "syndicated": null,
        "syndicate_id": null,
        "first_syndicated": false
    },
    "trust": {
        "categories": [],
        "top_news": [],
        "bias": null,
        "source": {
            "type": null,
            "city": null,
            "state": null,
            "country": null,
            "domain_type": null,
            "agency": null,
            "organization_name": null
        }
    },
    "rating": null,
    "crawled": "2025-10-02T09:50:17.435+03:00",
    "updated": "2025-10-02T10:01:16.000+03:00"
}