{
    "thread": {
        "uuid": "d07f5700f556bed0f48cd5292d5b956e1c1418db",
        "url": "https://www.maz-online.de/lokales/prignitz/wittenberge/droht-ein-hochwasser-der-wasserstand-der-elbe-bei-wittenberge-am-02-10-2025-ZDSIOIT3FVHJHFN43XPDIGSD6M.html",
        "site_full": "www.maz-online.de",
        "site": "maz-online.de",
        "site_section": "https://maz-online.de/lokales/prignitz",
        "site_categories": [
            "media",
            "top_news_de",
            "top_news"
        ],
        "section_title": "Prignitz",
        "site_title": "MAZ - Märkische Allgemeine Zeitung",
        "title": "Droht ein Hochwasser? Der Wasserstand der Elbe bei Wittenberge am 02.10.2025",
        "title_full": "Droht ein Hochwasser? Der Wasserstand der Elbe bei Wittenberge am 02.10.2025",
        "published": "2025-10-02T07:04:00.000+03:00",
        "replies_count": 0,
        "participants_count": 1,
        "site_type": "news",
        "country": "DE",
        "main_image": "https://www.maz-online.de/resizer/v2/JGVL72QSJ5HTRL62EXC3KOMKIU.jpg?auth=42b477fb698c5bf6a49242b39f691cae95510378bd363125d3d4ebea789fcfde&amp;quality=70&amp;width=1200&amp;height=630&amp;smart=true",
        "performance_score": 0,
        "domain_rank": 25298,
        "domain_rank_updated": "2025-09-29T00:00:00.000+03:00",
        "licensing_agency": [],
        "social": {
            "facebook": {
                "likes": 0,
                "comments": 0,
                "shares": 0
            },
            "vk": {
                "shares": 0
            }
        }
    },
    "uuid": "d07f5700f556bed0f48cd5292d5b956e1c1418db",
    "url": "https://www.maz-online.de/lokales/prignitz/wittenberge/droht-ein-hochwasser-der-wasserstand-der-elbe-bei-wittenberge-am-02-10-2025-ZDSIOIT3FVHJHFN43XPDIGSD6M.html",
    "ord_in_thread": 0,
    "author": "Kilian Haller",
    "published": "2025-10-02T07:04:00.000+03:00",
    "title": "Droht ein Hochwasser? Der Wasserstand der Elbe bei Wittenberge am 02.10.2025",
    "text": "Der Wasserstand der Elbe bei Wittenberge am 02.10.2025\nWittenberge. Die Elbe hat in den vergangenen Jahrzehnten immer wieder für Überflutungen gesorgt, etwa bei den großen Hochwassern 2002 oder 2013. Wir zeigen in diesem Artikel, wie der aktuelle Wasserstand der Elbe ausfällt und erklären, welche Hochwasserwarnstufen es gibt.\nFAQ zum Hochwasser\nGibt es aktuell Hochwasser-Warnungen für Brandenburg?Wie verhalte ich mich bei Hochwasser?Wie hoch ist der Elbepegel bei Wittenberge aktuell?Was bedeuten die Werte „Mittleres Niedrigwasser” und „Mittleres Hochwasser”?Wann ist Hochwasser erreicht? Welche Warnstufen gibt es?Die aktuelle Ganglinie (Wasserstände) der Elbe bei WittenbergeWelche Pegelwerte sollten die Menschen in Wittenberge kennen?Werden im Hochwasserfall Autos in Wittenberge abgeschleppt? Wo muss ich mich dann melden?Was Sie sonst zum Thema „Hochwasser“ wissen müssenRückblick: Das waren vergangene Hochwasser in der RegionWie wird der Pegel gemessen?Was bedeuten die Abkürzungen MHW, MNW oder HHW?Wie wird bei Hochwasser gewarnt?Wann und wie wird bei Hochwasser evakuiert?Wie lang sind die Elbbrücken bei Wittenberge?Was war der niedrigste Wasserstand der Elbe?Was war der höchste Wasserstand der Elbe?Ist das Angeln in der Elbe bei Wittenberge erlaubt?\nGibt es aktuell Hochwasser-Warnungen für Brandenburg?\nWie verhalte ich mich bei Hochwasser?\n„Die situationsbezogenen Hinweise der Behörden und Organisationen mit Sicherheitsaufgaben in Presse und Medien sollten befolgt werden“, sagt Martin Ferch von der Stadt Wittenberge „Einsatzkräfte sollten nicht durch Schaulustige behindert werden.“\nWie hoch ist der Elbepegel bei Wittenberge aktuell?\nWas bedeuten die Werte „Mittleres Niedrigwasser” und „Mittleres Hochwasser”?\nÜber einen bestimmten Zeitraum werden die Tiefst- und Höchstwerte der Messstelle erfasst und dann gemittelt. So kommen die Werte „Mittleres Niedrigwasser“ (MNW) und „Mittleres Hochwasser“ (MHW) zustande. In der Regel kann das Mittlere Niedrigwasser so berechnet werden: Pro Jahr wird der Jahrestiefstwert erhoben und dann über zehn Jahre gemittelt. Diese Werte geben allerdings noch keine Auskunft darüber, ob\n- Straßen nahe der Pegelmessstation überflutet werden\n- Schiffe fahren dürfen oder nicht\nWann ist Hochwasser erreicht? Welche Warnstufen gibt es?\nWann welche Alarmstufe ausgelöst wird, ist von Bundesland zu Bundesland unterschiedlich. Diese Stufen gelten für Brandenburg:\n- Alarmstufe 1: Kleines Hochwasser. Beginn der Ausuferung der Gewässer.\n- Alarmstufe 2: Mittleres Hochwasser. Überflutung von Grünland oder forstwirtschaftlichen Flächen, Ausuferung bis an den Deichfuß.\n- Alarmstufe 3: Großes Hochwasser. Überflutung einzelner Grundstücke, Straßen oder Keller, Vernässung von Polderflächen durch Drängewasser, Deichwasserstände bis halbe Deichhöhe.\n- Alarmstufe 4: Sehr großes Hochwasser. Überflutung größerer Flächen einschließlich Straßen und Anlagen in bebauten Gebieten.\nHier können Sie eine Übersicht sehen, wie die Stufen in den einzelnen Bundesländern gehandhabt werden.\nDie aktuelle Ganglinie (Wasserstände) der Elbe bei Wittenberge\nWelche Pegelwerte sollten die Menschen in Wittenberge kennen?\n„Bei circa vier Meter Wasserstand der Elbe beginnt das Wasser am Nedwighafen auf den Parkplatz zu laufen“, sagt Martin Ferch von der Stadt Wittenberge. Der Parkplatz werde daher vorher durch das Ordnungsamt gesperrt.\nEine Sperrung der Elbbrücken war übrigens auch bei einem Wasserstand von 7,85 Metern (historischer Höchstwert) im Jahr 2013 nicht notwendig. „Diese Entscheidung ist jedoch nicht nur vom Wasserstand abhängig, sondern auch vom Treibgut und sonstigen besonderen Bedingungen und wird daher bei Bedarf durch den Krisenstab getroffen“, so Ferch.\nWerden im Hochwasserfall Autos in Wittenberge abgeschleppt? Wo muss ich mich dann melden?\n„Zur Eigentumssicherung werden Fahrzeuge im Ausnahmefall abgeschleppt“, sagt Martin Ferch von der Stadt Wittenberge. Bisher sei das jedoch noch nicht notwendig gewesen. „Ein solcher Vorgang würde vom Ordnungsamt der Stadt Wittenberge eingeleitet werden“, so Ferch, die Polizei des Landkreises Prignitz würde dann eine entsprechende Information erhalten.\nWas Sie sonst zum Thema „Hochwasser“ wissen müssen\nRückblick: Das waren vergangene Hochwasser in der Region\nWie wird der Pegel gemessen?\n„In einem Pegelhaus ist ein Messsystem (unterschiedlich je nach Anforderung am Gewässer) mit einem Sensor eingebaut, das den Wasserstand aufzeichnet“, erklärt eine Sprecherin von der Wasserstraßen- und Schifffahrtsverwaltung des Bundes. „Dieses ist verbunden mit einem Datenlogger, der die Werte elektronisch speichert und digital als Zeitreihe umwandelt.“ Der Datenlogger sendet die Werte dann an das WSV-Netz.\nWas bedeuten die Abkürzungen MHW, MNW oder HHW?\n- MW: Mittlerer Wasserstand. Gemeint ist der durchschnittliche Wasserstand für eine bestimmte Zeitspanne (1 bis 10 Monate oder mehre Jahre). Für die Elbe bei Wittenberge beträgt er 243 Zentimeter für die Zeit vom 01.11.2010 bis 31.10.2020.\n- MNW: Mittlerer Niedrigwasserstand oder „Mittleres Niedrigwasser“. Gemeint ist der gemittelte niedrige Wasserstand für eine bestimmte Zeitspanne. Für jedes Jahr gibt es einen Wasserstandwert, den niedrigsten Wert des Jahres. Bei einer zehn-jährigen Reihe sind dies zehn Werte. Diese zehn Werte werden addiert und durch die Anzahl der Werte geteilt, in diesem Fall also zehn. Für die Elbe bei Wittenberge beträgt er 112 Zentimeter für die Zeit vom 01.11.2010 bis 31.10.2020.\n- MHW: Mittlerer Hochwasserstand oder „Mittleres Hochwasser“. Gemeint ist der gemittelte hohe Wasserstand für eine bestimmte Zeitspanne. Für jedes Jahr gibt es einen Wasserstandwert, den höchsten Wert des Jahres. Bei einer zehn-jährigen Reihe sind dies zehn Werte. Diese zehn Werte werden addiert und durch die Anzahl der Werte geteilt, in diesem Fall also zehn. Das „Mittlere Hochwasser“ kann\nvon der entsprechenden Warnstufeabweichen. Für die Elbe bei Wittenberge beträgt der Wert 504 Zentimeter für die Zeit vom 01.11.2010 bis 31.10.2020. - NNW: Niedrigster Niedrigwasserstand oder „Niedrigstes Niedrigwasser“. Gemeint ist der niedrigste jemals gemessene Wasserstand. Für die Elbe bei Wittenberge beträgt es 45 Zentimeter.\n- HHW: Höchster Hochwasserstand oder „Höchstes Hochwasser“. Gemeint ist der höchste jemals gemessene Wasserstand. Für die Elbe bei Wittenberge beträgt es 785 Zentimeter.\n- HSW: Höchster Schifffahrtswasserstand. Das ist der höchste Wasserstand, bei dem Schifffahrt betrieben werden darf. Für die Elbe bei Wittenberge beträgt er 610 Zentimeter.\nWie wird bei Hochwasser gewarnt?\n„Ein plötzlich auftretendes Hochwasser ist in Wittenberge eher unwahrscheinlich, da die Flüsse Stepenitz und Elbe jeweils eingedeicht und mit Überflutungsflächen ausgestattet sind und der Fluss Karthane durch ein Schöpfwerk reguliert werden kann“, sagt Martin Ferch von der Stadt Wittenberge. Informationen sollten die Wittenberger dann über die lokale Presse und lokale Medien erhalten. „In Ausnahmesituationen können die vorhandenen Sirenen sowie Lautsprecherdurchsagen von Polizei und Feuerwehr genutzt werden“, sagt Ferch.\nWelche Institution amtlich warnen muss, das ist in Deutschland im Zivilschutz- und Katastrophenhilfegesetz (ZSKG) geregelt. Grundsätzlich können Bund, Länder, Kreise, Polizei oder Feuerwehr warnen. Für Hochwasser wird jedoch meist die Hochwasserzentrale aktiv: In jedem Bundesland gibt es Hochwassermeldedienste. Steigt der Pegel gefährlich hoch, folgt eine amtliche Warnung. Wie es deutschlandweit um das Thema Hochwasser aktuell bestellt ist, kann man online auf dem länderübergreifenden Hochwasserportal (LHP) nachschauen.\nFolgende Kanäle, über die Institutionen Warnungen an die Bevölkerung weitergeben können, nennt das BKK.\n- Radio und Fernsehen\n- Lautsprecherwagen\n- Sirenen\n- Webseiten von lokalen Zeitungen oder Rundfunksendern\n- Warn-Apps\n- Social Media\n- Digitale Werbetafeln\n- Von Tür zu Tür gehen\nDabei ist zu bedenken: Nur selten werden alle genannten Verbreitungswege und Maßnahmen gleichzeitig genutzt, und nicht überall stehen alle Kanäle zur Verfügung.\nWann und wie wird bei Hochwasser evakuiert?\n„Diese Entscheidung wird durch den Krisenstab getroffen“, sagt Martin Ferch von der Stadt Wittenberge. „Ein fester Pegelstand ist nicht definiert.“\nWie lang sind die Elbbrücken bei Wittenberge?\nDie Elbebrücke Wittenberge ist 1110 Meter lang - es handelt sich um die längste in der DDR gebaute Straßenbrücke. Sie führt die B 189 von Stendal nach Perleberg. Das Bauwerk aus Stahl wurde 1978 für den Verkehr freigegeben.\nDie Eisenbahnbrücke über die Elbe ist 1030 Meter lang - sie wurde 1987 eröffnet. Die Durchfahrtshöhe beträgt für Schiffe 6,09 Meter beim höchsten Schifffahrtswasserstand.\nWas war der niedrigste Wasserstand der Elbe?\nDer niedrigste Wasserstand in der Elbe bei Wittenberge wurde am 29. September 1947 gemessen. Damals betrug der Elbepegel nur 45 Zentimeter.\nWas war der höchste Wasserstand der Elbe?\nDer höchste Wasserstand in der Elbe bei Wittenberge wurde am 9. Juni 2013 gemessen - auf 785 Zentimeter kletterte der Wert damals.\nIst das Angeln in der Elbe bei Wittenberge erlaubt?\nIn der Elbe bei Wittenberge darf von Kilometer 447,6 bis 458,25 geangelt werden, heißt es bei der Stadt Wittenberge. Angler sollen bitte die Hinweisschilder am Deich beachten.\nErwerb von Angelberechtigungen (Stand Oktober 2023):\n- Eine DAV-Tageskarte kostet 13 €\n- Eine Wochenkarte kostet 25 €\nDer Erwerb von Fischereiabgabemarken ist möglich beim Landkreis Prignitz, Berliner Straße 49, 9348 Perleberg, Tel. 03876 / 71 34 68.\nMAZ",
    "highlightText": "",
    "highlightTitle": "",
    "highlightThreadTitle": "",
    "language": "german",
    "sentiment": "negative",
    "categories": [
        "Weather",
        "Disaster and Accident"
    ],
    "topics": [
        "Weather->weather warning",
        "Weather->weather phenomena",
        "Disaster and Accident->natural disaster"
    ],
    "ai_allow": true,
    "has_canonical": false,
    "breaking": null,
    "webz_reporter": false,
    "external_links": [
        "https://warnung-der-bevoelkerung.de/warnung/#wie",
        "https://www.hochwasserzentralen.de/info",
        "https://www.hochwasserzentralen.de/",
        "https://www.gesetze-im-internet.de/zsg/BJNR072610997.html#BJNR072610997BJNG000300310",
        "https://gesetze-im-internet.de/zsg/BJNR072610997.html#BJNR072610997BJNG000300310",
        "https://www.hochwasserzentralen.de",
        "https://hochwasserzentralen.de/",
        "https://www.warnung-der-bevoelkerung.de/warnung/#wie",
        "https://hochwasserzentralen.de/info"
    ],
    "external_images": [],
    "internal_images": [],
    "entities": {
        "persons": [],
        "locations": [
            {
                "name": "Wittenberge",
                "sentiment": "none"
            },
            {
                "name": "Elbe",
                "sentiment": "none"
            }
        ],
        "organizations": []
    },
    "syndication": {
        "syndicated": null,
        "syndicate_id": null,
        "first_syndicated": false
    },
    "trust": {
        "categories": [],
        "top_news": [
            "top_news_de",
            "top_news"
        ],
        "bias": null,
        "source": {
            "type": null,
            "city": null,
            "state": null,
            "country": null,
            "domain_type": null,
            "agency": null,
            "organization_name": null
        }
    },
    "rating": null,
    "crawled": "2025-10-02T08:36:52.086+03:00",
    "updated": "2025-10-02T08:42:18.000+03:00"
}