{
    "thread": {
        "uuid": "dbf2e845c98f32096764ab0e1f325057d0e6d1d3",
        "url": "https://weather.com/news/climate/video/florida-braces-for-record-bloom-of-sargassum-seaweed",
        "site_full": "weather.com",
        "site": "weather.com",
        "site_section": "https://gowanlea.com/news",
        "site_categories": [
            "media"
        ],
        "section_title": "Gowanlea LTD. - News",
        "site_title": "תחזית מזג האוויר והתנאים עבור Nahalat Shiva - The Weather Channel | Weather.com",
        "title": "Record Sargassum Could Spell Trouble For Florida",
        "title_full": "Record Sargassum Could Spell Trouble For Florida",
        "published": "2025-05-08T00:05:00.000+03:00",
        "replies_count": 0,
        "participants_count": 1,
        "site_type": "news",
        "country": "US",
        "main_image": "https://v.w-x.co/1746651930404_RecordAmountsofSeaweedCaptions_aa41ae0a-758b-4436-8fea-972bbc11a2de.jpg",
        "performance_score": 0,
        "domain_rank": 693,
        "domain_rank_updated": "2025-05-06T00:00:00.000+03:00",
        "licensing_agency": [],
        "social": {
            "facebook": {
                "likes": 0,
                "comments": 0,
                "shares": 0
            },
            "vk": {
                "shares": 0
            }
        }
    },
    "uuid": "dbf2e845c98f32096764ab0e1f325057d0e6d1d3",
    "url": "https://weather.com/news/climate/video/florida-braces-for-record-bloom-of-sargassum-seaweed",
    "ord_in_thread": 0,
    "author": "The Weather Channel",
    "published": "2025-05-08T00:05:00.000+03:00",
    "title": "Record Sargassum Could Spell Trouble For Florida",
    "text": "Record Sargassum Could Spell Trouble For Florida\nMay 8, 2025\nFlorida beach lovers could be facing a summer of smelly seaweed because the amount of sargassum in the Atlantic has hit an all-time high. The University of South Florida’s Oceanography Lab tracks this giant mass of seaweed, so we asked them about this new record and what it could mean for the beach season.\nSeasonal\nTrending Today\nLatest Weather\nTravel\nHealth\nSun & Moon\nClimate",
    "highlightText": "",
    "highlightTitle": "",
    "highlightThreadTitle": "",
    "language": "english",
    "sentiment": "negative",
    "categories": [
        "Environment",
        "Social Issue"
    ],
    "topics": [
        "Environment->water pollution",
        "Environment->environmental clean-up",
        "Environment->sustainability",
        "Social Issue->demographics",
        "Social Issue->social problem",
        "Social Issue->social condition"
    ],
    "ai_allow": true,
    "has_canonical": false,
    "breaking": false,
    "webz_reporter": false,
    "external_links": [],
    "entities": {
        "persons": [],
        "locations": [
            {
                "name": "Atlantic",
                "sentiment": "none"
            }
        ],
        "organizations": [
            {
                "name": "University of South Florida",
                "sentiment": "none",
                "tickers": []
            }
        ]
    },
    "syndication": {
        "syndicated": false,
        "syndicate_id": null,
        "first_syndicated": false
    },
    "trust": {
        "categories": [],
        "bias": null,
        "source": {
            "type": null,
            "city": null,
            "state": null,
            "country": null,
            "domain_type": null,
            "agency": null,
            "organization_name": null
        }
    },
    "rating": null,
    "crawled": "2025-05-08T01:39:13.919+03:00",
    "updated": "2025-05-08T13:01:09.948+03:00"
}