{
    "thread": {
        "uuid": "bedb8a3fe9b065de97bdf8567dfa587b1132dea1",
        "url": "https://finance.sina.com.cn/jjxw/2025-05-08/doc-inevuzvh5654123.shtml",
        "site_full": "finance.sina.com.cn",
        "site": "sina.com.cn",
        "site_section": "https://finance.sina.cn",
        "site_categories": [
            "tech",
            "top_news_hk",
            "top_news_sg",
            "top_news_tw",
            "top_news"
        ],
        "section_title": "新浪财经_金融信息服务商",
        "site_title": null,
        "title": "新华全媒+丨当前旱情四问|广西_新浪财经_新浪网",
        "title_full": "新华全媒+丨当前旱情四问|广西_新浪财经_新浪网",
        "published": "2025-05-08T02:50:00.000+03:00",
        "replies_count": 0,
        "participants_count": 1,
        "site_type": "news",
        "country": "CN",
        "main_image": "",
        "performance_score": 0,
        "domain_rank": 259,
        "domain_rank_updated": "2025-05-06T00:00:00.000+03:00",
        "licensing_agency": [],
        "social": {
            "facebook": {
                "likes": 0,
                "comments": 0,
                "shares": 0
            },
            "vk": {
                "shares": 0
            }
        }
    },
    "uuid": "bedb8a3fe9b065de97bdf8567dfa587b1132dea1",
    "url": "https://finance.sina.com.cn/jjxw/2025-05-08/doc-inevuzvh5654123.shtml",
    "ord_in_thread": 0,
    "author": "sina.com.cn",
    "published": "2025-05-08T02:50:00.000+03:00",
    "title": "新华全媒+丨当前旱情四问|广西_新浪财经_新浪网",
    "text": "来源： 新华网\n新华社北京5月7日电 题：当前旱情四问\n新华社记者刘诗平、魏弘毅\n当前，陕西、河南、江苏、湖北、广西等省区存在重旱。其中，陕西南部、河南西部、湖北西北部、江苏南部等地达到特旱级别。旱情带来哪些影响？会否持续和发展？南方地区7日开始的降雨过程在多大程度上能缓解旱情？水利、气象部门有关人士对此进行了分析、解读。\n一问：旱情如何\n“今年以来，受温高雨少影响，华南、华北、西北、长江中下游以及四川等地干旱快速发展。”国家气候中心气象灾害风险管理室正研级高工翟建青说，1月1日至5月6日，广西、安徽和江苏平均干旱天数均为1961年以来历史同期最多。4月18日，全国中旱及以上干旱面积达201.8万平方公里，其中特旱面积47.7万平方公里。\n翟建青说，4月19日以来，南方降水逐渐增多，华南气象干旱逐渐缓和；19日至21日，北方旱区出现降水过程，干旱有所缓和，但4月下旬以来，陕西南部、河南西部、安徽和江苏中南部等地干旱又有所发展。\n就珠江流域而言，2024年11月以来遭遇“丰枯急转”。水利部珠江水利委员会主任吴小龙说，截至5月7日，西江流域平均降雨量仅193毫米，较常年同期偏少5成，为1961年有完整气象资料以来最少。5月1日以来，西江流域出现2次强降雨过程，一定程度上缓解了当前广西旱情。\n“今年以来，黄河流域降水偏少近3成，其中黄河中游偏少3成至4成，晋陕豫局部地区出现不同程度旱情。”黄河水利委员会水资源管理局水量调度处一级主任科员王伟禄说，截至5月7日，黄河干流龙羊峡、刘家峡、万家寨、三门峡、小浪底五大水库共蓄水275.45亿立方米，比去年同期少2.54亿立方米。\n二问：影响几何\n国家气候中心气候预测室首席预报员高辉表示，干旱会造成土壤墒情不足，直接影响农作物生长；会导致水资源管理与调配压力增大，同时导致植被干燥，森林火险气象等级持续偏高。\n“具体到农业方面，受干旱影响，冀豫晋陕甘等地灌溉条件不足的麦田长势偏差，目前大部地区小麦处于开花至灌浆期，部分没有灌溉条件的小麦灌浆受阻。”翟建青说，广西、四川、云南等地部分水稻移栽进度较去年偏迟，部分已播春玉米、花生等旱地作物出现缺苗断垄或幼苗矮小。\n江苏部分地区因旱情不利于晚播麦的苗情转化升级，导致生育进程不整齐，部分小麦因旱发生卷叶现象。广西部分地区江河、水库水位下降明显。\n针对旱情，相关部门和地方采取各种措施保灌。截至4月底，全国春灌面积近3亿亩，累计供水293亿立方米。当前，全国水库蓄水总量较常年同期略偏多，大中型灌区春灌用水总体有保障。\n三问：还会持续多久\n中央气象台预报，7日至9日，南方地区将出现较强降水过程，西南地区东部、江南、华南大部地区先后有大到暴雨，局地有大暴雨。这场降雨过程会否有效缓解旱情？\n高辉说，结合中央气象台中短期预报和国家气候中心延伸期预测，近期广西的干旱将会逐步减缓，但陕西、河南、江苏等地的气象干旱还将持续。\n“降水有利于广西旱情的进一步缓解，但降水分布不均、局地强度较大，需警惕出现旱涝急转。”中央气象台首席预报员郭安红说，目前，河北南部、山西西南部、河南西部、陕西关中、安徽西北部等冬麦区存在不同程度农业干旱。8日至9日，河北中东部、河南南部和苏皖北部有10毫米至50毫米降水，土壤缺墒状况将得到改善，但其余旱区农业干旱将持续。\n吴小龙表示，本次降雨过程预计西江干支流将出现涨水过程，对进一步缓解广西旱情有利，但云南部分旱情尚未得到明显缓解。\n四问：如何应对\n翟建青表示，农业方面，各地需根据苗情和当地实际情况，分类采取灌溉措施。气象部门需加密监测天气条件，如有增雨作业条件，可适时开展增雨作业，短期内增加降水量，以缓和旱情。\n翟建青提醒，干旱期应注意避免采取大水漫灌等不当灌溉方式，减少氮肥施用，多施磷、钾肥增强作物抗逆性，避免干施化肥引发肥害。\n“西北地区东部、华北南部等地要加强田间管理，积极实施灌溉、保墒等抗旱措施，加强病虫害的监测和预防。”国家气候中心气候变化影响适应室研究员张存杰说，江淮、江汉、黄淮等地，冬小麦处于成熟和收割期，后期降水过程较多，需防发生旱涝急转灾害，以及雨涝天气对小麦收获和晾晒造成不利影响。\n目前，旱区各相关单位和农户正在持续开展抗旱工作。\n“今年以来珠江流域灌区累计供水1.64亿立方米，实现有效灌溉面积125万亩，各类农作物均能及时播种。同时，动态控制大藤峡水库水位，群众饮水及春耕用水需求得到满足。”吴小龙说，下一步，珠江委将加强流域统筹，会同地方全力做好抗旱保供保灌。\n王伟禄表示，黄委将动态掌握引水情况，确保城乡居民饮水安全，确保规模化养殖和大牲畜用水安全，全力保障灌区农作物时令灌溉用水。\n水利部水旱灾害防御司抗旱处处长王为说，水利部门将持续加强监测预报，制定完善供水保障方案，科学精准调度相关流域骨干水工程，全力确保旱区城乡供水安全和北方小麦主产区抗旱用水需求。",
    "highlightText": "",
    "highlightTitle": "",
    "highlightThreadTitle": "",
    "language": "chinese",
    "sentiment": "negative",
    "categories": [
        "Environment"
    ],
    "topics": [
        "Environment->water",
        "Environment->climate change"
    ],
    "ai_allow": true,
    "has_canonical": false,
    "breaking": true,
    "webz_reporter": false,
    "external_links": [],
    "entities": {
        "persons": [],
        "locations": [],
        "organizations": []
    },
    "syndication": {
        "syndicated": null,
        "syndicate_id": null,
        "first_syndicated": false
    },
    "trust": {
        "categories": [],
        "bias": null,
        "source": {
            "type": null,
            "city": null,
            "state": null,
            "country": null,
            "domain_type": null,
            "agency": null,
            "organization_name": null
        }
    },
    "rating": null,
    "crawled": "2025-05-08T03:44:24.922+03:00",
    "updated": "2025-05-08T00:48:28.000+00:00"
}