{
    "thread": {
        "uuid": "8f6dc567a9d6ec519fd8d32bc219207656fdf7a9",
        "url": "https://www.eldiario.ec/desborde-de-basura-en-nuevo-tarqui-manta-enfrenta-problemas-de-gestion-de-residuos-20250507",
        "site_full": "www.eldiario.ec",
        "site": "eldiario.ec",
        "site_section": "https://www.eldiario.ec/feed",
        "site_categories": [
            "media"
        ],
        "section_title": "El Diario",
        "site_title": "El Diario Ecuador",
        "title": "Nuevo Tarqui: Manta enfrenta problemas de gestión de residuos en los contenedores",
        "title_full": "Nuevo Tarqui: Manta enfrenta problemas de gestión de residuos en los contenedores",
        "published": "2025-05-08T01:17:00.000+03:00",
        "replies_count": 0,
        "participants_count": 1,
        "site_type": "news",
        "country": "EC",
        "main_image": "https://www.eldiario.ec/wp-content/uploads/2025/05/local-1-basura-muebles.jpg",
        "performance_score": 0,
        "domain_rank": 157218,
        "domain_rank_updated": "2025-05-06T00:00:00.000+03:00",
        "licensing_agency": [],
        "social": {
            "facebook": {
                "likes": 0,
                "comments": 0,
                "shares": 0
            },
            "vk": {
                "shares": 0
            }
        }
    },
    "uuid": "8f6dc567a9d6ec519fd8d32bc219207656fdf7a9",
    "url": "https://www.eldiario.ec/desborde-de-basura-en-nuevo-tarqui-manta-enfrenta-problemas-de-gestion-de-residuos-20250507",
    "ord_in_thread": 0,
    "author": "Carla Mendoza",
    "published": "2025-05-08T01:17:00.000+03:00",
    "title": "Nuevo Tarqui: Manta enfrenta problemas de gestión de residuos en los contenedores",
    "text": "En Nuevo Tarqui, Manta, los ocho contenedores de basura amanecieron llenos hasta las 10 de la mañana de ayer, desbordando desechos. Junto a ellos, muebles viejos, como sofás, obstruían el área, causando molestias a comerciantes y transeúntes. Por ejemplo, esta acumulación afecta la imagen y limpieza del sector. Además, refleja una falta de conciencia ciudadana. La gestión de residuos en los depósitos de basura enfrenta serios desafíos.\n[Manta. 100 mil dólares para reparar los contenedores soterrados]\nJuan Alvarado, comerciante local, expresó su frustración por el mal uso de los contenedores, destinados solo a desechos orgánicos. Muebles, troncos, ramas y escombros son dejados incorrectamente, complicando la recolección. Por lo tanto, urge una mayor educación ambiental entre los ciudadanos. Asimismo, el problema persiste pese a las normativas vigentes. La responsabilidad ciudadana es clave para solucionar esto.\nManta ya cuenta con ordenanza sancionatoria\nHéctor Bowen, director del departamento de Higiene, recordó que desde hace dos meses rige una ordenanza municipal en Manta. Esta sanciona con hasta 900 dólares (dos remuneraciones básicas) a quienes depositen residuos indebidos. Sin embargo, la infracción sigue siendo común en Nuevo Tarqui. Líneas de denuncia como el 911 y la aplicación Mantapp están disponibles. La fiscalización busca mejorar la limpieza urbana.\nPara aplicar sanciones, los ciudadanos deben presentar fotos o videos como evidencia, según Bowen. Redes sociales del municipio y chats comunitarios también reciben denuncias. En consecuencia, la participación ciudadana es fundamental para hacer cumplir la ordenanza para el uso de los contenedores. Además, se promueve la separación adecuada de residuos. La tecnología facilita la vigilancia y control.\nEn conclusión, el desborde de basura en Nuevo Tarqui evidencia la necesidad de reforzar la educación ambiental y el cumplimiento de normativas. La colaboración entre ciudadanos y autoridades es esencial para mantener una ciudad limpia. Por ejemplo, el uso responsable de contenedores evitaría sanciones.",
    "highlightText": "",
    "highlightTitle": "",
    "highlightThreadTitle": "",
    "language": "spanish",
    "sentiment": "negative",
    "categories": [
        "Environment"
    ],
    "topics": [
        "Environment->waste materials",
        "Environment->environmental pollution",
        "Environment->sustainability"
    ],
    "ai_allow": true,
    "has_canonical": false,
    "breaking": false,
    "webz_reporter": false,
    "external_links": [],
    "entities": {
        "persons": [
            {
                "name": "Juan Alvarado",
                "sentiment": "none"
            },
            {
                "name": "Héctor Bowen",
                "sentiment": "none"
            }
        ],
        "locations": [],
        "organizations": []
    },
    "syndication": {
        "syndicated": null,
        "syndicate_id": null,
        "first_syndicated": false
    },
    "trust": {
        "categories": [],
        "bias": null,
        "source": {
            "type": null,
            "city": null,
            "state": null,
            "country": null,
            "domain_type": null,
            "agency": null,
            "organization_name": null
        }
    },
    "rating": null,
    "crawled": "2025-05-08T02:29:20.533+03:00",
    "updated": "2025-05-07T23:33:19.000+00:00"
}