{
    "thread": {
        "uuid": "8696ce0518d3e3c57b332374dbfe7f7233d878dd",
        "url": "https://article.wn.com/view/2025/05/08/St_Albert_joins_growing_list_of_fire_warnings_in_the_provinc",
        "site_full": "article.wn.com",
        "site": "wn.com",
        "site_section": "https://wn.com/n.america-and-canada",
        "site_categories": [
            "media"
        ],
        "section_title": "World News - N.America &amp; Canada",
        "site_title": "World News",
        "title": "St. Albert joins growing list of fire warnings in the province - Worldnews.com",
        "title_full": "St. Albert joins growing list of fire warnings in the province - Worldnews.com",
        "published": "2025-05-08T03:00:00.000+03:00",
        "replies_count": 0,
        "participants_count": 0,
        "site_type": "news",
        "country": "US",
        "main_image": "",
        "performance_score": 0,
        "domain_rank": 4256,
        "domain_rank_updated": "2025-05-06T00:00:00.000+03:00",
        "licensing_agency": [],
        "social": {
            "facebook": {
                "likes": 0,
                "comments": 0,
                "shares": 0
            },
            "vk": {
                "shares": 0
            }
        }
    },
    "uuid": "8696ce0518d3e3c57b332374dbfe7f7233d878dd",
    "url": "https://article.wn.com/view/2025/05/08/St_Albert_joins_growing_list_of_fire_warnings_in_the_provinc",
    "ord_in_thread": 0,
    "author": null,
    "published": "2025-05-08T03:00:00.000+03:00",
    "title": "St. Albert joins growing list of fire warnings in the province - Worldnews.com",
    "text": "The City of St. Albert has issued a",
    "highlightText": "",
    "highlightTitle": "",
    "highlightThreadTitle": "",
    "language": "english",
    "sentiment": "negative",
    "categories": [
        "Environment",
        "Social Issue",
        "Human Interest"
    ],
    "topics": [
        "Environment->environmental pollution",
        "Environment->nature",
        "Social Issue->social condition",
        "Social Issue->social services"
    ],
    "ai_allow": true,
    "has_canonical": false,
    "breaking": false,
    "webz_reporter": false,
    "external_links": [],
    "entities": {
        "persons": [],
        "locations": [],
        "organizations": []
    },
    "syndication": {
        "syndicated": false,
        "syndicate_id": null,
        "first_syndicated": false
    },
    "trust": {
        "categories": [],
        "bias": "center",
        "source": {
            "type": null,
            "city": null,
            "state": null,
            "country": null,
            "domain_type": null,
            "agency": null,
            "organization_name": null
        }
    },
    "rating": null,
    "crawled": "2025-05-08T03:51:23.947+03:00",
    "updated": "2025-05-08T00:55:59.000+00:00"
}