{
    "thread": {
        "uuid": "1b17a48da2cc96ed94a0b0af65a4df0640a2975f",
        "url": "https://brasil.perfil.com/mundo/o-paraiso-proibido-do-brasil-onde-ninguem-sobrevive.phtml",
        "site_full": "brasil.perfil.com",
        "site": "perfil.com",
        "site_section": "https://brasil.perfil.com/canal/economia",
        "site_categories": [
            "top_news_cl",
            "top_news_br",
            "top_news_ar",
            "top_news"
        ],
        "section_title": "Economia - Perfil Brasil",
        "site_title": "Perfil | Ultimas noticias de Argentina y el mundo",
        "title": "O paraíso proibido do Brasil onde ninguém sobrevive",
        "title_full": "O paraíso proibido do Brasil onde ninguém sobrevive",
        "published": "2025-05-08T01:00:00.000+03:00",
        "replies_count": 0,
        "participants_count": 1,
        "site_type": "news",
        "country": "AR",
        "main_image": "https://brasil.perfil.com/wp-content/uploads/2025/05/Ilha_da_Queimada_Grande_-_Itanhaem3-1-1.jpg",
        "performance_score": 0,
        "domain_rank": 7057,
        "domain_rank_updated": "2025-05-06T00:00:00.000+03:00",
        "licensing_agency": [],
        "social": {
            "facebook": {
                "likes": 0,
                "comments": 0,
                "shares": 0
            },
            "vk": {
                "shares": 0
            }
        }
    },
    "uuid": "1b17a48da2cc96ed94a0b0af65a4df0640a2975f",
    "url": "https://brasil.perfil.com/mundo/o-paraiso-proibido-do-brasil-onde-ninguem-sobrevive.phtml",
    "ord_in_thread": 0,
    "author": "Patrick Silva",
    "published": "2025-05-08T01:00:00.000+03:00",
    "title": "O paraíso proibido do Brasil onde ninguém sobrevive",
    "text": "Apesar da beleza convidativa de suas águas atlânticas, a Ilha da Queimada Grande, a apenas 30 quilômetros da costa de São Paulo, esconde um segredo perigoso. Em seus 43 hectares de vegetação densa, ela é o domínio exclusivo da Bothrops insularis, uma das cobras mais venenosas do mundo. Esse contraste entre a beleza natural e o perigo letal torna a ilha um local de fascínio proibido e estudo científico.\nAntigamente, a ilha abrigava um faroleiro responsável por manter o farol em funcionamento. No entanto, com a automação da estrutura, a presença humana foi eliminada, permitindo que a natureza retomasse o controle. Hoje, a ilha é dominada por serpentes, especialmente pela jararaca-ilhoa, uma espécie única e extremamente perigosa.\nO perigo da Jararaca-ilhoa\nA jararaca-ilhoa, ou Bothrops insularis, é uma cobra que só pode ser encontrada na Ilha da Queimada Grande. Conhecida por seu veneno altamente potente, esta serpente é considerada uma das mais letais do planeta. Seu veneno é até cinco vezes mais forte do que o da jararaca comum, podendo causar efeitos devastadores como necrose, hemorragias internas e até morte em questão de segundos.\nApesar de seu tamanho relativamente pequeno, raramente ultrapassando 1,2 metro de comprimento, a jararaca-ilhoa é extremamente ágil e agressiva. Em tempos de escassez de alimento, ela pode até recorrer ao canibalismo, o que demonstra sua capacidade de adaptação em um ambiente tão hostil.\nPor que a Ilha é um laboratório natural?\nDesde a década de 1980, a Ilha da Queimada Grande foi declarada uma área de proteção biológica pelo governo brasileiro. O acesso à ilha é estritamente controlado e permitido apenas a pesquisadores autorizados, que seguem normas de segurança rigorosas. Este isolamento transformou a ilha em um verdadeiro laboratório natural, onde cientistas estudam as adaptações evolutivas da jararaca-ilhoa.\nOs estudos realizados na ilha são de extrema importância para a compreensão das características únicas dessa espécie e suas estratégias de sobrevivência. No entanto, mesmo para os especialistas, a pesquisa na ilha é um desafio perigoso, onde qualquer descuido pode ser fatal.\nA Bothrops insularis está em extinção?\nSim, a Bothrops insularis, a jararaca-ilhoa, é considerada uma espécie criticamente em perigo de extinção.\nEssa classificação é dada pela União Internacional para a Conservação da Natureza (IUCN) e também pelo Instituto Chico Mendes de Conservação da Biodiversidade (ICMBio) no Brasil.\nOs principais fatores que contribuem para o seu risco de extinção são:\n- Distribuição restrita: a espécie é endêmica da Ilha da Queimada Grande, o que significa que ela só existe naturalmente nessa pequena área. Qualquer ameaça a esse habitat tem um impacto direto e significativo em toda a população.\n- Tamanho da população: estimativas populacionais indicam um número relativamente baixo de indivíduos, o que torna a espécie mais vulnerável a eventos ambientais, doenças ou outras ameaças. Estudos mais recentes sugerem que a população pode ser menor do que estimativas anteriores.\n- Ameaças ao habitat: embora a ilha seja desabitada por humanos, existem ameaças como incêndios (alguns causados por exercícios da Marinha no passado), mudanças climáticas e a potencial introdução de espécies invasoras que poderiam afetar o ecossistema da ilha e, consequentemente, a sobrevivência da jararaca-ilhoa.\n- Biopirataria: há relatos e preocupações sobre a possível captura ilegal de indivíduos para o comércio ilegal de animais selvagens, devido ao seu veneno único e interesse científico.\nEsforços de conservação são importantes para proteger essa espécie única e seu habitat. Projetos de pesquisa e conservação buscam entender melhor a ecologia da espécie, monitorar a população e implementar medidas para garantir sua sobrevivência a longo prazo.\nPor que a Ilha da Queimada Grande é considerada perigosa?\nA Ilha da Queimada Grande, também conhecida como Ilha das Cobras, é amplamente reconhecida como um dos lugares mais perigosos do mundo. Com milhares de cobras venenosas espalhadas por seu território, a ilha representa uma ameaça real para qualquer ser humano desprotegido. A probabilidade de sobrevivência sem proteção é extremamente baixa, tornando o local um paraíso tão belo quanto mortal.\nApesar de sua beleza natural, a ilha permanece intocável e inacessível ao público, preservando seu ecossistema único e perigoso. A Ilha da Queimada Grande é um lembrete da coexistência entre a beleza e o perigo na natureza, um lugar onde a vida selvagem reina absoluta e intocada.\nSiga a gente no Google Notícias",
    "highlightText": "",
    "highlightTitle": "",
    "highlightThreadTitle": "",
    "language": "portuguese",
    "sentiment": "negative",
    "categories": [
        "Environment"
    ],
    "topics": [
        "Environment->ecosystem",
        "Environment->nature",
        "Environment->endangered species"
    ],
    "ai_allow": true,
    "has_canonical": false,
    "breaking": false,
    "webz_reporter": false,
    "external_links": [
        "https://news.google.com/publications/CAAqBwgKMOHtoAsw-fe4Aw?hl=pt-BR&gl=BR&ceid=BR%3Apt-419",
        "https://news.google.com/publications/CAAqBwgKMOHtoAsw-fe4Aw",
        "https://www.news.google.com/publications/CAAqBwgKMOHtoAsw-fe4Aw?hl=pt-BR&gl=BR&ceid=BR%3Apt-419"
    ],
    "entities": {
        "persons": [],
        "locations": [],
        "organizations": []
    },
    "syndication": {
        "syndicated": null,
        "syndicate_id": null,
        "first_syndicated": false
    },
    "trust": {
        "categories": [],
        "bias": null,
        "source": {
            "type": null,
            "city": null,
            "state": null,
            "country": null,
            "domain_type": null,
            "agency": null,
            "organization_name": null
        }
    },
    "rating": null,
    "crawled": "2025-05-08T03:03:33.920+03:00",
    "updated": "2025-05-08T00:06:39.000+00:00"
}