{
    "thread": {
        "uuid": "01f239a8559f158749b2b46a1c231704e65fd49b",
        "url": "https://www.mercedsunstar.com/news/california/fires/article305953281.html",
        "site_full": "www.mercedsunstar.com",
        "site": "mercedsunstar.com",
        "site_section": "https://www.mercedsunstar.com/news/california",
        "site_categories": [
            "media"
        ],
        "section_title": "California | Merced Sun-Star",
        "site_title": "Merced &amp; Central California Breaking News &amp; Crime | Merced Sun-Star",
        "title": "Wildfire breaks out in Humboldt County, CA | Merced Sun-Star",
        "title_full": "Wildfire breaks out in Humboldt County, CA | Merced Sun-Star",
        "published": "2025-05-08T02:16:00.000+03:00",
        "replies_count": 0,
        "participants_count": 1,
        "site_type": "news",
        "country": "US",
        "main_image": "https://www.mcclatchy-wires.com/incoming/mn2k6z/picture290003454/alternates/LANDSCAPE_1140/904274ad-cc18-4c6a-b772-fd81b276817c",
        "performance_score": 0,
        "domain_rank": 31205,
        "domain_rank_updated": "2025-05-06T00:00:00.000+03:00",
        "licensing_agency": [],
        "social": {
            "facebook": {
                "likes": 0,
                "comments": 0,
                "shares": 0
            },
            "vk": {
                "shares": 0
            }
        }
    },
    "uuid": "01f239a8559f158749b2b46a1c231704e65fd49b",
    "url": "https://www.mercedsunstar.com/news/california/fires/article305953281.html",
    "ord_in_thread": 0,
    "author": "CA WILDFIRE BOT",
    "published": "2025-05-08T02:16:00.000+03:00",
    "title": "Wildfire breaks out in Humboldt County, CA | Merced Sun-Star",
    "text": "Fires\nBreaking: Creek Fire reported in Humboldt County on May 7\nThe creation of this content included the use of AI based on templates created, reviewed and edited by journalists in the newsroom. Read more on our AI policy here.\nFirst discovered: 3:32 p.m. May 7\nInitial location: Humboldt County, Calif.\nFire type: Wildfire\nFire name: Creek\nA new wildfire was reported today at 3:32 p.m. in Humboldt County.\nCreek Fire has been burning on private land. There is no update on the containment progress of the fire and its cause remains undetermined.\nSource: National Interagency Fire Center\nThis story was originally published May 7, 2025 at 4:16 PM.",
    "highlightText": "",
    "highlightTitle": "",
    "highlightThreadTitle": "",
    "language": "english",
    "sentiment": "negative",
    "categories": [
        "Environment",
        "Social Issue",
        "Health"
    ],
    "topics": [
        "Environment->ecosystem",
        "Environment->nature",
        "Environment->environmental pollution",
        "Social Issue->demographics",
        "Social Issue->social condition",
        "Health->medical service",
        "Health->emergency care",
        "Health->health organisation"
    ],
    "ai_allow": true,
    "has_canonical": false,
    "breaking": false,
    "webz_reporter": false,
    "external_links": [
        "https://www.sacbee.com/news/nation-world/national/article280707640.html",
        "https://sacbee.com/news/nation-world/national/article280707640.html"
    ],
    "entities": {
        "persons": [],
        "locations": [
            {
                "name": "County",
                "sentiment": "none"
            }
        ],
        "organizations": [
            {
                "name": "National Interagency Fire Center",
                "sentiment": "none",
                "tickers": []
            }
        ]
    },
    "syndication": {
        "syndicated": false,
        "syndicate_id": "01f239a8559f158749b2b46a1c231704e65fd49b",
        "first_syndicated": true
    },
    "trust": {
        "categories": [],
        "bias": null,
        "source": {
            "type": null,
            "city": null,
            "state": null,
            "country": null,
            "domain_type": null,
            "agency": null,
            "organization_name": null
        }
    },
    "rating": null,
    "crawled": "2025-05-08T03:47:08.898+03:00",
    "updated": "2025-05-08T00:52:56.000+00:00"
}