{
    "thread": {
        "uuid": "d03cd7db7a1643c4162f572f484e8e05347f79f2",
        "url": "https://www.tmj4.com/nearly-2-dozen-species-added-to-the-endangered-list-in-2023",
        "site_full": "www.tmj4.com",
        "site": "tmj4.com",
        "site_section": "https://www.tmj4.com/news",
        "site_categories": [
            "media"
        ],
        "section_title": "Milwaukee, WI News, Weather, Sports and Traffic | TMJ4 WTMJ-TV",
        "title": "Nearly 2 dozen species added to the endangered list in 2023",
        "title_full": "Nearly 2 dozen species added to the endangered list in 2023",
        "published": "2023-12-29T02:30:00.000+02:00",
        "replies_count": 0,
        "participants_count": 1,
        "site_type": "news",
        "country": "US",
        "main_image": "https://ewscripps.brightspotcdn.com/dims4/default/aaee72a/2147483647/strip/true/crop/1280x672+0+24/resize/1200x630!/quality/90/?url=https%3A%2F%2Fcdn.scrippsnews.com%2Fimages%2Fvideos%2Fx%2F1703788361_jn8CGK.jpg",
        "performance_score": 0,
        "domain_rank": 11593,
        "domain_rank_updated": "2023-12-26T12:06:20.000+02:00",
        "reach": null,
        "social": {
            "facebook": {
                "likes": 0,
                "comments": 0,
                "shares": 0
            },
            "gplus": {
                "shares": 0
            },
            "pinterest": {
                "shares": 0
            },
            "linkedin": {
                "shares": 0
            },
            "stumbledupon": {
                "shares": 0
            },
            "vk": {
                "shares": 0
            }
        }
    },
    "uuid": "d03cd7db7a1643c4162f572f484e8e05347f79f2",
    "url": "https://www.tmj4.com/nearly-2-dozen-species-added-to-the-endangered-list-in-2023",
    "ord_in_thread": 0,
    "parent_url": null,
    "author": "Chloe Nordquist",
    "published": "2023-12-29T02:30:00.000+02:00",
    "title": "Nearly 2 dozen species added to the endangered list in 2023",
    "text": "Nearly two dozen species are now considered gone forever, with another almost two dozen added to the endangered species list this year.\nA total of 21 species were delisted from the endangered species list this year due to extinction.\n“Most of these species were already on the brink of extinction before they were protected and they went extinct decades ago, but they were just officially delisted this year,” said Tierra Curry, a senior scientist at the Center for Biological Diversity.\nTen of the removed species were birds.\n“Eight of them were from Hawaii and they were lost to extinction because of introduced predators and disease and development,” she said.\n“The other species that were lost, eight of them were freshwater mussels. Freshwater mussels are the most endangered group of organisms in the United States,” Curry said.\nThe Mariana fruit bat and Guam bridled white-eye were also on the list .\nAdditionally, 23 species were added to the endangered species list this year.\nSEE MORE: US moves to protect wolverines as climate change melts their refuges\n“The most popular species that was proposed for Endangered Species Act protection this year is the wolverine,” Curry said.\nWolverines need snowpack to den, which Curry said is being impacted by climate change.\nOther species added to the list include the Whitebark Pine and Sacramento Mountains Checkerspot Butterfly.\nThis month marks the 50th year of the Endangered Species Act. The act was passed Dec. 28, 1973, with bipartisan support as a response to declining populations of many species.\n“It was a different era … there was a great deal of faith in the law to protect the environment, and the act itself I think really reflects that faith,” said Cary Coglianese, professor of law at the University of Pennsylvania and director of the Penn Program on Regulation.\nThe law allows petitions to be made for specific species. The petitions go through scientific evaluation and public review before it is decided whether a species will be protected under the act.\n“The hammer kind of comes down when a species is listed, and it can impede private economic development, therefore it has generated certainly many successes,” Coglianese said.\nSome of the successes of the act include the bald eagle and the Florida panther.\n“One of the most historic and amazing Endangered Species Act moments was reintroducing wolves into Yellowstone National Park, where that species is an integral part of the ecosystems, benefiting many other species such as the grizzly bear, migratory birds, beaver, aspen trees, and many other forms of vegetation,” William Snape, a professor and assistant dean at the American University Washington College of Law, wrote to Scripps News in an email response.\n“99 percent of the species on the endangered species list are still here, and that's an amazing victory because before species are added to the list, they are in so much trouble. They are on the brink of extinction,” Curry said.\nSEE MORE: Colorado releases first 5 gray wolves as part of reintroduction plan\n@scrippsnews The Endangered Species Act turned 50 today. The act was passed in 1973 with bipartisan support as a response to declining populations of many #species . In 2023, 23 species were added to the endangered species list. #EndangeredSpecies ♬ original sound - Scripps News",
    "highlightText": "",
    "highlightTitle": "",
    "highlightThreadTitle": "",
    "language": "english",
    "sentiment": "negative",
    "categories": [
        "Science and Technology",
        "Environment",
        "Social Issue"
    ],
    "external_links": [
        "https://www.tiktok.com/tag/species",
        "https://www.tiktok.com/tag/endangeredspecies?refer=embed",
        "https://www.tiktok.com/tag/species?refer=embed",
        "https://www.tiktok.com/music/original-sound-7317769117933521695",
        "https://www.scrippsnews.com/stories/us-moves-to-protect-wolverines-as-climate-change-melts-their-refuges/",
        "https://fws.gov/press-release/2023-10/21-species-delisted-endangered-species-act-due-extinction",
        "https://www.tiktok.com/music/original-sound-7317769117933521695?refer=embed",
        "https://scrippsnews.com/stories/colorado-releases-first-5-gray-wolves-as-part-of-reintroduction-plan",
        "https://www.tiktok.com/@scrippsnews",
        "https://www.tiktok.com/@scrippsnews?refer=embed",
        "https://tiktok.com/@scrippsnews?refer=embed",
        "https://scrippsnews.com/stories/us-moves-to-protect-wolverines-as-climate-change-melts-their-refuges/",
        "https://scrippsnews.com/stories/colorado-releases-first-5-gray-wolves-as-part-of-reintroduction-plan/",
        "https://www.scrippsnews.com/stories/colorado-releases-first-5-gray-wolves-as-part-of-reintroduction-plan/",
        "https://www.fws.gov/press-release/2023-10/21-species-delisted-endangered-species-act-due-extinction",
        "https://www.tiktok.com/@scrippsnews/video/7317768927524687135",
        "https://scrippsnews.com/stories/us-moves-to-protect-wolverines-as-climate-change-melts-their-refuges",
        "https://www.tiktok.com/tag/endangeredspecies",
        "https://tiktok.com/music/original-sound-7317769117933521695?refer=embed",
        "https://tiktok.com/tag/endangeredspecies?refer=embed",
        "https://tiktok.com/tag/species?refer=embed",
        "https://tiktok.com/@scrippsnews/video/7317768927524687135"
    ],
    "external_images": [],
    "entities": {
        "persons": [
            {
                "name": "curry",
                "sentiment": "none"
            },
            {
                "name": "tierra curry",
                "sentiment": "none"
            }
        ],
        "organizations": [
            {
                "name": "center for biological diversity",
                "sentiment": "none"
            }
        ],
        "locations": [
            {
                "name": "united states",
                "sentiment": "none"
            },
            {
                "name": "hawaii",
                "sentiment": "none"
            },
            {
                "name": "guam",
                "sentiment": "none"
            },
            {
                "name": "us",
                "sentiment": "none"
            }
        ]
    },
    "rating": null,
    "crawled": "2023-12-29T05:26:22.253+02:00",
    "updated": "2023-12-29T05:26:22.253+02:00"
}