{
    "thread": {
        "uuid": "5b3b57d0843dec22af3be2d0d96f833d9bf36184",
        "url": "https://caracol.com.co/2023/12/28/barichara-esta-en-emergencia-por-escasez-de-agua-y-registro-de-incendios/",
        "site_full": "caracol.com.co",
        "site": "caracol.com.co",
        "site_section": "https://caracol.com.co/ciudades/bucaramanga/",
        "site_categories": [
            "media",
            "hobbies_and_interests",
            "radio"
        ],
        "section_title": "Bucaramanga | Caracol Radio",
        "title": "Barichara está en emergencia por escasez de agua y registro de incendios",
        "title_full": "Barichara está en emergencia por escasez de agua y registro de incendios",
        "published": "2023-12-28T21:01:00.000+02:00",
        "replies_count": 0,
        "participants_count": 1,
        "site_type": "news",
        "country": "CO",
        "main_image": "https://caracol.com.co/resizer/2s-8EY0uMuoDhSpQvXRXXz2n8mU=/1024x576/filters:format(jpg):quality(70):focal(891x438:901x448)/cloudfront-us-east-1.images.arcpublishing.com/prisaradioco/OWAYKL3PEFF4VJZ7E3HCWHY53Y.jpg",
        "performance_score": 0,
        "domain_rank": 13634,
        "domain_rank_updated": "2023-12-26T12:06:20.000+02:00",
        "reach": null,
        "social": {
            "facebook": {
                "likes": 0,
                "comments": 0,
                "shares": 0
            },
            "gplus": {
                "shares": 0
            },
            "pinterest": {
                "shares": 0
            },
            "linkedin": {
                "shares": 0
            },
            "stumbledupon": {
                "shares": 0
            },
            "vk": {
                "shares": 0
            }
        }
    },
    "uuid": "5b3b57d0843dec22af3be2d0d96f833d9bf36184",
    "url": "https://caracol.com.co/2023/12/28/barichara-esta-en-emergencia-por-escasez-de-agua-y-registro-de-incendios/",
    "ord_in_thread": 0,
    "parent_url": null,
    "author": "Milena Bernal\"/>",
    "published": "2023-12-28T21:01:00.000+02:00",
    "title": "Barichara está en emergencia por escasez de agua y registro de incendios",
    "text": "Bucaramanga\nCon carrotanques está abasteciendo de agua el Cuerpo de Bomberos de Barichara a los habitantes de la zona rural de este municipio.\nVeredas como Santa Helena Alto, Paramito, El Caucho, Las Antenas y otros sectores más, se han visto afectados por el fuerte verano que se registra en el departamento.\nAbren investigación por patrulla militar que atropelló a una perrita en Bucaramanga\nMarcos Angarita, el comandante de Bomberos de esta parte de la región, precisó que “ Barichara es uno de los pueblos más visitados de Colombia, tiene escasez de agua y con la visita de turistas el consumo es mayor . Además, se han presentado incendios de gran magnitud y no nos ha sido suficiente con lo que contamos”.\nEn lo que va corrido de este mes, en este municipio se han presentado siete conflagraciones y todas en zonas rural.\nAsí será la posesión de alcaldes del área metropolitana y gobernador\nAngarita precisó que le han pedido insistentemente al alcalde de Barichara declarar la calamidad pública pero no han tenido respuesta, pues así, según el comandante, contarían con el apoyo de la Oficina de Gestión del Riesgo departamental. Indicó además que la maquinaria con la que actualmente cuentan, tampoco es suficiente para atender la situación.",
    "highlightText": "",
    "highlightTitle": "",
    "highlightThreadTitle": "",
    "language": "spanish",
    "sentiment": "negative",
    "categories": [
        "Human Interest",
        "Disaster and Accident",
        "Environment"
    ],
    "external_links": [],
    "external_images": [],
    "entities": {
        "persons": [],
        "organizations": [],
        "locations": []
    },
    "rating": null,
    "crawled": "2023-12-29T00:30:46.167+02:00",
    "updated": "2023-12-29T00:30:46.167+02:00"
}