{
    "thread": {
        "uuid": "a79e175d7998645d8fab00cf2c837e3db7e8ecbb",
        "url": "https://vnexplorer.net/massive-lizards-invading-south-carolina-have-state-officials-warning-residents-to-be-on-high-alert-s699412.html",
        "site_full": "vnexplorer.net",
        "site": "vnexplorer.net",
        "site_section": "https://vnexplorer.net/feed",
        "site_categories": [
            "health",
            "cold_and_flu"
        ],
        "section_title": "Verified News Explorer Channel - VNExplorer",
        "title": "Massive Lizards Invading South Carolina Have State Officials Warning Residents to Be on High Alert",
        "title_full": "Massive Lizards Invading South Carolina Have State Officials Warning Residents to Be on High Alert",
        "published": "2023-12-29T04:02:00.000+02:00",
        "replies_count": 0,
        "participants_count": 1,
        "site_type": "news",
        "country": "US",
        "main_image": "https://img-s-msn-com.akamaized.net/tenant/amp/entityid/AA1jIzNu.img",
        "performance_score": 0,
        "domain_rank": 45352,
        "domain_rank_updated": "2023-12-26T12:06:25.000+02:00",
        "reach": null,
        "social": {
            "facebook": {
                "likes": 0,
                "comments": 0,
                "shares": 0
            },
            "gplus": {
                "shares": 0
            },
            "pinterest": {
                "shares": 0
            },
            "linkedin": {
                "shares": 0
            },
            "stumbledupon": {
                "shares": 0
            },
            "vk": {
                "shares": 0
            }
        }
    },
    "uuid": "a79e175d7998645d8fab00cf2c837e3db7e8ecbb",
    "url": "https://vnexplorer.net/massive-lizards-invading-south-carolina-have-state-officials-warning-residents-to-be-on-high-alert-s699412.html",
    "ord_in_thread": 0,
    "parent_url": null,
    "author": "VNExplorer",
    "published": "2023-12-29T04:02:00.000+02:00",
    "title": "Massive Lizards Invading South Carolina Have State Officials Warning Residents to Be on High Alert",
    "text": "Massive Lizards Invading South Carolina Have State Officials Warning Residents to Be on High Alert The South American tegu can grow up to 4 feet in length and live 20 years Published |Updated\nScott McDonald\nA black and white tegu roams in Pantanal, Brazil. Gabrielle Therin-Weise/Getty Images\nA lizard species that can grow larger than many dogs and about half the length of an alligator has officials in South Carolina in warning mode.\nThe South American tegu, a black and white or red lizard that can grow up to 4 feet long and weigh up to 10 pounds, has been spotted in 14 of South Carolina’s 46 counties.\nMany were released into the wild after pet owners didn’t know they’d grow so big, according to a WHNS report.\nThe species typically eats other reptiles and eggs of ground-nesting birds like turkeys. The invasive lizard also carries salmonella. They can live up to 20 years, and females are capable of laying about 35 eggs annually.\nThe South Carolina Department of Natural Resources said there have been 24 confirmed black and white tegus and 2 red tegus. The agency encourages that any sightings of the lizard species in the wild be photographed and sent through this form.\nThey’ve been reported in the counties of Anderson, Beaufort, Berkeley, Darlington, Dorchester, Greenville, Greenwood, Horry, Kershaw, Lexington, Orangeburg, Pickens, Richland and Union.\nThe Argentine black and white tegu, first spotted in Georgia and Florida about a decade ago, was earlier this year reported roaming at least six South Carolina counties.\nSince they come from the tropical rainforests and savannas of central and eastern South America, they thrive in moderate temperatures like those found along the southeast U.S. coast.\nIn 2021, South Carolina enacted a law that requires anyone with a pet tegu to implant it with a microchip. Residents are also no longer allowed to buy or sell tegus in the state. Georgia and Alabama have similar regulations.\nFlorida allows people to humanely kill the lizards if spotted on their property.\nThe Florida Fish and Wildlife Conservation Commission says tegus generally burrow into the ground during the winter in a process similar to hibernation known as brumation as they can handle colder temperatures better than most reptiles because they have the unique ability to raise their body temperature.",
    "highlightText": "",
    "highlightTitle": "",
    "highlightThreadTitle": "",
    "language": "english",
    "sentiment": "negative",
    "categories": [
        "Environment",
        "Disaster and Accident",
        "Human Interest"
    ],
    "external_links": [
        "https://img-s-msn-com.akamaized.net/tenant/amp/entityid/AA1jIzNu.img",
        "https://www.img-s-msn-com.akamaized.net/tenant/amp/entityid/AA1jIzNu.img"
    ],
    "external_images": [],
    "entities": {
        "persons": [
            {
                "name": "scott mcdonald",
                "sentiment": "none"
            },
            {
                "name": "gabrielle therin-weise",
                "sentiment": "none"
            }
        ],
        "organizations": [
            {
                "name": "high alert massive lizards invading south carolina have state",
                "sentiment": "negative"
            },
            {
                "name": "massive lizards invading south carolina have state",
                "sentiment": "negative"
            },
            {
                "name": "south carolina department of natural resources",
                "sentiment": "none"
            }
        ],
        "locations": [
            {
                "name": "pantanal",
                "sentiment": "none"
            },
            {
                "name": "brazil",
                "sentiment": "none"
            },
            {
                "name": "south carolina",
                "sentiment": "none"
            }
        ]
    },
    "rating": null,
    "crawled": "2023-12-29T04:23:04.432+02:00",
    "updated": "2023-12-29T04:23:04.432+02:00"
}