{
    "thread": {
        "uuid": "3b6ee2e131b305b250fc730bf11c0f6bcb4e7327",
        "url": "https://ground.news/article/no-climate-for-cricket-how-global-warming-is-putting-the-heat-on-nzs-summer-game",
        "site_full": "ground.news",
        "site": "ground.news",
        "site_section": "https://ground.news/interest/india",
        "site_categories": [],
        "section_title": "India Breaking News Headlines Today | Ground News",
        "title": "Ground News - No climate for cricket: how global warming is putting the heat on NZ’s summer game",
        "title_full": "Ground News - No climate for cricket: how global warming is putting the heat on NZ’s summer game",
        "published": "2023-12-28T22:37:00.000+02:00",
        "replies_count": 0,
        "participants_count": 1,
        "site_type": "news",
        "country": "CA",
        "main_image": "",
        "performance_score": 0,
        "domain_rank": 29780,
        "domain_rank_updated": "2023-12-26T12:06:20.000+02:00",
        "reach": null,
        "social": {
            "facebook": {
                "likes": 0,
                "comments": 0,
                "shares": 0
            },
            "gplus": {
                "shares": 0
            },
            "pinterest": {
                "shares": 0
            },
            "linkedin": {
                "shares": 0
            },
            "stumbledupon": {
                "shares": 0
            },
            "vk": {
                "shares": 0
            }
        }
    },
    "uuid": "3b6ee2e131b305b250fc730bf11c0f6bcb4e7327",
    "url": "https://ground.news/article/no-climate-for-cricket-how-global-warming-is-putting-the-heat-on-nzs-summer-game",
    "ord_in_thread": 0,
    "parent_url": null,
    "author": "Ground News",
    "published": "2023-12-28T22:37:00.000+02:00",
    "title": "Ground News - No climate for cricket: how global warming is putting the heat on NZ’s summer game",
    "text": "Summary by Ground News Cricket is perhaps the pitch sport most at risk from a changing climate. Increased temperatures and heat waves threaten the safety of players and spectators. Air pollution, especially in the Indian subcontinent, continues to cloud the game. New Zealand Cricket (NZC) is as silent on climate as many of its global counterparts. Share menu More\nFilters 1 Articles 1 Articles All Left Center Right\nThe Conversation Center High Factuality No climate for cricket: how global warming is putting the heat on NZ’s summer game The recently concluded men’s Cricket World Cup in India reached record audiences. But there was one thing the organisers did not want those viewers to see (other than India’s defeat by Australia in the final): cricket’s own climate crisis. Along with battling heat and humidity, players were forced to contend with unhealthy air created by pollutants from vehicles, factories and construction, and aggravated by increased temperatures in 20 of the …\n2 hours ago Read Full Article\nThe Conversation Center High Factuality\nNo climate for cricket: how global warming is putting the heat on NZ’s summer game The recently concluded men’s Cricket World Cup in India reached record audiences. But there was one thing the organisers did not want those viewers to see (other than India’s defeat by Australia in the final): cricket’s own climate crisis. Along with battling heat and humidity, players were forced to contend with unhealthy air created by pollutants from vehicles, factories and construction, and aggravated by increased temperatures in 20 of the …\n2 hours ago Read Full Article Think freely. Subscribe and get full access to Ground News Subscriptions start at $9.99/year Subscribe",
    "highlightText": "",
    "highlightTitle": "",
    "highlightThreadTitle": "",
    "language": "english",
    "sentiment": "negative",
    "categories": [
        "Human Interest",
        "Science and Technology",
        "Environment"
    ],
    "external_links": [
        "https://theconversation.com/no-climate-for-cricket-how-global-warming-is-putting-the-heat-on-nzs-summer-game-219319?utm_source=ground.news&utm_medium=referral",
        "https://theconversation.com/no-climate-for-cricket-how-global-warming-is-putting-the-heat-on-nzs-summer-game-219319",
        "https://www.theconversation.com/no-climate-for-cricket-how-global-warming-is-putting-the-heat-on-nzs-summer-game-219319?utm_source=ground.news&utm_medium=referral"
    ],
    "external_images": [],
    "entities": {
        "persons": [],
        "organizations": [
            {
                "name": "ground news cricket",
                "sentiment": "negative"
            }
        ],
        "locations": [
            {
                "name": "nz",
                "sentiment": "none"
            },
            {
                "name": "new zealand",
                "sentiment": "none"
            },
            {
                "name": "australia",
                "sentiment": "none"
            },
            {
                "name": "india",
                "sentiment": "none"
            }
        ]
    },
    "rating": null,
    "crawled": "2023-12-29T00:42:01.531+02:00",
    "updated": "2023-12-29T00:42:01.531+02:00"
}