{
    "thread": {
        "uuid": "26d64306b17d4b12561e0060d000a9e864369b6c",
        "url": "https://www.meneame.net/m/ciencia/depredador-sorpresa-culpable-decapitacion-focas-costa-california",
        "site_full": "www.meneame.net",
        "site": "meneame.net",
        "site_section": "http://meneame.net//rss?status=queued",
        "site_categories": [
            "non_standard_content",
            "adult"
        ],
        "section_title": "Menéame: en cola",
        "title": "Depredador sorpresa culpable de la decapitación de focas en la costa de California",
        "title_full": "Depredador sorpresa culpable de la decapitación de focas en la costa de California",
        "published": "2023-12-29T00:59:00.000+02:00",
        "replies_count": 0,
        "participants_count": 1,
        "site_type": "news",
        "country": "IE",
        "main_image": "https://meneame.net/img/logo_meneame_footer.svg",
        "performance_score": 0,
        "domain_rank": 11108,
        "domain_rank_updated": "2023-12-26T12:06:20.000+02:00",
        "reach": null,
        "social": {
            "facebook": {
                "likes": 0,
                "comments": 0,
                "shares": 0
            },
            "gplus": {
                "shares": 0
            },
            "pinterest": {
                "shares": 0
            },
            "linkedin": {
                "shares": 0
            },
            "stumbledupon": {
                "shares": 0
            },
            "vk": {
                "shares": 0
            }
        }
    },
    "uuid": "26d64306b17d4b12561e0060d000a9e864369b6c",
    "url": "https://www.meneame.net/m/ciencia/depredador-sorpresa-culpable-decapitacion-focas-costa-california",
    "ord_in_thread": 0,
    "parent_url": null,
    "author": "Pixmac",
    "published": "2023-12-29T00:59:00.000+02:00",
    "title": "Depredador sorpresa culpable de la decapitación de focas en la costa de California",
    "text": "Menéame\nLogo Menéame\nPortada\nPortada\nNuevas\nArtículos\nPopular\nMás visitadas\n50F0E052-9EF2-4C3C-849B-F46536B96FBF\nNótame\nmis comunidades\nCiencia\nPolítica\nEconomía\nActualidad\nSeries\notras secciones\nComunidades\nFisgona\nlogin\nregístrate\n×\nÚnete a Ciencia\nÚnete a Ciencia\nHace 5 minutos | Por\nPixmac\na\nvistaalmar.es\nPublicado hace 5 minutos por\nPixmac\na\nvistaalmar.es\nDepredador sorpresa culpable de la decapitación de focas en la costa de California\nvistaalmar.es\nUna y otra vez desde al menos 2015, siguieron ocurriendo misteriosas y espantosas muertes, principalmente relacionadas con crías de foca común en el Parque Estatal MacKerricher, no lejos de Fort Bragg en el condado de Mendocino. Ahora los investigadores finalmente han resuelto el misterio de años de las focas decapitadas: los coyotes costeros. En una cámara de vida silvestre instalada el año pasado cerca de la colonia de focas en el Parque Estatal MacKerricher, el ecólogo Frankie Gerraty observó a un coyote decapitando a su presa.\nEtiquetas\ndepredador\nfoca común\ndecapitación\ncerebro\ncoyote\nmenéalo\n1\nDE3C548D-E347-406A-A60F-E6BBD322CAB7\n7\n0\nCopiar enlace\nCompartir en X\nCompartir en facebook\nCompartir en telegram\nEmbed\nVoto negativo\nMás información\n<!– /10377667/MNA21-STORY-ROBA1 –>\nComunidad destacada de hoy\nTemazos\nTemazos\n<!– /10377667/MNA21-STORY-MEGA1 –>\n<!– /10377667/MNA21-STORY-ROBA1 –>\nLoguéate si deseas escribir\ncomentarios. O crea tu cuenta\naquí.",
    "highlightText": "",
    "highlightTitle": "",
    "highlightThreadTitle": "",
    "language": "spanish",
    "sentiment": "negative",
    "categories": [
        "Disaster and Accident",
        "Crime, Law and Justice",
        "Environment"
    ],
    "external_links": [],
    "external_images": [],
    "entities": {
        "persons": [],
        "organizations": [],
        "locations": []
    },
    "rating": null,
    "crawled": "2023-12-29T01:07:13.858+02:00",
    "updated": "2023-12-29T01:07:13.858+02:00"
}