{
    "thread": {
        "uuid": "5198bc53dbcdd77c31094e3f07cca56609909eed",
        "url": "https://www.elespectador.com/colombia/medellin/incendio-en-el-cerro-quitasol-ha-consumido-mas-de-70-hectareas-en-medellin/",
        "site_full": "www.elespectador.com",
        "site": "elespectador.com",
        "site_section": "https://www.elespectador.com/colombia/medellin/",
        "site_categories": [
            "media"
        ],
        "section_title": "Noticias de Medellín y Antioquia hoy - última hora | EL ESPECTADOR",
        "title": "Incendio en el cerro Quitasol ha consumido más de 70 hectáreas en Medellín",
        "title_full": "Incendio en el cerro Quitasol ha consumido más de 70 hectáreas en Medellín",
        "published": "2023-12-28T20:42:00.000+02:00",
        "replies_count": 0,
        "participants_count": 1,
        "site_type": "news",
        "country": "CO",
        "main_image": "https://www.elespectador.com/resizer/qS3s2c3BeChkUmu2MPmVbMgu02U=/657x0/filters:quality(60):format(jpeg)/cloudfront-us-east-1.images.arcpublishing.com/elespectador/4AUO7LH6EJER3FV4FI4KBQWXBU.jpg",
        "performance_score": 0,
        "domain_rank": 6016,
        "domain_rank_updated": "2023-12-26T12:06:20.000+02:00",
        "reach": null,
        "social": {
            "facebook": {
                "likes": 0,
                "comments": 0,
                "shares": 1
            },
            "gplus": {
                "shares": 0
            },
            "pinterest": {
                "shares": 0
            },
            "linkedin": {
                "shares": 0
            },
            "stumbledupon": {
                "shares": 0
            },
            "vk": {
                "shares": 0
            }
        }
    },
    "uuid": "5198bc53dbcdd77c31094e3f07cca56609909eed",
    "url": "https://www.elespectador.com/colombia/medellin/incendio-en-el-cerro-quitasol-ha-consumido-mas-de-70-hectareas-en-medellin/",
    "ord_in_thread": 0,
    "parent_url": null,
    "author": "Redacción Colombia",
    "published": "2023-12-28T20:42:00.000+02:00",
    "title": "Incendio en el cerro Quitasol ha consumido más de 70 hectáreas en Medellín",
    "text": "Los fuertes vientos revivieron el incendio que se presentó en el cerro Quitasol, en el municipio de Bello, al norte de Medellín, lo que ya ha consumido alrededor de 70 hectáreas de bosque, según han indicado las autoridades locales. Lea: Así terminó el rescate de las cinco personas atrapadas en un cable aéreo en Caldas La conflagración había logrado ser controlada el pasado martes, pero sobre el medio día del miércoles 27 de diciembre se reavivaron las llamas que en las últimas 24 horas han avanzado rápidamente por el cerro. “Ha sido imposible controlarlo; ya que, la vegetación es bastante alta y tenemos unos pinos, también, bastante altos. Continuamos las operaciones. Hasta el momento no tenemos personas lesionadas y seguimos trabajando para poder mitigar el incendio”, indicó el comandante de bomberos voluntarios de Bello, capitán Nelson Zuluaica. A los trabajos que venían adelantando los bomberos de Bello, se le sumó el Batallón Pedro Nel Ospina, así como bomberos Copacabana, Itagüí, Sabaneta, guardabosques y Defensa Civil, de tal forma que el pasado miércoles había alrededor de 85 personas realizando trabajos de mitigación. Le puede interesar: Robaron al bajista de Iván Villazón alrededor de $4 millones en Valledupar Según la Dirección de Bomberos, para este jueves, 75 personas subieron al cerro Quitasol para continuar con la extinción del incendio, así como se sumaron la Fuerza Aérea Colombiana, la Unidad Nacional para la Gestión del Riesgo de Desastres y la Dirección Nacional de Bomberos. “La Dirección Nacional de Bomberos, por solicitud del Comandante del CBV de Bello-Antioquia, activó un contrato de horas-vuelo para apoyar el control y extinción del incendio forestal en el Cerro Quitasol. Coordinación efectiva con bomberos de la región y entidades del Sistema Nacional de Gestión del Riesgo de Desastres (Sngrd)”, indicó la dirección en redes sociales. Esta es la tercera emergencia que se presenta en el cerro Quitasol en la última semana. Las dos primeras se registraron el 23 y 26 de diciembre, y fueron controladas por las unidades de socorro. La tercera se deriva de la segunda emergencia y primeras hipótesis indican que habría sido provocado por tierreros.",
    "highlightText": "",
    "highlightTitle": "",
    "highlightThreadTitle": "",
    "language": "spanish",
    "sentiment": "negative",
    "categories": [
        "Human Interest",
        "Disaster and Accident",
        "Environment"
    ],
    "external_links": [],
    "external_images": [],
    "entities": {
        "persons": [],
        "organizations": [],
        "locations": []
    },
    "rating": null,
    "crawled": "2023-12-29T01:28:32.805+02:00",
    "updated": "2023-12-29T01:28:32.805+02:00"
}