{
    "thread": {
        "uuid": "4c7b028a43087bb03d11e72a150986550adb1abe",
        "url": "https://lukasvjpvb.pages10.com/the-ultimate-guide-to-vidente-tarotista-consulta-de-tarot-en-bormujos-59717261",
        "site_full": "lukasvjpvb.pages10.com",
        "site": "pages10.com",
        "site_section": "https://pages10.com/rss-homepage.php?1",
        "site_categories": [],
        "section_title": "pages10.com RSS feed",
        "title": "The Ultimate Guide To Vidente tarotista consulta de tarot en Bormujos",
        "title_full": "The Ultimate Guide To Vidente tarotista consulta de tarot en Bormujos",
        "published": "2023-12-26T02:32:00.000+02:00",
        "replies_count": 0,
        "participants_count": 1,
        "site_type": "news",
        "country": "IN",
        "main_image": "",
        "performance_score": 0,
        "domain_rank": 6244,
        "domain_rank_updated": "2023-12-19T12:06:12.000+02:00",
        "reach": null,
        "social": {
            "facebook": {
                "likes": 0,
                "comments": 0,
                "shares": 0
            },
            "gplus": {
                "shares": 0
            },
            "pinterest": {
                "shares": 0
            },
            "linkedin": {
                "shares": 0
            },
            "stumbledupon": {
                "shares": 0
            },
            "vk": {
                "shares": 0
            }
        }
    },
    "uuid": "4c7b028a43087bb03d11e72a150986550adb1abe",
    "url": "https://lukasvjpvb.pages10.com/the-ultimate-guide-to-vidente-tarotista-consulta-de-tarot-en-bormujos-59717261",
    "ord_in_thread": 0,
    "parent_url": null,
    "author": "Lukasvjpvb Pages",
    "published": "2023-12-26T02:32:00.000+02:00",
    "title": "The Ultimate Guide To Vidente tarotista consulta de tarot en Bormujos",
    "text": "Otra diferencia importante de Tarotamistad.com es que la plataforma es muy enfocada en la privacidad y la seguridad. Los usuarios pueden elegir si desean mostrar su foto de perfil en el chat y la plataforma aplica medidas de seguridad para proteger los datos personales de los usuarios.\ncalificaciones y comentarios de los usuarios anteriores. Esto les da a los usuarios la tranquilidad de saber que están consultando con profesionales competentes.\nPuede ser de gran ayuda contrarme en estos momentos ya que la humanidad tiene que tener personas que le acompañen en el camino de la luz y el crecimento espiritual. Tienen que estar acompañadas ya que hay mucha...\nAl llamar a la mejor vidente en Bormujos en este arte, se recibe la información que, siente o ve. Uno de los beneficios de esto es que estás recibiendo la información desde un punto de vista diferente al tuyo.\nGracias por visitar nuestro sitio World wide web . Aquí encontrarás los servicios que ofrece un grupo de videntes y tarotistas con más de 20 años de experiencia de la mano de Esperanza Blanco.\nHago consultas completas telefónicas en las que intento abordar las preguntas desde diversos ángulos para daros una visión completa del problema, profunda e intentando qu e veáis el camino que os lleva a una solución\nLas videntes reales sin engaños nunca mienten. Siempre dicen la verdad y se disponen a asesorarte dando información veraz y auténtica. Te vas a dar cuenta que, desde el primer momento, van a acertar en todas las respuestas\nmore info que dan y adivinan cómo te sientes, es decir, solo con escuchar tu voz ya saben qué te sucede; por eso, son profesionales de la clarividencia y el tarot.\nSomos considerados el equipo de España más diverso y capaz para atender cualquier tarea sobre las ciencias ocultas\nDebido a esto, los tarotistas más serios resaltan en sus servicios que trabajan sin gabinete de tarot, y que sus consultas son presenciales, en un ambiente adecuado que favorezca la concentración y donde se logre una conexión own con el cliente.\nWengo.es es una plataforma en línea que ofrece servicios de consultas psíquicas, tarot y otros servicios relacionados con la adivinación. Los usuarios pueden acceder a los servicios de los profesionales de\nEl proceso para trabajar como tarotista en Tamara Tarot es sencillo. Los interesados pueden enviar su solicitud para formar parte de la plataforma y completar un formulario de registro. Luego, se procede a\nOtra diferencia importante de Adivinario.com con respecto a otras plataformas es que ofrece una valoración muy positiva de los tarotistas en la plataforma, lo que ayuda a los clientes a identificar\nEsoterismo24.com es una plataforma Digital que conecta a tarotistas y otros profesionales en la adivinación con clientes que buscan una consulta en línea.\nFrancisco dice: \"Vicente ha hecho y está haciendo por mi y por mi marido lo que nadie hace por otro. Creo en el al 100%, nunca tendré palabras sufrientes de agradecimiento hacia el.\nThe Ultimate Guide To Vidente tarotista consulta de tarot en Bormujos\nOtra diferencia importante de Tarotamistad.com es que la plataforma es muy enfocada en la privacidad y la seguridad. Los usuarios pueden elegir si desean mostrar su foto de perfil en el chat y la plataforma aplica medidas de seguridad para proteger los datos personales de los usuarios.",
    "highlightText": "",
    "highlightTitle": "",
    "highlightThreadTitle": "",
    "language": "spanish",
    "sentiment": "positive",
    "categories": [
        "Lifestyle and Leisure",
        "Human Interest",
        "Religion and Belief"
    ],
    "external_links": [
        "https://tarotistagratis.com/aprovecha-esta-oportunidad-unica-consulta-gratis-con-un-tarotista-profesional-en-aranjuez/",
        "https://www.tarotistagratis.com/aprovecha-esta-oportunidad-unica-consulta-gratis-con-un-tarotista-profesional-en-aranjuez/",
        "https://tarotistagratis.com/aprovecha-esta-oportunidad-unica-consulta-gratis-con-un-tarotista-profesional-en-aranjuez"
    ],
    "external_images": [],
    "entities": {
        "persons": [],
        "organizations": [],
        "locations": []
    },
    "rating": null,
    "crawled": "2023-12-26T07:56:28.523+02:00",
    "updated": "2023-12-26T07:56:28.523+02:00"
}