{
    "thread": {
        "uuid": "027676106d870227ad5dce4c7a9a9a2df4795734",
        "url": "https://www.brighteon.com/494cae7c-9861-4be9-8c4b-580fe462dd4e",
        "site_full": "www.brighteon.com",
        "site": "brighteon.com",
        "site_section": "https://brighteon.com/channels/ussportsradio",
        "site_categories": [],
        "section_title": "Brighteon",
        "title": "The Rock Almighty Shaker Of Heaven And Earth. The Day Salvation Was Born",
        "title_full": "The Rock Almighty Shaker Of Heaven And Earth. The Day Salvation Was Born",
        "published": "2023-12-26T05:37:00.000+02:00",
        "replies_count": 0,
        "participants_count": 1,
        "site_type": "news",
        "country": "US",
        "main_image": "https://photos.brighteon.com/file/brighteon-thumbnails/poster/a09a837d-07ca-4409-939d-ab7f852583b9",
        "performance_score": 0,
        "domain_rank": 16040,
        "domain_rank_updated": "2023-12-19T12:06:12.000+02:00",
        "reach": null,
        "social": {
            "facebook": {
                "likes": 0,
                "comments": 0,
                "shares": 0
            },
            "gplus": {
                "shares": 0
            },
            "pinterest": {
                "shares": 0
            },
            "linkedin": {
                "shares": 0
            },
            "stumbledupon": {
                "shares": 0
            },
            "vk": {
                "shares": 0
            }
        }
    },
    "uuid": "027676106d870227ad5dce4c7a9a9a2df4795734",
    "url": "https://www.brighteon.com/494cae7c-9861-4be9-8c4b-580fe462dd4e",
    "ord_in_thread": 0,
    "parent_url": null,
    "author": "US Sports Radio",
    "published": "2023-12-26T05:37:00.000+02:00",
    "title": "The Rock Almighty Shaker Of Heaven And Earth. The Day Salvation Was Born",
    "text": "Support the show & Get the tunes and swag that show that you rock for the King!\n@ Apple Music - https://apple.co/3R0qwH4\n@ Amazon Music - https://amzn.to/3S6Kcub\nYour donations are always appreciated. A portion of your donations will be given to Christ-centered ministries and organizations doing the Lord's work in these last days. May God richly bless you!\nDonate here:\nhttps://bit.ly/3RWo4mg\nIt would be an honor to have to have you Like, (Rumble) and Subscribe to this channel. We pray it's an inspiration to you and fam'\nToday we celebrate when we were truly saved for all eternity!\nJesus: Lord of Salvation\nFrom Intouch Ministries\nGet more with the app:\n@ Apple - https://apple.co/3yUJ0lz\n@ Amazon - https://amzn.to/41zMA1Y\nJesus lives in every believer through His powerful Spirit.\nMatthew 1:18-25\nThroughout human history, God has initiated a relationship with the people He created. Though He often seemed far away, He consistently revealed Himself in personal encounters and even came to be in the Israelites’ midst (in a pillar of cloud and fire, the tabernacle, and the temple). But eventually, God’s presence—in the form of His own Son—came as a man to live among humankind.\nMusic video credit:\nRecon - Lost Soldier\n@ Apple Music - https://apple.co/3NH3O7Q\n@ Amazon Music - https://amzn.to/47t9mdz\nReal 80s CCM\n@Real80sCCM\nhttps://www.youtube.com/@Real80sCCM\nThe Rock Almighty\nPart Of the US Sports Network\nhttp://www.USSportsRadio.net",
    "highlightText": "",
    "highlightTitle": "",
    "highlightThreadTitle": "",
    "language": "english",
    "sentiment": "positive",
    "categories": [
        "Human Interest",
        "Arts, Culture and Entertainment",
        "Religion and Belief"
    ],
    "external_links": [
        "https://bit.ly/3RWo4mg",
        "http://www.USSportsRadio.net",
        "https://apple.co/3yUJ0lz",
        "https://amzn.to/47t9mdz",
        "https://amzn.to/41zMA1Y",
        "https://apple.co/3R0qwH4",
        "https://amzn.to/3S6Kcub",
        "https://www.youtube.com/@Real80sCCM",
        "https://apple.co/3NH3O7Q",
        "https://www.amzn.to/3S6Kcub",
        "https://youtube.com/@Real80sCCM",
        "https://www.amzn.to/47t9mdz",
        "https://www.apple.co/3NH3O7Q",
        "http://USSportsRadio.net",
        "https://www.amzn.to/41zMA1Y",
        "https://www.apple.co/3R0qwH4",
        "https://www.bit.ly/3RWo4mg",
        "https://www.apple.co/3yUJ0lz"
    ],
    "external_images": [],
    "entities": {
        "persons": [
            {
                "name": "jesus",
                "sentiment": "none"
            },
            {
                "name": "matthew",
                "sentiment": "none"
            }
        ],
        "organizations": [
            {
                "name": "apple",
                "sentiment": "none"
            },
            {
                "name": "amazon music",
                "sentiment": "none"
            },
            {
                "name": "intouch",
                "sentiment": "none"
            },
            {
                "name": "amazon",
                "sentiment": "none"
            }
        ],
        "locations": []
    },
    "rating": null,
    "crawled": "2023-12-26T06:26:21.891+02:00",
    "updated": "2023-12-27T08:51:07.024+02:00"
}