{
    "thread": {
        "uuid": "4cca6c1eb28c35d767ef583fb8c3aaacb1a38f22",
        "url": "https://www.timesunion.com/opinion/article/editorial-merry-christmas-18569041.php",
        "site_full": "www.timesunion.com",
        "site": "timesunion.com",
        "site_section": "https://timesunion.com/opinion/",
        "site_categories": [
            "media"
        ],
        "section_title": "Letters, Opinion for Albany &amp; the New York Capital Region - Times Union",
        "title": "Editorial: Merry Christmas",
        "title_full": "Editorial: Merry Christmas",
        "published": "2023-12-25T12:05:00.000+02:00",
        "replies_count": 0,
        "participants_count": 1,
        "site_type": "news",
        "country": "US",
        "main_image": "https://s.hdnux.com/photos/01/35/55/56/24566661/5/rawImage.jpg",
        "performance_score": 0,
        "domain_rank": 1750,
        "domain_rank_updated": "2023-12-19T12:06:12.000+02:00",
        "reach": null,
        "social": {
            "facebook": {
                "likes": 0,
                "comments": 0,
                "shares": 0
            },
            "gplus": {
                "shares": 0
            },
            "pinterest": {
                "shares": 0
            },
            "linkedin": {
                "shares": 0
            },
            "stumbledupon": {
                "shares": 0
            },
            "vk": {
                "shares": 0
            }
        }
    },
    "uuid": "4cca6c1eb28c35d767ef583fb8c3aaacb1a38f22",
    "url": "https://www.timesunion.com/opinion/article/editorial-merry-christmas-18569041.php",
    "ord_in_thread": 0,
    "parent_url": null,
    "author": "Times Union Editorial Board",
    "published": "2023-12-25T12:05:00.000+02:00",
    "title": "Editorial: Merry Christmas",
    "text": "Credit: Getty Images. In 1897, a young girl wrote to The Sun, a New York City newspaper, asking whether Santa Claus was real. To the delight of readers (and the eternal gratitude of seasonally frazzled editorial writers), Frank Church, a writer and editor for the paper, penned what became a holiday classic — and a tradition for us to reprint on Christmas Day. We take pleasure in answering thus prominently the communication below, expressing at the same time our great gratification that its faithful author is numbered among the friends of The Sun: DEAR EDITOR: I am 8 years old. Some of my little friends say there is no Santa Claus. Papa says, \"If you see it in The Sun, it's so.\" Please tell me the truth, is there a Santa Claus? -- Virginia O'Hanlon 115 W. 95th St. Virginia, your little friends are wrong. They have been affected by the skepticism of a skeptical age. They do not believe except they see. They think that nothing can be which is not comprehensible by their little minds. All minds, Virginia, whether they be men's or children's, are little. In this great universe of ours, man is a mere insect, an ant, in his intellect as compared with the boundless world about him, as measured by the intelligence capable of grasping the whole of truth and knowledge. Yes, Virginia, there is a Santa Claus. He exists as certainly as love and generosity and devotion exist, and you know that they abound and give to your life its highest beauty and joy. Alas! How dreary would be the world if there were no Santa Claus! It would be as dreary as if there were no Virginias. There would be no childlike faith then, no poetry, no romance to make tolerable this existence. We should have no enjoyment, except in sense and sight. The external light with which childhood fills the world would be extinguished. Not believe in Santa Claus! You might as well not believe in fairies. You might get your papa to hire men to watch in all the chimneys on Christmas Eve to catch Santa Claus, but even if you did not see Santa Claus coming down, what would that prove? Nobody sees Santa Claus, but that is no sign that there is no Santa Claus. The most real things in the world are those that neither children nor men can see. Did you ever see fairies dancing on the lawn? Of course not, but that's no proof that they are not there. Nobody can conceive or imagine all the wonders there are unseen and unseeable in the world. You tear apart the baby's rattle and see what makes the noise inside, but there is a veil covering the unseen world which not the strongest man, nor even the united strength of all the strongest men that ever lived, could tear apart. Only faith, poetry, love, romance, can push aside that curtain and view and picture the supernal beauty and glory beyond. Is it all real? Ah, Virginia, in all this world there is nothing else real and abiding. No Santa Claus! Thank God! He lives and lives forever. A thousand years from now, Virginia, nay 10 times 10,000 years from now, he will continue to make glad the heart of childhood.",
    "highlightText": "",
    "highlightTitle": "",
    "highlightThreadTitle": "",
    "language": "english",
    "sentiment": "positive",
    "categories": [
        "Human Interest",
        "Arts, Culture and Entertainment",
        "Religion and Belief"
    ],
    "external_links": [],
    "external_images": [],
    "entities": {
        "persons": [
            {
                "name": "santa claus",
                "sentiment": "none"
            },
            {
                "name": "-- virginia o'hanlon",
                "sentiment": "none"
            }
        ],
        "organizations": [
            {
                "name": "the sun",
                "sentiment": "neutral"
            },
            {
                "name": "frank church",
                "sentiment": "none"
            }
        ],
        "locations": [
            {
                "name": "new york city",
                "sentiment": "none"
            },
            {
                "name": "santa claus",
                "sentiment": "none"
            },
            {
                "name": "st. virginia",
                "sentiment": "none"
            },
            {
                "name": "virginia",
                "sentiment": "none"
            }
        ]
    },
    "rating": null,
    "crawled": "2023-12-26T01:29:25.277+02:00",
    "updated": "2023-12-26T01:29:25.277+02:00"
}