{
    "thread": {
        "uuid": "7ef8d0487505b142382595d4b9fb325235eaedd6",
        "url": "https://cruzicpwc.pages10.com/the-basic-principles-of-vidente-tarotista-consulta-de-tarot-en-bormujos-59717556",
        "site_full": "cruzicpwc.pages10.com",
        "site": "pages10.com",
        "site_section": "https://pages10.com/rss-homepage.php?1",
        "site_categories": [],
        "section_title": "pages10.com RSS feed",
        "title": "The Basic Principles Of Vidente tarotista consulta de tarot en Bormujos",
        "title_full": "The Basic Principles Of Vidente tarotista consulta de tarot en Bormujos",
        "published": "2023-12-26T02:56:00.000+02:00",
        "replies_count": 0,
        "participants_count": 1,
        "site_type": "news",
        "country": "IN",
        "main_image": "",
        "performance_score": 0,
        "domain_rank": 6244,
        "domain_rank_updated": "2023-12-19T12:06:12.000+02:00",
        "reach": null,
        "social": {
            "facebook": {
                "likes": 0,
                "comments": 0,
                "shares": 0
            },
            "gplus": {
                "shares": 0
            },
            "pinterest": {
                "shares": 0
            },
            "linkedin": {
                "shares": 0
            },
            "stumbledupon": {
                "shares": 0
            },
            "vk": {
                "shares": 0
            }
        }
    },
    "uuid": "7ef8d0487505b142382595d4b9fb325235eaedd6",
    "url": "https://cruzicpwc.pages10.com/the-basic-principles-of-vidente-tarotista-consulta-de-tarot-en-bormujos-59717556",
    "ord_in_thread": 0,
    "parent_url": null,
    "author": "Cruzicpwc Pages",
    "published": "2023-12-26T02:56:00.000+02:00",
    "title": "The Basic Principles Of Vidente tarotista consulta de tarot en Bormujos",
    "text": "Así es, la maestra tarotista Silvia Santolaria tiene la capacidad de acertar en todas sus predicciones gracias a un don excepcional que posee desde su nacimiento, una sensibilidad única.\nLa vidente no te hace preguntas ni tampoco te entretiene con comentarios innecesarios; en realidad, escucha todo lo que le quieras contar y te da las explicaciones oportunas y necesarias como para que la consulta de tarot sea productiva.\nTambién cuentan con un sistema de calificaciones y comentarios que ayuda a los tarotistas a construir una reputación y a ganar la confianza de nuevos clientes.\nHoy en día hay servicios de baja calidad o regentados por gabinetes que buscan el lucro, pero no son capaces de ofrecerte predicciones certeras. Por suerte, todavía quedan buenas profesionales que poseen el don para la clarividencia y te ayudan en todo lo que necesitas.\nEtiquetas: sanación desbloquear sanar ATRAER frecuencia de amor futuro camino program de tu alma paz interior sueños abrir camino mision de vida atraer la pareja correcta manifestar la pareja liberar emociones meditaciones guiadas meditacion on line sanar niño inside sanar miedos desarrolla tu potencial soltar enganches dones Crea tu Vida camino de vida abriendo ciclos liberar sanar relaciones soltar miedos atraer la pareja perfecta desenganche sanar el alma abundancia transmutar creencias limitantes evolucionar Materializa lo que necesitas atraer relaciones maravillosas Visto 385 veces\nAl fin y al cabo, se ponen de tu lado para tratar de ayudarte en todo momento a que puedas estar bien y son muy educadas para que, incluso, te sientas mucho mejor personalmente.\nGracias por visitar nuestro sitio web . Aquí encontrarás los servicios que ofrece un grupo de videntes y tarotistas con más de 20 años de experiencia de la mano de Esperanza Blanco.\nOfrece un sistema de pago por minuto y una herramienta de chat en vivo para la atención de clientes.\nNuestra profesionalidad y larga experiencia se hace notar en todos nuestros servicios. Siempre que realice cualquier consulta con nosotros usted sabe que detrás esta nuestro equipo de atención al cliente y nuestro interés en que usted sea un cliente satisfecho.\nEn Madrid, existen muchas opciones para cuando deseamos contratar el servicio de un Tarotista, sin embargo, es important contratar solo a personas que hayan sido recomendadas, por ello, en LosMejoresDeMadrid hemos creado un Top10 con los más recomendados tarotistas de la ciudad.\n“Puedo decir que Vidente Astral me ayudó con un tema de trabajo que no me dejaba dormir. Menos mal que me puse en contacto con ellos, me ayudó y ahora duermo tranquila”\nEl servicio de tarot por teléfono es una opción muy conveniente para responder tus preguntas y conocer el futuro que te espera. Este formato se ha popularizado desde hace décadas como una alternativa a las consultas presenciales, brindando una gran comodidad al ámbito de la videncia.\nSi estás buscando una videncia profunda y precisa que te brinde las respuestas que necesitas, no dudes en contactarme para programar una consulta telefónica. Espero poder ayudarte a encontrar la paz y la tranquilidad que\ntarot 24 horas buscas.\nSi, porque somos una consulta de Tarot Visa económico con Videntes recomendadas a la que ahora puedes acceder gracias a nuestra Oferta de Tarot económico. Sólo tu decides si quieres comprobarlo.\nThe Basic Principles Of Vidente tarotista consulta de tarot en Bormujos\nAsí es, la maestra tarotista Silvia Santolaria tiene la capacidad de acertar en todas sus predicciones gracias a un don excepcional que posee desde su nacimiento, una sensibilidad única.",
    "highlightText": "",
    "highlightTitle": "",
    "highlightThreadTitle": "",
    "language": "spanish",
    "sentiment": "positive",
    "categories": [
        "Religion and Belief"
    ],
    "external_links": [
        "https://tarotistagratis.com/que-es-la-hipotension-descubre-ahora-las-causas-y-sintomas/",
        "https://tarotistagratis.com/que-es-la-hipotension-descubre-ahora-las-causas-y-sintomas",
        "https://www.tarotistagratis.com/que-es-la-hipotension-descubre-ahora-las-causas-y-sintomas/"
    ],
    "external_images": [],
    "entities": {
        "persons": [],
        "organizations": [],
        "locations": []
    },
    "rating": null,
    "crawled": "2023-12-26T08:01:11.382+02:00",
    "updated": "2023-12-26T08:01:11.382+02:00"
}