{
    "thread": {
        "uuid": "a2d824366cddecd4eaeddbaf007b57236b8b5025",
        "url": "https://www.eurasiareview.com/26122023-this-christmas-palestinians-aspire-to-a-life-of-full-dignity-and-full-freedom-oped/",
        "site_full": "www.eurasiareview.com",
        "site": "eurasiareview.com",
        "site_section": "https://eurasiareview.com/",
        "site_categories": [
            "media",
            "law_government_and_politics",
            "politics"
        ],
        "section_title": "Eurasia Review &#8211; A Journal of Analysis and News",
        "title": "This Christmas Palestinians Aspire To A Life Of Full Dignity And Full Freedom – OpEd – Eurasia Review",
        "title_full": "This Christmas Palestinians Aspire To A Life Of Full Dignity And Full Freedom – OpEd – Eurasia Review",
        "published": "2023-12-26T00:00:00.000+02:00",
        "replies_count": 0,
        "participants_count": 1,
        "site_type": "news",
        "country": "US",
        "main_image": "https://www.eurasiareview.com/wp-content/uploads/2018/01/a-14-e1703543473359.jpg",
        "performance_score": 0,
        "domain_rank": 11165,
        "domain_rank_updated": "2023-12-19T12:06:12.000+02:00",
        "reach": null,
        "social": {
            "facebook": {
                "likes": 0,
                "comments": 0,
                "shares": 0
            },
            "gplus": {
                "shares": 0
            },
            "pinterest": {
                "shares": 0
            },
            "linkedin": {
                "shares": 0
            },
            "stumbledupon": {
                "shares": 0
            },
            "vk": {
                "shares": 0
            }
        }
    },
    "uuid": "a2d824366cddecd4eaeddbaf007b57236b8b5025",
    "url": "https://www.eurasiareview.com/26122023-this-christmas-palestinians-aspire-to-a-life-of-full-dignity-and-full-freedom-oped/",
    "ord_in_thread": 0,
    "parent_url": null,
    "author": "Arab News",
    "published": "2023-12-26T00:00:00.000+02:00",
    "title": "This Christmas Palestinians Aspire To A Life Of Full Dignity And Full Freedom – OpEd – Eurasia Review",
    "text": "This Christmas Palestinians Aspire To A Life Of Full Dignity And Full Freedom – OpEd By [Arab News](https://www.eurasiareview.com/author/arab-news/) By Bishop Munib Younan Amid the ongoing war and violence in Gaza, Christ reveals to us the sanctity of every life, regardless of gender, religion, ethnicity, political, or denominational affiliation. War turns precious human lives into mere numbers. Jesus, even from the manger, emphatically assures us that every human has the image of God imprinted upon them. Every human therefore has equal worth and deserves equal dignity. God loves each one of us equally, as it is written, “for God so loved the world that he gave his only begotten son,” (John 3:16), and “I have come that you may have life, and life abundant,” (John 10:10). It is God’s will that all may live with full dignity and full freedom. No one has the right to take away another’s God-given humanity, whether they are friend or foe, whether they share the same or different political or religious beliefs, whether they speak the same language or live on opposite sides of a border. This is a reminder that even in the lowest places on Earth, even the most troubled places, even amid rubble, there must be sanctity of life. The war in Gaza has opened Pandora’s box. Some mistakenly consider the war a religious conflict. I want to assure you that this is not a religious war. Religious people have known for a long time how to live together in harmony in our Holy Land. Others have interpreted the Bible to see this war as eschatological and even apocalyptic. Those that hold this view, even if they call themselves Christians, have failed to see the light from the manger in Bethlehem. The birth of Jesus has revealed again and again that God is love, and this God would never use human life or human suffering for evil. Jesus himself is the fulfillment of prophecy, not some imaginary apocalyptic nightmare. Still others are calling the war in Gaza a “just war.” Frankly, I don’t believe there is a war that is just. We in the Holy Land do not need a just war, we need a just peace. We need no more weapons, oppression, hostilities, attacks, statements, or denial of human rights. Justice and only justice is our desire and our demand, so that the light of life we know through Christ will be for all people. These words challenge Christians and churches all around the world. How can we carry the light of love and justice in our world, especially here in this place, at this time? And so, from the Holy Land, we call on Christians everywhere to actively work for the immediate cessation of war. On Dec. 15, Pope Francis said: “May the killing of children touch the hearts of those who can stop the war.” We ask for more humanitarian aid and we want the world leaders to know that peace with justice is still possible in the Holy Land. In fact, if the war could cease now, this could be a kairos moment when serious peace talks can finally happen. This is a time to realize the end game for the long-standing Israeli-Palestinian conflict. From Jerusalem we light a candle for the victims, the bereaved, the injured, the traumatized, the prisoners of war, the displaced, those whose homes have been destroyed, for the Palestinian Christian community, and especially for the children. * Bishop Munib Younan is a former bishop of Palestine and Jordan and former president of the Lutheran World Federation.",
    "highlightText": "",
    "highlightTitle": "",
    "highlightThreadTitle": "",
    "language": "english",
    "sentiment": "positive",
    "categories": [
        "Religion and Belief",
        "Social Issue",
        "Human Interest"
    ],
    "external_links": [],
    "external_images": [],
    "entities": {
        "persons": [
            {
                "name": "jesus",
                "sentiment": "none"
            },
            {
                "name": "munib younan",
                "sentiment": "none"
            },
            {
                "name": "christ",
                "sentiment": "none"
            }
        ],
        "organizations": [],
        "locations": [
            {
                "name": "gaza",
                "sentiment": "none"
            }
        ]
    },
    "rating": null,
    "crawled": "2023-12-26T01:56:38.373+02:00",
    "updated": "2023-12-26T01:56:38.373+02:00"
}