{
    "thread": {
        "uuid": "ec7ff53b9b56e0dc142f0b0d04734c9073eb77dc",
        "url": "https://vashikaran09517.pages10.com/new-step-by-step-map-for-vashikaran-specialist-59716820",
        "site_full": "vashikaran09517.pages10.com",
        "site": "pages10.com",
        "site_section": "https://pages10.com/rss-homepage.php?1",
        "site_categories": [],
        "section_title": "pages10.com RSS feed",
        "title": "New Step by Step Map For vashikaran specialist",
        "title_full": "New Step by Step Map For vashikaran specialist",
        "published": "2023-12-26T01:59:00.000+02:00",
        "replies_count": 0,
        "participants_count": 1,
        "site_type": "news",
        "country": "IN",
        "main_image": "",
        "performance_score": 0,
        "domain_rank": 6244,
        "domain_rank_updated": "2023-12-19T12:06:12.000+02:00",
        "reach": null,
        "social": {
            "facebook": {
                "likes": 0,
                "comments": 0,
                "shares": 0
            },
            "gplus": {
                "shares": 0
            },
            "pinterest": {
                "shares": 0
            },
            "linkedin": {
                "shares": 0
            },
            "stumbledupon": {
                "shares": 0
            },
            "vk": {
                "shares": 0
            }
        }
    },
    "uuid": "ec7ff53b9b56e0dc142f0b0d04734c9073eb77dc",
    "url": "https://vashikaran09517.pages10.com/new-step-by-step-map-for-vashikaran-specialist-59716820",
    "ord_in_thread": 0,
    "parent_url": null,
    "author": "Vashikaran",
    "published": "2023-12-26T01:59:00.000+02:00",
    "title": "New Step by Step Map For vashikaran specialist",
    "text": "“Thank You Pandit Ji, Very Much! I come to feel confident and hope that all the things with me will likely be good from now onwards. You're no lower than an angel to me. I, once more, ought to state that right after receiving your support, my romantic relationship with my partner, has enhanced significantly, And that i hope that, we have been prospering in the direction of entire harmony.\n1. Start off by taking several deep breaths and concentrating your notice on The bottom of one's spine, the place the 1st chakra (Muladhara) is situated. As you inhale, visualize Vitality flowing up from the earth and into your root chakra.\nFurthermore, the recognitions, laurels, and awards won by him so far are legion. Consequently, he is commonly deemed as remaining among the finest and many famed astrologers in india, by the vast majority of Indian populace residing in locations all through the nation.\nI are turned down by my partner just after 5years of marriage Simply because One more girl experienced a spell on him and he remaining me and The child to suffer. one day After i was examining through Facebook, i noticed a submit on how this spell caster who assisted a lady to receive again her spouse And that i gave him a concept on his address and he informed me that a lady had a spell on my husband he informed me he could get him back again with a robust spell that could operate inside of 17hours.\nAlways bear in mind when you chant the mantra with the wrong intention, it can damage you. It is so simply because, in our universe, almost everything arrives again to us in certain or An additional way. Thus, a person must be cautious In this particular context and chant the mantra most correctly.\nIf you are considering searching for the assistance of the vashikaran specialist, it is essential to choose the correct one particular. With lots of self-proclaimed specialists in the sector, locating a reputable and professional professional might be complicated. During this content, we will manual you in choosing the right vashikaran specialist in close proximity to me.\nI am slowly but surely setting up improved marriage with my dude. Ankit ji often states one thing that we really have to earn whatever, and the top about him is he in no way recommended me any unethical way to unravel my challenge. Currently i come to feel i have a protecting shield for all times in the form of ankit ji.\nAstrology is an effective and important system to unravel your adore problems with lifetime so that you can Reside pleased with your love partner. You could be satisfied in your lifetime with impressive astrology therapies mainly because astrology has a lot of energy.\nVashikaran which is also known as Tantra, mantra in India is basically an historical legacy which is utilized by a vashikaran specialist in India to regulate someone’s brain. It’s a system through which you can also make someone figure out their needs.\nIn its purest type, vashikaran is utilized only permanently, but some endeavor the ritual to achieve Regulate more than somebody or situation.\nKrishan Vashikaran Mantra is sort of renowned for its beautiful effects, and one can detect the instant effects with the help of this vashikaran mantra. You'll want to observe that with the assistance of Krishan Mantra for vashikaran, it is possible to begin to see the effect on the\nclick here focus on person irrespective of their location.\nIn conclusion, when trying to get assistance from the vashikaran specialist, it truly is vital to accomplish your study and ask relevant thoughts to seek out the correct practitioner who has extensive working experience, certifications, and awards With this discipline. By doing this, you can make certain that you get high-quality companies that address your unique demands.\nIn this manner, you will come to recognize that that individual has adjusted totally, and there is a drastic transform in that person’s conduct soon after accomplishing the vashikaran.\nExpert ji, you had instructed me to wear a blue sapphire along with a pearl, to expedite my marriage, some 3-five months ago. Your Resolution has definitely been really thriving, and now I am living with my husband congenially and Fortunately. Thanking both you and your Group again!”\nNew Step by Step Map For vashikaran specialist\n“Thank You Pandit Ji, Very Much! I come to feel confident and hope that all the things with me will likely be good from now onwards. You're no lower than an angel to me. I, once more, ought to state that right after receiving your support, my romantic relationship with my partner, has enhanced significantly, And that i hope that, we have been prospering in the direction of entire harmony.",
    "highlightText": "",
    "highlightTitle": "",
    "highlightThreadTitle": "",
    "language": "english",
    "sentiment": "positive",
    "categories": [
        "Religion and Belief",
        "Health",
        "Human Interest"
    ],
    "external_links": [
        "https://www.tiktok.com/@tantramantraaurvigyaan",
        "https://tiktok.com/@tantramantraaurvigyaan"
    ],
    "external_images": [],
    "entities": {
        "persons": [
            {
                "name": "pandit ji",
                "sentiment": "negative"
            }
        ],
        "organizations": [],
        "locations": []
    },
    "rating": null,
    "crawled": "2023-12-26T07:25:57.653+02:00",
    "updated": "2023-12-26T07:25:57.653+02:00"
}