{
    "thread": {
        "uuid": "2b96ab5353fae88dfc5ecb46194753384e621452",
        "url": "https://finance.sina.com.cn/roll/2025-12-25/doc-inhcyrup9087593.shtml?cref=cj",
        "site_full": "finance.sina.com.cn",
        "site": "sina.com.cn",
        "site_section": "https://m.cj.sina.cn/page/aHR0cHM6Ly9maW5hbmNlLnNpbmEuY29tLmNuL3JvbGwv?from=redirect",
        "site_categories": [
            "tech",
            "top_news_hk",
            "top_news_sg",
            "top_news_tw",
            "top_news"
        ],
        "section_title": "财经滚动新闻_新浪网",
        "site_title": "æ°æµªè´¢ç»_éèä¿¡æ¯æå¡å",
        "title": "半年2轮融资，面壁智能再获头部机构数亿元投资，端侧大模型进入规模化落地阶段_新浪财经_新浪网",
        "title_full": "半年2轮融资，面壁智能再获头部机构数亿元投资，端侧大模型进入规模化落地阶段_新浪财经_新浪网",
        "published": "2025-12-25T06:37:00.000+02:00",
        "replies_count": 0,
        "participants_count": 1,
        "site_type": "news",
        "country": "CN",
        "main_image": "",
        "performance_score": 0,
        "domain_rank": 548,
        "domain_rank_updated": "2025-12-21T23:00:00.000+02:00",
        "licensing_agency": [],
        "social": {
            "facebook": {
                "likes": 0,
                "comments": 0,
                "shares": 0
            },
            "vk": {
                "shares": 0
            }
        }
    },
    "uuid": "2b96ab5353fae88dfc5ecb46194753384e621452",
    "url": "https://finance.sina.com.cn/roll/2025-12-25/doc-inhcyrup9087593.shtml?cref=cj",
    "ord_in_thread": 0,
    "author": "鞭牛士",
    "published": "2025-12-25T06:37:00.000+02:00",
    "title": "半年2轮融资，面壁智能再获头部机构数亿元投资，端侧大模型进入规模化落地阶段_新浪财经_新浪网",
    "text": "ZF获悉， 面壁智能近期完成数亿元融资，京国瑞、 国科投资 、中金保时捷基金、米聚资本与和基投资共同参与。 公司披露，本轮资金将主要用于加大端侧高效大模型的研发投入，并加速端侧 AI 的商业化落地进程。\n在大模型从云端走向终端的过程中，行业的关注点正在发生变化。过去讨论更多围绕参数规模、训练成本和模型能力上限展开，而当模型开始进入汽车、手机、PC、智能家居等场景，新的问题变得更具体：能否在有限算力与功耗约束下保持稳定体验，能否被工程体系持续维护，能否形成可复制的交付与商业路径。端侧智能之所以在 2025 被频繁提及，很大程度上与这些现实约束有关。\n在端侧智能方向上，面壁属于较早开展系统化布局的厂商之一。公司围绕端侧高效模型构建了相对完整的理论体系与模型产品谱系，并以 MiniCPM 端侧模型 作为代表产品之一，面向汽车、手机、PC 及智能家居等方向推进应用。\n公司披露其已与吉利、长安、大众、华为等企业达成合作，并在部分领域实现规模化落地。 对于端侧模型而言，衡量标准通常不仅是单次效果，更包括长期运行的稳定性、推理效率、功耗与成本结构，以及与具体终端系统的适配程度。是否能够在这些约束下形成可持续交付，往往决定了其落地速度与覆盖范围。\n在汽车场景上，面壁披露了两项较具代表性的进展。今年 4 月，面壁与长安马自达、梧桐科技共同打造的端侧模型量产车型，长安马自达战略级新能源车型 MAZDA EZ-60 上市。9 月，吉利 AI 科技大六座旗舰 SUV 银河 M9 全球上市发售，并搭载 MiniCPM 多模态模型，用于共同打造人车交互体验。\n面壁智能 CEO 李大海表示 ，“感谢各投资方对面壁的认可与支持。我们致力于携手产业链合作伙伴，让高效端侧大模型运行在海量终端之上，为广大消费者带来创新、普惠的智能体验。在大模型行业赋能的加速时刻，处于国家政策利好、技术加快迭代、消费场景勃发的新发展阶段，面壁在本次融资后，必将乘势而上，加码投入，持续领跑端侧 AI 市场。”\n京国瑞董事总经理朱平表示 ，“真正的创新往往诞生于对底层技术的极致深耕。面壁以其提出的‘ 密度定律 ’为方向指引，持续追求大模型高效能，在端侧智能领域率先打通了‘理论-技术-场景-商业’的正循环。京国瑞作为国有资本，坚定看好面壁成为端侧智能赛道的标杆企业，在‘人工智能+消费提质’的行动方向上，成为推动智能终端‘万物智联’的重要力量。”\n国科投资 董事长孙华表示 ，“端侧智能是大模型产业落地的‘最后一公里’，面壁率先识别并精准卡位这一黄金赛道，占据了领先的市场地位。国科投资认同其‘技术驱动+场景深耕’的双轮战略，此次投资是对面壁发展的支持，更代表了我们对‘AI+终端’未来十年的前瞻布局。”\n中金资本 董事总经理徐萌萌表示 ，“智能汽车正迈向主动智能、体验驱动的关键节点，我们坚定看好面壁智能的端侧技术路径与汽车产业深度融合。作为端侧领先的大模型厂商，面壁在解决座舱核心痛点、打造新一代人车交互方面有着深刻理解和落地能力，构建起从技术到场景的‘端侧智能护城河’。作为产业资本，中金保时捷基金还将通过战略资源整合，助力面壁在汽车智能化领域深化布局，在‘软件定义汽车’时代获得成功。”\n米聚资本合伙人陶磊与和基投资合伙人张哲表示 ，“面壁让我们看到技术创业者的稀缺特质，既有对学术前沿和行业发展的敏锐洞察，又有将研究成果转化为商业化方案的强大执行力，不盲目追逐热点，而是聚焦端侧智能持续攻坚。我们愿以资本为后盾，助力面壁走向更大的舞台。”\n2025 年被业界普遍视为「端侧智能」元年。在模型技术突破与端侧算力提升的双重驱动下，端侧 AI 的独特优势进一步彰显，推动市场规模驶入快车道，应用场景实现规模化渗透。作为端侧智能的「头雁」，面壁智能持续深耕模型研发与场景落地，并成功完成多轮数亿元融资，投资方阵容日趋多元化。\n（转载自Z Finance）",
    "highlightText": "",
    "highlightTitle": "",
    "highlightThreadTitle": "",
    "language": "chinese",
    "sentiment": "positive",
    "categories": [
        "Economy, Business and Finance",
        "Science and Technology"
    ],
    "topics": [
        "Economy, Business and Finance->business financing",
        "Economy, Business and Finance->business strategy and marketing",
        "Economy, Business and Finance->computing and information technology",
        "Science and Technology->biotechnology",
        "Science and Technology->information technology and computer science"
    ],
    "ai_allow": true,
    "has_canonical": false,
    "breaking": null,
    "webz_reporter": false,
    "external_links": [],
    "external_images": [],
    "internal_images": [],
    "entities": {
        "persons": [],
        "locations": [],
        "organizations": []
    },
    "syndication": {
        "syndicated": null,
        "syndicate_id": null,
        "first_syndicated": false
    },
    "trust": {
        "categories": [],
        "top_news": [
            "top_news_hk",
            "top_news_sg",
            "top_news_tw",
            "top_news"
        ],
        "bias": null,
        "source": {
            "type": null,
            "city": null,
            "state": null,
            "country": null,
            "domain_type": null,
            "agency": null,
            "organization_name": null
        }
    },
    "rating": null,
    "crawled": "2025-12-25T07:53:01.667+02:00",
    "updated": "2025-12-26T08:07:39.000+02:00"
}