{
    "thread": {
        "uuid": "e4a9a55e88a794eccefa7c3a05b16320d64f50fe",
        "url": "https://www.ad-hoc-news.de/boerse/ueberblick/regulatory-shift-propels-u-s-drone-maker-red-cat/68434035",
        "site_full": "www.ad-hoc-news.de",
        "site": "ad-hoc-news.de",
        "site_section": "https://www.ad-hoc-news.de/international",
        "site_categories": [
            "media",
            "business",
            "marketing"
        ],
        "section_title": "INTERNATIONAL AKTUELLE NACHRICHTEN UND MELDUNGEN",
        "site_title": "NEWS & AKTIENKURSE | AD HOC NEWS",
        "title": "Regulatory Shift Propels U.S. Drone Maker Red Cat",
        "title_full": "Regulatory Shift Propels U.S. Drone Maker Red Cat",
        "published": "2025-12-25T08:02:00.000+02:00",
        "replies_count": 0,
        "participants_count": 1,
        "site_type": "news",
        "country": "DE",
        "main_image": "https://mdb.ad-hoc-news.de/bilder/bild-2415176_600_800.jpg",
        "performance_score": 0,
        "domain_rank": 146132,
        "domain_rank_updated": "2025-12-21T23:00:00.000+02:00",
        "licensing_agency": [],
        "social": {
            "facebook": {
                "likes": 0,
                "comments": 0,
                "shares": 0
            },
            "vk": {
                "shares": 0
            }
        }
    },
    "uuid": "e4a9a55e88a794eccefa7c3a05b16320d64f50fe",
    "url": "https://www.ad-hoc-news.de/boerse/ueberblick/regulatory-shift-propels-u-s-drone-maker-red-cat/68434035",
    "ord_in_thread": 0,
    "author": "Redaktion ad-hoc-news.de",
    "published": "2025-12-25T08:02:00.000+02:00",
    "title": "Regulatory Shift Propels U.S. Drone Maker Red Cat",
    "text": ",\nRegulatory Shift Propels U.S. Drone Maker Red Cat\n25.12.2025 - 07:02:04Red Cat US75644T1007\nA pivotal regulatory decision by the U.S. Federal Communications Commission (FCC) is reshaping the competitive landscape of the American drone industry. By effectively barring major Chinese manufacturers, including DJI and Autel, from the market, the move has created a significant opportunity for domestic producers. Among the potential beneficiaries, shares of Red Cat Holdings Inc. surged approximately 25% over a week following the announcement.\nThe FCC's action involved enforcing Section 1709 of the National Defense Authorization Act (NDAA), placing leading foreign drone makers on its \"Covered List.\" The practical consequence is that new models from these companies can no longer receive regulatory approval for legal operation within the United States.\nThis development grants Red Cat, a U.S.-based manufacturer of NDAA-compliant systems, a distinct structural advantage. Company CEO Jeff Thompson characterized the ruling as a \"defining moment\" for the domestic industry. Red Cat is strategically positioning its \"Black Widow\" platform as a primary alternative for government and defense contracts, entities now compelled to source American hardware.\nMarket Response and Technical Perspective\nFollowing its substantial weekly gain, Red Cat's equity experienced a slight pullback of nearly one percent on December 24, a typical pattern of profit-taking after a rapid advance. The shares closed that day at $9.09, having traded between $8.88 and $9.35.\n[Should investors sell immediately? Or is it worth buying Red Cat?]\nElevated trading volume suggests sustained institutional interest. From a technical standpoint, the area around $8.80 now forms a near-term support level, with the psychologically significant $10 mark viewed as the next key resistance.\nOperational Challenges Persist\nDespite the favorable regulatory shift, the company's operational narrative remains complex. For the third quarter of fiscal 2025, Red Cat reported revenue growth to $9.6 million, a clear year-over-year improvement. However, it posted a loss per share of $0.16, missing profit expectations.\nThe company's market valuation of roughly $1.1 billion already incorporates high expectations. This valuation is not grounded in current profitability but rather in the anticipation that Red Cat can convert its improved market position into tangible contracts and enhanced margins.\nThe Path Forward: Execution is Key\nThe political and regulatory environment for U.S. drone manufacturers is now more favorable than ever. For Red Cat, the critical task ahead is translating this advantage into measurable business success. Forthcoming quarterly reports will be scrutinized for evidence that expected increases in government contracts are materializing and that the company can scale production profitably.\nAd\nRed Cat Stock: Buy or Sell?! New Red Cat Analysis from December 25 delivers the answer:\nThe latest Red Cat figures speak for themselves: Urgent action needed for Red Cat investors. Is it worth buying or should you sell? Find out what to do now in the current free analysis from December 25.\nRed Cat: Buy or sell?\nRead more here...",
    "highlightText": "",
    "highlightTitle": "",
    "highlightThreadTitle": "",
    "language": "english",
    "sentiment": "positive",
    "categories": [
        "Science and Technology",
        "Economy, Business and Finance"
    ],
    "topics": [
        "Science and Technology->technology and engineering",
        "Science and Technology->aerospace engineering",
        "Economy, Business and Finance->business strategy and marketing",
        "Economy, Business and Finance->corporate news and profiles",
        "Economy, Business and Finance->business and market analysis"
    ],
    "ai_allow": true,
    "has_canonical": false,
    "breaking": false,
    "webz_reporter": false,
    "external_links": [
        "https://stockstoday.com/lp/analysis/?trk=ST_Asset_Analysis_Bottom_Full-Text-Feed&isin=US75644T1007&aktienname=Red+Cat&adref=PostID_58792%3ABlog_StocksToday%3AISIN_US75644T1007%3AStock_Red+Cat%3ASource_Ad-Hoc-News&source=Ad-Hoc-News",
        "https://stockstoday.com/lp/analysis/",
        "https://www.stockstoday.com/lp/analysis/?trk=ST_Asset_Analysis_Bottom_Full-Text-Feed&isin=US75644T1007&aktienname=Red+Cat&adref=PostID_58792%3ABlog_StocksToday%3AISIN_US75644T1007%3AStock_Red+Cat%3ASource_Ad-Hoc-News&source=Ad-Hoc-News"
    ],
    "external_images": [],
    "internal_images": [],
    "entities": {
        "persons": [
            {
                "name": "Jeff Thompson",
                "sentiment": "none"
            }
        ],
        "locations": [],
        "organizations": [
            {
                "name": "Red Cat Holdings Inc.",
                "sentiment": "none",
                "tickers": [
                    {
                        "ticker": "RCAT",
                        "exchange": "NASDAQ"
                    }
                ]
            },
            {
                "name": "FCC",
                "sentiment": "none",
                "tickers": [
                    {
                        "ticker": null,
                        "exchange": null
                    }
                ]
            }
        ]
    },
    "syndication": {
        "syndicated": false,
        "syndicate_id": null,
        "first_syndicated": false
    },
    "trust": {
        "categories": [],
        "top_news": [],
        "bias": null,
        "source": {
            "type": null,
            "city": null,
            "state": null,
            "country": null,
            "domain_type": null,
            "agency": null,
            "organization_name": null
        }
    },
    "rating": null,
    "crawled": "2025-12-25T08:04:00.641+02:00",
    "updated": "2025-12-25T08:07:20.000+02:00"
}