{
    "thread": {
        "uuid": "a8d2a459b11b631c180de7cbac8a899b1d62cb5e",
        "url": "https://thepeninsulaqatar.com/article/25/12/2025/qatar-emerges-as-mena-ai-leader-in-global-government-readiness-index-2025",
        "site_full": "thepeninsulaqatar.com",
        "site": "thepeninsulaqatar.com",
        "site_section": "https://thepeninsulaqatar.com/category/education",
        "site_categories": [
            "media",
            "top_news_qa",
            "top_news"
        ],
        "section_title": "Education | The Peninsula Qatar",
        "site_title": "Home | The Peninsula Qatar",
        "title": "Qatar emerges as MENA AI leader in global Government Readiness Index 2025 | The Peninsula Qatar",
        "title_full": "Qatar emerges as MENA AI leader in global Government Readiness Index 2025 | The Peninsula Qatar",
        "published": "2025-12-25T08:06:24.652+02:00",
        "replies_count": 0,
        "participants_count": 1,
        "site_type": "news",
        "country": "QA",
        "main_image": "https://thepeninsulaqatar.com/get/maximage/20250530_1748614013-816.jpeg?1748614014",
        "performance_score": 0,
        "domain_rank": 42461,
        "domain_rank_updated": "2025-12-21T23:00:00.000+02:00",
        "licensing_agency": [],
        "social": {
            "facebook": {
                "likes": 1,
                "comments": 0,
                "shares": 53
            },
            "vk": {
                "shares": 0
            }
        }
    },
    "uuid": "a8d2a459b11b631c180de7cbac8a899b1d62cb5e",
    "url": "https://thepeninsulaqatar.com/article/25/12/2025/qatar-emerges-as-mena-ai-leader-in-global-government-readiness-index-2025",
    "ord_in_thread": 0,
    "author": "The Peninsula Newspaper",
    "published": "2025-12-25T08:06:24.652+02:00",
    "title": "Qatar emerges as MENA AI leader in global Government Readiness Index 2025 | The Peninsula Qatar",
    "text": "Doha, Qatar: In the rapidly evolving global artificial intelligence (AI) landscape, Qatar is emerging as a regional frontrunner in the Middle East and North Africa (MENA), securing the 54th position out of 195 nations in Oxford Insights’ 2025 Government AI Readiness Index.\nRegionally, Qatar sits in the fifth position, and its global ranking places it in the upper-middle tier worldwide, outperforming several OECD nations and demonstrating the effectiveness of its top-down, state-led AI strategy.\nWith an overall score that reflects strategic investments in infrastructure, governance, and public sector innovation, Qatar’s performance underscores its ambition to transition from an energy-based economy to a knowledge-driven digital hub powered by AI.\nQatar’s strongest pillar in the Index is Policy Capacity, where it earned an impressive 80.50 score, ranking high alongside global leaders such as the United Kingdom, Egypt, and Serbia.\nThis reflects the nation’s proactive approach to articulating a clear, forward-looking AI vision, likely anchored in its National Artificial Intelligence Strategy and reinforced by high-level governmental coordination. The strategy positions AI as a cross-cutting enabler for economic diversification, aligning with Qatar National Vision 2030.\nThe country also excelled in Governance, scoring 77.50—well above the global average. This strong performance signals Qatar’s commitment to establishing ethical frameworks and regulatory guardrails for AI deployment.\nNotably, Qatar has deepened its digital partnerships with global tech leaders; in 2025, it signed agreements with Huawei and other firms to bolster its domestic digital infrastructure, integrating international best practices into its national AI governance ecosystem.\nIn AI Infrastructure, Qatar scored 53.78, placing it among the top performers in the MENA region. This is partly due to substantial foreign direct investment in cloud and data centre capabilities. For instance, Microsoft pledged up to $8bn in AI and cloud infrastructure across the UAE and Saudi Arabia—moves that indirectly benefit neighbouring digital economies, such as Qatar’s, through regional tech spillovers and talent mobility. Moreover, Qatar’s focus on building sovereign compute capacity and securing access to advanced hardware, such as NVIDIA’s Blackwell chips (approved for export to Gulf allies in 2025), positions it to support homegrown AI innovation.\nQatar’s Public Sector Adoption score of 62.82 further highlights its integration of AI into government services. Building on its legacy of digital government transformation—evident in initiatives like the “TASMU” Smart Qatar Program—the state is now embedding AI into urban planning, transportation, healthcare, and education. This practical, use-case-driven approach ensures that AI delivers tangible benefits to citizens while enhancing administrative efficiency.\nWhile Qatar’s performance remains balanced overall, the Index highlights room for improvement in AI Infrastructure and Development and Diffusion. Qatar scored 53.78 in AI Infrastructure, which measures access to compute capacity, data availability, and enabling technical systems. Although the country has invested in digital infrastructure and cloud capabilities, the Index suggests that further expansion of domestic compute resources and AI-specific infrastructure would strengthen long-term readiness.\nSimilarly, Qatar’s Resilience score of 38.76—the lowest among its six pillars—suggests room for improvement in addressing AI’s societal risks, including data privacy, algorithmic bias, and workforce displacement. As AI becomes more embedded in public life, strengthening civil society engagement, risk monitoring mechanisms, and national AI safety protocols will be crucial.\nLooking ahead, Qatar’s participation in multilateral forums—such as the G20 Taskforce on AI and Unesco’s AI ethics initiatives—could amplify its influence in shaping Global South perspectives on responsible AI. With the 2026 AI Impact Summit in India spotlighting development-oriented AI applications, Qatar has an opportunity to showcase how small, resource-rich nations can leverage AI not just for economic transformation, but also for inclusive public service delivery.\nIn a world where AI readiness increasingly defines national competitiveness, Qatar’s 2025 performance signals that it is not merely keeping pace—but actively shaping its digital destiny.",
    "highlightText": "",
    "highlightTitle": "",
    "highlightThreadTitle": "",
    "language": "english",
    "sentiment": "positive",
    "categories": [
        "Science and Technology"
    ],
    "topics": [
        "Science and Technology->information technology and computer science"
    ],
    "ai_allow": true,
    "has_canonical": false,
    "breaking": false,
    "webz_reporter": false,
    "external_links": [],
    "external_images": [],
    "internal_images": [],
    "entities": {
        "persons": [],
        "locations": [
            {
                "name": "Peninsula",
                "sentiment": "none"
            },
            {
                "name": "North Africa",
                "sentiment": "none"
            },
            {
                "name": "Middle East",
                "sentiment": "none"
            }
        ],
        "organizations": [
            {
                "name": "MENA",
                "sentiment": "negative",
                "tickers": [
                    {
                        "ticker": null,
                        "exchange": null
                    }
                ]
            },
            {
                "name": "OECD",
                "sentiment": "none",
                "tickers": [
                    {
                        "ticker": null,
                        "exchange": null
                    }
                ]
            }
        ]
    },
    "syndication": {
        "syndicated": false,
        "syndicate_id": "a8d2a459b11b631c180de7cbac8a899b1d62cb5e",
        "first_syndicated": true
    },
    "trust": {
        "categories": [],
        "top_news": [
            "top_news_qa",
            "top_news"
        ],
        "bias": null,
        "source": {
            "type": null,
            "city": null,
            "state": null,
            "country": null,
            "domain_type": null,
            "agency": null,
            "organization_name": null
        }
    },
    "rating": null,
    "crawled": "2025-12-25T08:06:24.652+02:00",
    "updated": "2025-12-26T09:07:30.000+02:00"
}