{
    "thread": {
        "uuid": "be0a38fb9cd7c6363d70d6b97109bccd8a9776df",
        "url": "https://www.republicworld.com/amp/world-news/layoffs-in-2025-infosys-block-ibm-among-firms-cutting-workforce-full-list-inside",
        "site_full": "www.republicworld.com",
        "site": "republicworld.com",
        "site_section": "https://www.republicworld.com/amp",
        "site_categories": [
            "media"
        ],
        "section_title": "Latest News, News Today, Breaking News, India News and Current News  | Republic World",
        "site_title": "Latest News, News Today, Breaking News, India News and Current News  | Republic World",
        "title": "Layoffs in 2025: Infosys, Block, IBM Among Firms Cutting Workforce | Full List Inside",
        "title_full": "Layoffs in 2025: Infosys, Block, IBM Among Firms Cutting Workforce | Full List Inside",
        "published": "2025-03-27T16:24:00.000+02:00",
        "replies_count": 0,
        "participants_count": 1,
        "site_type": "news",
        "country": "IN",
        "main_image": "https://img.republicworld.com/all_images/google-is-set-to-layoff-again-1734698649836-16_9.webp",
        "performance_score": 0,
        "domain_rank": 4283,
        "domain_rank_updated": "2025-03-24T23:00:00.000+02:00",
        "licensing_agency": [],
        "social": {
            "facebook": {
                "likes": 0,
                "comments": 0,
                "shares": 0
            },
            "vk": {
                "shares": 0
            }
        }
    },
    "uuid": "be0a38fb9cd7c6363d70d6b97109bccd8a9776df",
    "url": "https://www.republicworld.com/amp/world-news/layoffs-in-2025-infosys-block-ibm-among-firms-cutting-workforce-full-list-inside",
    "ord_in_thread": 0,
    "author": "Snehal Jaiswal",
    "published": "2025-03-27T16:24:00.000+02:00",
    "title": "Layoffs in 2025: Infosys, Block, IBM Among Firms Cutting Workforce | Full List Inside",
    "text": "Updated March 27th 2025, 19:54 IST\nLayoffs in 2025: Infosys, Block, IBM Among Firms Cutting Workforce | Full List Inside\nAmid economic challenges and AI advancements, companies like IBM, Boeing, Infosys, CNN, and Block have massively cut jobs in 2025.\nWorld News- 4 min read\nSnehal Jaiswal\nNew Delhi: In the wake of ongoing economic challenges, recession and advancement of Artificial Intelligence, Several major companies have recently announced job cuts, including IBM, Boeing, Infosys, CNN, Dropbox, Block, Adidas, and BlackRock. Despite these reductions, sectors like AI, fintech, and big data are expected to see growth by 2030.\nThis wave of mass layoffs around the globe has not left India untouched. On March 26, software giant Infosys terminated approximately 30 to 45 trainees from its Mysuru campus after they failed to pass internal assessments.\nLayoffs in 2025: List of Companies Laying off their Employees\nBlock: Jack Dorsey’s financial technology company, plans to lay off nearly 1,000 employees while implementing other operational changes in its second such move in just over a year. The layoffs will affect more than 930 employees, with nearly 200 managers transitioning into non-management roles, and around 800 open positions being closed.\nDorsey, who co-founded and previously ran Twitter before co-founding Block in 2009, informed employees of the upcoming cuts on Tuesday via an email titled “smaller block,” which was viewed by the Guardian.\nInternational Business Machines: IBM, known as ‘Big Blue,’ is reportedly cutting jobs across various U.S. locations as part of an ongoing workforce reduction in the tech industry. The company’s decision follows a wave of layoffs this year affecting thousands of employees.\nAccording to The Register, IBM’s job cuts are targeting around a quarter of its workforce within its Classic Cloud operations. While the exact number of affected employees remains undisclosed, the layoffs are expected to impact thousands. IBM has yet to make an official announcement on the matter.\nBoeing: On February 8, Boeing announced plans to cut 400 roles from its moon rocket program due to delays and rising costs associated with NASA's Artemis moon exploration missions. A spokesperson stated that impacted employees will receive 60-day notices of involuntary layoffs in the coming weeks.\nInfosys: Software giant Infosys terminated approximately 30 to 45 trainees from its Mysuru campus on March 26, after they failed to pass internal assessments. However, the company is offering alternative career paths to the affected trainees, including a 12-week training program for potential roles in Infosys Business Process Management (BPM).\nIn addition, Infosys is providing impacted trainees with a one-month ex-gratia payment and a relieving letter. For those who choose not to pursue the BPM course, the company has offered to fund further training to help them explore other career opportunities.\nAdidas: In January, Adidas announced plans to reduce its workforce at its headquarters in Herzogenaurach, Germany, potentially cutting up to 500 jobs, according to CNBC. This would represent nearly a 9% reduction in the headquarters' workforce, which currently employs around 5,800 people, as per the Adidas website.\nThe announcement of the layoffs came shortly after Adidas reported better-than-expected results for the fourth quarter of 2024, surpassing its profit expectations. Despite strong financial performance, the company proceeded with the workforce reduction as part of ongoing restructuring efforts.\nCNN: CNN announced a reduction of about 200 television-focused roles, accounting for approximately 6% of its workforce, as part of a shift toward a digital-first strategy. In a memo sent to staff on January 23, CNN CEO Mark Thompson emphasized the need to \"shift CNN's gravity towards the platforms and products where the audience themselves are shifting\" to secure the company’s future as a leading global news organization.\nBlackRock: In January, BlackRock informed employees of plans to cut around 200 jobs from its 21,000-strong workforce, according to Bloomberg. However, these reductions are offset by the addition of 3,750 new hires last year and another 2,000 expected in 2025. BlackRock's president, Rob Kapito, and COO, Rob Goldstein, stated that the layoffs were part of an effort to realign the firm's resources with its strategic goals.\nAmid ongoing economic uncertainties and restructuring across industries, the wave of mass layoffs in the tech sector continues without indication of slowing down.\nPublished March 27th 2025, 19:54 IST",
    "highlightText": "",
    "highlightTitle": "",
    "highlightThreadTitle": "",
    "language": "english",
    "sentiment": "negative",
    "categories": [
        "Economy, Business and Finance",
        "Social Issue",
        "Labor"
    ],
    "topics": [
        "Economy, Business and Finance->human resources",
        "Economy, Business and Finance->economy",
        "Economy, Business and Finance->layoffs",
        "Social Issue->social condition",
        "Social Issue->adults",
        "Social Issue->social problem",
        "Labor->labour market",
        "Labor->unemployment",
        "Labor->employer"
    ],
    "ai_allow": true,
    "has_canonical": false,
    "breaking": false,
    "webz_reporter": false,
    "external_links": [],
    "entities": {
        "persons": [
            {
                "name": "Jack Dorsey’s",
                "sentiment": "negative"
            },
            {
                "name": "Rob Kapito",
                "sentiment": "negative"
            },
            {
                "name": "Rob Goldstein",
                "sentiment": "negative"
            },
            {
                "name": "Mark Thompson",
                "sentiment": "neutral"
            }
        ],
        "locations": [
            {
                "name": "Snehal Jaiswal",
                "sentiment": "negative"
            },
            {
                "name": "New Delhi",
                "sentiment": "negative"
            },
            {
                "name": "India",
                "sentiment": "negative"
            },
            {
                "name": "U.S.",
                "sentiment": "negative"
            },
            {
                "name": "Herzogenaurach",
                "sentiment": "negative"
            },
            {
                "name": "Germany",
                "sentiment": "negative"
            }
        ],
        "organizations": [
            {
                "name": "Block",
                "sentiment": "negative",
                "tickers": []
            },
            {
                "name": "IBM",
                "sentiment": "negative",
                "tickers": []
            },
            {
                "name": "Firms Cutting Workforce",
                "sentiment": "negative",
                "tickers": []
            },
            {
                "name": "Boeing",
                "sentiment": "negative",
                "tickers": []
            },
            {
                "name": "Artificial Intelligence",
                "sentiment": "negative",
                "tickers": []
            },
            {
                "name": "Dropbox",
                "sentiment": "negative",
                "tickers": []
            },
            {
                "name": "Adidas",
                "sentiment": "negative",
                "tickers": []
            },
            {
                "name": "BlackRock",
                "sentiment": "negative",
                "tickers": []
            },
            {
                "name": "AI",
                "sentiment": "negative",
                "tickers": []
            },
            {
                "name": "fintech",
                "sentiment": "negative",
                "tickers": []
            },
            {
                "name": "Twitter",
                "sentiment": "negative",
                "tickers": []
            },
            {
                "name": "Guardian",
                "sentiment": "negative",
                "tickers": []
            },
            {
                "name": "International Business Machines",
                "sentiment": "negative",
                "tickers": []
            },
            {
                "name": "NASA",
                "sentiment": "negative",
                "tickers": []
            },
            {
                "name": "Artemis",
                "sentiment": "negative",
                "tickers": []
            },
            {
                "name": "Infosys Business Process Management",
                "sentiment": "negative",
                "tickers": []
            },
            {
                "name": "BPM",
                "sentiment": "negative",
                "tickers": []
            },
            {
                "name": "CNBC",
                "sentiment": "negative",
                "tickers": []
            },
            {
                "name": "Bloomberg",
                "sentiment": "negative",
                "tickers": []
            },
            {
                "name": "CNN",
                "sentiment": "neutral",
                "tickers": []
            },
            {
                "name": "Register",
                "sentiment": "neutral",
                "tickers": []
            }
        ]
    },
    "syndication": {
        "syndicated": false,
        "syndicate_id": null,
        "first_syndicated": false
    },
    "trust": {
        "categories": []
    },
    "rating": null,
    "crawled": "2025-03-27T17:14:54.371+02:00",
    "updated": "2025-03-27T17:14:54.371+02:00"
}