{
    "thread": {
        "uuid": "7ff75bfbed8e911fa9eb0b32a491c39fa2818632",
        "url": "https://news.knowledia.com/us/en/articles/slaughterhouses-get-green-light-to-increase-speeds-workers-say-not-so-236a03c723434ff6edaa0b5f5c333ec0e0c56b8b",
        "site_full": "news.knowledia.com",
        "site": "knowledia.com",
        "site_section": "https://news.knowledia.com/us/en",
        "site_categories": [
            "uncategorized"
        ],
        "section_title": "Knowledia News",
        "site_title": null,
        "title": "Slaughterhouses get green light to increase speeds. Workers say not so fast.",
        "title_full": "Slaughterhouses get green light to increase speeds. Workers say not so fast.",
        "published": "2025-03-27T01:00:29.429+02:00",
        "replies_count": 0,
        "participants_count": 1,
        "site_type": "news",
        "country": "GB",
        "main_image": "",
        "performance_score": 0,
        "domain_rank": 78343,
        "domain_rank_updated": "2025-03-24T23:00:00.000+02:00",
        "licensing_agency": [],
        "social": {
            "facebook": {
                "likes": 0,
                "comments": 0,
                "shares": 0
            },
            "vk": {
                "shares": 0
            }
        }
    },
    "uuid": "7ff75bfbed8e911fa9eb0b32a491c39fa2818632",
    "url": "https://news.knowledia.com/us/en/articles/slaughterhouses-get-green-light-to-increase-speeds-workers-say-not-so-236a03c723434ff6edaa0b5f5c333ec0e0c56b8b",
    "ord_in_thread": 0,
    "author": "Brooks Johnson",
    "published": "2025-03-27T01:00:29.429+02:00",
    "title": "Slaughterhouses get green light to increase speeds. Workers say not so fast.",
    "text": "The USDA is permanently extending a program letting pork and poultry operations process more animals per hour. \"It's deregulating the industry even more than it has been, which is not good…\nBrooks Johnson",
    "highlightText": "",
    "highlightTitle": "",
    "highlightThreadTitle": "",
    "language": "english",
    "sentiment": "negative",
    "categories": [
        "Labor",
        "Economy, Business and Finance",
        "Social Issue"
    ],
    "topics": [
        "Labor->workplace health and safety",
        "Labor->employee",
        "Labor->labour relations",
        "Economy, Business and Finance->business governance",
        "Economy, Business and Finance->business strategy and marketing",
        "Economy, Business and Finance->human resources",
        "Social Issue->mankind",
        "Social Issue->social condition",
        "Social Issue->discrimination"
    ],
    "ai_allow": true,
    "has_canonical": false,
    "breaking": false,
    "webz_reporter": false,
    "external_links": [
        "https://www.startribune.com/slaughterhouses-get-green-light-to-increase-speeds-workers-say-not-so-fast/601243619",
        "https://startribune.com/slaughterhouses-get-green-light-to-increase-speeds-workers-say-not-so-fast/601243619"
    ],
    "entities": {
        "persons": [
            {
                "name": "Brooks Johnson",
                "sentiment": "positive"
            }
        ],
        "locations": [],
        "organizations": [
            {
                "name": "USDA",
                "sentiment": "positive",
                "tickers": []
            }
        ]
    },
    "syndication": {
        "syndicated": false,
        "syndicate_id": null,
        "first_syndicated": false
    },
    "trust": {
        "categories": []
    },
    "rating": null,
    "crawled": "2025-03-27T01:00:29.429+02:00",
    "updated": "2025-03-27T01:00:29.429+02:00"
}