{
    "thread": {
        "uuid": "2008f5f77a1bbb2d67438272f2fe46283d0d28cf",
        "url": "https://flipboard.com/topic/transportationuk/-/a-3jMnvPTZThSR22M_EmNTWw%3Aa%3A3199678-%2F0",
        "site_full": "flipboard.com",
        "site": "flipboard.com",
        "site_section": "https://flipboard.com/topic/transportationuk",
        "site_categories": [
            "family_and_parenting",
            "eldercare"
        ],
        "section_title": "Discover More in Transportation (UK) on Flipboard",
        "site_title": "Flipboard: Your Social Magazine",
        "title": "Train driver who sparked 56-day strike fell asleep at controls | Flipboard",
        "title_full": "Train driver who sparked 56-day strike fell asleep at controls | Flipboard",
        "published": "2025-03-27T19:15:00.000+02:00",
        "replies_count": 0,
        "participants_count": 1,
        "site_type": "news",
        "country": "US",
        "main_image": "https://ic-cdn.flipboard.com/telegraph.co.uk/01d27d9f336881a02a724f812dce3f062a63855b/_medium.jpeg",
        "performance_score": 0,
        "domain_rank": 1229,
        "domain_rank_updated": "2025-03-24T23:00:00.000+02:00",
        "licensing_agency": [],
        "social": {
            "facebook": {
                "likes": 0,
                "comments": 0,
                "shares": 0
            },
            "vk": {
                "shares": 0
            }
        }
    },
    "uuid": "2008f5f77a1bbb2d67438272f2fe46283d0d28cf",
    "url": "https://flipboard.com/topic/transportationuk/-/a-3jMnvPTZThSR22M_EmNTWw%3Aa%3A3199678-%2F0",
    "ord_in_thread": 0,
    "author": "The Telegraph - Gareth Corfield",
    "published": "2025-03-27T19:15:00.000+02:00",
    "title": "Train driver who sparked 56-day strike fell asleep at controls | Flipboard",
    "text": "Train driver who sparked 56-day strike fell asleep at controls A train driver whose sacking has prompted a 56-day trade union strike fell asleep at the controls and failed to officially report it, it has emerged. The Aslef union organised the eight-week walkout at Hull Trains from March 31 after one of its members was dismissed. Mick Whelan, the general …\nThe Telegraph - Gareth Corfield • 10h",
    "highlightText": "",
    "highlightTitle": "",
    "highlightThreadTitle": "",
    "language": "english",
    "sentiment": "negative",
    "categories": [
        "Labor",
        "Social Issue",
        "Crime, Law and Justice"
    ],
    "topics": [
        "Labor->employee",
        "Labor->labour dispute",
        "Labor->unions",
        "Social Issue->social problem",
        "Crime, Law and Justice->investigation (criminal)",
        "Crime, Law and Justice->law enforcement"
    ],
    "ai_allow": true,
    "has_canonical": false,
    "breaking": false,
    "webz_reporter": false,
    "external_links": [],
    "entities": {
        "persons": [],
        "locations": [],
        "organizations": []
    },
    "syndication": {
        "syndicated": false,
        "syndicate_id": null,
        "first_syndicated": false
    },
    "trust": {
        "categories": []
    },
    "rating": null,
    "crawled": "2025-03-27T20:12:03.537+02:00",
    "updated": "2025-03-28T06:23:02.132+03:00"
}