{
    "thread": {
        "uuid": "3ab6c87df9e96e243f5e93e41c1d4f953ba77c23",
        "url": "https://www.biospace.com/policy/rfk-jr-to-cut-10-000-jobs-across-hhs",
        "site_full": "www.biospace.com",
        "site": "biospace.com",
        "site_section": "https://www.biospace.com/policy",
        "site_categories": [
            "job_search",
            "jobs"
        ],
        "section_title": "Biopharma Policy News - BioSpace",
        "site_title": "BioSpace: Biotech, Pharmaceutical and Clinical Research News",
        "title": "RFK Jr. to Cut 10,000 Jobs Across HHS",
        "title_full": "RFK Jr. to Cut 10,000 Jobs Across HHS",
        "published": "2025-03-27T16:51:00.000+02:00",
        "replies_count": 0,
        "participants_count": 1,
        "site_type": "news",
        "country": "US",
        "main_image": "https://static.biospace.com/dims4/default/456b11b/2147483647/strip/true/crop/622x350+1+0/resize/1440x810!/quality/90/?url=https%3A%2F%2Fk1-prod-biospace.s3.us-east-2.amazonaws.com%2Fbrightspot%2Flegacy%2FBioSpace-Assets%2FD3B3FED4-9060-4B7F-94BB-C755C9557004.jpg",
        "performance_score": 0,
        "domain_rank": 5857,
        "domain_rank_updated": "2025-03-24T23:00:00.000+02:00",
        "licensing_agency": [],
        "social": {
            "facebook": {
                "likes": 0,
                "comments": 0,
                "shares": 0
            },
            "vk": {
                "shares": 0
            }
        }
    },
    "uuid": "3ab6c87df9e96e243f5e93e41c1d4f953ba77c23",
    "url": "https://www.biospace.com/policy/rfk-jr-to-cut-10-000-jobs-across-hhs",
    "ord_in_thread": 0,
    "author": "Tristan Manalac",
    "published": "2025-03-27T16:51:00.000+02:00",
    "title": "RFK Jr. to Cut 10,000 Jobs Across HHS",
    "text": "RFK Jr. to Cut 10,000 Jobs Across HHS\nThe announcement by the Department of Health and Human Services highlighted a flurry of moves, which also include the shifting of departments. Also this week, HHS Secretary Robert F. Kennedy Jr. tapped fellow vaccine critic David Geier to investigate vaccine safety within the CDC.\nSecretary of Health and Human Services Robert F. Kennedy Jr. is downsizing the department he oversees, with some 10,000 jobs on the chopping block. The plans were initially reported by The Wall Street Journal, citing official documents it had reviewed, with confirmation from HHS later Thursday morning.\n“Over time, bureaucracies like HHS become wasteful and inefficient even when most of their staff are dedicated and competent civil servants,” Kennedy said in the announcement.\nThe cuts come hand-in-hand with reorganizations and consolidation. HHS is creating what it calls the Administration for a Healthy America (AHA), which will house already existing divisions like the Office of the Assistant Secretary for Health (OASH), Substance Abuse and Mental Health Services Administration (SAMHSA), Agency for Toxic Substances and Disease Registry (ATSDR), and the National Institute for Occupational Safety and Health (NIOSH).\nThere are a multitude of other moves. One is shifting the Administration for Strategic Preparedness and Response (ASPR), a part of HHS responsible for responding to public health emergencies, to the Centers for Disease Control. Another is the creation of a new position, the Assistant Secretary for Enforcement, who will oversee HHS’ appeals board, Medicare hearings, and the Office for Civil Rights.\nWhile the HHS announcement made no mention of it, WSJ‘s initial reporting suggested layoffs within over divisions. According to WSJ, 3,500 staff at the FDA will be let go, 2,400 employees at the Centers for Disease Control and Prevention, 1,200 at the National Institutes of Health and 300 from the Centers for Medicare and Medicaid Services.\nThe documents, however, indicated that essential services would be unaffected, per the WSJ .\nAccording to the WSJ, the cuts are in line with Kennedy’s push to centralize several functions across the HHS that previously had been assigned throughout its different departments and branches. These include human resources, policy planning and communications. In turn, these structural changes could affect the independence of major health agencies, such as the FDA and the Centers for Medicare and Medicaid Services.\nThe new cuts add to the approximately 10,000 HHS employees that have already voluntarily stepped down from their roles since January, when President Donald Trump was sworn into office, according to the WSJ. That would mean HHS would be down to around 62,000 employees—a 25% reduction in headcount.\nThe announcement follows reports that Kennedy has tapped David Geier to look at vaccine safety data within the CDC, according to the Washington Post. Geier, who is not a medical doctor, has long asserted that certain components of vaccines could increase the risk of autism—claims that have been debunked by years’ worth of scientific literature.\nIn 2011, the Maryland State Board of Physicians punished Geier for practicing without a medical license.\nKennedy assumed leadership of HHS last month, bringing with him a long history of criticizing, without evidence, not just the safety and utility of vaccines, but also the alleged and unproven “corruption” at the Department, which he vowed to “clean up,” according to a November 2024 post on X welcoming Trump’s nomination. Kennedy wrote at the time that he will “free the agencies from the smothering cloud of corporate capture.”",
    "highlightText": "",
    "highlightTitle": "",
    "highlightThreadTitle": "",
    "language": "english",
    "sentiment": "negative",
    "categories": [
        "Economy, Business and Finance",
        "Politics",
        "Labor"
    ],
    "topics": [
        "Economy, Business and Finance->human resources",
        "Economy, Business and Finance->layoffs",
        "Economy, Business and Finance->business governance",
        "Politics->political candidates",
        "Politics->government",
        "Politics->economic policy",
        "Labor->unemployment",
        "Labor->employment",
        "Labor->labour market"
    ],
    "ai_allow": true,
    "has_canonical": false,
    "breaking": false,
    "webz_reporter": false,
    "external_links": [
        "https://www.wsj.com/politics/policy/rfk-jr-plans-10-000-job-cuts-in-major-restructuring-of-health-department-bdec28b0?msockid=11153fefbc196d9214332d0ebdca6c89",
        "https://www.cdc.gov/vaccine-safety/about/thimerosal.html",
        "https://www.washingtonpost.com/health/2025/03/25/vaccine-skeptic-hhs-rfk-immunization-autism/",
        "https://www.hhs.gov/about/news/hhs-restructuring-doge.html",
        "https://www.mbp.state.md.us/BPQAPP/orders/GeierOrder07.302.pdf",
        "https://washingtonpost.com/health/2025/03/25/vaccine-skeptic-hhs-rfk-immunization-autism/",
        "https://cdc.gov/vaccine-safety/about/thimerosal.html",
        "https://wsj.com/politics/policy/rfk-jr-plans-10-000-job-cuts-in-major-restructuring-of-health-department-bdec28b0?msockid=11153fefbc196d9214332d0ebdca6c89",
        "https://www.washingtonpost.com/health/2025/03/25/vaccine-skeptic-hhs-rfk-immunization-autism",
        "https://www.wsj.com/politics/policy/rfk-jr-plans-10-000-job-cuts-in-major-restructuring-of-health-department-bdec28b0",
        "https://hhs.gov/about/news/hhs-restructuring-doge.html",
        "https://mbp.state.md.us/BPQAPP/orders/GeierOrder07.302.pdf"
    ],
    "entities": {
        "persons": [],
        "locations": [],
        "organizations": []
    },
    "syndication": {
        "syndicated": false,
        "syndicate_id": null,
        "first_syndicated": false
    },
    "trust": {
        "categories": []
    },
    "rating": null,
    "crawled": "2025-03-27T16:59:46.019+02:00",
    "updated": "2025-03-27T16:59:46.019+02:00"
}