{
    "thread": {
        "uuid": "db5ac5e8bb3bb5f2b38f745e62e626b2fe5547d5",
        "url": "https://galego.laopinioncoruna.es/fotos/a-coruna-metro/2025/03/27/nueva-protesta-trabajadores-chuac-exigiendo-115760135.html",
        "site_full": "galego.laopinioncoruna.es",
        "site": "laopinioncoruna.es",
        "site_section": "https://galego.laopinioncoruna.es/videos/deportes",
        "site_categories": [
            "top_news_es",
            "top_news"
        ],
        "section_title": "Deportes | Noticias de Deportes - A Opinión da Coruña",
        "site_title": null,
        "title": "Nueva protesta de trabajadores en el Chuac exigiendo medidas de seguridad",
        "title_full": "Nueva protesta de trabajadores en el Chuac exigiendo medidas de seguridad",
        "published": "2025-03-27T19:03:00.000+02:00",
        "replies_count": 0,
        "participants_count": 1,
        "site_type": "news",
        "country": "ES",
        "main_image": "https://estaticos-cdn.prensaiberica.es/clip/04c2c835-11d5-4e11-9267-e43ea13f388e_16-9-aspect-ratio_default_0.jpg",
        "performance_score": 0,
        "domain_rank": 42146,
        "domain_rank_updated": "2025-03-24T23:00:00.000+02:00",
        "licensing_agency": [],
        "social": {
            "facebook": {
                "likes": 0,
                "comments": 0,
                "shares": 0
            },
            "vk": {
                "shares": 0
            }
        }
    },
    "uuid": "db5ac5e8bb3bb5f2b38f745e62e626b2fe5547d5",
    "url": "https://galego.laopinioncoruna.es/fotos/a-coruna-metro/2025/03/27/nueva-protesta-trabajadores-chuac-exigiendo-115760135.html",
    "ord_in_thread": 0,
    "author": "Iago López",
    "published": "2025-03-27T19:03:00.000+02:00",
    "title": "Nueva protesta de trabajadores en el Chuac exigiendo medidas de seguridad",
    "text": "Iago López\nPersoal da área sanitaria da Coruña secundou este xoves, ante o hospital universitario (Chuac), centros de saúde e o Hospital Virxe dá Xunqueira, en Cee, novas protestas en demanda de medidas inmediatas contra a agresións.\nIago López\nPersoal da área sanitaria da Coruña secundou este xoves, ante o hospital universitario (Chuac), centros de saúde e o Hospital Virxe dá Xunqueira, en Cee, novas protestas en demanda de medidas inmediatas contra a agresións.\nIago López\nPersoal da área sanitaria da Coruña secundou este xoves, ante o hospital universitario (Chuac), centros de saúde e o Hospital Virxe dá Xunqueira, en Cee, novas protestas en demanda de medidas inmediatas contra a agresións.\nIago López\nPersoal da área sanitaria da Coruña secundou este xoves, ante o hospital universitario (Chuac), centros de saúde e o Hospital Virxe dá Xunqueira, en Cee, novas protestas en demanda de medidas inmediatas contra a agresións.\nIago López\nPersoal da área sanitaria da Coruña secundou este xoves, ante o hospital universitario (Chuac), centros de saúde e o Hospital Virxe dá Xunqueira, en Cee, novas protestas en demanda de medidas inmediatas contra a agresións.\nIago López\nPersoal da área sanitaria da Coruña secundou este xoves, ante o hospital universitario (Chuac), centros de saúde e o Hospital Virxe dá Xunqueira, en Cee, novas protestas en demanda de medidas inmediatas contra a agresións.\nIago López\nPersoal da área sanitaria da Coruña secundou este xoves, ante o hospital universitario (Chuac), centros de saúde e o Hospital Virxe dá Xunqueira, en Cee, novas protestas en demanda de medidas inmediatas contra a agresións.\nIago López\nPersoal da área sanitaria da Coruña secundou este xoves, ante o hospital universitario (Chuac), centros de saúde e o Hospital Virxe dá Xunqueira, en Cee, novas protestas en demanda de medidas inmediatas contra a agresións.\nIago López\nPersoal da área sanitaria da Coruña secundou este xoves, ante o hospital universitario (Chuac), centros de saúde e o Hospital Virxe dá Xunqueira, en Cee, novas protestas en demanda de medidas inmediatas contra a agresións.\nIago López\nPersoal da área sanitaria da Coruña secundou este xoves, ante o hospital universitario (Chuac), centros de saúde e o Hospital Virxe dá Xunqueira, en Cee, novas protestas en demanda de medidas inmediatas contra a agresións.\nNoticia gardada no teu perfil\nPersoal da área sanitaria da Coruña secundou este xoves, ante o hospital universitario (Chuac), centros de saúde e o Hospital Virxe dá Xunqueira, en Cee, novas protestas en demanda de medidas inmediatas contra a agresións.",
    "highlightText": "",
    "highlightTitle": "",
    "highlightThreadTitle": "",
    "language": "spanish",
    "sentiment": "negative",
    "categories": [
        "Labor",
        "Social Issue",
        "Human Interest"
    ],
    "topics": [
        "Labor->workplace health and safety",
        "Labor->employee",
        "Labor->labour relations",
        "Social Issue->social problem",
        "Social Issue->social services",
        "Human Interest->funeral and memorial service"
    ],
    "ai_allow": true,
    "has_canonical": false,
    "breaking": true,
    "webz_reporter": false,
    "external_links": [],
    "entities": {
        "persons": [
            {
                "name": "Iago López\nPersoal",
                "sentiment": "neutral"
            }
        ],
        "locations": [
            {
                "name": "Coruña",
                "sentiment": "neutral"
            },
            {
                "name": "Chuac",
                "sentiment": "neutral"
            },
            {
                "name": "Hospital Virxe dá Xunqueira",
                "sentiment": "neutral"
            },
            {
                "name": "Cee",
                "sentiment": "neutral"
            },
            {
                "name": "agresións",
                "sentiment": "neutral"
            },
            {
                "name": "Noticia gardada",
                "sentiment": "neutral"
            },
            {
                "name": "Persoal",
                "sentiment": "neutral"
            }
        ],
        "organizations": []
    },
    "syndication": {
        "syndicated": null,
        "syndicate_id": null,
        "first_syndicated": false
    },
    "trust": {
        "categories": []
    },
    "rating": null,
    "crawled": "2025-03-27T19:06:59.863+02:00",
    "updated": "2025-03-27T19:06:59.863+02:00"
}