{
    "thread": {
        "uuid": "e1f9480418ccccce7c5693a30fccb7cc81c9945a",
        "url": "https://www.thebusinessdesk.com/eastmidlands/news/2096445-threatened-british-steel-closure-puts-up-to-2700-jobs-at-risk",
        "site_full": "www.thebusinessdesk.com",
        "site": "thebusinessdesk.com",
        "site_section": "https://www.thebusinessdesk.com/news/category/sectors",
        "site_categories": [
            "media"
        ],
        "section_title": "More Sectors | TheBusinessDesk.com",
        "site_title": "Home | TheBusinessDesk.com",
        "title": "Threatened British Steel closure puts up to 2,700 jobs at risk | TheBusinessDesk.com",
        "title_full": "Threatened British Steel closure puts up to 2,700 jobs at risk | TheBusinessDesk.com",
        "published": "2025-03-27T13:40:00.000+02:00",
        "replies_count": 0,
        "participants_count": 1,
        "site_type": "news",
        "country": "GB",
        "main_image": "https://www.thebusinessdesk.com/_files/images/British-Steel-01062020-1024x6831-500x333-1.jpg",
        "performance_score": 0,
        "domain_rank": 28312,
        "domain_rank_updated": "2025-03-24T23:00:00.000+02:00",
        "licensing_agency": [],
        "social": {
            "facebook": {
                "likes": 0,
                "comments": 0,
                "shares": 0
            },
            "vk": {
                "shares": 0
            }
        }
    },
    "uuid": "e1f9480418ccccce7c5693a30fccb7cc81c9945a",
    "url": "https://www.thebusinessdesk.com/eastmidlands/news/2096445-threatened-british-steel-closure-puts-up-to-2700-jobs-at-risk",
    "ord_in_thread": 0,
    "author": "Miran Rahman",
    "published": "2025-03-27T13:40:00.000+02:00",
    "title": "Threatened British Steel closure puts up to 2,700 jobs at risk | TheBusinessDesk.com",
    "text": "Threatened British Steel closure puts up to 2,700 jobs at risk\nBritish Steel is today launching a consultation which could lead to the closure of its two blast furnaces at Scunthorpe, threatening between 2,000 and 2,700 jobs.\nThe business warns the blast furnaces are “no longer financially sustainable” due to difficult market conditions, imposition of tariffs and higher environmental costs.\nBritish Steel chief executive, Zengwei An, said: “We understand this is an extremely difficult day for our staff, their families, and everyone associated with British Steel.\n“But we believe this is a necessary decision given the hugely challenging circumstances the business faces.\n“We remain committed to engaging with our workforce and unions, as well as our suppliers and customers during this time.”\nBritish Steel has been owned by Chinese firm Jingye since 2020 and the Scunthorpe site employs 3,500 people.\nThe business has been in discussions with the government for support for a major capital investment in two new Electric Arc Furnaces (EAF), but no deal has been agreed.\nJingye says that since 2020 it has invested more than £1.2bn to maintain operations amid ongoing production instability and significant financial losses of around £700,000 a day.\nUnion bosses have strongly condemned the potential closure. Steel unions Community, GMB and Unite say they want the government to do everything possible to secure the future of steelmaking in Scunthorpe.\nCommunity general secretary, Roy Rickhuss, said: “This is a dark day for our steel industry and for our country. We urge Jingye and the UK Government to get back around the table to resume negotiations before it is too late.\n“Cruciallly, Jingye have not ruled out retaining the blast furnaces during a transition to low carbon steelmaking if they can secure the backing of the Government.\n“The closures at Scunthorpe would represent a hammer blow to communities which were built on steel, and where the industry still supports thousands of jobs directly and thousands more through extensive supply chains.\n“Given that we are now on the cusp of becoming the only G7 country without domestic primary steelmaking capacity, it is no exaggeration to say that our national security is gravely threatened.\n“This would be catastrophic at any time, let alone in the current era of geopolitical instability and volatility. Steel is an essential component of defensive infrastructure, just as it is to wider plans to invest in growth across the country.\n“If the government chooses to let Scunthorpe die it would make a mockery of their grand ambitions to deliver growth through massive infrastructure investment, because British Steel is our only steelmaker than can produce the construction steels the country needs for our roads, railways, schools and hospitals.”\nBritish Steel has said it will “continue to work with the UK government to explore options for the future of the business.”\nThe company said it would begin a formal consultation with its workers and unions over three options:\nOne is the closure of the blast furnaces, steelmaking operations and Scunthorpe Rod Mill by early June 2025.\nThe second is the closure of the blast furnaces and steelmaking operations in September 2025.\nThe third is a closure of the blast furnaces and steelmaking operations at a future point beyond September 2025.\nBusiness and trade secretary Jonathan Reynolds said: “I know this will be a deeply worrying time for staff and, while this is British Steel’s decision, we will continue working tirelessly to reach an agreement with the company’s owners to secure its future and protect taxpayers’ money.\n“We’ve been clear there’s a bright future for steelmaking in the UK. We’ve committed up to £2.5bn to rebuild the sector and will soon publish a Plan for Steel setting out how we can achieve a sustainable future for the workforce, industry and local communities.”",
    "highlightText": "",
    "highlightTitle": "",
    "highlightThreadTitle": "",
    "language": "english",
    "sentiment": "negative",
    "categories": [
        "Economy, Business and Finance",
        "Labor"
    ],
    "topics": [
        "Economy, Business and Finance->layoffs",
        "Economy, Business and Finance->business restructuring",
        "Economy, Business and Finance->business governance",
        "Labor->labour market",
        "Labor->employment",
        "Labor->unemployment"
    ],
    "ai_allow": true,
    "has_canonical": false,
    "breaking": false,
    "webz_reporter": false,
    "external_links": [],
    "entities": {
        "persons": [],
        "locations": [],
        "organizations": []
    },
    "syndication": {
        "syndicated": false,
        "syndicate_id": null,
        "first_syndicated": false
    },
    "trust": {
        "categories": []
    },
    "rating": null,
    "crawled": "2025-03-27T19:33:56.931+02:00",
    "updated": "2025-03-27T19:33:56.931+02:00"
}