{
    "thread": {
        "uuid": "c85a4375e8458efce9062da89aaa6ef839102473",
        "url": "https://www.businesspost.ie/tech/fears-for-irish-jobs-as-jack-dorsey-lays-off-8-staff-at-square-owner-block",
        "site_full": "www.businesspost.ie",
        "site": "businesspost.ie",
        "site_section": "https://www.businesspost.ie/news",
        "site_categories": [
            "media"
        ],
        "section_title": "News | Business Post",
        "site_title": "Trusted Independent Journalism Seven Days a Week | Business Post",
        "title": "Fears for Irish jobs as Jack Dorsey lays off 8% staff at Square owner Block | Business Post",
        "title_full": "Fears for Irish jobs as Jack Dorsey lays off 8% staff at Square owner Block | Business Post",
        "published": "2025-03-27T19:26:00.000+02:00",
        "replies_count": 0,
        "participants_count": 0,
        "site_type": "news",
        "country": "IE",
        "main_image": "https://imengine.public.prod.sbp.infomaker.io/?uuid=dc880f90-5b87-52d8-9b7e-9a9285fad9e2&amp;type=preview&amp;function=original",
        "performance_score": 0,
        "domain_rank": 37375,
        "domain_rank_updated": "2025-03-24T23:00:00.000+02:00",
        "licensing_agency": [],
        "social": {
            "facebook": {
                "likes": 0,
                "comments": 0,
                "shares": 0
            },
            "vk": {
                "shares": 0
            }
        }
    },
    "uuid": "c85a4375e8458efce9062da89aaa6ef839102473",
    "url": "https://www.businesspost.ie/tech/fears-for-irish-jobs-as-jack-dorsey-lays-off-8-staff-at-square-owner-block",
    "ord_in_thread": 0,
    "author": null,
    "published": "2025-03-27T19:26:00.000+02:00",
    "title": "Fears for Irish jobs as Jack Dorsey lays off 8% staff at Square owner Block | Business Post",
    "text": "Tech Fears for Irish jobs as Jack Dorsey lays off 8% staff at Square owner Block The Twitter founder said it will help the fintech firm ‘move faster and with less abstraction’\nVish Gain 17:26\nBlock, founded and led by Twitter founder Jack Dorsey, employed approximately 300 people in Ireland as of February last year. Picture: Getty",
    "highlightText": "",
    "highlightTitle": "",
    "highlightThreadTitle": "",
    "language": "english",
    "sentiment": "negative",
    "categories": [
        "Economy, Business and Finance",
        "Labor",
        "Social Issue"
    ],
    "topics": [
        "Economy, Business and Finance->business governance",
        "Economy, Business and Finance->layoffs",
        "Economy, Business and Finance->human resources",
        "Labor->wages and benefits",
        "Labor->unemployment",
        "Labor->employment",
        "Social Issue->demographics",
        "Social Issue->social condition"
    ],
    "ai_allow": true,
    "has_canonical": false,
    "breaking": false,
    "webz_reporter": false,
    "external_links": [
        "https://www.facebook.com/sharer/sharer.php?app_id=&t=Fears+for+Irish+jobs+as+Jack+Dorsey+lays+off+8%25+staff+at+Square+owner+Block&u=https%3A%2F%2Fwww.businesspost.ie%2Ftech%2Ffears-for-irish-jobs-as-jack-dorsey-lays-off-8-staff-at-square-owner-block%2F?utm_campaign%3Darticle%26utm_source%3Dfacebook%26utm_medium%3Dweb",
        "https://www.linkedin.com/shareArticle?mini=true&title=Fears+for+Irish+jobs+as+Jack+Dorsey+lays+off+8%25+staff+at+Square+owner+Block&url=https%3A%2F%2Fwww.businesspost.ie%2Ftech%2Ffears-for-irish-jobs-as-jack-dorsey-lays-off-8-staff-at-square-owner-block%2F?utm_campaign%3Darticle%26utm_source%3Dlinkedin%26utm_medium%3Dweb",
        "https://imengine.public.prod.sbp.infomaker.io?uuid=dc880f90-5b87-52d8-9b7e-9a9285fad9e2&function=cropresize&type=preview&source=false&q=75&crop_w=0.99999&crop_h=0.8427&width=300&height=169&x=1.0E-5&y=0.01311",
        "https://imengine.public.prod.sbp.infomaker.io?uuid=dc880f90-5b87-52d8-9b7e-9a9285fad9e2&function=cropresize&type=preview&source=false&q=75&crop_w=0.99999&crop_h=0.8427&width=3000&height=1688&x=1.0E-5&y=0.01311",
        "https://imengine.public.prod.sbp.infomaker.io?uuid=dc880f90-5b87-52d8-9b7e-9a9285fad9e2&function=cropresize&type=preview&source=false&q=75&crop_w=0.99999&crop_h=0.8427&width=600&height=338&x=1.0E-5&y=0.01311",
        "https://wa.me/send?text=Fears+for+Irish+jobs+as+Jack+Dorsey+lays+off+8%25+staff+at+Square+owner+Block+https%3A%2F%2Fwww.businesspost.ie%2Ftech%2Ffears-for-irish-jobs-as-jack-dorsey-lays-off-8-staff-at-square-owner-block%2F",
        "https://twitter.com/intent/tweet?via=businessposthq&text=Fears+for+Irish+jobs+as+Jack+Dorsey+lays+off+8%25+staff+at+Square+owner+Block&url=https%3A%2F%2Fwww.businesspost.ie%2Ftech%2Ffears-for-irish-jobs-as-jack-dorsey-lays-off-8-staff-at-square-owner-block%2F?utm_campaign%3Darticle%26utm_source%3Dtwitter%26utm_medium%3Dweb",
        "https://imengine.public.prod.sbp.infomaker.io?uuid=dc880f90-5b87-52d8-9b7e-9a9285fad9e2&function=cropresize&type=preview&source=false&q=75&crop_w=0.99999&crop_h=0.8427&width=1200&height=675&x=1.0E-5&y=0.01311",
        "https://imengine.public.prod.sbp.infomaker.io?uuid=dc880f90-5b87-52d8-9b7e-9a9285fad9e2&function=cropresize&type=preview&source=false&q=75&crop_w=0.99999&crop_h=0.8427&width=1500&height=844&x=1.0E-5&y=0.01311",
        "https://imengine.public.prod.sbp.infomaker.io?uuid=dc880f90-5b87-52d8-9b7e-9a9285fad9e2&function=cropresize&type=preview&source=false&q=75&crop_w=0.99999&crop_h=0.8427&width=900&height=506&x=1.0E-5&y=0.01311",
        "https://www.imengine.public.prod.sbp.infomaker.io?uuid=dc880f90-5b87-52d8-9b7e-9a9285fad9e2&function=cropresize&type=preview&source=false&q=75&crop_w=0.99999&crop_h=0.8427&width=300&height=169&x=1.0E-5&y=0.01311",
        "https://www.imengine.public.prod.sbp.infomaker.io?uuid=dc880f90-5b87-52d8-9b7e-9a9285fad9e2&function=cropresize&type=preview&source=false&q=75&crop_w=0.99999&crop_h=0.8427&width=1200&height=675&x=1.0E-5&y=0.01311",
        "https://linkedin.com/shareArticle?mini=true&title=Fears+for+Irish+jobs+as+Jack+Dorsey+lays+off+8%25+staff+at+Square+owner+Block&url=https%3A%2F%2Fwww.businesspost.ie%2Ftech%2Ffears-for-irish-jobs-as-jack-dorsey-lays-off-8-staff-at-square-owner-block%2F?utm_campaign%3Darticle%26utm_source%3Dlinkedin%26utm_medium%3Dweb",
        "https://imengine.public.prod.sbp.infomaker.io",
        "https://wa.me/send",
        "https://www.imengine.public.prod.sbp.infomaker.io?uuid=dc880f90-5b87-52d8-9b7e-9a9285fad9e2&function=cropresize&type=preview&source=false&q=75&crop_w=0.99999&crop_h=0.8427&width=600&height=338&x=1.0E-5&y=0.01311",
        "https://www.imengine.public.prod.sbp.infomaker.io?uuid=dc880f90-5b87-52d8-9b7e-9a9285fad9e2&function=cropresize&type=preview&source=false&q=75&crop_w=0.99999&crop_h=0.8427&width=3000&height=1688&x=1.0E-5&y=0.01311",
        "https://www.facebook.com/sharer/sharer.php",
        "https://www.linkedin.com/shareArticle",
        "https://www.imengine.public.prod.sbp.infomaker.io?uuid=dc880f90-5b87-52d8-9b7e-9a9285fad9e2&function=cropresize&type=preview&source=false&q=75&crop_w=0.99999&crop_h=0.8427&width=900&height=506&x=1.0E-5&y=0.01311",
        "https://www.twitter.com/intent/tweet?via=businessposthq&text=Fears+for+Irish+jobs+as+Jack+Dorsey+lays+off+8%25+staff+at+Square+owner+Block&url=https%3A%2F%2Fwww.businesspost.ie%2Ftech%2Ffears-for-irish-jobs-as-jack-dorsey-lays-off-8-staff-at-square-owner-block%2F?utm_campaign%3Darticle%26utm_source%3Dtwitter%26utm_medium%3Dweb",
        "https://facebook.com/sharer/sharer.php?app_id=&t=Fears+for+Irish+jobs+as+Jack+Dorsey+lays+off+8%25+staff+at+Square+owner+Block&u=https%3A%2F%2Fwww.businesspost.ie%2Ftech%2Ffears-for-irish-jobs-as-jack-dorsey-lays-off-8-staff-at-square-owner-block%2F?utm_campaign%3Darticle%26utm_source%3Dfacebook%26utm_medium%3Dweb",
        "https://www.imengine.public.prod.sbp.infomaker.io?uuid=dc880f90-5b87-52d8-9b7e-9a9285fad9e2&function=cropresize&type=preview&source=false&q=75&crop_w=0.99999&crop_h=0.8427&width=1500&height=844&x=1.0E-5&y=0.01311",
        "https://twitter.com/intent/tweet",
        "https://www.wa.me/send?text=Fears+for+Irish+jobs+as+Jack+Dorsey+lays+off+8%25+staff+at+Square+owner+Block+https%3A%2F%2Fwww.businesspost.ie%2Ftech%2Ffears-for-irish-jobs-as-jack-dorsey-lays-off-8-staff-at-square-owner-block%2F"
    ],
    "entities": {
        "persons": [
            {
                "name": "Jack Dorsey",
                "sentiment": "negative"
            },
            {
                "name": "Block The",
                "sentiment": "negative"
            },
            {
                "name": "Getty",
                "sentiment": "negative"
            }
        ],
        "locations": [
            {
                "name": "Ireland",
                "sentiment": "negative"
            }
        ],
        "organizations": [
            {
                "name": "Square",
                "sentiment": "negative",
                "tickers": []
            },
            {
                "name": "Twitter",
                "sentiment": "negative",
                "tickers": []
            },
            {
                "name": "fintech",
                "sentiment": "negative",
                "tickers": []
            }
        ]
    },
    "syndication": {
        "syndicated": false,
        "syndicate_id": null,
        "first_syndicated": false
    },
    "trust": {
        "categories": []
    },
    "rating": null,
    "crawled": "2025-03-27T20:02:37.259+02:00",
    "updated": "2025-03-27T20:02:37.259+02:00"
}