{
    "thread": {
        "uuid": "8bd87710c27fe66e91b08478e9de07dc5f85bdaf",
        "url": "https://www.lanuevacronica.com/actualidad/trabajadoras-abai-leon-iran-huelga-si-se-hace-efectivo-su-traslado-colectivo-barcelona_172853_102.html",
        "site_full": "www.lanuevacronica.com",
        "site": "lanuevacronica.com",
        "site_section": "https://www.lanuevacronica.com/rss/rss-articulos.php",
        "site_categories": [
            "media",
            "social"
        ],
        "section_title": "La Nueva Cr&#xF3;nica - Noticias de Le&#xF3;n, toda la informaci&#xF3;n al instante",
        "site_title": "La Nueva Crónica - Noticias de León, toda la información al instante",
        "title": "Las trabajadoras de Abai León irán a la huelga si se hace efectivo su traslado colectivo a Barcelona",
        "title_full": "Las trabajadoras de Abai León irán a la huelga si se hace efectivo su traslado colectivo a Barcelona",
        "published": "2025-03-27T14:19:00.000+02:00",
        "replies_count": 0,
        "participants_count": 1,
        "site_type": "news",
        "country": "ES",
        "main_image": "https://www.lanuevacronica.com/uploads/s1/27/75/64/3/abai-leon_4_1000x563.jpeg",
        "performance_score": 0,
        "domain_rank": 121086,
        "domain_rank_updated": "2025-03-24T23:00:00.000+02:00",
        "licensing_agency": [],
        "social": {
            "facebook": {
                "likes": 0,
                "comments": 0,
                "shares": 0
            },
            "vk": {
                "shares": 0
            }
        }
    },
    "uuid": "8bd87710c27fe66e91b08478e9de07dc5f85bdaf",
    "url": "https://www.lanuevacronica.com/actualidad/trabajadoras-abai-leon-iran-huelga-si-se-hace-efectivo-su-traslado-colectivo-barcelona_172853_102.html",
    "ord_in_thread": 0,
    "author": "LNC",
    "published": "2025-03-27T14:19:00.000+02:00",
    "title": "Las trabajadoras de Abai León irán a la huelga si se hace efectivo su traslado colectivo a Barcelona",
    "text": "El Comité de Empresa de Abai Business Solutions, integrado por las secciones sindicales UGT, CGT, USO y CCOO, empresa dedicada al Contact Center y ubicada en León, denuncia traslado colectivo que la compañía pretende imponer a un total de 40 trabajadoras, la mayoría mujeres, \"forzándoles a mudarse a Barcelona en condiciones que no respetan ni los derechos laborales ni el bienestar de los afectados\". Por ello, animan a las trabajadoras a secundar una huelga el próximo viernes 4 de abril y a concentrarse a las 11:00 horas en la Subdelegación del Gobierno en León.\nEl Comité señala que este \"traslado masivo\", que afectará a una parte significativa de la plantilla, \"se presenta como medida unilateral tomada por la empresa\" dado que su cliente Endesa solicita que la plataforma que atienda a sus clientes esté en Cataluña y Colombia, señalan en un comunidad. \"Es decir, una gran empresa con clientes en todo el ámbito nacional opta por centralizar sus call centers cuando en León estamos prestando estse servicio desde 2010\", alegan.\nDe darse esta situación, las empleadas se encontrarán ante \"la disyuntiva de abandonar sus hogares y reubicarse a cientos de kilómetros de distancia o enfrentarse a la pérdida de sus empleos\". El Comité de Empresa señala que este movimiento es \"una violación de los derechos laborales y que pone en riesgo la estabilidad económica y personal de las trabajadoras y sus familias\".\nLas secciones sindicales indican que las trabajadoras \"ya tienen su cuenta de cotización en Barcelona debido a una negociación realizada entre la empresa y la Representación Legal de los Trabajadores (RLT) desde hace un año\". Un movimiento que se hizo \"a cambio de mantener todos los puestos con un acuerdo de teletrabajo del 100 %\", indican. Por ese motivo, desde el Comité de Empresa no considera realizar un artículo 40 del Estatuto de los Trabajadores, que hace alusión a la movilidad geográfica, \"cuando en sus nóminas ya indican que son personal de Barcelona\".\nEn su comunicado, exigen la retirada de la propuesta de Abai al considerarla una medida que \"solo busca destruir puestos de trabajo\". \"El futuro de 40 familias está en juego debido a la decisión unilateral de Abai, no podemos permitir que se vulneren",
    "highlightText": "",
    "highlightTitle": "",
    "highlightThreadTitle": "",
    "language": "spanish",
    "sentiment": "negative",
    "categories": [
        "Labor",
        "Politics",
        "Social Issue"
    ],
    "topics": [
        "Labor->labour dispute",
        "Labor->unions",
        "Labor->employment legislation",
        "Politics->civil rights",
        "Politics->political process",
        "Social Issue->discrimination",
        "Social Issue->social condition",
        "Social Issue->social services"
    ],
    "ai_allow": true,
    "has_canonical": false,
    "breaking": false,
    "webz_reporter": false,
    "external_links": [],
    "entities": {
        "persons": [],
        "locations": [
            {
                "name": "Contact Center",
                "sentiment": "negative"
            },
            {
                "name": "Cataluña",
                "sentiment": "negative"
            },
            {
                "name": "Colombia",
                "sentiment": "negative"
            },
            {
                "name": "Abai",
                "sentiment": "negative"
            },
            {
                "name": "León",
                "sentiment": "neutral"
            },
            {
                "name": "Barcelona",
                "sentiment": "neutral"
            },
            {
                "name": "Subdelegación del Gobierno",
                "sentiment": "neutral"
            },
            {
                "name": "Representación Legal de los Trabajadores",
                "sentiment": "neutral"
            },
            {
                "name": "Un movimiento que se hizo",
                "sentiment": "neutral"
            },
            {
                "name": "Por ese motivo",
                "sentiment": "neutral"
            },
            {
                "name": "Estatuto de los Trabajadores",
                "sentiment": "neutral"
            }
        ],
        "organizations": [
            {
                "name": "Comité de Empresa de Abai Business Solutions",
                "sentiment": "negative",
                "tickers": []
            },
            {
                "name": "UGT",
                "sentiment": "negative",
                "tickers": []
            },
            {
                "name": "CGT",
                "sentiment": "negative",
                "tickers": []
            },
            {
                "name": "USO",
                "sentiment": "negative",
                "tickers": []
            },
            {
                "name": "CCOO",
                "sentiment": "negative",
                "tickers": []
            },
            {
                "name": "Endesa",
                "sentiment": "negative",
                "tickers": []
            },
            {
                "name": "RLT",
                "sentiment": "neutral",
                "tickers": []
            }
        ]
    },
    "syndication": {
        "syndicated": null,
        "syndicate_id": null,
        "first_syndicated": false
    },
    "trust": {
        "categories": []
    },
    "rating": null,
    "crawled": "2025-03-27T14:32:58.170+02:00",
    "updated": "2025-03-27T14:32:58.170+02:00"
}