{
    "thread": {
        "uuid": "336713e22ceeb832e8af1ed93f0159ec567e26d3",
        "url": "https://flipboard.com/topic/marylandpolitics/break-things-and-leave-them-broken-the-next-stage-for-fired-federal-workers/a-dKzBXDQdTSGGJIriRYmedQ%3Aa%3A3789679630-4908c53cdf%2Fmsmagazine.com",
        "site_full": "flipboard.com",
        "site": "flipboard.com",
        "site_section": "https://flipboard.com/topic/marylandpolitics",
        "site_categories": [
            "family_and_parenting",
            "eldercare"
        ],
        "section_title": "Discover More in Maryland Politics on Flipboard",
        "site_title": "Flipboard: Your Social Magazine",
        "title": "Break Things and Leave Them Broken: The Next Stage for Fired Federal Workers | Flipboard",
        "title_full": "Break Things and Leave Them Broken: The Next Stage for Fired Federal Workers | Flipboard",
        "published": "2025-03-27T01:11:00.000+02:00",
        "replies_count": 0,
        "participants_count": 1,
        "site_type": "news",
        "country": "US",
        "main_image": "https://ic-cdn.flipboard.com/msmagazine.com/2a90399f83fcebd9f0bb69b961a417cb0d42d5c6/_medium.jpeg",
        "performance_score": 0,
        "domain_rank": 1229,
        "domain_rank_updated": "2025-03-24T23:00:00.000+02:00",
        "licensing_agency": [],
        "social": {
            "facebook": {
                "likes": 0,
                "comments": 0,
                "shares": 0
            },
            "vk": {
                "shares": 0
            }
        }
    },
    "uuid": "336713e22ceeb832e8af1ed93f0159ec567e26d3",
    "url": "https://flipboard.com/topic/marylandpolitics/break-things-and-leave-them-broken-the-next-stage-for-fired-federal-workers/a-dKzBXDQdTSGGJIriRYmedQ%3Aa%3A3789679630-4908c53cdf%2Fmsmagazine.com",
    "ord_in_thread": 0,
    "author": "Ms. Magazine - Mary Giovagnoli",
    "published": "2025-03-27T01:11:00.000+02:00",
    "title": "Break Things and Leave Them Broken: The Next Stage for Fired Federal Workers | Flipboard",
    "text": "Break Things and Leave Them Broken: The Next Stage for Fired Federal Workers Stripped of their jobs but not their dedication, fired federal workers grapple with uncertainty, loss and an unfinished mission to serve the …\nMs. Magazine - Mary Giovagnoli • 31m",
    "highlightText": "",
    "highlightTitle": "",
    "highlightThreadTitle": "",
    "language": "english",
    "sentiment": "negative",
    "categories": [
        "Labor",
        "Social Issue",
        "Politics"
    ],
    "topics": [
        "Labor->labour relations",
        "Labor->employee",
        "Labor->unemployment",
        "Social Issue->social condition",
        "Social Issue->discrimination",
        "Social Issue->social problem",
        "Politics->political crisis",
        "Politics->government",
        "Politics->civil rights"
    ],
    "ai_allow": true,
    "has_canonical": false,
    "breaking": false,
    "webz_reporter": false,
    "external_links": [],
    "entities": {
        "persons": [
            {
                "name": "Magazine - Mary Giovagnoli • 31",
                "sentiment": "negative"
            }
        ],
        "locations": [],
        "organizations": [
            {
                "name": "The Next Stage",
                "sentiment": "negative",
                "tickers": []
            }
        ]
    },
    "syndication": {
        "syndicated": false,
        "syndicate_id": null,
        "first_syndicated": false
    },
    "trust": {
        "categories": []
    },
    "rating": null,
    "crawled": "2025-03-27T01:43:56.153+02:00",
    "updated": "2025-03-27T01:43:56.153+02:00"
}