{
    "thread": {
        "uuid": "0e686dce3af6d92e119f1fa24bfea37d1684f1a4",
        "url": "https://www.zazoom.it/2025-03-27/la-maimeri-a-rischio-chiusura-con-trasloco-in-inghilterra-protestano-i-43-lavoratori-di-mediglia/16654695",
        "site_full": "www.zazoom.it",
        "site": "zazoom.it",
        "site_section": "https://www.zazoom.it/2024-11-18/affluenza-il-dato-definitivo-di-forli-in-citta-non-si-supera-il-47/15819488",
        "site_categories": [
            "media",
            "television",
            "entertainment"
        ],
        "section_title": "Ultima Ora - Ultime Notizie Zazoom Social News",
        "site_title": "Zazoom Social News - Ultime News",
        "title": "La Maimeri a rischio chiusura con trasloco in Inghilterra Protestano i 43 lavoratori di Mediglia",
        "title_full": "La Maimeri a rischio chiusura con trasloco in Inghilterra Protestano i 43 lavoratori di Mediglia",
        "published": "2025-03-27T13:46:50.707+02:00",
        "replies_count": 0,
        "participants_count": 1,
        "site_type": "news",
        "country": "IT",
        "main_image": "https://www.ilgiorno.it/image-service/view/acePublic/alias/contentid/NzExZmUzYTItMmNjMi00/0/mediglia-sciopero-ditta-maimeri.jpeg",
        "performance_score": 0,
        "domain_rank": 150061,
        "domain_rank_updated": "2025-03-24T23:00:00.000+02:00",
        "licensing_agency": [],
        "social": {
            "facebook": {
                "likes": 0,
                "comments": 0,
                "shares": 0
            },
            "vk": {
                "shares": 0
            }
        }
    },
    "uuid": "0e686dce3af6d92e119f1fa24bfea37d1684f1a4",
    "url": "https://www.zazoom.it/2025-03-27/la-maimeri-a-rischio-chiusura-con-trasloco-in-inghilterra-protestano-i-43-lavoratori-di-mediglia/16654695",
    "ord_in_thread": 0,
    "author": "@zazoomblog",
    "published": "2025-03-27T13:46:50.707+02:00",
    "title": "La Maimeri a rischio chiusura con trasloco in Inghilterra Protestano i 43 lavoratori di Mediglia",
    "text": "La Maimeri a rischio chiusura con trasloco in Inghilterra Protestano i 43 lavoratori di Mediglia\nMediglia (Milano), 27 marzo 2025 - Risposte chiare e una precisa strategia industriale per salvaguardare l’occupazione. È quanto chiedono i lavoratori e le lavoratrici della Maimeri, storica ditta di Mediglia specializzata nella produzione di tempere e vernici per le Belle Arti. Col supporto di Filctem Cgil e Femca Cisl, il personale e le Rsu hanno proclamato per la giornata di oggi uno sciopero, con un sit-in davanti ai cancelli dell’azienda, per protestare contro l’ipotesi di una delocalizzazione della produzione nel Regno Unito e la conseguente chiusura del sito di Mediglia, che attualmente impiega 43 persone tra operai e amministrativi. Lo spostamento delle attività oltre Manica è uno degli scenari ventilati dalla proprietà, la Fila (Fabbrica italiana lapis e affini), che dal 2014 detiene il 51% delle quote della Maimeri.Leggi su Ilgiorno.it\nIlgiorno.it - La Maimeri a rischio chiusura, con trasloco in Inghilterra. Protestano i 43 lavoratori di Mediglia\n- La Maimeri a rischio chiusura, con trasloco in Inghilterra. Protestano i 43 lavoratori di Mediglia\n- Mediglia, Maimeri a rischio chiusura: i lavoratori si preparano allo sciopero\n- Fila-Maimeri: a rischio 43 posti di lavoro e un secolo di storia industriale\n- Mediglia, è sciopero: \"Per la Maimeri rischio chiusura\"\n- Mediglia rischia di perdere la Maimeri, 48 posti di lavoro a rischio\n- Chiusura parziale della Cerca a Mediglia: interventi di manutenzione programmati\nNe parlano su altre fonti\n- Mediglia, è sciopero: \"Per la Maimeri rischio chiusura\" - \"C’è il rischio che la produzione venga trasferita. Si parla dell’Inghilterra. La sede di Mediglia chiuderebbe dunque i battenti\". Preoccupati per il loro futuro, protestano i lavoratori della Maimeri ... (msn.com)\n- Mediglia rischia di perdere la Maimeri, 48 posti di lavoro a rischio - LA PROTESTA Tra un settimana il picchetto dei lavoratori dell’azienda che è stata il riferimento di qualità per generazioni di pittori e di appassionati di Belle arti ... (ilcittadino.it)\nVideo Maimeri rischio",
    "highlightText": "",
    "highlightTitle": "",
    "highlightThreadTitle": "",
    "language": "italian",
    "sentiment": "negative",
    "categories": [
        "Economy, Business and Finance",
        "Labor",
        "Social Issue"
    ],
    "topics": [
        "Economy, Business and Finance->business restructuring",
        "Economy, Business and Finance->layoffs",
        "Economy, Business and Finance->human resources",
        "Labor->employment",
        "Labor->labour dispute",
        "Labor->labour relations",
        "Social Issue->communities",
        "Social Issue->social condition"
    ],
    "ai_allow": true,
    "has_canonical": false,
    "breaking": false,
    "webz_reporter": false,
    "external_links": [],
    "entities": {
        "persons": [],
        "locations": [],
        "organizations": []
    },
    "syndication": {
        "syndicated": null,
        "syndicate_id": null,
        "first_syndicated": false
    },
    "trust": {
        "categories": []
    },
    "rating": null,
    "crawled": "2025-03-27T13:46:50.707+02:00",
    "updated": "2025-03-27T13:46:50.707+02:00"
}