{
    "thread": {
        "uuid": "74031c484c7e8d2f5b8a9c3bb0ef8dd2e39da94d",
        "url": "https://kosovapress.com/en/The-US-Department-of-Health-will-lay-off-another-10-people",
        "site_full": "kosovapress.com",
        "site": "kosovapress.com",
        "site_section": "https://news.google.com/search?q=off%20when%3A1h&hl=en-US&gl=US&ceid=US%3Aen",
        "site_categories": [],
        "section_title": "Google News - Search",
        "site_title": "KosovaPress",
        "title": "The US Department of Health will lay off another 10.000 people • KosovaPress",
        "title_full": "The US Department of Health will lay off another 10.000 people • KosovaPress",
        "published": "2025-03-27T02:00:00.000+02:00",
        "replies_count": 0,
        "participants_count": 0,
        "site_type": "news",
        "country": "US",
        "main_image": "https://kosovapress.com/admin/wp-content/uploads/2025/03/HHS.jpg",
        "performance_score": 0,
        "domain_rank": 185778,
        "domain_rank_updated": "2025-03-24T23:00:00.000+02:00",
        "licensing_agency": [],
        "social": {
            "facebook": {
                "likes": 0,
                "comments": 0,
                "shares": 0
            },
            "vk": {
                "shares": 0
            }
        }
    },
    "uuid": "74031c484c7e8d2f5b8a9c3bb0ef8dd2e39da94d",
    "url": "https://kosovapress.com/en/The-US-Department-of-Health-will-lay-off-another-10-people",
    "ord_in_thread": 0,
    "author": null,
    "published": "2025-03-27T02:00:00.000+02:00",
    "title": "The US Department of Health will lay off another 10.000 people • KosovaPress",
    "text": "The US Department of Health and Human Services (HHS) has announced plans to lay off 10.000 full-time employees, in addition to the 10.000 others who have already left.\nHHS plans to consolidate 28 existing agencies into 15, including the new Healthy America Agency. It is also reducing the number of regional offices from 10 to 5. These measures should save $1.8 billion a year.\nSecretary Robert F. Kennedy Junior noted that reform is not just about reducing bureaucracy, but also about strategic direction toward combating chronic diseases.\nThe largest cuts will be at the Food and Drug Administration (FDA): 3,500 jobs, with no impact on inspections and approvals of drugs and food. Centers for Disease Control and Prevention (CDC): 2.400 jobs. National Institutes of Health (NIH): 1.200 jobs through centralization of departments. The Centers for Medicare and Medicaid will focus on several existing services such as primary health care, mental health, maternal and child health, environmental protection, and the fight against HIV.\nNew offices are also planned: an assistant minister for oversight and a new office for strategy, which will improve the effectiveness of health policies.The layoffs are expected to take effect on May 27. The first notices to employees could arrive by the end of the week, and the layoffs will mostly affect administrative positions and multiple overlapping roles, it reports. KosovaPress.",
    "highlightText": "",
    "highlightTitle": "",
    "highlightThreadTitle": "",
    "language": "english",
    "sentiment": "negative",
    "categories": [
        "Labor",
        "Politics",
        "Economy, Business and Finance"
    ],
    "topics": [
        "Labor->unemployment",
        "Labor->wages and benefits",
        "Labor->employer",
        "Politics->government department",
        "Politics->civil and public service",
        "Politics->government budget",
        "Economy, Business and Finance->human resources",
        "Economy, Business and Finance->layoffs",
        "Economy, Business and Finance->healthcare industry"
    ],
    "ai_allow": true,
    "has_canonical": false,
    "breaking": true,
    "webz_reporter": false,
    "external_links": [],
    "entities": {
        "persons": [
            {
                "name": "Robert F. Kennedy Junior",
                "sentiment": "neutral"
            }
        ],
        "locations": [],
        "organizations": [
            {
                "name": "The US Department of Health and Human Services",
                "sentiment": "neutral",
                "tickers": []
            },
            {
                "name": "HHS",
                "sentiment": "neutral",
                "tickers": []
            },
            {
                "name": "Healthy America Agency",
                "sentiment": "neutral",
                "tickers": []
            },
            {
                "name": "the Food and Drug Administration",
                "sentiment": "neutral",
                "tickers": []
            },
            {
                "name": "FDA",
                "sentiment": "neutral",
                "tickers": []
            },
            {
                "name": "Centers for Disease Control and Prevention",
                "sentiment": "neutral",
                "tickers": []
            },
            {
                "name": "CDC",
                "sentiment": "neutral",
                "tickers": []
            },
            {
                "name": "National Institutes of Health",
                "sentiment": "neutral",
                "tickers": []
            },
            {
                "name": "NIH",
                "sentiment": "neutral",
                "tickers": []
            },
            {
                "name": "The Centers for Medicare",
                "sentiment": "neutral",
                "tickers": []
            },
            {
                "name": "Medicaid",
                "sentiment": "neutral",
                "tickers": []
            },
            {
                "name": "KosovaPress",
                "sentiment": "neutral",
                "tickers": []
            }
        ]
    },
    "syndication": {
        "syndicated": false,
        "syndicate_id": null,
        "first_syndicated": false
    },
    "trust": {
        "categories": []
    },
    "rating": null,
    "crawled": "2025-03-27T16:54:22.581+02:00",
    "updated": "2025-03-27T16:54:22.581+02:00"
}