{
    "thread": {
        "uuid": "3c0765efcbec622f238ccc6b68a64da0fb721575",
        "url": "https://www.ndtv.com/world-news/jack-dorseys-fintech-firm-block-cuts-over-900-jobs-want-to-give-you-straight-facts-8024165",
        "site_full": "www.ndtv.com",
        "site": "ndtv.com",
        "site_section": "https://ndtv.com/latest",
        "site_categories": [
            "media",
            "top_news_in",
            "top_news_ca",
            "top_news_ph",
            "top_news_gb",
            "top_news_iq",
            "top_news_nz",
            "top_news_pk",
            "top_news_ae",
            "top_news_au",
            "top_news_us",
            "top_news_za",
            "top_news_qa",
            "top_news_sg",
            "top_news_sa",
            "top_news_my",
            "top_news_kw",
            "top_news"
        ],
        "section_title": "Latest News: Today&#039;s big news headlines from India and around the world - NDTV.com",
        "site_title": "Get Latest News, India News, Breaking News, Today's News - NDTV.com",
        "title": "Jack Dorsey's Fintech Firm Block Cuts Over 900 Jobs: \"Want To Give You Straight Facts\"",
        "title_full": "Jack Dorsey's Fintech Firm Block Cuts Over 900 Jobs: \"Want To Give You Straight Facts\"",
        "published": "2025-03-27T13:52:00.000+02:00",
        "replies_count": 0,
        "participants_count": 1,
        "site_type": "news",
        "country": "IN",
        "main_image": "https://c.ndtvimg.com/2023-03/n15l2c04_jack-dorsey-bloomberg_625x300_24_March_23.jpg?im=FeatureCrop,algorithm=dnn,width=1200,height=738",
        "performance_score": 0,
        "domain_rank": 847,
        "domain_rank_updated": "2025-03-24T23:00:00.000+02:00",
        "licensing_agency": [],
        "social": {
            "facebook": {
                "likes": 0,
                "comments": 0,
                "shares": 0
            },
            "vk": {
                "shares": 0
            }
        }
    },
    "uuid": "3c0765efcbec622f238ccc6b68a64da0fb721575",
    "url": "https://www.ndtv.com/world-news/jack-dorseys-fintech-firm-block-cuts-over-900-jobs-want-to-give-you-straight-facts-8024165",
    "ord_in_thread": 0,
    "author": "Bhavya Sukheja",
    "published": "2025-03-27T13:52:00.000+02:00",
    "title": "Jack Dorsey's Fintech Firm Block Cuts Over 900 Jobs: \"Want To Give You Straight Facts\"",
    "text": "Block, the financial technology company co-founded by Jack Dorsey, has laid off over 900 people, roughly 8% of the company's staff, on Tuesday, TechCrunch reported. The news was announced to staff in an email from Mr Dorsey himself. In an internal email, he emphasised that the cuts are not financially motivated or aimed at replacing workers with artificial intelligence. Rather, he stated that Block is cutting the roles owing to shifting strategic needs while \"raising the bar and acting faster on performance\". Block owns Cash App and Square. The company provides mobile payments services for consumers, as well as point-of-sale hardware and software for businesses. In the internal email seen by TechCrunch , Mr Dorsey said that the firm is laying off a total of 931 workers - 80 managers, 391 \"off strategy\" workers and 460 workers who the company believes are underperforming. In addition to the layoffs, Mr Dorsey noted that Block is closing 748 open roles at the company, with the exception of those that have progressed to an offer stage, critical operations roles and key leadership roles, among others. He also said that 193 managers are being moved to individual contributor roles. In the email, Mr Dorsey stressed the urgency of the reorganisation, stating that the company has been \"behind in our actions\" and needs to move quickly to stay competitive in a transformative industry moment. The tech entrepreneur also emphasised his commitment to increasing shareholder value and maintaining a \"high bar of correctness\" in organisational decisions. Also read | Video: Child Slips Through White House Fence, Internet Says He Wanted To Play With Elon Musk's Son X \"hi all. today we'll be making some org changes, including eliminating roles and beginning the consultation process in countries where required. i want to give you all the straight facts. as I said at the last Block, there are three areas we'd like to address - strategy: reducing from teams that are off strategy, and fixing our discipline ratios. performance: parting ways with people with a \"below\" or trending towards \"below\". (and) hierarchy: driving to flattening our org to a max depth of innercore+4,\" Mr Dorsey wrote in the mail. \"none of the above points are trying to hit a specific financial target, replacing folks with AI, or changing our headcount cap. they are specific to our needs around strategy, raising the bar and acting faster on performance, and flattening our org so we can move faster and with less abstraction,\" he continued. Elsewhere in the email, Mr Dorsey stated that \"this is the toughest part of my job\". \"we're working to give clarity to everyone as quickly, with as much context and support, as possible,\" he said. According to TechCrunch , the recent round of layoffs follows a similar restructuring in early 2024, when around 1,000 employees were let go. As of December 2024, the company had around 11,300 staff members worldwide.\n Track Latest News Live on NDTV.com and get news updates from India and around the world",
    "highlightText": "",
    "highlightTitle": "",
    "highlightThreadTitle": "",
    "language": "english",
    "sentiment": "negative",
    "categories": [
        "Economy, Business and Finance",
        "Labor"
    ],
    "topics": [
        "Economy, Business and Finance->financial service",
        "Economy, Business and Finance->layoffs",
        "Labor->unemployment",
        "Labor->wages and benefits",
        "Labor->employment"
    ],
    "ai_allow": true,
    "has_canonical": false,
    "breaking": true,
    "webz_reporter": false,
    "external_links": [
        "https://techcrunch.com/2025/03/25/read-the-email-jack-dorsey-sent-when-he-cut-931-of-blocks-staff/",
        "https://techcrunch.com/2025/03/25/read-the-email-jack-dorsey-sent-when-he-cut-931-of-blocks-staff",
        "https://www.techcrunch.com/2025/03/25/read-the-email-jack-dorsey-sent-when-he-cut-931-of-blocks-staff/"
    ],
    "entities": {
        "persons": [],
        "locations": [],
        "organizations": []
    },
    "syndication": {
        "syndicated": false,
        "syndicate_id": null,
        "first_syndicated": false
    },
    "trust": {
        "categories": []
    },
    "rating": null,
    "crawled": "2025-03-27T14:08:32.078+02:00",
    "updated": "2025-03-27T14:08:32.078+02:00"
}