{
    "thread": {
        "uuid": "5e0301030a3ac7b24b264a3a19ff563305f88008",
        "url": "https://www.arnoldporter.com/en/perspectives/news/2026/01/arnold-porter-secures-unanimous-supreme-court-victory-in-berk-v-choi",
        "site_full": "www.arnoldporter.com",
        "site": "arnoldporter.com",
        "site_section": "https://www.arnoldporter.com/en",
        "site_categories": [
            "economy, business and finance"
        ],
        "section_title": " Arnold &amp; Porter",
        "site_title": "Arnold &amp; Porter",
        "title": "Arnold & Porter Secures Unanimous Supreme Court Victory in Berk v. Choi | News | Arnold & Porter",
        "title_full": "Arnold & Porter Secures Unanimous Supreme Court Victory in Berk v. Choi | News | Arnold & Porter",
        "published": "2026-01-29T02:00:00.000+02:00",
        "replies_count": 0,
        "participants_count": 1,
        "site_type": "news",
        "country": "US",
        "main_image": "https://www.arnoldporter.com/-/media/images/social-media-image-shares/news/news.jpg?rev=892f264f2eb844fa94256e15d5d55e89&amp;sc_lang=en&amp;hash=07411734B4E703C0D4625B41B72C6060",
        "performance_score": 0,
        "domain_rank": 144584,
        "domain_rank_updated": "2026-01-25T23:00:00.000+02:00",
        "licensing_agency": [],
        "social": {
            "facebook": {
                "likes": 0,
                "comments": 0,
                "shares": 0
            },
            "vk": {
                "shares": 0
            }
        }
    },
    "uuid": "5e0301030a3ac7b24b264a3a19ff563305f88008",
    "url": "https://www.arnoldporter.com/en/perspectives/news/2026/01/arnold-porter-secures-unanimous-supreme-court-victory-in-berk-v-choi",
    "ord_in_thread": 0,
    "author": "Arnold & Porter",
    "published": "2026-01-29T02:00:00.000+02:00",
    "title": "Arnold & Porter Secures Unanimous Supreme Court Victory in Berk v. Choi | News | Arnold & Porter",
    "text": "Arnold & Porter Secures Unanimous Supreme Court Victory in Berk v. Choi\nArnold & Porter was named to Law360’s list of “Legal Lions Of The Week” after the U.S. Supreme Court ruled unanimously in favor of Arnold & Porter client Harold Berk, holding that Delaware’s affidavit of merit requirement does not apply in federal court because it conflicts with the Federal Rules of Civil Procedure.\nWith its judgment on January 20, the Court overturned rulings from the district court and the Third Circuit, which dismissed Mr. Berk’s medical negligence suit for failure to comply with Delaware’s statute requiring plaintiffs in certain medical negligence cases to submit, at the pleading stage, an affidavit from a medical expert attesting to the merits of the claim.\nThe Court’s decision also clarifies the interaction between state procedural statutes and the Federal Rules and reaffirms that federal pleading standards control in federal court.\n“The Court’s ruling reflects Arnold & Porter’s strength in litigating complex issues and distilling complicated cases into a few propositions that are clear, principled, and broadly compelling,” said Arnold & Porter Appellate & Supreme Court counsel Andrew Tutt, who argued the case before the Court. “The last time the Court considered this issue, it resulted in a three-way split without a majority. In this case, the decision was unanimous.”\nThe Arnold & Porter team was led by Andrew and included partner Stanton Jones, counsel Anthony Franze, senior associates Devin Adams, Sam Ferenc, Kolya Glick, and Dana Kagan McGinley, and associates Jennifer Kaplan, Jake Murphy, Katie Weng, and Jillian Williams, with assistance from appellate specialist Kathryne Lindsey*.\n*Not admitted to the practice of law.",
    "summary": "Arnold & Porter Secures Unanimous Supreme Court Victory in Berk v. Choi Arnold & Porter was named to Law360’s list of “Legal Lions Of The Week” after the U.S. Supreme Court ruled unanimously in favor of Arnold & Porter client Harold Berk, holding that Delaware’s affidavit of merit requirement does not apply in federal court because it conflicts with the Federal Rules of Civil Procedure.",
    "highlightText": "",
    "highlightTitle": "",
    "highlightThreadTitle": "",
    "language": "english",
    "sentiment": "positive",
    "categories": [
        "Crime, Law and Justice"
    ],
    "topics": [
        "Crime, Law and Justice->judiciary",
        "Crime, Law and Justice->court"
    ],
    "ai_allow": true,
    "has_canonical": false,
    "breaking": null,
    "webz_reporter": false,
    "external_links": [
        "https://www.law360.com/articles/2433618/law360-s-legal-lions-of-the-week",
        "https://law360.com/articles/2433618/law360-s-legal-lions-of-the-week"
    ],
    "external_images": [],
    "internal_images": [],
    "entities": {
        "persons": [
            {
                "name": "Harold Berk",
                "sentiment": "none"
            }
        ],
        "locations": [
            {
                "name": "Delaware",
                "sentiment": "none"
            }
        ],
        "organizations": [
            {
                "name": "Arnold & Porter",
                "sentiment": "none",
                "tickers": [
                    {
                        "ticker": null,
                        "exchange": null
                    }
                ]
            },
            {
                "name": "U. S. Supreme Court",
                "sentiment": "none",
                "tickers": [
                    {
                        "ticker": null,
                        "exchange": null
                    }
                ]
            },
            {
                "name": "Third Circuit",
                "sentiment": "none",
                "tickers": [
                    {
                        "ticker": null,
                        "exchange": null
                    }
                ]
            }
        ]
    },
    "syndication": {
        "syndicated": false,
        "syndicate_id": null,
        "first_syndicated": false
    },
    "trust": {
        "categories": [],
        "top_news": [],
        "bias": null,
        "source": {
            "type": null,
            "city": null,
            "state": null,
            "country": null,
            "domain_type": null,
            "agency": null,
            "organization_name": null
        }
    },
    "rating": null,
    "crawled": "2026-01-29T11:19:27.132+02:00",
    "updated": "2026-01-29T11:23:39.000+02:00"
}