{
    "thread": {
        "uuid": "1cf59bc3a3716cbc641a337809791c5bdbc51833",
        "url": "https://www.app.com.pk/domestic/huge-quantity-of-ice-seized-in-anti-narcotics-operation",
        "site_full": "www.app.com.pk",
        "site": "app.com.pk",
        "site_section": "https://www.app.com.pk/tag/14-august-2025",
        "site_categories": [
            "media",
            "crime, law and justice",
            "politics",
            "economy, business and finance"
        ],
        "section_title": "14 August 2025 | Associated Press Of Pakistan",
        "site_title": "Associated Press Of Pakistan | Latest News Today News | APP",
        "title": "Huge quantity of ice seized in anti-narcotics operation",
        "title_full": "Huge quantity of ice seized in anti-narcotics operation",
        "published": "2026-01-29T10:05:00.000+02:00",
        "replies_count": 0,
        "participants_count": 1,
        "site_type": "news",
        "country": "PK",
        "main_image": "https://www.app.com.pk/wp-content/uploads/2025/07/Ice-seized.jpg",
        "performance_score": 0,
        "domain_rank": 115519,
        "domain_rank_updated": "2026-01-25T23:00:00.000+02:00",
        "licensing_agency": [],
        "social": {
            "facebook": {
                "likes": 0,
                "comments": 0,
                "shares": 0
            },
            "vk": {
                "shares": 0
            }
        }
    },
    "uuid": "1cf59bc3a3716cbc641a337809791c5bdbc51833",
    "url": "https://www.app.com.pk/domestic/huge-quantity-of-ice-seized-in-anti-narcotics-operation",
    "ord_in_thread": 0,
    "author": "@appcsocialmedia",
    "published": "2026-01-29T10:05:00.000+02:00",
    "title": "Huge quantity of ice seized in anti-narcotics operation",
    "text": "- Advertisement -\nWAH CANTT , Jan 29 (APP):The Taxila Police on Thursday conducted a successful operation against drug trafficking, recovering a large quantity of crystal methamphetamine (ice) and arresting a suspect .\nAccording to police officials, the accused was apprehended during routine checking after his movements raised suspicion.\nA thorough search led to the recovery of five kilograms of ice from his possession, they added.\nThe officials said a case was registered and the suspect was taken into custody.\nDuring preliminary interrogation, the arrested individual revealed that he had been supplying narcotics to various parts of the city, including educational institutions, sparking serious concerns over drug abuse among students and youth.\nPolice authorities stated that further investigation was underway to trace and dismantle the wider drug supply network involved in the illegal trade.\nThey reiterated their commitment to continuing strict action against drug peddlers to ensure a drug-free and safer environment for the public.",
    "summary": "WAH CANTT , Jan 29 (APP):The Taxila Police on Thursday conducted a successful operation against drug trafficking, recovering a large quantity of crystal methamphetamine (ice) and arresting a suspect . According to police officials, the accused was apprehended during routine checking after his movements raised suspicion. During preliminary interrogation, the arrested individual revealed that he had been supplying narcotics to various parts of the city, including educational institutions, sparking serious concerns over drug abuse among students and youth. Police authorities stated that further investigation was underway to trace and dismantle the wider drug supply network involved in the illegal trade.",
    "highlightText": "",
    "highlightTitle": "",
    "highlightThreadTitle": "",
    "language": "english",
    "sentiment": "positive",
    "categories": [
        "Crime, Law and Justice"
    ],
    "topics": [
        "Crime, Law and Justice->drug related crimes",
        "Crime, Law and Justice->law enforcement"
    ],
    "ai_allow": true,
    "has_canonical": false,
    "breaking": false,
    "webz_reporter": false,
    "external_links": [],
    "external_images": [],
    "internal_images": [],
    "entities": {
        "persons": [],
        "locations": [],
        "organizations": [
            {
                "name": "Taxila Police",
                "sentiment": "none",
                "tickers": []
            }
        ]
    },
    "syndication": {
        "syndicated": false,
        "syndicate_id": null,
        "first_syndicated": false
    },
    "trust": {
        "categories": [],
        "top_news": [],
        "bias": null,
        "source": {
            "type": null,
            "city": null,
            "state": null,
            "country": null,
            "domain_type": null,
            "agency": null,
            "organization_name": null
        }
    },
    "rating": null,
    "crawled": "2026-01-29T10:26:14.082+02:00",
    "updated": "2026-01-29T10:28:22.000+02:00"
}