{
    "thread": {
        "uuid": "b08709a74447f2d42229682bad9892fbb440a9a2",
        "url": "https://www.ilgazzettino.it/italia/primopiano/garlasco_stasi_assolto_perche_giudice_innocente_alibi_vicina_di_casa-9327140.html",
        "site_full": "www.ilgazzettino.it",
        "site": "ilgazzettino.it",
        "site_section": "https://www.ilgazzettino.it/nordest/padova",
        "site_categories": [
            "media",
            "top_news_it",
            "top_news",
            "human interest",
            "lifestyle and leisure",
            "disaster and accident",
            "weather",
            "economy, business and finance",
            "crime, law and justice",
            "politics",
            "sport"
        ],
        "section_title": "PADOVA - Il Gazzettino",
        "site_title": "Il Gazzettino",
        "title": "Garlasco, il giudice: «Stasi è innocente, ecco perché l'ho assolto. Il suo alibi regge e una vicina di casa lo scagiona»",
        "title_full": "Garlasco, il giudice: «Stasi è innocente, ecco perché l'ho assolto. Il suo alibi regge e una vicina di casa lo scagiona»",
        "published": "2026-01-29T10:03:00.000+02:00",
        "replies_count": 0,
        "participants_count": 1,
        "site_type": "news",
        "country": "IT",
        "main_image": "https://statics.cedscdn.it/photos/MED_HIGH/2026/01/29/9327125_29090054_ii.jpg",
        "performance_score": 3,
        "domain_rank": 8075,
        "domain_rank_updated": "2026-01-25T23:00:00.000+02:00",
        "licensing_agency": [],
        "social": {
            "facebook": {
                "likes": 31,
                "comments": 7,
                "shares": 1
            },
            "vk": {
                "shares": 0
            }
        }
    },
    "uuid": "b08709a74447f2d42229682bad9892fbb440a9a2",
    "url": "https://www.ilgazzettino.it/italia/primopiano/garlasco_stasi_assolto_perche_giudice_innocente_alibi_vicina_di_casa-9327140.html",
    "ord_in_thread": 0,
    "author": "Redazione web",
    "published": "2026-01-29T10:03:00.000+02:00",
    "title": "Garlasco, il giudice: «Stasi è innocente, ecco perché l'ho assolto. Il suo alibi regge e una vicina di casa lo scagiona»",
    "text": "Garlasco, il giudice: «Stasi è innocente, ecco perché l'ho assolto. Il suo alibi regge e una vicina di casa lo scagiona»\n\"Andrea Sempio? Mi è sembrato strano l'alibi dello scontrino\", così il giudice che in primo grado assolse Alberto Stasi, poi condannato in via definitiva a 16 anni\ndi Redazione web\nStasi è innocente? Così afferma il magistrato Stefano Vitelli, giudice che in primo grado assolse Alberto Stasi, poi condannato in via definitiva a 16 anni. Nell'intervista alla Stampa, in occasone della pubblicazione del libro \"Il ragionevole dubbio di Garlasco\" (Piemme editore). Ecco perché Vitelli non è convinto della condanna.\n\"Perché è innocente\"\n«Molti dubbi si concentrarono sull'alibi informatico. Disse che aveva lavorato alla tesi sul suo computer e che non riusciva a provare quando era entrato nel pc per accessi abusivi dei carabinieri che con procedure scorrette avevano sporcato i dati informatici. Percià la difesa, sulla base di questo errore, eccepì l'inutilizzabilità. Così decisi di disporre una perizia. Il risultato? Che Stasi lavorava alla tesi, con sostanziale continuità e impegno. Avevamo valutato anche da un punto di vista qualitativo e quantitativo, che era stato sostanziale. È importante, perché se immaginiamo che l'omicidio sia avvenuto nella prima parte della mattina questo vorrebbe dire che lui è tornato a casa in fretta e furia e si è messo a lavorare».\nLa testimonianza della vicina\n«Abbiamo sentito una vicina di casa che disse: \"Abbiamo visto davanti al muro una bicicletta da donna\". Non corrispondeva alla bicicletta di Stasi e lei ne era convinta. Era una donna che non conosceva l'imputato».\nStasi condannato per sbaglio?\nIl rischio è che ci si sia fatti un'idea su Stasi e poi sia siato condannato? «È possibile. Ma il ragionevole dubbio non è una sconfitta, la verità assoluta non è di questo mondo. È giusto assolvere, non è una sconfitta per lo Stato ma una vittoria.\nI dubbi su Sempio\n»Sempio? Mi è sembrato strano l'alibi dello scontrino, però la pubblica accusa non aveva indagato contro di lui». E poi rivela: «I carabinieri inizialmente pensavano fosse un incidente domestico». Alla fine conclude: «Errore giudiziario? Rispetto il giudicato formale, ma a me interessa riflettere sul ragionevole dubbio. Meglio un colpevole fuori che un innocente dentro».\nL'estratto\n“Cosa ci insegna il caso di Garlasco? Che quello che sembra essere può non essere. Che una telefonata apparentemente fredda e impersonale può essere invece frutto di un soggettivo modo di vivere un evento traumatico. Che non lasciare tracce del proprio passaggio nella casa della vittima, quando una persona dice di avere scoperto il corpo della propria fidanzata, può sembrare strano, ma non così tanto, come dimostrano i due carabinieri entrati per primi e le prove sperimentali. Che l’impronta sul dispenser in bagno può sembrare l’impronta del killer, ma può invece essere stata rilasciata la sera prima, quando Stasi fidanzato – e non omicida – si lavava le mani dopo avere mangiato la pizza. Che l’abitudine a vedere immagini e video di pornografia adulta può costituire una possibile ragione per un forte litigio con la propria fidanzata, ma dopo un’attenta e non pregiudiziale analisi e valutazione la risposta può anche essere negativa. Che può apparire pura fantasia pensare che la mattina del 13 agosto sia entrata in quell’abitazione una persona diversa dal fidanzato della vittima, mentre così fantasioso non è\".\n© RIPRODUZIONE RISERVATA",
    "summary": "Così afferma il magistrato Stefano Vitelli, giudice che in primo grado assolse Alberto Stasi, poi condannato in via definitiva a 16 anni. Nell'intervista alla Stampa, in occasone della pubblicazione del libro \"Il ragionevole dubbio di Garlasco\" (Piemme editore). Disse che aveva lavorato alla tesi sul suo computer e che non riusciva a provare quando era entrato nel pc per accessi abusivi dei carabinieri che con procedure scorrette avevano sporcato i dati informatici.",
    "highlightText": "",
    "highlightTitle": "",
    "highlightThreadTitle": "",
    "language": "italian",
    "sentiment": "positive",
    "categories": [
        "Crime, Law and Justice"
    ],
    "topics": [
        "Crime, Law and Justice->judiciary",
        "Crime, Law and Justice->court"
    ],
    "ai_allow": true,
    "has_canonical": false,
    "breaking": true,
    "webz_reporter": false,
    "external_links": [],
    "external_images": [],
    "internal_images": [],
    "entities": {
        "persons": [
            {
                "name": "Garlasco",
                "sentiment": "negative"
            },
            {
                "name": "Alberto Stasi",
                "sentiment": "none"
            },
            {
                "name": "Andrea Sempio",
                "sentiment": "none"
            },
            {
                "name": "Stefano Vitelli",
                "sentiment": "none"
            }
        ],
        "locations": [],
        "organizations": [
            {
                "name": "Piemme editore",
                "sentiment": "none",
                "tickers": []
            },
            {
                "name": "Stampa",
                "sentiment": "none",
                "tickers": [
                    {
                        "ticker": null,
                        "exchange": null
                    }
                ]
            }
        ]
    },
    "syndication": {
        "syndicated": null,
        "syndicate_id": null,
        "first_syndicated": false
    },
    "trust": {
        "categories": [],
        "top_news": [
            "top_news_it",
            "top_news"
        ],
        "bias": null,
        "source": {
            "type": null,
            "city": null,
            "state": null,
            "country": null,
            "domain_type": null,
            "agency": null,
            "organization_name": null
        }
    },
    "rating": null,
    "crawled": "2026-01-29T10:30:45.707+02:00",
    "updated": "2026-01-30T11:11:37.000+02:00"
}