{
    "thread": {
        "uuid": "0474a11d642c9a2973990fc55ed59638bf449f23",
        "url": "https://cj.sina.cn/article/norm_detail?url=https://finance.sina.com.cn/roll/2026-01-29/doc-inhiymqi4277366.shtml&from=redirect",
        "site_full": "cj.sina.cn",
        "site": "sina.cn",
        "site_section": "https://finance.sina.cn/",
        "site_categories": [
            "top_news_hk",
            "top_news_my",
            "top_news_sg",
            "top_news_tw",
            "top_news",
            "politics",
            "science and technology",
            "economy, business and finance"
        ],
        "section_title": "新浪财经_金融信息服务商",
        "site_title": "财经头条_新浪财经_金融信息服务商",
        "title": "2025年江西法院加大赃款赃物追缴力度 追缴到位3.36亿元",
        "title_full": "2025年江西法院加大赃款赃物追缴力度 追缴到位3.36亿元",
        "published": "2026-01-29T12:36:00.000+02:00",
        "replies_count": 0,
        "participants_count": 0,
        "site_type": "news",
        "country": "CN",
        "main_image": "https://n.sinaimg.cn/finance/c30320b4/20210712/wx_poster_finance1.png",
        "performance_score": 0,
        "domain_rank": 4801,
        "domain_rank_updated": "2026-01-25T23:00:00.000+02:00",
        "licensing_agency": [],
        "social": {
            "facebook": {
                "likes": 0,
                "comments": 0,
                "shares": 0
            },
            "vk": {
                "shares": 0
            }
        }
    },
    "uuid": "0474a11d642c9a2973990fc55ed59638bf449f23",
    "url": "https://cj.sina.cn/article/norm_detail?url=https://finance.sina.com.cn/roll/2026-01-29/doc-inhiymqi4277366.shtml&from=redirect",
    "ord_in_thread": 0,
    "author": null,
    "published": "2026-01-29T12:36:00.000+02:00",
    "title": "2025年江西法院加大赃款赃物追缴力度 追缴到位3.36亿元",
    "text": "中新网南昌1月29日电 (记者 李韵涵)29日，江西省高级人民法院党组书记、院长傅信平在江西省十四届人大四次会议上作江西省高级人民法院工作报告。报告显示，2025年江西法院加大赃款赃物追缴力度，共追缴到位3.36亿元。\n1月29日，江西省高级人民法院党组书记、院长傅信平在江西省十四届人大四次会议上作江西省高级人民法院工作报告。刘力鑫 摄 2025年，江西法院依法严惩 腐败 犯罪，推动完善监察执法与刑事司法衔接机制，严惩“影子股东”“ 期权 变现”等新型腐败和隐性腐败，审结贪污、 贿赂 、渎职等职务犯罪案件892件971人。严惩侵吞惠农资金、校园餐补贴等群众身边的“蝇贪蚁腐”，审结案件95件106人。\n此外，江西法院落实受贿行贿一起查，审结行贿犯罪案件57件65人。同时，江西法院加大赃款赃物追缴力度，并严格审查职务犯罪罪犯减刑、假释案件财产性判项执行情况，共追缴到位3.36亿元。\n据介绍，江西法院依法惩治民营企业内部腐败犯罪，审结非国家工作人员受贿、职务侵占犯罪案件191件，促进民营经济健康发展。依法维护市场经济秩序，加强反不正当竞争司法，审结仿冒、商业诋毁、串通投标等不正当竞争案件182件。(完)\n打开App看更多精彩内容",
    "summary": null,
    "highlightText": "",
    "highlightTitle": "",
    "highlightThreadTitle": "",
    "language": "chinese",
    "sentiment": "positive",
    "categories": [
        "Crime, Law and Justice",
        "Economy, Business and Finance"
    ],
    "topics": [
        "Crime, Law and Justice->court",
        "Crime, Law and Justice->prosecution and prosecutors",
        "Economy, Business and Finance->financial and economic news"
    ],
    "ai_allow": true,
    "has_canonical": false,
    "breaking": true,
    "webz_reporter": false,
    "external_links": [],
    "external_images": [],
    "internal_images": [],
    "entities": {
        "persons": [],
        "locations": [],
        "organizations": []
    },
    "syndication": {
        "syndicated": null,
        "syndicate_id": null,
        "first_syndicated": false
    },
    "trust": {
        "categories": [],
        "top_news": [
            "top_news_hk",
            "top_news_my",
            "top_news_sg",
            "top_news_tw",
            "top_news"
        ],
        "bias": null,
        "source": {
            "type": null,
            "city": null,
            "state": null,
            "country": null,
            "domain_type": null,
            "agency": null,
            "organization_name": null
        }
    },
    "rating": null,
    "crawled": "2026-01-29T12:50:11.251+02:00",
    "updated": "2026-01-30T13:04:25.000+02:00"
}