{
    "thread": {
        "uuid": "6c8ab8eabc673f0c613579df8eac5ca3086f6763",
        "url": "http://sx.wenming.cn/ptlm_jjsj/202601/t20260129_6959546.shtml",
        "site_full": "sx.wenming.cn",
        "site": "wenming.cn",
        "site_section": "http://sx.wenming.cn/",
        "site_categories": [
            "arts, culture and entertainment",
            "politics",
            "social issue",
            "education",
            "human interest",
            "lifestyle and leisure"
        ],
        "section_title": "山西文明网",
        "site_title": null,
        "title": "最美基层民警 平凡坚守铸忠诚-聚焦三晋---山西文明网",
        "title_full": "最美基层民警 平凡坚守铸忠诚-聚焦三晋---山西文明网",
        "published": "2026-01-29T02:00:00.000+02:00",
        "replies_count": 0,
        "participants_count": 1,
        "site_type": "news",
        "country": "CN",
        "main_image": "",
        "performance_score": 0,
        "domain_rank": 24330,
        "domain_rank_updated": "2026-01-25T23:00:00.000+02:00",
        "licensing_agency": [],
        "social": {
            "facebook": {
                "likes": 0,
                "comments": 0,
                "shares": 0
            },
            "vk": {
                "shares": 0
            }
        }
    },
    "uuid": "6c8ab8eabc673f0c613579df8eac5ca3086f6763",
    "url": "http://sx.wenming.cn/ptlm_jjsj/202601/t20260129_6959546.shtml",
    "ord_in_thread": 0,
    "author": "sx_zhangn",
    "published": "2026-01-29T02:00:00.000+02:00",
    "title": "最美基层民警 平凡坚守铸忠诚-聚焦三晋---山西文明网",
    "text": "最美基层民警 平凡坚守铸忠诚\n发表时间：2026-01-29 来源：山西日报\n近日，省委宣传部、省公安厅联合向社会发布2025年山西省“最美基层民警”名单，任飞等20名民警光荣入选。他们长期奋战在公安工作各条战线，以实际行动践行“人民公安为人民”的庄严承诺。\n在他们当中，有享誉全国的“技术专家”，有攻坚积案的“刑侦尖兵”，有为民解忧的“暖心所长”……岗位不同，职责各异，却同样以赤诚奉献守护一方平安、万家安宁。他们的先进事迹集中展示了人民警察克己奉公、无私奉献的良好形象，彰显了新时代山西公安忠诚担当、创新为民的铁军新风。\n“最美”的背后，是向险而行的担当。他们总是出现在群众最需要的地方。面对穷凶极恶的歹徒，他们毫不畏惧，挺身而出；面对狂风暴雪的考验，他们坚守岗位，尽职尽责。以铁肩担道义，以热血铸忠诚，筑起坚不可摧的平安屏障。“最美”的底色，是枝叶关情的初心。在街巷社区，他们是解决群众急难愁盼问题的“贴心人”。一双铁脚板，踏遍千家万户，将矛盾纠纷化解于萌芽；一颗赤子心，情系万家灯火，把群众“小事”当成自己的“大事”。日复一日的坚守，在点滴之间温暖人心，于细微处见证警民鱼水情深。\n这些“最美”身影就在群众身边，于平凡岗位书写不凡担当，用警魂热血筑牢平安根基。让我们致敬新时代的公安楷模，将忠诚奉献融入时代脉搏，携手共建更高水平的平安山西、法治山西。（王璐）",
    "summary": null,
    "highlightText": "",
    "highlightTitle": "",
    "highlightThreadTitle": "",
    "language": "chinese",
    "sentiment": "positive",
    "categories": [
        "Crime, Law and Justice"
    ],
    "topics": [
        "Crime, Law and Justice->police",
        "Crime, Law and Justice->law enforcement"
    ],
    "ai_allow": true,
    "has_canonical": false,
    "breaking": null,
    "webz_reporter": false,
    "external_links": [],
    "external_images": [],
    "internal_images": [],
    "entities": {
        "persons": [],
        "locations": [],
        "organizations": []
    },
    "syndication": {
        "syndicated": null,
        "syndicate_id": null,
        "first_syndicated": false
    },
    "trust": {
        "categories": [],
        "top_news": [],
        "bias": null,
        "source": {
            "type": null,
            "city": null,
            "state": null,
            "country": null,
            "domain_type": null,
            "agency": null,
            "organization_name": null
        }
    },
    "rating": null,
    "crawled": "2026-01-29T13:53:54.631+02:00",
    "updated": "2026-01-29T13:55:45.000+02:00"
}