{
    "thread": {
        "uuid": "15a97c44892a75945725eb1a87645ecde90f4fca",
        "url": "https://home.nzcity.co.nz/news/article.aspx?id=390286&fm=psp,tsf",
        "site_full": "home.nzcity.co.nz",
        "site": "nzcity.co.nz",
        "site_section": "https://home.nzcity.co.nz/default.aspx",
        "site_categories": [
            "media"
        ],
        "section_title": "\r\n\tNZCity Personal Start Page \r\n",
        "title": "Hardly the weather we look for on Christmas Day - MetService is warning of severe thunderstorms, and even the risk of flash flooding - 25-Dec-2023 - NZ Environment news",
        "title_full": "Hardly the weather we look for on Christmas Day - MetService is warning of severe thunderstorms, and even the risk of flash flooding - 25-Dec-2023 - NZ Environment news",
        "published": "2023-12-24T13:00:00.000+02:00",
        "replies_count": 0,
        "participants_count": 0,
        "site_type": "news",
        "country": "NZ",
        "main_image": "",
        "performance_score": 0,
        "domain_rank": 46073,
        "domain_rank_updated": "2023-12-19T12:06:16.000+02:00",
        "reach": null,
        "social": {
            "facebook": {
                "likes": 0,
                "comments": 0,
                "shares": 0
            },
            "gplus": {
                "shares": 0
            },
            "pinterest": {
                "shares": 0
            },
            "linkedin": {
                "shares": 0
            },
            "stumbledupon": {
                "shares": 0
            },
            "vk": {
                "shares": 0
            }
        }
    },
    "uuid": "15a97c44892a75945725eb1a87645ecde90f4fca",
    "url": "https://home.nzcity.co.nz/news/article.aspx?id=390286&fm=psp,tsf",
    "ord_in_thread": 0,
    "parent_url": null,
    "author": null,
    "published": "2023-12-24T13:00:00.000+02:00",
    "title": "Hardly the weather we look for on Christmas Day - MetService is warning of severe thunderstorms, and even the risk of flash flooding - 25-Dec-2023 - NZ Environment news",
    "text": "News | Environment 25 Dec 2023 18:47 | outlook hotmail | yahoo mail | gmail | news | weather | finance | shopping | about nzcity | Search | NZCity News SEARCH Google Bing NZ News NewsLinks the White Pages NZ Street Names the Yellow Pages Yahoo NZ Web sites SearchNZ NZ Domain Names CUSTOMISE Start Page Personalise News Top Stories Business Sports Politics Health & Safety Law and Order Technology Education Living & Travel Entertainment Motoring Environment National International Accidents Maori Rural Local Politics Sport Weather Finance Shopping Jobs Horoscopes Lotto Results Photo Gallery Site Gallery TVNow Dating SearchNZ NZSearch Crime.co.nz RugbyLeague Make Home About NZCity Contact NZCity Your Privacy Advertising Login Join for Free Home > News > Environment Hardly the weather we look for on Christmas Day - MetService is warning of severe thunderstorms, and even the risk of flash flooding Hardly the weather we look for on Christmas Day - MetService is warning of severe thunderstorms, and even the risk of flash flooding 25 December 2023 Heavy rain warnings and a severe thunderstorm watch are in place until 10 tonight, from Northland to Taupo. MetService says rain could come down at 25 to 40 mm per hour, bringing the risk of slips and surface or flash flooding. >> More Environment News © 2023 Newstalk ZB, NZCity Other Environment News 25 Dec: An impending Christmas delivery from above means it may be time for people in the top half of the North Island to bring Christmas festivities inside 25 Dec: Santa may have delivered this Christmas, but for most of the country, the weather hasn't 25 Dec: Fire crews in the Bay of Plenty will be working through Christmas Day to monitor a large scrub and pine slash fire 24 Dec: MetService is warning of heavy rain for parts of the country, issuing severe and heavy rain warnings 24 Dec: Auckland is now under a severe thunderstorm watch, until around 8pm tonight 24 Dec: Meteorologists are keeping an eye on weather systems across the country, with severe weather watches in place for many parts, including Auckland 24 Dec: A helicopter is trawling Matakana Island, near Tauranga, where a forest fire continues to burn Top Stories RUGBY Shot putter Tom Walsh is relieved to have aligned his high-performance athlete schedule with the Christmas break More... BUSINESS Electric vehicle sellers are gearing up for the final week of the clean car rebate, as demand begins to spike More... Today's News Motoring: The official road toll for the Christmas holiday period stands at five ... it's due to end on January 3 18:07 Business: Electric vehicle sellers are gearing up for the final week of the clean car rebate, as demand begins to spike 17:27 Health & Safety: Surgeons say increasing road speeds, will without question increase injuries 16:57 Motoring: State Highway 5 between Waiohotu Road and Tapapa Road has been reopened following a single vehicle crash around 1pm 16:17 International: British billionaire Jim Ratcliffe buys 25pc stake in Manchester United, providing $440m in funding 16:07 Accident and Emergency: Search and rescue teams are responding to reports of a paraglider needing assistance near Queenstown 15:27 Law and Order: A plea from St John to look out for family and friends over the festive period 14:57 International: NASA's James Webb Space Telescope celebrates its second birthday this Christmas. Here are some of its best images 14:27 Soccer: The Wellington Phoenix women have earned themselves a short break for celebrations over Christmas 14:07 Business: More Australians turning to no interest loan schemes as cost of living rises 13:47 News Search Environment NZ News NewsLinks NZ Web Power Search © 2023 New Zealand City Ltd",
    "highlightText": "",
    "highlightTitle": "",
    "highlightThreadTitle": "",
    "language": "english",
    "sentiment": "negative",
    "categories": [
        "Weather",
        "Environment"
    ],
    "external_links": [],
    "external_images": [],
    "entities": {
        "persons": [],
        "organizations": [
            {
                "name": "nz environment news news",
                "sentiment": "neutral"
            },
            {
                "name": "metservice",
                "sentiment": "neutral"
            },
            {
                "name": "google bing nz news newslinks the white pages nz street names the yellow pages yahoo nz",
                "sentiment": "none"
            }
        ],
        "locations": []
    },
    "rating": null,
    "crawled": "2023-12-25T07:47:49.794+02:00",
    "updated": "2023-12-25T07:47:49.794+02:00"
}