{
    "thread": {
        "uuid": "038e3e337e61dd397667f0e215ef9dada2231cb0",
        "url": "https://www.theargus.co.uk/news/national/24011042.warning-issued-pouring-turkey-fat-sink-christmas/",
        "site_full": "www.theargus.co.uk",
        "site": "theargus.co.uk",
        "site_section": "https://theargus.co.uk",
        "site_categories": [
            "media",
            "business",
            "entertainment"
        ],
        "section_title": "Brighton and Sussex News, Sport, Events - Brighton Argus",
        "title": "Warning issued over pouring turkey fat down sink at Christmas | The Argus",
        "title_full": "Warning issued over pouring turkey fat down sink at Christmas | The Argus",
        "published": "2023-12-25T02:01:00.000+02:00",
        "replies_count": 0,
        "participants_count": 1,
        "site_type": "news",
        "country": "GB",
        "main_image": "https://www.theargus.co.uk/resources/images/17586137/?type=og-image",
        "performance_score": 0,
        "domain_rank": 14090,
        "domain_rank_updated": "2023-12-19T12:06:12.000+02:00",
        "reach": null,
        "social": {
            "facebook": {
                "likes": 0,
                "comments": 0,
                "shares": 0
            },
            "gplus": {
                "shares": 0
            },
            "pinterest": {
                "shares": 0
            },
            "linkedin": {
                "shares": 0
            },
            "stumbledupon": {
                "shares": 0
            },
            "vk": {
                "shares": 0
            }
        }
    },
    "uuid": "038e3e337e61dd397667f0e215ef9dada2231cb0",
    "url": "https://www.theargus.co.uk/news/national/24011042.warning-issued-pouring-turkey-fat-sink-christmas/",
    "ord_in_thread": 0,
    "parent_url": null,
    "author": "PA News Agency",
    "published": "2023-12-25T02:01:00.000+02:00",
    "title": "Warning issued over pouring turkey fat down sink at Christmas | The Argus",
    "text": "Families are being urged not to pour turkey fat down the sink this Christmas – or risk flooding their homes.\nTrade association Water UK has issued a warning to families to dispose of cooking fats, oils and greases responsibly to avoid blocked pipes, property damage and harm to the environment.\nIt comes as research shows that 27% of UK adults dispose of their fats down the sink, 22% down the drain and 11% down the toilet.\nIf you’re hosting over the festive period, remember that leftover oil, gravy, sauces or custard go in your food waste or bin.If they’re rinsed down the sink, they can clog up your pipes and cause a major backup.\nGet more top tips at https://t.co/p3ANERiUp0 #BinItDontBlockIt pic.twitter.com/v5aqrtxcRE\n— Thames Water 💧 (@thameswater) December 24, 2023\nA new national campaign from Water UK is encouraging people to avoid putting any leftover fats, oils or greases down the sink.\nFats, oils and greases poured down the sink or drain harden in cold pipes. They combine with wet wipes and other unflushable items to create ‘fatbergs’ which block sewer pipes, leading to sewage flooding homes and streets, and pollution in waterways. They can also block pipes in homes.\nSewer blockages cost the UK up to £200 million each year, and more than 3,000 homes are flooded because of them, Water UK said.\nThames Water also shared a warning to customers on Christmas Eve.\nIt posted on X, formerly Twitter, saying: “If you’re hosting over the festive period, remember that leftover oil, gravy, sauces or custard go in your food waste or bin.\n“If they’re rinsed down the sink, they can clog up your pipes and cause a major backup.”\nAnd South West Water said that last year it dealt with more than 7,000 blocked sewers with over 20% of these caused by fats, oils and greases being poured down drains.\nTips on how to responsibly dispose of fats, oils and grease include:\n– Allow them to cool and wipe away with kitchen towel and place in the bin.\n– Cooled oils can be poured into a heatproof container, then placed in the bin.\n– Pour into a pot and use again to cook another meal.\n– Use a sink strainer to catch greasy food scraps.\nA fatberg in a London sewer (Thames Water/PA) William Davies, communications director at Water UK, said: “We all love our Christmas dinner but cooking up that delicious festive feast leaves behind a trail of leftover fat, oil and grease.\n“Amid the yuletide cheer the last thing we want to think about is what should happen to this gloopy mess. But disposing of it down the sink or drain can cause real problems in our sewers, harm wildlife and block the pipes in our homes as well.\n“This festive season why not do your bit to protect your ho, ho home by putting any fats, oils and greases in the bin and not down the sink.”\nWater minister Robbie Moore said: “As millions gather for Christmas meals with family and friends, proper disposal of the fats, oils and greases we use to cook our roast dinners won’t be high on the festive agenda for many – but it is crucial to protect the environment.\n“We know that when oils and fats are put down the sink, they can contribute to build-ups of fatbergs in our sewers, bringing the risk of blocked pipes and sewage spills.\n“To protect our waterways this Christmas and beyond our Plan for Water is delivering more investment, stronger regulation and tougher enforcement in the water sector.”",
    "highlightText": "",
    "highlightTitle": "",
    "highlightThreadTitle": "",
    "language": "english",
    "sentiment": "negative",
    "categories": [
        "Health",
        "Disaster and Accident",
        "Environment"
    ],
    "external_links": [
        "https://twitter.com/thameswater/status/1738892306692886725?ref_src=twsrc%5Etfw",
        "https://t.co/v5aqrtxcRE",
        "https://twitter.com/hashtag/BinItDontBlockIt?src=hash&ref_src=twsrc%5Etfw",
        "https://t.co/p3ANERiUp0",
        "https://www.t.co/p3ANERiUp0",
        "https://twitter.com/thameswater/status/1738892306692886725",
        "https://www.twitter.com/hashtag/BinItDontBlockIt?src=hash&ref_src=twsrc%5Etfw",
        "https://www.twitter.com/thameswater/status/1738892306692886725?ref_src=twsrc%5Etfw",
        "https://www.t.co/v5aqrtxcRE",
        "https://twitter.com/hashtag/BinItDontBlockIt"
    ],
    "external_images": [],
    "entities": {
        "persons": [],
        "organizations": [
            {
                "name": "trade association water uk",
                "sentiment": "none"
            }
        ],
        "locations": [
            {
                "name": "uk",
                "sentiment": "none"
            },
            {
                "name": "water uk",
                "sentiment": "none"
            }
        ]
    },
    "rating": null,
    "crawled": "2023-12-25T02:14:46.923+02:00",
    "updated": "2023-12-25T02:14:46.923+02:00"
}