{
    "thread": {
        "uuid": "d9a777c03bbd8948e5bed6d27579501274ab7805",
        "url": "https://wradio.com.mx/2023/12/24/dejaran-fiestas-decembrinas-16-mil-toneladas-diarias-de-basura-en-cdmx/",
        "site_full": "wradio.com.mx",
        "site": "wradio.com.mx",
        "site_section": "https://wradio.com.mx",
        "site_categories": [
            "music",
            "hobbies_and_interests",
            "radio",
            "entertainment"
        ],
        "section_title": "W Radio México | Radio en vivo, últimas noticias y entrevistas | W Radio México",
        "title": "Dejarán fiestas decembrinas 16 mil toneladas diarias de basura en CDMX",
        "title_full": "Dejarán fiestas decembrinas 16 mil toneladas diarias de basura en CDMX",
        "published": "2023-12-25T03:26:00.000+02:00",
        "replies_count": 0,
        "participants_count": 1,
        "site_type": "news",
        "country": "MX",
        "main_image": "https://wradio.com.mx/resizer/qpbmLz_6joUGmU2PVPBxRmzU49U=/1024x576/filters:format(jpg):quality(70)/cloudfront-us-east-1.images.arcpublishing.com/prisaradiomx/NJIDGRCTQVFIXO7HBA4IWLZOBE.jpg",
        "performance_score": 0,
        "domain_rank": 85065,
        "domain_rank_updated": "2023-12-19T12:06:19.000+02:00",
        "reach": null,
        "social": {
            "facebook": {
                "likes": 0,
                "comments": 0,
                "shares": 0
            },
            "gplus": {
                "shares": 0
            },
            "pinterest": {
                "shares": 0
            },
            "linkedin": {
                "shares": 0
            },
            "stumbledupon": {
                "shares": 0
            },
            "vk": {
                "shares": 0
            }
        }
    },
    "uuid": "d9a777c03bbd8948e5bed6d27579501274ab7805",
    "url": "https://wradio.com.mx/2023/12/24/dejaran-fiestas-decembrinas-16-mil-toneladas-diarias-de-basura-en-cdmx/",
    "ord_in_thread": 0,
    "parent_url": null,
    "author": "Octavio García Ortiz",
    "published": "2023-12-25T03:26:00.000+02:00",
    "title": "Dejarán fiestas decembrinas 16 mil toneladas diarias de basura en CDMX",
    "text": "Dejarán fiestas decembrinas 16 mil toneladas diarias de basura en CDMX Especialistas señalan que en estas fechas también se desperdicia una gran cantidad de alimentos Las fiestas decembrinas como las posadas, Navidad, Año Nuevo y Reyes Magos, generarán en la Ciudad de México 16 mil toneladas diarias de basura, es decir, un 30% más del promedio que en el resto del año, estimaron especialistas de la subdirección de Cambio Sustentable de la Coordinación Universitaria para la Sustentabilidad de la UNAM. Alfonso Vega Alfonso de la Vega, subdirector de esta entidad universitaria dijo que aunado a la generación de desperdicios, se eleva el consumo de energía eléctrica en un 30% debido a la luz que utilizamos en las decoraciones y para la convivencia con un mayor número de personas. Con el inicio de la primera posada el 16 de diciembre y el Día de la Candelaria el 2 de febrero de 2024, se constituye la temporada en la que se producen más residuos y contaminantes en el país, lo que representa una situación crítica por las consecuencias ambientales y de salud que puede acarrear, advirtió de la Vega. Agregó que otro aspecto a resaltar es el incremento en el desperdicio de comida, “ya que cuando realizamos nuestras reuniones, no estimamos cuántos comensales llegarán o si todos llevarán platillo; al final sobra y se desperdicia. Sería bueno calcular bien la cantidad de alimentos a preparar para disminuir el desperdicio”, sugirió el experto. Y es que de acuerdo a cifras de la Red de Bancos de Alimentos de México señalan que durante esta época, el 40% de los alimentos termina en la basura por falta de organización. Para contribuir de manera individual a reducir estos impactos, el universitario señaló que es importante disminuir el uso de adornos para sentir el espíritu navideño. En los convivios de fin de año, es recomendable utilizar vajilla o utensilios reutilizables y evitar a toda costa utensilios desechables, así como consumir bebidas embotelladas en PET. Alfonso de la Vega mencionó que también se debe planear la compra de regalos, ya que muchos concluyen en el bote de los desperdicios incluso al abrirse. Sugirió evitar envolturas y adornos excesivos en los obsequios y en la decoración de la casa, optar por las biodegradables de papel con poco color.",
    "highlightText": "",
    "highlightTitle": "",
    "highlightThreadTitle": "",
    "language": "spanish",
    "sentiment": "negative",
    "categories": [
        "Disaster and Accident",
        "Health",
        "Environment"
    ],
    "external_links": [],
    "external_images": [],
    "entities": {
        "persons": [],
        "organizations": [],
        "locations": []
    },
    "rating": null,
    "crawled": "2023-12-25T04:00:52.937+02:00",
    "updated": "2023-12-25T04:00:52.937+02:00"
}