{
    "thread": {
        "uuid": "4e8a05ed1d3e4ed153429b1343b127f681a8b42a",
        "url": "https://iafrica.com/years-of-talks-on-the-grand-ethiopian-renaissance-dam-fail-to-yield-an-agreement/",
        "site_full": "iafrica.com",
        "site": "iafrica.com",
        "site_section": "https://news.co.za/rss",
        "site_categories": [
            "travel",
            "africa"
        ],
        "section_title": "News South Africa",
        "title": "Years of Talks on the Grand Ethiopian Renaissance Dam Fail to Yield an Agreement",
        "title_full": "Years of Talks on the Grand Ethiopian Renaissance Dam Fail to Yield an Agreement",
        "published": "2023-12-25T08:07:00.000+02:00",
        "replies_count": 0,
        "participants_count": 1,
        "site_type": "news",
        "country": "ZA",
        "main_image": "https://iafrica.com/wp-content/uploads/2023/12/7-15.jpg",
        "performance_score": 0,
        "domain_rank": 18816,
        "domain_rank_updated": "2023-12-19T12:06:12.000+02:00",
        "reach": null,
        "social": {
            "facebook": {
                "likes": 0,
                "comments": 0,
                "shares": 0
            },
            "gplus": {
                "shares": 0
            },
            "pinterest": {
                "shares": 0
            },
            "linkedin": {
                "shares": 0
            },
            "stumbledupon": {
                "shares": 0
            },
            "vk": {
                "shares": 0
            }
        }
    },
    "uuid": "4e8a05ed1d3e4ed153429b1343b127f681a8b42a",
    "url": "https://iafrica.com/years-of-talks-on-the-grand-ethiopian-renaissance-dam-fail-to-yield-an-agreement/",
    "ord_in_thread": 0,
    "parent_url": null,
    "author": "iAfrica",
    "published": "2023-12-25T08:07:00.000+02:00",
    "title": "Years of Talks on the Grand Ethiopian Renaissance Dam Fail to Yield an Agreement",
    "text": "This week, Egypt and Ethiopia announced that the current negotiations over the Grand Ethiopian Renaissance Dam, ended without an agreement, potentially escalating tensions over the longstanding issue. Egypt’s Ministry of Water Resources and Irrigation said in a Facebook post that the fourth and final round of the talks with Ethiopia and Sudan concluded in the Ethiopian capital of Addis Ababa. The ministry blamed Ethiopia for the failure to reach a deal, referencing the east African country’s “persistent refusal” to accept any technical or legal compromises that would protect the involved countries’ interests. The ministry further accused Ethiopia of negotiating in bad faith, saying Addis Ababa is “exploiting the negotiation process as a cover to solidify a fait accompli on the ground” and negotiating for the “purpose of obtaining an instrument of approval from the downstream countries of an unregulated and absolute Ethiopian control of the Blue Nile.”\nYears of Talks on the Grand Ethiopian Renaissance Dam Fail to Yield an Agreement\nAFRICA TOP 10\n- 1 min read",
    "highlightText": "",
    "highlightTitle": "",
    "highlightThreadTitle": "",
    "language": "english",
    "sentiment": "negative",
    "categories": [
        "Politics",
        "Social Issue",
        "Environment"
    ],
    "external_links": [],
    "external_images": [],
    "entities": {
        "persons": [],
        "organizations": [
            {
                "name": "ministry of water resources and irrigation",
                "sentiment": "none"
            },
            {
                "name": "facebook",
                "sentiment": "none"
            }
        ],
        "locations": [
            {
                "name": "egypt",
                "sentiment": "none"
            },
            {
                "name": "ethiopia",
                "sentiment": "none"
            },
            {
                "name": "blue nile",
                "sentiment": "none"
            },
            {
                "name": "sudan",
                "sentiment": "none"
            },
            {
                "name": "addis ababa",
                "sentiment": "none"
            }
        ]
    },
    "rating": null,
    "crawled": "2023-12-25T10:23:55.131+02:00",
    "updated": "2023-12-25T10:23:55.131+02:00"
}