{
    "thread": {
        "uuid": "d1ccaf9b9f13594db7f1c8a3b59ac82732d55feb",
        "url": "https://www.bfmtv.com/culture/yuval-raphael-survivante-du-7-octobre-representera-israel-a-l-eurovision_VN-202501231058.html",
        "site_full": "www.bfmtv.com",
        "site": "bfmtv.com",
        "site_section": "https://www.bfmtv.com/rss/videos",
        "site_categories": [
            "under_construction"
        ],
        "section_title": "Home Vidéos - actualités",
        "title": "Yuval Raphael, survivante du 7-Octobre, représentera Israël à l'Eurovision",
        "title_full": "Yuval Raphael, survivante du 7-Octobre, représentera Israël à l'Eurovision",
        "published": "2025-01-24T00:06:00.000+02:00",
        "replies_count": 0,
        "participants_count": 1,
        "site_type": "news",
        "country": "FR",
        "main_image": "https://images.bfmtv.com/-kYIpmCqFS08inrGMSfxN3Gb-j0=/0x0:1280x720/1280x0/images/Yuval-Raphael-survivante-du-7-Octobre-representera-Israel-a-l-Eurovision-2019800.jpg",
        "performance_score": 0,
        "domain_rank": 1843,
        "domain_rank_updated": "2025-01-20T23:00:00.000+02:00",
        "social": {
            "facebook": {
                "likes": 0,
                "comments": 0,
                "shares": 0
            },
            "vk": {
                "shares": 0
            }
        }
    },
    "uuid": "d1ccaf9b9f13594db7f1c8a3b59ac82732d55feb",
    "url": "https://www.bfmtv.com/culture/yuval-raphael-survivante-du-7-octobre-representera-israel-a-l-eurovision_VN-202501231058.html",
    "ord_in_thread": 0,
    "parent_url": null,
    "author": "@BFMTV",
    "published": "2025-01-24T00:06:00.000+02:00",
    "title": "Yuval Raphael, survivante du 7-Octobre, représentera Israël à l'Eurovision",
    "text": "Yuval Raphael, survivante du 7-Octobre, représentera Israël à l'Eurovision\nYuval Raphael, 24 ans, a été désignée pour représenter Israël lors de l’édition 2025 de l'Eurovision qui se déroulera à Bâle en mai prochain. Elle a survécu à l'attaque du Hamas sur le Festival Nova, au cours de laquelle au moins 370 personnes ont été tuées.\nLe | Durée : 1:08",
    "highlightText": "",
    "highlightTitle": "",
    "highlightThreadTitle": "",
    "language": "french",
    "sentiment": "positive",
    "categories": [
        "Arts, Culture and Entertainment",
        "Human Interest",
        "Lifestyle and Leisure"
    ],
    "topics": [
        "Arts, Culture and Entertainment->music",
        "Arts, Culture and Entertainment->festival",
        "Human Interest->celebrity",
        "Lifestyle and Leisure->trend",
        "Lifestyle and Leisure->lifestyle"
    ],
    "ai_allow": true,
    "has_canonical": false,
    "breaking": false,
    "webz_reporter": false,
    "external_links": [],
    "external_images": [],
    "entities": {
        "persons": [],
        "organizations": [],
        "locations": []
    },
    "syndication": {
        "syndicated": null,
        "syndicate_id": null,
        "first_syndicated": false
    },
    "trust": null,
    "rating": null,
    "crawled": "2025-01-24T00:12:35.922+02:00",
    "updated": "2025-01-24T00:12:35.922+02:00"
}