{
    "thread": {
        "uuid": "c162d1db68e8bfa1cea5bdbdd0c81f04d48f534b",
        "url": "https://www.lpheralddispatch.com/news/local/preliminary-design-for-fedders-alley-playground-approved/article_6479bdd3-f7c2-5369-bfa0-bf7d4437e475.html",
        "site_full": "www.lpheralddispatch.com",
        "site": "lpheralddispatch.com",
        "site_section": "http://www.thenewsdispatch.com//search/?q=&t=article&l=100&d=&d1=&d2=&s=start_time&sd=desc&nsa=eedition&c[]=news,news/*&f=rss",
        "site_categories": [
            "under_construction"
        ],
        "section_title": "www.lpheralddispatch.com - RSS Results in news,news/* of type article",
        "title": "Preliminary design for Fedder's Alley playground approved",
        "title_full": "Preliminary design for Fedder's Alley playground approved",
        "published": "2025-01-23T23:30:00.000+02:00",
        "replies_count": 0,
        "participants_count": 1,
        "site_type": "news",
        "country": "US",
        "main_image": "https://bloximages.chicago2.vip.townnews.com/lpheralddispatch.com/content/tncms/assets/v3/editorial/b/58/b587ba96-8d32-58dd-93d8-46b27448d762/679276ae1c138.image.jpg?crop=1776%2C932%2C0%2C117&amp;resize=1200%2C630&amp;order=crop%2Cresize",
        "performance_score": 0,
        "domain_rank": 161286,
        "domain_rank_updated": "2025-01-20T23:00:00.000+02:00",
        "social": {
            "facebook": {
                "likes": 0,
                "comments": 0,
                "shares": 0
            },
            "vk": {
                "shares": 0
            }
        }
    },
    "uuid": "c162d1db68e8bfa1cea5bdbdd0c81f04d48f534b",
    "url": "https://www.lpheralddispatch.com/news/local/preliminary-design-for-fedders-alley-playground-approved/article_6479bdd3-f7c2-5369-bfa0-bf7d4437e475.html",
    "ord_in_thread": 0,
    "parent_url": null,
    "author": "DONAVAN BARRIER Staff Writer",
    "published": "2025-01-23T23:30:00.000+02:00",
    "title": "Preliminary design for Fedder's Alley playground approved",
    "text": "MICHIGAN CITY — An all-inclusive playground planned for Michigan City is coming one step closer to fruition.\nThe Michigan City Parks and Recreation Board, during their Jan. 15 meeting, unanimously approved the preliminary design for the Fedder’s Alley All Inclusive Playground.\nkAmy@6= q2=5:? @7 w:E494@4< s6D:8? vC@FA 2?5 pFDE:? q=@>6<6 7C@> y@?6D[ !6EC:6 #27:?D<: AC6D6?E65 E96 3@2C5 H:E9 2 DF>>2CJ @7 H92E H@C< 925 366? 5@?6 @G6C E96 =2DE 76H J62CD @? E96 >F=E:\\86?6C2E:@?2=[ >F=E:\\23:=:EJ A=2J8C@F?5]k^Am\nkAmq2=5:? D2:5[ 27E6C >F49 5:D4FDD:@?[ E96J 92G6 564:565 E@ A=246 E96 A2C< @? E96 H6DE 6?5 @7 u6556C’D p==6J]k^Am\nkAm%96 A=2? 7@C E96 A2C< :D E@ 92G6 2 H2=<:?8 EC2:= 2C@F?5 E96 A6C:>6E6C 2?5 2 ?6H 3F:=5:?8 H:E9 C6DEC@@>D[ 7:E?6DD 6BF:A>6?E[ 2 A=2J8C@F?5 H:E9 5:776C6?E A=2J 4@>A@?6?ED 2?5 BF:6E K@?6D 7@C :?5:G:5F2=D H:E9 D6?D@CJ :DDF6D]k^Am\nkAmw6 2=D@ D2:5 E96J A=2? E@ 4FE 5@H? 2D 76H EC66D 2D A@DD:3=6 E@ >2<6 C@@> 7@C E96 A=2J8C@F?5[ @?=J 4FEE:?8 5@H? EC66D E92E 2C6 4@?D:56C65 5625]k^Am\nkAm“~?6 @7 E96 ?:46 E9:?8D 23@FE E96 A=2J8C@F?5[ E@@[ :D 2 =2C86 A=2J A:646 24EF2==J 4@??64ED E@ E96 E@A @7 E96 9:==[” q2=5:? D2:5]k^Am\nkAm“(6’C6 C62==J ECJ:?8 E@ FD6 E96 E@A@8C2A9J @FE E96C6[ H9:49 H:== 8:G6 FD 2 ?:46 762EFC6 @7 E96 A=2J8C@F?5[” 96 25565]k^Am\nkAmq2=5:? D2:5 A2CE @7 2446DD:?8 E96 A=2J8C@F?5 H:== :?4=F56 8@:?8 FA E@ 2 EH@\\DE@CJ 3F:=5:?8 2?5 4@>:?8 5@H? 7C@> 2 9:==D:56 :? u6556C’D p==6J]k^Am\nkAm!2C<D 2?5 #64C62E:@? $FAE] $92??@? t2D@? D2:5 E96 762EFC6 H@F=5 36 H966=492:C 2446DD:3=6]k^Am\nkAm“x 92G6 ?@E D66? 2?J A=2J E@H6CD =:<6 E92E H96C6 2?J@?6 :? 2 H966=492:C 42? 2446DD 2 D64@?5 DE@CJ[” t2D@? D2:5]k^Am\nkAm“$@[ E92E 8:G6D 2 A6CD@? E96 D2>6 G:6H 2?5 E96 D2>6 6IA6C:6?46 2D @E96C 23=65 A6@A=6] x E9:?< E92E E92E’D 2 DFA6C 4@@= 56D:8?[” D96 25565]k^Am\nkAmq2=5:? E@=5 E96 3@2C5 E96J 2=D@ 2C6 H@C<:?8 @? E96 2C49:E64EFC6 @7 E96 A=2J8C@F?5 E@ >2<6 :E D:>:=2C E@ E96 2C49:E64EFC6 7C@> 6I:DE:?8 9:DE@C:42= DECF4EFC6D :? E96 4:EJ]k^Am\nkAmuC@> E9@D6 :?DA:C2E:@?D[ E96J 42>6 FA H:E9 2 56D:8? 7@C C6DEC@@>D E@ 36 9@FD65 :? E96 A2C<[ FD:?8 D:>:=2C >2E6C:2=D[ DF49 2D =:>6DE@?6 2?5 4@>A@D:E6 H@@5 3@2C5]k^Am\nkAm“(6’C6 ECJ:?8 E@ AF== 5:776C6?E 6=6>6?ED E92E 2C6 7C@> 2== E96D6 5:776C6?E 3F:=5:?8D :? @C56C E@ 4@>6 FA H:E9 2 ?6H 56D:8?[” q2=5:? D2:5]k^Am\nkAmw6 2=D@ D2:5 E96J A=2? E@ A=246 >FC2=D 2?5 D:8?286 2E E96 3F:=5:?8D] %96 9@A6[ 96 D2:5[ :D E@ 4@>6 324< ?6IE >@?E9 H:E9 >@C6 :?7@C>2E:@?]k^Am\nkAmq2=5:? D2:5 E96J 9@A6 E@ 92G6 E96 4@?DECF4E:@? 5@4F>6?E 4@>A=6E65 3J 23@FE |2C49 @C 62C=J pAC:=] (96? E92E :D 7:?:D965[ 96 D2:5 E96J H:== 8@ @FE E@ 3:5[ 2== 4@?E:?86?E @? 7:?2= 7F?5:?8]k^Am\nkAmx? E96 >62?E:>6[ q2=5:? D2:5[ E96J H:== 4@?E:?F6 E@ AC@G:56 FA52E6D 2E E96 FA4@>:?8 !2C<D 2?5 #64C62E:@? 3@2C5 >66E:?8D @G6C E96 ?6IE 76H >@?E9D[ H:E9 2?@E96C AC6D6?E2E:@? @7 E96 7:?2= 5@4F>6?E @? |2C49 `h]k^Am",
    "highlightText": "",
    "highlightTitle": "",
    "highlightThreadTitle": "",
    "language": "english",
    "sentiment": "positive",
    "categories": [
        "Lifestyle and Leisure"
    ],
    "topics": [
        "Lifestyle and Leisure->outdoor recreational activities",
        "Lifestyle and Leisure->exercise and fitness",
        "Lifestyle and Leisure->leisure"
    ],
    "ai_allow": false,
    "has_canonical": true,
    "breaking": false,
    "webz_reporter": false,
    "external_links": [],
    "external_images": [],
    "entities": {
        "persons": [],
        "organizations": [],
        "locations": []
    },
    "syndication": {
        "syndicated": false,
        "syndicate_id": null,
        "first_syndicated": false
    },
    "trust": null,
    "rating": null,
    "crawled": "2025-01-24T00:05:49.126+02:00",
    "updated": "2025-01-24T00:05:49.126+02:00"
}