{
    "thread": {
        "uuid": "76fcb1f71518897bbaef2dfb3e12f39b45b4ef23",
        "url": "https://article.wn.com/view/2025/01/23/Xbox_Reveals_Ninja_Gaiden_4_the_Next_Generation_of_Brutal_Ac",
        "site_full": "article.wn.com",
        "site": "wn.com",
        "site_section": "https://wn.com/music",
        "site_categories": [
            "media"
        ],
        "section_title": "World News - Music",
        "title": "Xbox Reveals 'Ninja Gaiden 4,' the Next Generation of Brutal Action Gaming - Worldnews.com",
        "title_full": "Xbox Reveals 'Ninja Gaiden 4,' the Next Generation of Brutal Action Gaming - Worldnews.com",
        "published": "2025-01-23T02:00:00.000+02:00",
        "replies_count": 0,
        "participants_count": 0,
        "site_type": "news",
        "country": "US",
        "main_image": "",
        "performance_score": 0,
        "domain_rank": 3682,
        "domain_rank_updated": "2025-01-20T23:00:00.000+02:00",
        "social": {
            "facebook": {
                "likes": 0,
                "comments": 0,
                "shares": 0
            },
            "vk": {
                "shares": 0
            }
        }
    },
    "uuid": "76fcb1f71518897bbaef2dfb3e12f39b45b4ef23",
    "url": "https://article.wn.com/view/2025/01/23/Xbox_Reveals_Ninja_Gaiden_4_the_Next_Generation_of_Brutal_Ac",
    "ord_in_thread": 0,
    "parent_url": null,
    "author": null,
    "published": "2025-01-23T02:00:00.000+02:00",
    "title": "Xbox Reveals 'Ninja Gaiden 4,' the Next Generation of Brutal Action Gaming - Worldnews.com",
    "text": "Announced during the Xbox Developer Direct 2025,",
    "highlightText": "",
    "highlightTitle": "",
    "highlightThreadTitle": "",
    "language": "english",
    "sentiment": "positive",
    "categories": [
        "Arts, Culture and Entertainment",
        "Lifestyle and Leisure",
        "Human Interest"
    ],
    "topics": [
        "Arts, Culture and Entertainment->online media outlet",
        "Arts, Culture and Entertainment->mass media",
        "Arts, Culture and Entertainment->arts and entertainment",
        "Lifestyle and Leisure->gaming and lottery",
        "Lifestyle and Leisure->game"
    ],
    "ai_allow": true,
    "has_canonical": false,
    "breaking": false,
    "webz_reporter": false,
    "external_links": [],
    "external_images": [],
    "entities": {
        "persons": [],
        "organizations": [],
        "locations": []
    },
    "syndication": {
        "syndicated": false,
        "syndicate_id": null,
        "first_syndicated": false
    },
    "trust": null,
    "rating": null,
    "crawled": "2025-01-24T00:01:30.402+02:00",
    "updated": "2025-01-24T00:01:30.402+02:00"
}