{
    "thread": {
        "uuid": "14b4905abbbf1564d6e1004226b7c3367611d37a",
        "url": "https://www.register-herald.com/news/life/new-york-bound-musical-making-its-way-to-beckley/article_4277f638-d9d3-11ef-908e-6ffe3d3a6f6e.html",
        "site_full": "www.register-herald.com",
        "site": "register-herald.com",
        "site_section": "http://www.register-herald.com/search/?q=&t=article&l=100&d=&d1=&d2=&s=start_time&sd=desc&nsa=eedition&c%5b%5d=news,news/*&f=rss",
        "site_categories": [
            "media",
            "education",
            "business"
        ],
        "section_title": "www.register-herald.com - RSS Results in news,news/* of type article",
        "title": "",
        "title_full": "",
        "published": "2025-01-24T04:44:00.000+02:00",
        "replies_count": 0,
        "participants_count": 0,
        "site_type": "news",
        "country": "US",
        "main_image": "https://bloximages.chicago2.vip.townnews.com/register-herald.com/content/tncms/assets/v3/editorial/2/f5/2f5e9808-d9d4-11ef-a59b-535d3378f7e4/6792ba620a800.image.jpg?crop=1247%2C655%2C0%2C504&amp;resize=1200%2C630&amp;order=crop%2Cresize",
        "performance_score": 0,
        "domain_rank": 24865,
        "domain_rank_updated": "2025-01-20T23:00:00.000+02:00",
        "social": {
            "facebook": {
                "likes": 0,
                "comments": 0,
                "shares": 0
            },
            "vk": {
                "shares": 0
            }
        }
    },
    "uuid": "14b4905abbbf1564d6e1004226b7c3367611d37a",
    "url": "https://www.register-herald.com/news/life/new-york-bound-musical-making-its-way-to-beckley/article_4277f638-d9d3-11ef-908e-6ffe3d3a6f6e.html",
    "ord_in_thread": 0,
    "parent_url": null,
    "author": null,
    "published": "2025-01-24T04:44:00.000+02:00",
    "title": "",
    "text": "Close J.S. Streible is bringing “Gloaming, Nowhere” to the Raleigh Playhouse on Feb. 21 and 22.\nCourtesy photo\nEditor's Pick New York-bound musical making its way to Beckley Jan 23, 2025 3 hrs ago J.S. Streible is bringing “Gloaming, Nowhere” to the Raleigh Playhouse on Feb. 21 and 22.\nCourtesy photo\nFrom the mundane to the beautiful. The sad to the mystical. \"Gloaming, Nowhere\" is precise but unprecious in its Southern Pop telling of a life in Modern Appalachia.\nThe story is spun to us by a storyteller and his bag of tricks as he welcomes us to Nowhere.\nConceived and perfected in Galax, Va., the show, much like its creator, J.S. Streible, has had an unconventional existence. Streible was born in the bosom of Atlanta, adopted and swept up to be raised in the temperate rainforest of the Southern Appalachians. His county was home to “Deliverance” and the beloved “Foxfire” book and magazine series; as well as a filming location for “Hillbilly Elegy” and “Lawless.”\nThe musical’s simple presentation belies its expansive patchwork origins; informed by life as a statistical unicorn, poetry, and doused in the oral traditions of the mountains and the rest of the world.\nStreible has teamed up with his wife, Producer Mackenzie Spivey, to take “Gloaming, Nowhere” to New York City this March for its Drama Desk Award eligible World Premiere at Soho Playhouse, making it one of the most significant works of Appalachian Theatre in the past 50 years, and potentially the first one-person musical on Broadway.\nThough he’s created and is originating the role of The Storyteller, the show is not autobiographical and he fully intends for it to live a full and vibrant life as a musical long after he’s done performing.\n“Gloaming, Nowhere” is coming to town as a part a first look series of performances across Appalachia this February, hitting tour stops such as Galax, Wytheville,Va., and Beckley, with more to be announced soon.\nThe Raleigh Playhouse will welcome \"Gloaming, Nowhere\" to Beckley on Feb. 21 and 22.\n(Runtime is 85 minutes with a 15-minute intermission. Tickets are $20 and available through the Raleigh Playhouse. “Gloaming, Nowhere” is recommended for ages 13 and older.)\nReact to this story:\nLove 0 Funny 0 Wow 0 Sad 0 Angry 0\n(0 Ratings) Trending Video Latest Photos To view or purchase photos, visit photos.register-herald.com . NEWSPAPER ADS Trending Recipes\nObituaries Moore, Jr., Mr. Charles Young Burks, Mrs. Emma Gloria Gail Bartlett Norris, Ladene Ladene Carolyn Lively Norris Lori A. Clifton Thomas D True More Obituaries Most Popular Articles Images Videos Commented Articles Fayette arraignments scheduled for indictments Doctor asserts the most \"credible\" explanation of Michael Cochran's death is insulin injection Witnesses testify to receiving conflicting stories from murder suspect Where Are They Now? Westside's Fox had stellar, unique basketball career Prosecution rests on circumstantial evidence Friend adamant: Michael Cochran needed medical care Testimony recounts rapid descent to death Opening statements in murder trial against former Raleigh pharmacist to begin Wednesday Wayne Bennett: Jacob Milam latest Raleigh County Wrestling Hall of Fame inductee This week in West Virginia history Images Videos Commented Sorry, there are no recent results for popular commented articles.\nFeatured Local Savings Get Breaking News Sign up now to get our FREE breaking news coverage delivered right to your inbox.\nSign-up",
    "highlightText": "",
    "highlightTitle": "",
    "highlightThreadTitle": "",
    "language": "english",
    "sentiment": "positive",
    "categories": [
        "Arts, Culture and Entertainment",
        "Human Interest",
        "Lifestyle and Leisure"
    ],
    "topics": [
        "Arts, Culture and Entertainment->theatre",
        "Lifestyle and Leisure->holiday",
        "Lifestyle and Leisure->lifestyle"
    ],
    "ai_allow": false,
    "has_canonical": false,
    "breaking": false,
    "webz_reporter": false,
    "external_links": [
        "http://register-herald.qrsite.com/ad-directory.php?sect=397",
        "http://www.linkedin.com/shareArticle?mini=true&url=https://www.register-herald.com/news/life/new-york-bound-musical-making-its-way-to-beckley/article_4277f638-d9d3-11ef-908e-6ffe3d3a6f6e.html&summary=New",
        "https://survey.feedbackly.com",
        "https://www.facebook.com/sharer/sharer.php?u=https://www.register-herald.com/news/life/new-york-bound-musical-making-its-way-to-beckley/article_4277f638-d9d3-11ef-908e-6ffe3d3a6f6e.html",
        "https://bcp.crwdcntrl.net/5/c=6880/b=65085421?https://visitor.r20.constantcontact.com/d.jsp?llr=yzoml49ab&p=oi&m=1128481045304&sit=7g8vgcwlb&f=22f56e73-27be-4c5b-a29e-59302efb08ac",
        "https://facebook.com/sharer/sharer.php?u=https://register-herald.com/news/life/new-york-bound-musical-making-its-way-to-beckley/article_4277f638-d9d3-11ef-908e-6ffe3d3a6f6e.html",
        "https://www.bcp.crwdcntrl.net/5/c=6880/b=65085421?https://www.visitor.r20.constantcontact.com/d.jsp?llr=yzoml49ab&p=oi&m=1128481045304&sit=7g8vgcwlb&f=22f56e73-27be-4c5b-a29e-59302efb08ac",
        "http://www.register-herald.qrsite.com/ad-directory.php?sect=397",
        "http://linkedin.com/shareArticle?mini=true&url=https://register-herald.com/news/life/new-york-bound-musical-making-its-way-to-beckley/article_4277f638-d9d3-11ef-908e-6ffe3d3a6f6e.html&summary=New",
        "https://www.facebook.com/sharer/sharer.php",
        "http://register-herald.qrsite.com/ad-directory.php",
        "https://www.survey.feedbackly.com",
        "https://bcp.crwdcntrl.net/5/c=6880/b=65085421",
        "http://www.linkedin.com/shareArticle"
    ],
    "external_images": [],
    "entities": {
        "persons": [
            {
                "name": "J.S. Streible",
                "sentiment": "negative"
            }
        ],
        "organizations": [],
        "locations": [
            {
                "name": "Galax",
                "sentiment": "none"
            }
        ]
    },
    "syndication": {
        "syndicated": false,
        "syndicate_id": null,
        "first_syndicated": false
    },
    "trust": null,
    "rating": null,
    "crawled": "2025-01-24T00:07:55.861+02:00",
    "updated": "2025-01-24T04:14:01.211+02:00"
}