{
    "thread": {
        "uuid": "b4aca0aae68f16343e4d31913795e69c14d04958",
        "url": "https://www.elheraldo.hn/fotogalerias/entretenimiento/charli-xcx-cine-the-moment-cantante-pelicula-basada-vida-productora-CF23732275",
        "site_full": "www.elheraldo.hn",
        "site": "elheraldo.hn",
        "site_section": "https://www.elheraldo.hn",
        "site_categories": [
            "media",
            "law_government_and_politics",
            "politics"
        ],
        "section_title": "Noticias de Honduras: Última hora, sucesos y más",
        "title": "Charli XCX debutaría en el cine con una película basada en su vida",
        "title_full": "Charli XCX debutaría en el cine con una película basada en su vida",
        "published": "2025-01-23T23:39:00.000+02:00",
        "replies_count": 0,
        "participants_count": 1,
        "site_type": "news",
        "country": "HN",
        "main_image": "https://www.elheraldo.hn/binrepository/1200x900/0c135/1200d630/none/45933/YWSD/charlie-xcx-9_9704859_20250123154959.jpg",
        "performance_score": 0,
        "domain_rank": 35486,
        "domain_rank_updated": "2025-01-20T23:00:00.000+02:00",
        "social": {
            "facebook": {
                "likes": 0,
                "comments": 0,
                "shares": 0
            },
            "vk": {
                "shares": 0
            }
        }
    },
    "uuid": "b4aca0aae68f16343e4d31913795e69c14d04958",
    "url": "https://www.elheraldo.hn/fotogalerias/entretenimiento/charli-xcx-cine-the-moment-cantante-pelicula-basada-vida-productora-CF23732275",
    "ord_in_thread": 0,
    "parent_url": null,
    "author": "/cronologia/-/meta/agencia-efe-redaccion",
    "published": "2025-01-23T23:39:00.000+02:00",
    "title": "Charli XCX debutaría en el cine con una película basada en su vida",
    "text": "La cantante y compositora británica Charli XCX, conocida por redefinir el pop contemporáneo, ha anunciado que llevará su vida a la gran pantalla en colaboración con la productora de culto A24.\nLa película, titulada The Moment, promete adentrarse en los momentos clave de su carrera, bajo la dirección del cineasta Aidan Zamiri.\nSegún reveló la revista Variety, este proyecto será producido por Studio365, la nueva compañía de producción fundada por la artista, y se encuentra en las primeras etapas de desarrollo.\nAunque los detalles sobre la trama y el elenco permanecen en secreto, la posibilidad de que Charli XCX protagonice la cinta despierta gran expectación entre sus seguidores y la industria cinematográfica.\nCon este proyecto, Charli XCX exploraría su faceta como actriz, un medio que, hasta ahora, había observado desde el margen.\n”Es una oportunidad única de contar mi historia con autenticidad”, expresó la artista en declaraciones recogidas por Variety.\nEl guion de la película está firmado por Aidan Zamiri, reconocido fotógrafo y cineasta escocés, junto a Bertie Brandes, ambos colaboradores frecuentes de Charli XCX en proyectos audiovisuales.\nPara Zamiri, este supone su debut en el formato de largometraje, lo que añade un elemento de riesgo y frescura a la propuesta.\nCharli XCX, de 32 años, se encuentra en un momento álgido de su carrera. Su sexto álbum de estudio ha liderado las nominaciones a los premios Brit con cinco menciones, consolidando su estatus como una de las figuras más influyentes de la música pop actual.\nEste logro evidencia su talento y su capacidad para reinventarse constantemente, algo que podría trasladarse al mundo del cine.",
    "highlightText": "",
    "highlightTitle": "",
    "highlightThreadTitle": "",
    "language": "spanish",
    "sentiment": "positive",
    "categories": [
        "Arts, Culture and Entertainment",
        "Human Interest",
        "Lifestyle and Leisure"
    ],
    "topics": [
        "Arts, Culture and Entertainment->music",
        "Arts, Culture and Entertainment->cinema",
        "Human Interest->celebrity",
        "Lifestyle and Leisure->lifestyle"
    ],
    "ai_allow": true,
    "has_canonical": false,
    "breaking": false,
    "webz_reporter": false,
    "external_links": [],
    "external_images": [],
    "entities": {
        "persons": [
            {
                "name": "Bertie Brandes",
                "sentiment": "none"
            },
            {
                "name": "Aidan Zamiri",
                "sentiment": "none"
            }
        ],
        "organizations": [],
        "locations": []
    },
    "syndication": {
        "syndicated": null,
        "syndicate_id": null,
        "first_syndicated": false
    },
    "trust": null,
    "rating": null,
    "crawled": "2025-01-24T00:20:02.632+02:00",
    "updated": "2025-01-24T00:20:02.632+02:00"
}