{
    "thread": {
        "uuid": "53da7876bcbea39e98ba1197fd34045b6caa5eb7",
        "url": "https://www.abola.pt/mais-desporto/noticias/afonso-eulalio-e-o-melhor-portugues-na-australia-2025012321391117691",
        "site_full": "www.abola.pt",
        "site": "abola.pt",
        "site_section": "https://abola.pt/nacional",
        "site_categories": [
            "world_soccer",
            "sports"
        ],
        "section_title": "Nacional | Abola.pt",
        "title": "Afonso Eulálio é o melhor português na Austrália | Abola.pt",
        "title_full": "Afonso Eulálio é o melhor português na Austrália | Abola.pt",
        "published": "2025-01-23T22:39:00.000+02:00",
        "replies_count": 0,
        "participants_count": 1,
        "site_type": "news",
        "country": "PT",
        "main_image": "https://sportal365images.com/process/smp-images-production/abola.pt/23012025/b72d60b0-81d1-4fb6-b6f5-4515087c3fd1.jpg?operations=fit(1200:)",
        "performance_score": 0,
        "domain_rank": 28677,
        "domain_rank_updated": "2025-01-20T23:00:00.000+02:00",
        "social": {
            "facebook": {
                "likes": 0,
                "comments": 0,
                "shares": 0
            },
            "vk": {
                "shares": 0
            }
        }
    },
    "uuid": "53da7876bcbea39e98ba1197fd34045b6caa5eb7",
    "url": "https://www.abola.pt/mais-desporto/noticias/afonso-eulalio-e-o-melhor-portugues-na-australia-2025012321391117691",
    "ord_in_thread": 0,
    "parent_url": null,
    "author": "Edite Dias",
    "published": "2025-01-23T22:39:00.000+02:00",
    "title": "Afonso Eulálio é o melhor português na Austrália | Abola.pt",
    "text": "A estrear-se no World Tour, o corredor da Bahrain a atacou na última subida da 3.ª etapa e terminou na 15.ª posição, no grupo dos candidatos, a cinco segundos do vencedor Javier Romo\nO rookie Afonso Eulálio chamou a atenção na 3.ª etapa do Tour Down Under, na Austrália, com o ataque na subida final da terceira etapa. O corredor português que está a fazer a estreia no World Tour terminou em 15.º após os 147,5 quilómetros do dia que ligaram Norwood e Uraidla.\nCelebracion top. Ahi que alguien prepare el gif pic.twitter.com/vo7WVmiPJU\n— Movistar takes (@MovistarTakes) January 23, 2025 Eulálio acelerou a sete quilómetros da chegada - contagem de segunda categoria - e não tendo vingado na sua missão solitária, acabou no grupo candidatos a 5 segundos do espanhol vencedor (Movistar).\nDepois do 15.º lugar na etapa, Afonso Eulálio subiu 91 lugares e está agora no 18.º lugar, a 15 segundos do novo líder da corrida. Rui Oliveira (UAE Emirates) terminou na 120.ª posição, a 12.40 de Romo, e caiu para o 109.º posto, a 12.50 do espanhol.",
    "highlightText": "",
    "highlightTitle": "",
    "highlightThreadTitle": "",
    "language": "portuguese",
    "sentiment": "positive",
    "categories": [
        "Sport",
        "Human Interest",
        "Lifestyle and Leisure"
    ],
    "topics": [
        "Sport->athletics",
        "Human Interest->record and achievement",
        "Lifestyle and Leisure->exercise and fitness"
    ],
    "ai_allow": true,
    "has_canonical": false,
    "breaking": false,
    "webz_reporter": false,
    "external_links": [
        "https://twitter.com/MovistarTakes/status/1882288689310728460?ref_src=twsrc%5Etfw",
        "https://t.co/vo7WVmiPJU",
        "https://www.twitter.com/MovistarTakes/status/1882288689310728460?ref_src=twsrc%5Etfw",
        "https://www.t.co/vo7WVmiPJU",
        "https://twitter.com/MovistarTakes/status/1882288689310728460"
    ],
    "external_images": [],
    "entities": {
        "persons": [],
        "organizations": [],
        "locations": []
    },
    "syndication": {
        "syndicated": null,
        "syndicate_id": null,
        "first_syndicated": false
    },
    "trust": null,
    "rating": null,
    "crawled": "2025-01-24T00:04:25.830+02:00",
    "updated": "2025-01-24T00:04:25.830+02:00"
}