{
    "thread": {
        "uuid": "2ec9962a9841e7b1382ad042f37691c73009caa2",
        "url": "https://www.lebanon24.com/news/world-news/1483724/%D8%AA%D8%B2%D8%A7%D9%85%D9%86%D8%A7-%D9%85%D8%B9-%D8%A8%D8%AF%D8%A1-%D8%B4%D9%87%D8%B1-%D8%B1%D9%85%D8%B6%D8%A7%D9%86-%D8%B1%D8%B3%D8%A7%D9%84%D8%A9-%D8%AA%D9%87%D8%AF%D9%8A%D8%AF-%D9%84%D8%A3%D9%83%D8%A8%D8%B1-%D9%85%D8%B3%D8%AC%D8%AF-%D9%81%D9%8A-%D8%A3%D8%B3%D8%AA%D8%B1%D8%A7%D9%84%D9%8A%D8%A7",
        "site_full": "www.lebanon24.com",
        "site": "lebanon24.com",
        "site_section": "https://www.lebanon24.com/",
        "site_categories": [
            "war, conflict and unrest",
            "shopping",
            "politics",
            "media",
            "economy, business and finance"
        ],
        "section_title": "\r\n\tLebanon 24 - لبنان ٢٤, Lebanon News, مباشر, Breaking News ,آخر أخبار لبنان\r\n",
        "site_title": "Lebanon 24 - لبنان ٢٤, Lebanon News, مباشر, Breaking News ,آخر أخبار لبنان",
        "title": "تزامنا مع بدء شهر رمضان.. رسالة تهديد لأكبر مسجد في أستراليا",
        "title_full": "تزامنا مع بدء شهر رمضان.. رسالة تهديد لأكبر مسجد في أستراليا",
        "published": "2026-02-19T11:08:53.552+02:00",
        "replies_count": 0,
        "participants_count": 1,
        "site_type": "news",
        "country": "GB",
        "main_image": "https://www.lebanon24.com/uploadImages/DocumentImages/Doc-P-1483724-639070950161165051.avif",
        "performance_score": 0,
        "domain_rank": 55796,
        "domain_rank_updated": "2026-02-15T23:00:00.000+02:00",
        "licensing_agency": [],
        "social": {
            "facebook": {
                "likes": 0,
                "comments": 0,
                "shares": 0
            },
            "vk": {
                "shares": 0
            }
        }
    },
    "uuid": "2ec9962a9841e7b1382ad042f37691c73009caa2",
    "url": "https://www.lebanon24.com/news/world-news/1483724/%D8%AA%D8%B2%D8%A7%D9%85%D9%86%D8%A7-%D9%85%D8%B9-%D8%A8%D8%AF%D8%A1-%D8%B4%D9%87%D8%B1-%D8%B1%D9%85%D8%B6%D8%A7%D9%86-%D8%B1%D8%B3%D8%A7%D9%84%D8%A9-%D8%AA%D9%87%D8%AF%D9%8A%D8%AF-%D9%84%D8%A3%D9%83%D8%A8%D8%B1-%D9%85%D8%B3%D8%AC%D8%AF-%D9%81%D9%8A-%D8%A3%D8%B3%D8%AA%D8%B1%D8%A7%D9%84%D9%8A%D8%A7",
    "ord_in_thread": 0,
    "author": "@Lebanon24",
    "published": "2026-02-19T11:08:53.552+02:00",
    "title": "تزامنا مع بدء شهر رمضان.. رسالة تهديد لأكبر مسجد في أستراليا",
    "text": "تصفّح بدون إعلانات واقرأ المقالات الحصرية\nمباشر\nالأبرز\nلبنان\nفيديو\nإقتصاد\nرمضانيات\nعربي-دولي\nبحث\nتصفّح بدون إعلانات واقرأ المقالات الحصرية\n|\nاشترك الآن\nتصفّح بدون إعلانات واقرأ المقالات الحصرية\nالرئيسية\nأخباري\nمباشر\nالأبرز\nلبنان\nفيديو\nإقتصاد\nرمضانيات\nعربي-دولي\nحالة الطقس\nحركة السير\nإستفتاء\nجميع الحقوق محفوظة\n© Lebanon24\nتسجيل الدخول\n- او -\nتذكرني\nنسيت كلمة السر؟\nتسجيل الدخول\nليس لديك حساب؟\nأنشئ حساب\nAdvertisement\nعربي-دولي\nتزامنا مع بدء شهر رمضان.. رسالة تهديد لأكبر مسجد في أستراليا\nLebanon 24\n19-02-2026\n|\n10:43\nA-\nA+\nphotos\n0\nA+\nA-\nقامت الشرطة\nالأسترالية\nاليوم الخميس بفتح تحقيق وذلك بعد تلقي أكبر\nمسجد\nفي البلاد رسالة تهديد، في ثالث واقعة مماثلة تزامنا مع حلول شهر\nرمضان\n.\nوأشارت وسائل إعلام محلية إلى أن الرسالة وصلت، أمس الأربعاء، إلى مسجد \"لاكيمبا\" غربي سيدني، وتضمنت رسما لخنزير وعبارات تهديد تستهدف\nالمسلمين\n.\nوقالت الشرطة إنها أخضعت الرسالة لفحوص جنائية، وأكدت استمرار تكثيف الدوريات الأمنية في محيط دور العبادة، بما في ذلك\nالمسجد\n، وفي أماكن الفعاليات المرتبطة بشهر رمضان.\nوجاءت الواقعة بعد أسابيع من وصول رسالة مشابهة عبر البريد إلى المسجد نفسه، تضمنت رسما لمسلمين داخل مسجد يحترق.\nكما سبق أن أعلنت الشرطة في كانون الثاني الماضي، اعتقال رجل يبلغ من العمر 70 عاما وجهت إليه تهمة تتعلق برسالة تهديد أخرى استهدفت موظفي المسجد.\nAdvertisement\nمواضيع ذات صلة\nقبلان في رسالة شهر رمضان: لبنان قام ويقوم بضمانة جيشه وشعبه ومقاومته\nLebanon 24\nقبلان في رسالة شهر رمضان: لبنان قام ويقوم بضمانة جيشه وشعبه ومقاومته\n19/02/2026 11:03:31\n19/02/2026 11:03:31\nLebanon 24\nLebanon 24\nحواجز وتدقيق هويات عند أبواب المسجد الأقصى خلال شهر رمضان\nLebanon 24\nحواجز وتدقيق هويات عند أبواب المسجد الأقصى خلال شهر رمضان\n19/02/2026 11:03:31\n19/02/2026 11:03:31\nLebanon 24\nLebanon 24\nبحسب البحوث الفلكية.. هذا موعد بدء شهر رمضان\nLebanon 24\nبحسب البحوث الفلكية.. هذا موعد بدء شهر رمضان\n19/02/2026 11:03:31\n19/02/2026 11:03:31\nLebanon 24\nLebanon 24\nمع بدء شهر رمضان... دوريات لمخابرات الجيش في طرابلس\nLebanon 24\nمع بدء شهر رمضان... دوريات لمخابرات الجيش في طرابلس\n19/02/2026 11:03:31\n19/02/2026 11:03:31\nLebanon 24\nLebanon 24\nقد يعجبك أيضاً\nالطاقة الذرية الإيرانية: لا يمكن حرمان طهران من حقها في التخصيب\nLebanon 24\nالطاقة الذرية الإيرانية: لا يمكن حرمان طهران من حقها في التخصيب\n10:59 | 2026-02-19\n19/02/2026 10:59:22\nLebanon 24\nLebanon 24\nبعد انتهاء مناورة عسكرية.. الحرس الثوري الإيراني يؤكد استعداده للسيطرة على مضيق هرمز أو إغلاقه\nLebanon 24\nبعد انتهاء مناورة عسكرية.. الحرس الثوري الإيراني يؤكد استعداده للسيطرة على مضيق هرمز أو إغلاقه\n10:50 | 2026-02-19\n19/02/2026 10:50:38\nLebanon 24\nLebanon 24\nتقرير أممي يكشف استهدافاً منسقاً للمدنيين غير العرب في الفاشر\nLebanon 24\nتقرير أممي يكشف استهدافاً منسقاً للمدنيين غير العرب في الفاشر\n10:40 | 2026-02-19\n19/02/2026 10:40:00\nLebanon 24\nLebanon 24\nرغم رفضها العلني.. لماذا تقف الولايات المتحدة مكتوفة الأيدي أمام الضم الإسرائيلي للضفة؟\nLebanon 24\nرغم رفضها العلني.. لماذا تقف الولايات المتحدة مكتوفة الأيدي أمام الضم الإسرائيلي للضفة؟\n10:30 | 2026-02-19\n19/02/2026 10:30:00\nLebanon 24\nLebanon 24\nبريطانيا تندد بسجن زوجين بريطانيين 10 سنوات في إيران\nLebanon 24\nبريطانيا تندد بسجن زوجين بريطانيين 10 سنوات في إيران\n10:18 | 2026-02-19\n19/02/2026 10:18:37\nLebanon 24\nLebanon 24\nAdvertisement\nالأكثر قراءة\nفي حادث سير مروّع... \"أبو وليد\" خسر حياته (صورة)\nLebanon 24\nفي حادث سير مروّع... \"أبو وليد\" خسر حياته (صورة)\n17:37 | 2026-02-18\n18/02/2026 05:37:00\nLebanon 24\nLebanon 24\nتقرير أميركي يتكلم عن جنبلاط والجبل.. ماذا ينتظر الدروز؟\nLebanon 24\nتقرير أميركي يتكلم عن جنبلاط والجبل.. ماذا ينتظر الدروز؟\n12:30 | 2026-02-18\n18/02/2026 12:30:00\nLebanon 24\nLebanon 24\nالدولار إلى 60 ألف ليرة؟ طرحٌ \"غير قابلة للتطبيق\"\nLebanon 24\nالدولار إلى 60 ألف ليرة؟ طرحٌ \"غير قابلة للتطبيق\"\n21:15 | 2026-02-18\n18/02/2026 09:15:10\nLebanon 24\nLebanon 24\n\"قرار إسرائيلي بشأن لبنان\".. تقرير إماراتي يتحدّث عن \"الاستنزاف\"\nLebanon 24\n\"قرار إسرائيلي بشأن لبنان\".. تقرير إماراتي يتحدّث عن \"الاستنزاف\"\n19:00 | 2026-02-18\n18/02/2026 07:00:00\nLebanon 24\nLebanon 24\nداخل محل لبيع المشروبات الكحوليّة... إشكال وجريح حالته حرجة\nLebanon 24\nداخل محل لبيع المشروبات الكحوليّة... إشكال وجريح حالته حرجة\n14:30 | 2026-02-18\n18/02/2026 02:30:11\nLebanon 24\nLebanon 24\nأخبارنا عبر بريدك الالكتروني\nبريد إلكتروني غير صالح\nإشترك\nفيديو\nهاتف جديد من Infinix.. هذه مواصفاته (فيديو)\nLebanon 24\nهاتف جديد من Infinix.. هذه مواصفاته (فيديو)\n11:00 | 2026-02-18\n19/02/2026 11:03:31\nLebanon 24\nLebanon 24\nبالفيديو...أكبر سفينة كهربائية في العالم تستعد لدخول الخدمة في 2026\nLebanon 24\nبالفيديو...أكبر سفينة كهربائية في العالم تستعد لدخول الخدمة في 2026\n23:00 | 2026-02-17\n19/02/2026 11:03:31\nLebanon 24\nLebanon 24\nبالفيديو...حفل صيني يدمج الفنون التقليدية والروبوتات الحديثة\nLebanon 24\nبالفيديو...حفل صيني يدمج الفنون التقليدية والروبوتات الحديثة\n14:36 | 2026-02-17\n19/02/2026 11:03:31\nLebanon 24\nLebanon 24\nDownload our application\nDownload our application\nFollow Us\nDownload our application\nبريد إلكتروني غير صالح\nSoftimpact\nجميع الحقوق محفوظة\n© Lebanon24",
    "summary": null,
    "highlightText": "",
    "highlightTitle": "",
    "highlightThreadTitle": "",
    "language": "arabic",
    "sentiment": "negative",
    "categories": [
        "Religion and Belief",
        "Crime, Law and Justice"
    ],
    "topics": [
        "Religion and Belief->ramadan",
        "Religion and Belief->islam",
        "Religion and Belief->religious facility"
    ],
    "ai_allow": true,
    "has_canonical": false,
    "breaking": false,
    "webz_reporter": false,
    "external_links": [],
    "external_images": [],
    "internal_images": [],
    "entities": {
        "persons": [],
        "locations": [],
        "organizations": []
    },
    "syndication": {
        "syndicated": null,
        "syndicate_id": null,
        "first_syndicated": false
    },
    "trust": {
        "categories": [],
        "top_news": [
            "top_news_ae",
            "top_news"
        ],
        "bias": null,
        "source": {
            "type": null,
            "city": null,
            "state": null,
            "country": null,
            "domain_type": null,
            "agency": null,
            "organization_name": null
        }
    },
    "rating": null,
    "crawled": "2026-02-19T11:08:53.552+02:00",
    "updated": "2026-02-19T11:12:17.000+02:00"
}