{
    "thread": {
        "uuid": "991eb6177642ed852941a5147c463085f0f065c7",
        "url": "https://www.metropoles.com/colunas/igor-gadelha/evangelicos-procuram-pt-e-governo-para-criticar-desfile-pro-lula",
        "site_full": "www.metropoles.com",
        "site": "metropoles.com",
        "site_section": "https://www.metropoles.com/feed",
        "site_categories": [
            "arts, culture and entertainment",
            "media",
            "economy, business and finance",
            "health",
            "tech",
            "lifestyle and leisure",
            "human interest",
            "crime, law and justice",
            "politics",
            "sport",
            "email"
        ],
        "section_title": "Metrópoles",
        "site_title": "Metrópoles | O seu portal de notícias",
        "title": "Evangélicos procuram PT e governo para criticar desfile pró-Lula",
        "title_full": "Evangélicos procuram PT e governo para criticar desfile pró-Lula",
        "published": "2026-02-19T10:30:00.000+02:00",
        "replies_count": 0,
        "participants_count": 1,
        "site_type": "news",
        "country": "BR",
        "main_image": "https://images.metroimg.com/2026/02/desfile-da-academicos-de-niteroi-em-homenagem-ao-lula-latas-de-familia-em-conserva.jpg",
        "performance_score": 0,
        "domain_rank": 1293,
        "domain_rank_updated": "2026-02-15T23:00:00.000+02:00",
        "licensing_agency": [],
        "social": {
            "facebook": {
                "likes": 0,
                "comments": 0,
                "shares": 0
            },
            "vk": {
                "shares": 0
            }
        }
    },
    "uuid": "991eb6177642ed852941a5147c463085f0f065c7",
    "url": "https://www.metropoles.com/colunas/igor-gadelha/evangelicos-procuram-pt-e-governo-para-criticar-desfile-pro-lula",
    "ord_in_thread": 0,
    "author": "Metrópoles",
    "published": "2026-02-19T10:30:00.000+02:00",
    "title": "Evangélicos procuram PT e governo para criticar desfile pró-Lula",
    "text": "Igor GadelhaColunas\nEvangélicos procuram PT e governo para criticar desfile pró-Lula\nPrincipal incômodo relatado por evangélicos a aliados de Lula foi com ala do desfile que retratou “família tradicional” em lata de conservas\natualizado\nCompartilhar notícia\nLideranças evangélicas no Congresso Nacional procuraram integrantes do governo e caciques do PT para criticar o desfile da escola de samba Acadêmicos de Niterói, que homenageou o presidente Lula na Marques de Sapucaí.\nO principal incômodo dos evangélicos foi com a ala do desfile que retratou a “família tradicional” dentro de uma lata de conservas desagradou os evangélicos, eleitorado do qual Lula tenta se aproximar de olho nas eleições.\nSegundo apurou a coluna, o deputado federal Cezinha de Madureira (PSD-SP) foi uma das lideranças evangélicas que relataram o incômodo com o desfile. Cezinha falou sobre o tema com o presidente do PT, Edinho Silva.\nEm suas redes, Cezinha chegou a manifestar repúdio ao desfile e disse que a ala criticando os “conservadores em lata” ultrapassa os limites constitucionais e chega a ser uma “afronta direta à Constituição”\n“Quando uma manifestação cultural transforma a fé de milhões em objeto de deboche coletivo, não estamos diante de crítica política legítima. Estamos diante de desrespeito e de afronta direta à Constituição, que asseguram igualdade e proteção a todas as religiões”, escreveu o deputado.\nNas conversas com os aliados de Lula, esses líderes evangélicos ressaltaram que esses episódios têm potencial para dificultar ainda mais a aproximação do petista com o eleitorado que professa essa religião.\nA resposta dos aliados de Lula aos evangélicos\nAos evangélicos, os aliados e auxiliares de Lula informaram que o governo não teve qualquer influência na definição dos detalhes do desfile. Também disseram que boa parte do Executivo não concordou com a sátira.\nNo Palácio do Planalto e no PT, há quem defenda que Lula emita uma nota oficial ressaltando não ter tido influência na parte artística do desfile da Acadêmicos de Niterói e ressaltando ter respeito pelos evangélicos.",
    "summary": "Evangélicos procuram PT e governo para criticar desfile pró-Lula Principal incômodo relatado por evangélicos a aliados de Lula foi com ala do desfile que retratou “família tradicional” em lata de conservas Lideranças evangélicas no Congresso Nacional procuraram integrantes do governo e caciques do PT para criticar o desfile da escola de samba Acadêmicos de Niterói, que homenageou o presidente Lula na Marques de Sapucaí. Segundo apurou a coluna, o deputado federal Cezinha de Madureira (PSD-SP) foi uma das lideranças evangélicas que relataram o incômodo com o desfile.",
    "highlightText": "",
    "highlightTitle": "",
    "highlightThreadTitle": "",
    "language": "portuguese",
    "sentiment": "negative",
    "categories": [
        "Politics",
        "Religion and Belief"
    ],
    "topics": [
        "Politics->political process",
        "Politics->political campaigns",
        "Politics->political parties and movements",
        "Religion and Belief->relations between religion and government",
        "Religion and Belief->christianity"
    ],
    "ai_allow": true,
    "has_canonical": false,
    "breaking": true,
    "webz_reporter": false,
    "external_links": [
        "https://www.camara.leg.br/deputados/204504",
        "https://camara.leg.br/deputados/204504"
    ],
    "external_images": [],
    "internal_images": [],
    "entities": {
        "persons": [],
        "locations": [],
        "organizations": []
    },
    "syndication": {
        "syndicated": null,
        "syndicate_id": null,
        "first_syndicated": false
    },
    "trust": {
        "categories": [],
        "top_news": [
            "top_news_br",
            "top_news_pt",
            "top_news"
        ],
        "bias": null,
        "source": {
            "type": null,
            "city": null,
            "state": null,
            "country": null,
            "domain_type": null,
            "agency": null,
            "organization_name": null
        }
    },
    "rating": null,
    "crawled": "2026-02-19T10:59:20.035+02:00",
    "updated": "2026-02-19T11:03:31.000+02:00"
}