{
    "thread": {
        "uuid": "0d181a5e47923d32833cfe4171ad1a384a0e41a9",
        "url": "https://it.minghui.org/html/articles/2026/2/19/36091.html",
        "site_full": "it.minghui.org",
        "site": "minghui.org",
        "site_section": "https://it.minghui.org/",
        "site_categories": [
            "crime, law and justice",
            "religion and belief"
        ],
        "section_title": "\n            Falun Dafa - Minghui.org",
        "site_title": "Minghui.org 明慧网|法轮大法真相·法轮大法修炼",
        "title": "Pechino: Insegnante in pensione condannata alla terza pena detentiva perché pratica il Falun Gong | Falun Dafa - Minghui.org",
        "title_full": "Pechino: Insegnante in pensione condannata alla terza pena detentiva perché pratica il Falun Gong | Falun Dafa - Minghui.org",
        "published": "2026-02-19T02:00:00.000+02:00",
        "replies_count": 0,
        "participants_count": 1,
        "site_type": "news",
        "country": "IT",
        "main_image": "",
        "performance_score": 0,
        "domain_rank": 96648,
        "domain_rank_updated": "2026-02-15T23:00:00.000+02:00",
        "licensing_agency": [],
        "social": {
            "facebook": {
                "likes": 0,
                "comments": 0,
                "shares": 0
            },
            "vk": {
                "shares": 0
            }
        }
    },
    "uuid": "0d181a5e47923d32833cfe4171ad1a384a0e41a9",
    "url": "https://it.minghui.org/html/articles/2026/2/19/36091.html",
    "ord_in_thread": 0,
    "author": "Di un corrispondente Minghui a Pechino; Cina",
    "published": "2026-02-19T02:00:00.000+02:00",
    "title": "Pechino: Insegnante in pensione condannata alla terza pena detentiva perché pratica il Falun Gong | Falun Dafa - Minghui.org",
    "text": "(Minghui.org) Minghui ha appreso di recente che il Tribunale distrettuale di Huairou, a Pechino, ha condannato un'insegnante locale in pensione a 18 mesi di prigione perché pratica il Falun Gong.\nLa signora Yu Zhanqin, sulla sessantina, è stata arrestata il 4 luglio dello scorso anno, dopo che una coppia sposata l'ha registrata mentre parlava loro del Falun Gong e ha poi consegnato il file audio alla polizia. All'arresto hanno partecipato gli agenti dell'Ufficio per la sicurezza interna del distretto di Huairou, dell'Ufficio 610 del distretto di Huairou e della Stazione di polizia di Longshan.\nQuella sera due agenti hanno perquisito l'abitazione della signora Yu, ma non hanno trovato alcuna “prova” da usare contro di lei. Tuttavia, la donna è stata comunque trattenuta nel Centro di detenzione del distretto di Shunyi.\nAlla fine di settembre, due agenti (uno di cognome Wu) della Stazione di polizia di Longshan si sono recati a casa della praticante e hanno portato via il marito. Hanno affermato che era in programma di sottoporre il caso alla Procura distrettuale di Huairou dopo il 1° ottobre.\nIl marito della signora Yu non ha ricevuto aggiornamenti ulteriori sullo stato del suo caso e ha saputo solo di recente della sua condanna. Tuttavia, non è a conoscenza di quando sia stata incriminata, processata o condannata. Non è inoltre chiaro se la donna sia ancora rinchiusa nel centro di detenzione.\nQuesta è la terza volta che la signora Yu viene condannata per la sua fede. In precedenza, era stata condannata per due volte a un anno e nove mesi di carcere. Dopo aver completato la seconda pena detentiva a ottobre del 2023, la sua pensione è stata bloccata.\nPrima condanna al carcere\nLa signora Yu è stata arrestata il 10 febbraio del 2021, dopo essere stata denunciata per aver parlato alla gente del Falun Gong, e la sua casa è stata saccheggiata. A causa della pressione alta, il Centro di detenzione del distretto di Shunyi si è rifiutato di trattenerla ed è stata rilasciata il pomeriggio successivo.\nLa donna stava facendo shopping in un negozio di abbigliamento in via sud Huairou il 19 settembre 2021, quando è stata denunciata da un venditore di motociclette elettriche per aver parlato con lui del Falun Gong. Gli agenti della stazione di polizia di Longshan l’hanno trattenuta presso il Centro di detenzione del distretto di Huairou. È stata successivamente condannata a sei mesi di reclusione e rilasciata l'8 marzo del 2022.\nSeconda pena detentiva\nLa praticante è stata nuovamente arrestata il 7 luglio del 2022, sempre dopo essere stata denunciata per aver parlato alla gente del Falun Gong. È stata portata al Centro di detenzione di Huairou e condannata a quindici mesi di reclusione in data imprecisata. Mentre scontava la pena nel Carcere femminile di Pechino l'hanno sottoposta a brutali torture e lavaggio del cervello per costringerla a rinunciare alla pratica.\nDopo il rilascio, avvenuto il 6 ottobre del 2023, la donna si è accorta che la pensione non le veniva più erogata. Quando ha fatto ricorso al consiglio scolastico di Huairou, le è stato comunicato che il suo nome era stato rimosso dall'elenco dei pensionati. Si sono inoltre rifiutati di fornirle un sostegno legale o di emettere una notifica scritta nonostante i suoi ripetuti sforzi per richiederne il ripristino.\nHanno persino minacciato di arrestarla se avesse osato “disturbarli” di nuovo.\nArticolo correlato:\nPechino: Praticante detenuta per quattro mesi per la sua fede nel Falun Gong\nCopyright © 2024 Minghui.org. Tutti i diritti riservati.",
    "summary": "(Minghui.org) Minghui ha appreso di recente che il Tribunale distrettuale di Huairou, a Pechino, ha condannato un'insegnante locale in pensione a 18 mesi di prigione perché pratica il Falun Gong. La signora Yu Zhanqin, sulla sessantina, è stata arrestata il 4 luglio dello scorso anno, dopo che una coppia sposata l'ha registrata mentre parlava loro del Falun Gong e ha poi consegnato il file audio alla polizia. Alla fine di settembre, due agenti (uno di cognome Wu) della Stazione di polizia di Longshan si sono recati a casa della praticante e hanno portato via il marito.",
    "highlightText": "",
    "highlightTitle": "",
    "highlightThreadTitle": "",
    "language": "italian",
    "sentiment": "negative",
    "categories": [
        "Politics",
        "Religion and Belief"
    ],
    "topics": [
        "Politics->freedom of religion",
        "Politics->human rights",
        "Religion and Belief->religious conflict",
        "Religion and Belief->buddhism"
    ],
    "ai_allow": true,
    "has_canonical": false,
    "breaking": null,
    "webz_reporter": false,
    "external_links": [],
    "external_images": [],
    "internal_images": [],
    "entities": {
        "persons": [],
        "locations": [],
        "organizations": []
    },
    "syndication": {
        "syndicated": null,
        "syndicate_id": null,
        "first_syndicated": false
    },
    "trust": {
        "categories": [],
        "top_news": [],
        "bias": null,
        "source": {
            "type": null,
            "city": null,
            "state": null,
            "country": null,
            "domain_type": null,
            "agency": null,
            "organization_name": null
        }
    },
    "rating": null,
    "crawled": "2026-02-19T10:09:53.239+02:00",
    "updated": "2026-02-19T10:16:40.000+02:00"
}