{
    "thread": {
        "uuid": "99aef7cd5a9bc0166ced2d8082f7fe73949cb46b",
        "url": "https://www.newsbytesapp.com/news/world/maga-activist-melts-down-over-hanuman-statue-in-texas/story",
        "site_full": "www.newsbytesapp.com",
        "site": "newsbytesapp.com",
        "site_section": "https://www.newsbytesapp.com:443/feed",
        "site_categories": [
            "arts, culture and entertainment",
            "politics",
            "lifestyle and leisure",
            "economy, business and finance",
            "media",
            "sport",
            "crime, law and justice",
            "science and technology"
        ],
        "section_title": "NewsBytes",
        "site_title": "NewsBytes: Latest News, India, Cricket, Politics, Bollywood, Gadgets",
        "title": "'Stop the invasion': MAGA activist has meltdown over Hanuman statue",
        "title_full": "'Stop the invasion': MAGA activist has meltdown over Hanuman statue",
        "published": "2026-02-19T11:32:47.429+02:00",
        "replies_count": 0,
        "participants_count": 1,
        "site_type": "news",
        "country": "IN",
        "main_image": "https://i.cdn.newsbytesapp.com/images/l290_32231771484405.jpg",
        "performance_score": 0,
        "domain_rank": 35442,
        "domain_rank_updated": "2026-02-15T23:00:00.000+02:00",
        "licensing_agency": [],
        "social": {
            "facebook": {
                "likes": 0,
                "comments": 0,
                "shares": 0
            },
            "vk": {
                "shares": 0
            }
        }
    },
    "uuid": "99aef7cd5a9bc0166ced2d8082f7fe73949cb46b",
    "url": "https://www.newsbytesapp.com/news/world/maga-activist-melts-down-over-hanuman-statue-in-texas/story",
    "ord_in_thread": 0,
    "author": "Chanshimla Varah",
    "published": "2026-02-19T11:32:47.429+02:00",
    "title": "'Stop the invasion': MAGA activist has meltdown over Hanuman statue",
    "text": "'Stop the invasion': MAGA activist has meltdown over Hanuman statue\nWhat's the story\nCarlos Turcios, a conservative activist from Texas, has sparked controversy with his comments on the 90-foot Lord Hanuman statue at the Shri Ashtalakshmi Temple in Sugar Land.\nShared a video of the statue on social media, he wrote, \"This is not Islamabad, Pakistan, or New Delhi, India. This is Sugar Land... Third World Aliens are slowly taking over Texas and America. Why is the third-largest statue in the US this??! Stop the INVASION!\"\nThe statue was unveiled in August 2023.\nCultural landmark\nStatue is North America's tallest Hanuman statue\nThe statue, envisioned by Sri Chinnajeeyar Swamiji, is North America's tallest Hanuman statue and among the tallest Hindu monuments in the United States. Temple officials call it a symbol of strength, devotion, and peace.\nTurcios's remarks were met with backlash from Indian-American users who defended it as a representation of religious expression. They highlighted that the temple was built on private land with private donations and is open to all visitors.\nDigital debate\nStatue compared to other religious landmarks\nThe statue was compared to other religious landmarks in the US, such as churches and Buddhist temples. \"You lost the culture war years ago, and you're about to lose the midterms too. Your 'America First' grift is exposed as racist nostalgia,\" one user wrote. Another wrote, \"No, Carlos. Hindus in Texas are not a threat to Western civilization. But you're too racist...to have even bothered studying Hinduism to understand that proselytization is rejected in the faith.\"\nActivist's past\nTurcios has history of criticizing immigrant communities\nTurcios has a history of targeting immigrant communities, including Indian tech workers on H-1B visas. He is a young Latino conservative activist and political organizer from Tarrant County, Texas. He has repeatedly used the phrase \"stop the invasion,\" writing in an earlier message, \"Frisco Residents are tired of the city government importing H-1 B workers from India when Americans can't even afford homes or get jobs. Here, a resident calls out the fraud and abuse committed by Third-World-Aliens.\"",
    "summary": "'Stop the invasion': MAGA activist has meltdown over Hanuman statue Carlos Turcios, a conservative activist from Texas, has sparked controversy with his comments on the 90-foot Lord Hanuman statue at the Shri Ashtalakshmi Temple in Sugar Land. Shared a video of the statue on social media, he wrote, \"This is not Islamabad, Pakistan, or New Delhi, India. Turcios's remarks were met with backlash from Indian-American users who defended it as a representation of religious expression. He is a young Latino conservative activist and political organizer from Tarrant County, Texas.",
    "highlightText": "",
    "highlightTitle": "",
    "highlightThreadTitle": "",
    "language": "english",
    "sentiment": "negative",
    "categories": [
        "Social Issue",
        "Religion and Belief"
    ],
    "topics": [
        "Social Issue->immigration",
        "Social Issue->national or ethnic minority",
        "Religion and Belief->hinduism"
    ],
    "ai_allow": true,
    "has_canonical": false,
    "breaking": false,
    "webz_reporter": false,
    "external_links": [],
    "external_images": [],
    "internal_images": [],
    "entities": {
        "persons": [
            {
                "name": "Carlos Turcios",
                "sentiment": "negative"
            }
        ],
        "locations": [
            {
                "name": "New Delhi",
                "sentiment": "none"
            },
            {
                "name": "Pakistan",
                "sentiment": "none"
            },
            {
                "name": "Texas",
                "sentiment": "none"
            },
            {
                "name": "America",
                "sentiment": "none"
            },
            {
                "name": "Shri Ashtalakshmi Temple",
                "sentiment": "none"
            },
            {
                "name": "Islamabad",
                "sentiment": "none"
            },
            {
                "name": "North Am",
                "sentiment": "none"
            },
            {
                "name": "Sugar Land",
                "sentiment": "none"
            },
            {
                "name": "US",
                "sentiment": "none"
            },
            {
                "name": "India",
                "sentiment": "none"
            }
        ],
        "organizations": [
            {
                "name": "MAGA",
                "sentiment": "neutral",
                "tickers": [
                    {
                        "ticker": null,
                        "exchange": null
                    }
                ]
            }
        ]
    },
    "syndication": {
        "syndicated": false,
        "syndicate_id": null,
        "first_syndicated": false
    },
    "trust": {
        "categories": [],
        "top_news": [],
        "bias": null,
        "source": {
            "type": null,
            "city": null,
            "state": null,
            "country": null,
            "domain_type": null,
            "agency": null,
            "organization_name": null
        }
    },
    "rating": null,
    "crawled": "2026-02-19T11:32:47.429+02:00",
    "updated": "2026-02-19T11:36:52.000+02:00"
}