{
    "thread": {
        "uuid": "1bb683c0e395e797a442e56eb2c9668ca9daf517",
        "url": "https://journalrecord.com/2026/02/19/pope-leo-world-flames-ash-wednesday-vatican/",
        "site_full": "journalrecord.com",
        "site": "journalrecord.com",
        "site_section": "https://journalrecord.com/feed/",
        "site_categories": [
            "economy, business and finance",
            "media",
            "politics",
            "crime, law and justice",
            "health",
            "science and technology"
        ],
        "section_title": "The Journal Record",
        "site_title": "The Journal Record",
        "title": "Pope Leo warns of world in flames during Ash Wednesday Mass in Vatican CITY",
        "title_full": "Pope Leo warns of world in flames during Ash Wednesday Mass in Vatican CITY",
        "published": "2026-02-19T12:00:00.000+02:00",
        "replies_count": 0,
        "participants_count": 1,
        "site_type": "news",
        "country": "US",
        "main_image": "https://journalrecord.com/files/2026/02/PopePage-6.jpg",
        "performance_score": 0,
        "domain_rank": 132141,
        "domain_rank_updated": "2026-02-15T23:00:00.000+02:00",
        "licensing_agency": [],
        "social": {
            "facebook": {
                "likes": 0,
                "comments": 0,
                "shares": 0
            },
            "vk": {
                "shares": 0
            }
        }
    },
    "uuid": "1bb683c0e395e797a442e56eb2c9668ca9daf517",
    "url": "https://journalrecord.com/2026/02/19/pope-leo-world-flames-ash-wednesday-vatican/",
    "ord_in_thread": 0,
    "author": "sudeshna",
    "published": "2026-02-19T12:00:00.000+02:00",
    "title": "Pope Leo warns of world in flames during Ash Wednesday Mass in Vatican CITY",
    "text": "By : Joshua McElwee, Reuters//February 19, 2026//\nBy : Joshua McElwee, Reuters//February 19, 2026//\nVATICAN CITY — Pope Leo lamented a world “in flames” due to wars and the destruction of the environment during an Ash Wednesday Mass, opening the season of Lent for the world’s Christians.\nBefore sprinkling ashes on the heads of participants, a sign of mortality, the pope said the ashes could represent “the weight of a world that is ablaze, of entire cities destroyed by war”.\nHe also told participants the ashes could signify “the ashes of international law and justice among peoples, (and) the ashes of entire ecosystems”.\n“It is so easy to feel powerless in the face of a world that is in flames,” said Leo, the first U.S. pope.\nLent is a 40-day period of penance that leads to Easter, the most important Christian holiday, which celebrates the day on which believers say Jesus rose from the dead.\nIt represents the 40 days Jesus is said in the Bible to have spent fasting in the desert. During the season, Catholics are asked to fast, remember the needy and reflect on mortality.\nLeo, elected leader of the 1.4-billion-member Church in May to replace the late Pope Francis, did not mention a specific conflict in his remarks.\nThe pope has forcefully decried the world’s ongoing wars in his first year and denounced what he called a global “zeal for war” in a major foreign policy speech last month.\nHe spoke on Wednesday at a service held in the Basilica of Santa Sabina on Rome’s Aventine Hill, preceded by prayers in a nearby church and a procession of cardinals and bishops.",
    "summary": "By : Joshua McElwee, Reuters//February 19, 2026// By : Joshua McElwee, Reuters//February 19, 2026// VATICAN CITY — Pope Leo lamented a world “in flames” due to wars and the destruction of the environment during an Ash Wednesday Mass, opening the season of Lent for the world’s Christians. “It is so easy to feel powerless in the face of a world that is in flames,” said Leo, the first U.S. pope. Lent is a 40-day period of penance that leads to Easter, the most important Christian holiday, which celebrates the day on which believers say Jesus rose from the dead.",
    "highlightText": "",
    "highlightTitle": "",
    "highlightThreadTitle": "",
    "language": "english",
    "sentiment": "negative",
    "categories": [
        "Politics",
        "Religion and Belief"
    ],
    "topics": [
        "Politics->government",
        "Religion and Belief->pope",
        "Religion and Belief->religious leader"
    ],
    "ai_allow": true,
    "has_canonical": false,
    "breaking": false,
    "webz_reporter": false,
    "external_links": [],
    "external_images": [],
    "internal_images": [],
    "entities": {
        "persons": [
            {
                "name": "Joshua McElwee",
                "sentiment": "none"
            },
            {
                "name": "Leo",
                "sentiment": "none"
            }
        ],
        "locations": [],
        "organizations": [
            {
                "name": "Reuters",
                "sentiment": "none",
                "tickers": [
                    {
                        "ticker": "TRI",
                        "exchange": "NASDAQ"
                    }
                ]
            }
        ]
    },
    "syndication": {
        "syndicated": false,
        "syndicate_id": null,
        "first_syndicated": false
    },
    "trust": {
        "categories": null,
        "top_news": [],
        "bias": null,
        "source": {
            "type": "local_news",
            "city": [
                "Oklahoma City"
            ],
            "state": [
                "Oklahoma"
            ],
            "country": [
                "US"
            ],
            "domain_type": null,
            "agency": null,
            "organization_name": null
        }
    },
    "rating": null,
    "crawled": "2026-02-19T12:16:50.464+02:00",
    "updated": "2026-02-19T12:21:44.000+02:00"
}