{
    "thread": {
        "uuid": "3977c43f281d36211a31835eb5ef5bab3b17bb84",
        "url": "https://www.al-monitor.com/originals/2026/02/australian-police-probe-threatening-letter-countrys-largest-mosque-ahead-ramadan",
        "site_full": "www.al-monitor.com",
        "site": "al-monitor.com",
        "site_section": "https://news.google.com/search?q=of%20when%3A1h&hl=en-US&gl=US&ceid=US%3Aen",
        "site_categories": [
            "media",
            "war, conflict and unrest",
            "economy, business and finance",
            "politics"
        ],
        "section_title": "Google News - Search",
        "site_title": "AL-Monitor: The Middle Eastʼs leading independent news source since 2012",
        "title": "Australian police probe threatening letter to country's largest mosque ahead of Ramadan - AL-Monitor: The Middle Eastʼs leading independent news source since 2012",
        "title_full": "Australian police probe threatening letter to country's largest mosque ahead of Ramadan - AL-Monitor: The Middle Eastʼs leading independent news source since 2012",
        "published": "2026-02-19T08:32:00.000+02:00",
        "replies_count": 0,
        "participants_count": 0,
        "site_type": "news",
        "country": "US",
        "main_image": "https://www.al-monitor.com/sites/default/files/styles/social_media_share/public/2026-02/2026-02-19T060734Z_1_LYNXMPEM1I07P_RTROPTP_4_AUSTRALIA-CRIME.JPG?h=790be497&amp;itok=IV4T3NIC",
        "performance_score": 0,
        "domain_rank": 20711,
        "domain_rank_updated": "2026-02-15T23:00:00.000+02:00",
        "licensing_agency": [],
        "social": {
            "facebook": {
                "likes": 0,
                "comments": 0,
                "shares": 0
            },
            "vk": {
                "shares": 0
            }
        }
    },
    "uuid": "3977c43f281d36211a31835eb5ef5bab3b17bb84",
    "url": "https://www.al-monitor.com/originals/2026/02/australian-police-probe-threatening-letter-countrys-largest-mosque-ahead-ramadan",
    "ord_in_thread": 0,
    "author": null,
    "published": "2026-02-19T08:32:00.000+02:00",
    "title": "Australian police probe threatening letter to country's largest mosque ahead of Ramadan - AL-Monitor: The Middle Eastʼs leading independent news source since 2012",
    "text": "SYDNEY, Feb 19 (Reuters) - Australian police said on Thursday they had launched an investigation after a threatening letter was sent to the country’s largest mosque, the third such incident in the lead-up to the Muslim fasting month of Ramadan.\nThe letter sent to Lakemba Mosque in Sydney’s west on Wednesday contained a drawing of a pig and a threat to kill the \"Muslim race\", local media reported.\nPolice said they had taken the letter for forensic testing, and would continue to patrol religious sites including the mosque, as well as community events.\nThe latest letter comes weeks after a similar message was mailed to the mosque, depicting Muslim people inside a mosque on fire.\nPolice have also arrested and charged a 70-year-old man in connection with a third threatening letter sent to Lakemba Mosque's staff in January.\nThe Lebanese Muslim Association, which runs the mosque, told the Australian Broadcasting Corp (ABC) it had written to the government to request more funding for additional security guards and CCTV cameras.\nSome 5,000 people are expected to attend the mosque each night during Ramadan. More than 60% of residents in the suburb of Lakemba identify as Muslim, according to the Australian Bureau of Statistics.\nBilal El-Hayek, mayor of Canterbury-Bankstown council, where Lakemba is located, said the community was feeling \"very anxious\".\n\"I've heard first-hand from people saying that they won't be sending their kids to practice this Ramadan because they're very concerned about things that might happen in local mosques,\" he said.\nPrime Minister Anthony Albanese condemned the recent string of threats.\n\"It is outrageous that people just going about commemorating their faith, particularly during the holy month for Muslims of Ramadan, are subject to this sort of intimidation,\" he told ABC radio.\n\"I have said repeatedly we need to turn down the temperature of political discourse in this country, and we certainly need to do that.\"\nAnti-Muslim sentiment has been growing in Australia since the war in Gaza War in late 2023, according to a recent report commissioned by the government.\nThe Islamophobia Register Australia has also documented a 740% rise in reports following the Bondi mass shooting on December 14, where authorities allege two gunmen inspired by Islamic State killed 15 people attending a Jewish holiday celebration.\n\"There's been a massive increase post-Bondi,\" Mayor El-Hayek said. \"Without a doubt, this is the worst I have ever seen it. There's a lot of tension out there.\"\n(Reporting by Christine Chen in Sydney; Editing by Lincoln Feast.)",
    "summary": "SYDNEY, Feb 19 (Reuters) - Australian police said on Thursday they had launched an investigation after a threatening letter was sent to the country’s largest mosque, the third such incident in the lead-up to the Muslim fasting month of Ramadan. The letter sent to Lakemba Mosque in Sydney’s west on Wednesday contained a drawing of a pig and a threat to kill the \"Muslim race\", local media reported. The Lebanese Muslim Association, which runs the mosque, told the Australian Broadcasting Corp (ABC) it had written to the government to request more funding for additional security guards and CCTV cameras.",
    "highlightText": "",
    "highlightTitle": "",
    "highlightThreadTitle": "",
    "language": "english",
    "sentiment": "negative",
    "categories": [
        "Religion and Belief",
        "Politics"
    ],
    "topics": [
        "Politics->government",
        "Politics->civil rights"
    ],
    "ai_allow": true,
    "has_canonical": false,
    "breaking": true,
    "webz_reporter": false,
    "external_links": [],
    "external_images": [],
    "internal_images": [],
    "entities": {
        "persons": [],
        "locations": [
            {
                "name": "Sydney",
                "sentiment": "none"
            },
            {
                "name": "Lakemba Mosque",
                "sentiment": "none"
            }
        ],
        "organizations": [
            {
                "name": "Reuters",
                "sentiment": "negative",
                "tickers": [
                    {
                        "ticker": "TRI",
                        "exchange": "NASDAQ"
                    }
                ]
            },
            {
                "name": "AL - Monitor",
                "sentiment": "neutral",
                "tickers": [
                    {
                        "ticker": null,
                        "exchange": null
                    }
                ]
            }
        ]
    },
    "syndication": {
        "syndicated": false,
        "syndicate_id": null,
        "first_syndicated": false
    },
    "trust": {
        "categories": [
            "trusted_news"
        ],
        "top_news": [],
        "bias": "center",
        "source": {
            "type": null,
            "city": null,
            "state": null,
            "country": null,
            "domain_type": null,
            "agency": null,
            "organization_name": null
        }
    },
    "rating": null,
    "crawled": "2026-02-19T08:47:43.813+02:00",
    "updated": "2026-02-19T08:51:57.000+02:00"
}