{
    "thread": {
        "uuid": "fc4dc2c502896915bd329e77adc91375fc677978",
        "url": "https://royalbulletin.in/national/maulana-madanis-attack-on-mohan-bhagwat-those-who-destroyed-islam/article-150438",
        "site_full": "royalbulletin.in",
        "site": "royalbulletin.in",
        "site_section": "https://royalbulletin.in/sports/cricket/category-112140",
        "site_categories": [
            "social issue",
            "religion and belief",
            "media",
            "arts, culture and entertainment",
            "politics",
            "crime, law and justice",
            "economy, business and finance"
        ],
        "section_title": "‡§ï‡•ç‡§∞‡§ø‡§ï‡•á‡§ü - ‡§∞‡•â‡§Ø‡§≤ ‡§¨‡•Å‡§≤‡•á‡§ü‡§ø‡§®",
        "site_title": "Royal Bulletin - Hindi News हिंदी न्यूज़, News Headlines - रॉयल बुलेटिन",
        "title": "मौलाना मदनी का मोहन भागवत पर प्रहार: \"इस्लाम मिटाने वाले खुद मिट गए, हमें डराने की कोशिश न करें\" - रॉयल बुलेटिन",
        "title_full": "मौलाना मदनी का मोहन भागवत पर प्रहार: \"इस्लाम मिटाने वाले खुद मिट गए, हमें डराने की कोशिश न करें\" - रॉयल बुलेटिन",
        "published": "2026-02-19T12:57:00.000+02:00",
        "replies_count": 0,
        "participants_count": 1,
        "site_type": "news",
        "country": "IN",
        "main_image": "https://royalbulletin.in/media-webp/c600x315/2026-02/download---2026-02-19t162516.873.jpg",
        "performance_score": 0,
        "domain_rank": 199131,
        "domain_rank_updated": "2026-02-15T23:00:00.000+02:00",
        "licensing_agency": [],
        "social": {
            "facebook": {
                "likes": 0,
                "comments": 0,
                "shares": 0
            },
            "vk": {
                "shares": 0
            }
        }
    },
    "uuid": "fc4dc2c502896915bd329e77adc91375fc677978",
    "url": "https://royalbulletin.in/national/maulana-madanis-attack-on-mohan-bhagwat-those-who-destroyed-islam/article-150438",
    "ord_in_thread": 0,
    "author": "अर्चना सिंह | Online News Editor",
    "published": "2026-02-19T12:57:00.000+02:00",
    "title": "मौलाना मदनी का मोहन भागवत पर प्रहार: \"इस्लाम मिटाने वाले खुद मिट गए, हमें डराने की कोशिश न करें\" - रॉयल बुलेटिन",
    "text": "मौलाना मदनी का मोहन भागवत पर प्रहार: \"इस्लाम मिटाने वाले खुद मिट गए, हमें डराने की कोशिश न करें\"\n\"केवल आपने मां का दूध नहीं पिया\"— मदनी के इस बयान से सियासी गलियारों में हलचल\nअर्चना सिंह | Online News Editor\nनई दिल्ली। जमीयत उलेमा-ए-हिंद के प्रमुख मौलाना अरशद मदनी ने राष्ट्रीय स्वयंसेवक संघ (RSS) के सरसंघचालक मोहन भागवत के 'पूर्वजों' और 'घर वापसी' वाले दावों पर अब तक का सबसे सख्त रुख अपनाया है। एक सार्वजनिक मंच से मदनी ने न केवल भागवत के दावों को खारिज किया, बल्कि उन्हें सीधी चुनौती भी दी।\n\"इतिहास गवाह है, हम नहीं मिटेंगे\"\nमदनी ने अपने संबोधन में कहा कि इस्लाम और मुसलमानों को खत्म करने का सपना देखने वाले लोग इतिहास के पन्नों में खुद खत्म हो गए। उन्होंने कहा, \"दुनिया की कोई ताकत इस्लाम को मिटा नहीं सकती। जो लोग हमें मिटाने की बात करते हैं, उन्हें समझ लेना चाहिए कि यह मुल्क सबका है।\"\nमोहन भागवत को सीधा संदेश\nसंघ प्रमुख के उस बयान पर जिसमें उन्होंने कहा था कि 'सभी भारतीयों का डीएनए एक है और उनकी घर वापसी होनी चाहिए', मदनी ने तंज कसते हुए कहा— \"केवल आपने ही मां का दूध नहीं पिया है।\" उन्होंने कहा कि हर धर्म और समुदाय का अपना गौरव है और किसी पर भी 'घर वापसी' का विचार थोपना गलत है।\nडीएनए और पूर्वजों की बहस\nमदनी ने स्पष्ट किया कि आस्था और धर्म व्यक्तिगत चुनाव हैं। उन्होंने कहा कि पूर्वजों का हवाला देकर वर्तमान पीढ़ी की धार्मिक पहचान को बदलना न तो संवैधानिक है और न ही व्यवहारिक। इस बयान के बाद हिंदूवादी संगठनों और मुस्लिम धर्मगुरुओं के बीच नई बहस छिड़ गई है।\nआपको यह खबर कैसी लगी? अपनी राय नीचे कमेंट बॉक्स में ज़रूर दे। आपकी राय रॉयल बुलेटिन को और बेहतर बनाने में बहुत उपयोगी होगी।\nटिप्पणियां\nसंबंधित खबरें\nलेखक के बारे में\nमूल रूप से गोरखपुर की रहने वाली अर्चना सिंह वर्तमान में 'रॉयल बुलेटिन' में ऑनलाइन न्यूज एडिटर के रूप में कार्य कर रही हैं। उन्हें पत्रकारिता के क्षेत्र में 10 वर्षों से अधिक का गहरा अनुभव है। नोएडा के प्रतिष्ठित 'जागरण इंस्टीट्यूट' से इलेक्ट्रॉनिक एवं प्रिंट मीडिया में मास्टर्स की डिग्री प्राप्त अर्चना सिंह ने अपने करियर की शुरुआत 2013 में पुलिस पत्रिका 'पीसमेकर' से की थी। इसके उपरांत उन्होंने 'लाइव इंडिया टीवी' और 'देशबंधु' जैसे प्रतिष्ठित संस्थानों में अपनी सेवाएं दीं।\nवर्ष 2017 से 'रॉयल बुलेटिन' परिवार का अभिन्न अंग रहते हुए, वे राजनीति, अपराध और उत्तर प्रदेश के सामाजिक-सांस्कृतिक मुद्दों पर प्रखरता से लिख रही हैं। गोरखपुर की मिट्टी से जुड़े होने के कारण पूर्वांचल और पूरे उत्तर प्रदेश की राजनीति पर उनकी विशेष पकड़ है।",
    "summary": null,
    "highlightText": "",
    "highlightTitle": "",
    "highlightThreadTitle": "",
    "language": "hindi",
    "sentiment": "negative",
    "categories": [
        "Religion and Belief",
        "Politics"
    ],
    "topics": [
        "Religion and Belief->religious conflict",
        "Religion and Belief->islam",
        "Politics->political parties and movements"
    ],
    "ai_allow": true,
    "has_canonical": false,
    "breaking": false,
    "webz_reporter": false,
    "external_links": [],
    "external_images": [],
    "internal_images": [],
    "entities": {
        "persons": [],
        "locations": [],
        "organizations": []
    },
    "syndication": {
        "syndicated": null,
        "syndicate_id": null,
        "first_syndicated": false
    },
    "trust": {
        "categories": [],
        "top_news": [],
        "bias": null,
        "source": {
            "type": null,
            "city": null,
            "state": null,
            "country": null,
            "domain_type": null,
            "agency": null,
            "organization_name": null
        }
    },
    "rating": null,
    "crawled": "2026-02-19T13:06:49.229+02:00",
    "updated": "2026-02-19T13:11:54.000+02:00"
}