{
    "thread": {
        "uuid": "91461c43bf729375fb2f5bada061d6d7a0ec55aa",
        "url": "http://www.godlikeproductions.com/forum1/message5608773/pg1",
        "site_full": "www.godlikeproductions.com",
        "site": "godlikeproductions.com",
        "site_section": "https://www.godlikeproductions.com/feeds/forums/1",
        "site_categories": [
            "marketing",
            "business"
        ],
        "section_title": "Godlike Productions - General Discussion",
        "title": "The judgement seat of Christ ! How to make sure you receive a full reward on that day !",
        "title_full": "The judgement seat of Christ ! How to make sure you receive a full reward on that day !",
        "published": "2023-12-29T00:53:00.000+02:00",
        "replies_count": 0,
        "participants_count": 1,
        "site_type": "news",
        "country": "US",
        "main_image": "",
        "performance_score": 0,
        "domain_rank": 19104,
        "domain_rank_updated": "2023-12-26T12:06:20.000+02:00",
        "reach": null,
        "social": {
            "facebook": {
                "likes": 0,
                "comments": 0,
                "shares": 0
            },
            "gplus": {
                "shares": 0
            },
            "pinterest": {
                "shares": 0
            },
            "linkedin": {
                "shares": 0
            },
            "stumbledupon": {
                "shares": 0
            },
            "vk": {
                "shares": 0
            }
        }
    },
    "uuid": "91461c43bf729375fb2f5bada061d6d7a0ec55aa",
    "url": "http://www.godlikeproductions.com/forum1/message5608773/pg1",
    "ord_in_thread": 0,
    "parent_url": null,
    "author": "SavedbyGrace50",
    "published": "2023-12-29T00:53:00.000+02:00",
    "title": "The judgement seat of Christ ! How to make sure you receive a full reward on that day !",
    "text": "Users Online Now:\n1,887\n(\nWho's On?\n)\nVisitors Today:\n700,303\nPageviews Today:\n1,347,449\nThreads Today:\n490\nPosts Today:\n10,955\n07:01 PM\nDirectory\nAdv. Search\nTopics\nForum\nBack to Forum\nPost New Thread\nReply\nView Favorites\nJoin Now, Free! (& No Ads!)\nForgot Your Password?\nEmail\nPassword\nRemember\nRate this Thread\nAbsolute BS\nCrap\nReasonable\nNice\nAmazing\nPage\n1\nSearch Replies\nPrevious Page\nNext Page\nSearch Terms:\nHighlight Matches\nThe judgement seat of Christ ! How to make sure you receive a full reward on that day !\nSavedbyGrace50\nOffer Upgrade\nUser ID: 79703174\nUnited Kingdom\n12/28/2023 06:53 PM\nReport Abusive Post\nReport Copyright Violation\nThe judgement seat of Christ ! How to make sure you receive a full reward on that day !\nPage\n1\nPrevious Page\nNext Page\nBack to Forum\nPost New Thread\nReply\nView Favorites\nRelated Threads\n1\nRevelation 11 - The Last Trump, Resurrection, Judgement, Reward - NO Pre-Trib Rapture\n08/29/23\n2\nRevelation 20 proves another 1,000 years left of prophecy after Christ returns before judgement.\n10/26/23\n3\nWhat does God want believers to do in order to prepare for the judgement seat of Christ after the rapture ?\n02/03/19\n4\nThe Judgement seat of Christ\n10/05/22\n5\nNo Fear Of Condemnation (for believers, only judgement determining rewards)\n06/24/11\n6\nThe Judgement seat of Christ, how to not be ashamed on that day. The key is Right division\n09/14/21\n7\nBEMA: The Judgement Seat Of Christ\n09/25/20\n8\nHow to not be ashamed at the judgement seat of Christ !!!!\n05/14/20\n9\nHow to not be ashamed at the judgement seat of Christ !!!, Very short informative video.\n05/09/20\n10\nMajor judgement from God is very near, SODOMY, SOUTHERN DECADENCE, KATRINA, ISRAEL-HATRED, CHURCHES ARE APOSTATE, OBAMA IS WICKED, CHRIST-HATRED, TEAC\n06/29/10\n11\nI'm Muslim; and Here to Tell You Jesus Christ Son of Virgin Mary Will Return by 2027-2028! PREPARE FOR JUDGEMENT!\n04/08/19\nDisclaimer / Copyright Info\n-\nPrivacy Policy\n-\nTerms Of Use\n-\nCancellation Policy / Billing Help\nMail\nWebmaster\nwith questions or comments about this site.\nCopyright © 1999 - 2023 Godlikeproductions.com\nPage generated in 0.021s (8 queries)",
    "highlightText": "",
    "highlightTitle": "",
    "highlightThreadTitle": "",
    "language": "english",
    "sentiment": "positive",
    "categories": [
        "Religion and Belief",
        "Social Issue"
    ],
    "external_links": [],
    "external_images": [],
    "entities": {
        "persons": [
            {
                "name": "tod",
                "sentiment": "negative"
            },
            {
                "name": "christ",
                "sentiment": "none"
            }
        ],
        "organizations": [],
        "locations": []
    },
    "rating": null,
    "crawled": "2023-12-29T02:01:16.346+02:00",
    "updated": "2023-12-29T02:01:16.346+02:00"
}