{
    "thread": {
        "uuid": "d1a98997dd77b85b333a87d74457b7667ae46525",
        "url": "https://www.ndtv.com/india-news/jammus-vaishno-devi-temple-sees-95-lakh-pilgrims-in-2023-most-in-10-years-4764883",
        "site_full": "www.ndtv.com",
        "site": "ndtv.com",
        "site_section": "https://www.ndtv.com",
        "site_categories": [
            "media"
        ],
        "section_title": "\r\n\tGet Latest News, India News, Breaking News, Today's News - NDTV.com\r\n",
        "title": "Jammu's Vaishno Devi Temple Sees 95 Lakh Pilgrims In 2023, Most In 10 Years",
        "title_full": "Jammu's Vaishno Devi Temple Sees 95 Lakh Pilgrims In 2023, Most In 10 Years",
        "published": "2023-12-29T13:32:00.000+02:00",
        "replies_count": 0,
        "participants_count": 1,
        "site_type": "news",
        "country": "IN",
        "main_image": "https://c.ndtvimg.com/2023-12/87ekjing_vaishno-devi-temple_625x300_29_December_23.jpeg?ver-20231203.06",
        "performance_score": 0,
        "domain_rank": 847,
        "domain_rank_updated": "2023-12-26T12:06:20.000+02:00",
        "reach": null,
        "social": {
            "facebook": {
                "likes": 0,
                "comments": 0,
                "shares": 0
            },
            "gplus": {
                "shares": 0
            },
            "pinterest": {
                "shares": 0
            },
            "linkedin": {
                "shares": 0
            },
            "stumbledupon": {
                "shares": 0
            },
            "vk": {
                "shares": 0
            }
        }
    },
    "uuid": "d1a98997dd77b85b333a87d74457b7667ae46525",
    "url": "https://www.ndtv.com/india-news/jammus-vaishno-devi-temple-sees-95-lakh-pilgrims-in-2023-most-in-10-years-4764883",
    "ord_in_thread": 0,
    "parent_url": null,
    "author": "Asian News International",
    "published": "2023-12-29T13:32:00.000+02:00",
    "title": "Jammu's Vaishno Devi Temple Sees 95 Lakh Pilgrims In 2023, Most In 10 Years",
    "text": "In 2012, record 1 crore devotees paid obeisance at the holy shrine (File) The Holy cave shrine of Vaishno Devi in the Trikuta Hills of Katra town in the Reasi district has witnessed the arrival of over 95 lakh pilgrims this year, the highest in the past 10 years. About 94.35 lakh pilgrims have so far paid obeisance to Goddess Vaishno Devi this year. The highest number in the history of the pilgrimage journey was in 2012, with 1 crore 4 lakh 9 thousand and 5 hundred and 69 devotees paying obeisance at the holy shrine. Earlier, the highest record of pilgrims was seen in the year 2012 when 1 crore 4 lakh, 9 thousand and five hundred and sixty-nine devotees visited the sacred temple. Earlier this month, Deputy Inspector General (DIG) Udhampur-Reasi Range Mohd Suleman Choudhary conducted a security review and operational preparedness meeting of Shri Mata Vaishno Devi Shrine at Katra, the base camp of Yatra. The meeting was attended by SSP Reasi, Commandant CRPF 06 Bn, SP Katra, Jt CEO Shrine Board, SDPO Katra, and Dysp Bhawan Officers from the Special Branch, Army, CID, Traffic, Railway and District Special Branch. DIG UR took a detailed briefing from every officer present in the meeting regarding their preparation for better crowd management and security arrangements during the yatra. The officer also reviewed every security drill at the SMVD Shrine, the Yatra route, and the safety and security of pilgrims visiting to pay obeisance to the shrine every day. Promoted Listen to the latest songs, only on JioSaavn.com The meeting ended with a note on coordination and cooperation between all the security forces deployed for the security of the shrine. (Except for the headline, this story has not been edited by NDTV staff and is published from a syndicated feed.)",
    "highlightText": "",
    "highlightTitle": "",
    "highlightThreadTitle": "",
    "language": "english",
    "sentiment": "positive",
    "categories": [
        "Human Interest",
        "Religion and Belief"
    ],
    "external_links": [
        "https://www.jiosaavn.com/featured/new-music-this-week/Ns2UZo9qDvI",
        "https://www.jiosaavn.com",
        "https://jiosaavn.com",
        "https://jiosaavn.com/featured/new-music-this-week/Ns2UZo9qDvI"
    ],
    "external_images": [],
    "entities": {
        "persons": [
            {
                "name": "mohd suleman choudhary",
                "sentiment": "none"
            },
            {
                "name": "ishno devi",
                "sentiment": "none"
            },
            {
                "name": "vaishno devi",
                "sentiment": "none"
            },
            {
                "name": "shri mata vaishno devi shrine",
                "sentiment": "none"
            }
        ],
        "organizations": [
            {
                "name": "vaishno devi temple",
                "sentiment": "negative"
            },
            {
                "name": "army",
                "sentiment": "none"
            },
            {
                "name": "ssp reasi",
                "sentiment": "none"
            },
            {
                "name": "shrine board",
                "sentiment": "none"
            },
            {
                "name": "crpf",
                "sentiment": "none"
            },
            {
                "name": "sdpo katra",
                "sentiment": "none"
            }
        ],
        "locations": [
            {
                "name": "jammu",
                "sentiment": "none"
            },
            {
                "name": "trikuta hills",
                "sentiment": "none"
            },
            {
                "name": "katra",
                "sentiment": "none"
            },
            {
                "name": "reasi",
                "sentiment": "none"
            },
            {
                "name": "udhampur",
                "sentiment": "none"
            }
        ]
    },
    "rating": null,
    "crawled": "2023-12-29T16:20:15.453+02:00",
    "updated": "2023-12-29T16:20:15.453+02:00"
}