{
    "thread": {
        "uuid": "be4d58623a5a3670b9bc93aad5b579019d375278",
        "url": "https://www.cnn.com/videos/us/2023/12/29/lapd-chaplains-valerio-pkg.cnn",
        "site_full": "www.cnn.com",
        "site": "cnn.com",
        "site_section": "http://rss.cnn.com/rss/cnn_freevideo",
        "site_categories": [
            "media"
        ],
        "section_title": "",
        "title": "Meet the chaplains of the LAPD",
        "title_full": "Meet the chaplains of the LAPD",
        "published": "2023-12-29T16:25:00.000+02:00",
        "replies_count": 0,
        "participants_count": 0,
        "site_type": "news",
        "country": "US",
        "main_image": "https://media.cnn.com/api/v1/images/stellar/prod/231219124711-04-lapd-chaplains.jpg?c=16x9&q=w_800,c_fill",
        "performance_score": 0,
        "domain_rank": 75,
        "domain_rank_updated": "2023-12-26T12:06:20.000+02:00",
        "reach": null,
        "social": {
            "facebook": {
                "likes": 0,
                "comments": 0,
                "shares": 26
            },
            "gplus": {
                "shares": 0
            },
            "pinterest": {
                "shares": 0
            },
            "linkedin": {
                "shares": 0
            },
            "stumbledupon": {
                "shares": 0
            },
            "vk": {
                "shares": 0
            }
        }
    },
    "uuid": "be4d58623a5a3670b9bc93aad5b579019d375278",
    "url": "https://www.cnn.com/videos/us/2023/12/29/lapd-chaplains-valerio-pkg.cnn",
    "ord_in_thread": 0,
    "parent_url": null,
    "author": null,
    "published": "2023-12-29T16:25:00.000+02:00",
    "title": "Meet the chaplains of the LAPD",
    "text": "Video Ad Feedback\nMeet the chaplains of the LAPD\nA monsignor on a motorcycle, a rabbi who escaped the Holocaust and priests who pack heat: These are some of the members of the Los Angeles Police Department Chaplain Corps.\n02:56 - Source:\nCNN\nStories worth watching 16 videos\nVideo Ad Feedback\nMeet the chaplains of the LAPD\n02:56\nNow playing- Source:\nCNN\nVideo Ad Feedback\nRare pair of shoes were found in a donation bin. See what Sotheby's auctioned them for\n01:22\nNow playing- Source:\nKPTV\nVideo Ad Feedback\nChoir sings iconic 'Home Alone' Christmas song in special performance for CNN\n02:54\nNow playing- Source:\nCNN\nVideo Ad Feedback\n9-year-old learns how to speak after surgery for condition that is usually fatal\n02:35\nNow playing- Source:\nCNN\nVideo Ad Feedback\n'Please don't leave me': See dramatic moment woman is saved from burning car\n01:03\nNow playing- Source:\nCNN\nVideo Ad Feedback\nHow La La Anthony is supporting young inmates at Rikers Island\n04:02\nNow playing- Source:\nCNN\nVideo Ad Feedback\nWoman's rare thrift find sells for over $100K at auction\n02:12\nNow playing- Source:\nWWBT\nVideo Ad Feedback\nLast meteor shower of 2023 illuminates the sky\n01:57\nNow playing- Source:\nCNN\nVideo Ad Feedback\nSee the first African elephant born at Disney's Animal Kingdom in 7 years\n00:43\nNow playing- Source:\nCNN\nVideo Ad Feedback\nChris Wallace told to give back Taylor Swift bracelet after criticism of 'Time' honor\n02:51\nNow playing- Source:\nCNN\nVideo Ad Feedback\nHear Abby Phillip share why she chose to give birth to her daughter at home\n02:03\nNow playing- Source:\nCNN\nVideo Ad Feedback\nBill Nye explains how climate change is affecting our pocket books\n02:20\nNow playing- Source:\nCNN\nVideo Ad Feedback\n'It's a hard time': Woman granted abortion speaks out after ruling\n01:25\nNow playing- Source:\nCNN\nVideo Ad Feedback\n'Sickest thing I've ever done': Watch epic trick off skyscraper\n01:53\nNow playing- Source:\nCNN\nVideo Ad Feedback\nHow an 'NCIS' episode led her dad to a crime confession\n03:32\nNow playing- Source:\nCNN\nVideo Ad Feedback\nOwner freaks out when all her chickens freeze simultaneously\n01:56\nNow playing- Source:",
    "highlightText": "",
    "highlightTitle": "",
    "highlightThreadTitle": "",
    "language": "english",
    "sentiment": "positive",
    "categories": [
        "Crime, Law and Justice",
        "Religion and Belief",
        "Human Interest"
    ],
    "external_links": [
        "https://www.12onyourside.com/",
        "http://www.kptv.com",
        "http://kptv.com",
        "https://12onyourside.com/",
        "https://www.12onyourside.com"
    ],
    "external_images": [],
    "entities": {
        "persons": [
            {
                "name": "la la anthony",
                "sentiment": "none"
            }
        ],
        "organizations": [
            {
                "name": "lapd",
                "sentiment": "negative"
            },
            {
                "name": "feedback choir",
                "sentiment": "none"
            },
            {
                "name": "cnn",
                "sentiment": "none"
            },
            {
                "name": "los angeles police department chaplain corps",
                "sentiment": "none"
            },
            {
                "name": "sotheby",
                "sentiment": "none"
            }
        ],
        "locations": [
            {
                "name": "rikers island",
                "sentiment": "none"
            }
        ]
    },
    "rating": null,
    "crawled": "2023-12-29T17:29:18.214+02:00",
    "updated": "2023-12-29T17:29:18.214+02:00"
}