{
    "thread": {
        "uuid": "1569090d92515eae3537813e159a8a278ece8dd0",
        "url": "https://english.jagran.com/viral/bharatiya-sanatani-muslim-shabnam-shaikh-goes-viral-for-mumbai-to-ayodhya-padayatra-to-visit-ram-temple-watch-viral-video-10123606",
        "site_full": "english.jagran.com",
        "site": "jagran.com",
        "site_section": "https://english.jagran.com/latest-news",
        "site_categories": [
            "media"
        ],
        "section_title": "Latest News from India | Top News Headlines | Breaking India News - English Jagran",
        "title": "‘Bharatiya Sanatani Muslim’ Shabnam Shaikh Goes Viral For Mumbai To Ayodhya Padayatra To Visit Ram Temple",
        "title_full": "‘Bharatiya Sanatani Muslim’ Shabnam Shaikh Goes Viral For Mumbai To Ayodhya Padayatra To Visit Ram Temple",
        "published": "2023-12-29T07:02:00.000+02:00",
        "replies_count": 0,
        "participants_count": 1,
        "site_type": "news",
        "country": "IN",
        "main_image": "https://imgeng.jagran.com/images/2023/dec/Woman1703835253774.png",
        "performance_score": 0,
        "domain_rank": 12563,
        "domain_rank_updated": "2023-12-26T12:06:20.000+02:00",
        "reach": null,
        "social": {
            "facebook": {
                "likes": 0,
                "comments": 0,
                "shares": 0
            },
            "gplus": {
                "shares": 0
            },
            "pinterest": {
                "shares": 0
            },
            "linkedin": {
                "shares": 0
            },
            "stumbledupon": {
                "shares": 0
            },
            "vk": {
                "shares": 0
            }
        }
    },
    "uuid": "1569090d92515eae3537813e159a8a278ece8dd0",
    "url": "https://english.jagran.com/viral/bharatiya-sanatani-muslim-shabnam-shaikh-goes-viral-for-mumbai-to-ayodhya-padayatra-to-visit-ram-temple-watch-viral-video-10123606",
    "ord_in_thread": 0,
    "parent_url": null,
    "author": "@englishjagrannews",
    "published": "2023-12-29T07:02:00.000+02:00",
    "title": "‘Bharatiya Sanatani Muslim’ Shabnam Shaikh Goes Viral For Mumbai To Ayodhya Padayatra To Visit Ram Temple",
    "text": "- By [Poorva Karki](/authors/poorva-karki) - Published: Fri, 29 Dec 2023 01:02 PM (IST) - Source:JND Viral Video: Setting an example for ‘religious harmony’, a Muslim woman won countless hearts on the internet for her Mumbai to Ayodhya padayatra, with the aim to pay a visit to the much-celebrated Ram Temple. Referring to herself as a ‘Bharatiya Sanatani Muslim’, Shabnam Shaikh, began her holy journey on December 21 and instantly went viral on the internet. With a backpack on her back and a flag waving high, Shaikh’s videos of her on-foot journey are getting all kinds of reactions from the netizens. While some are supporting her decision and calling it ‘beautiful’, others are dubbing it a ‘stunt’ to grab views and attention. The video was shared on the social media site X (formerly Twitter), by the user ‘ChillamChilli’. The post was captioned, “This is Shabnam Shaikh. She has decided to walk to Ayodhya from Mumbai. She has a Marathi Boyfriend Ishwar Sharma. This is the ganga jamuni tazhzeeb we want in Hindu Rashtra. But Islamists are abusing her.” Watch the viral video: This is Shabnam Shaikh. She has decided to walk to Ayodhya from Mumbai.— rae (@ChillamChilli) She has a Marathi Boyfriend Ishwar Sharma. This is the ganga jamuni tazhzeeb we want in Hindu Rashtra. But islamists are abusing her. [pic.twitter.com/Ep8wLV3aOX] [December 25, 2023] The video instantly went viral as it gained a mixed reaction from people. Many called the video ‘unnecessary’ and dubbed her take on religions ‘controversial’, while others supported her and gave her all the love she deserved. Some also pointed out the safety issues that she might face after her videos reach the ‘wrong audience’. The post was shared a while back and received 25K views from people. Check her other viral videos: View this post on Instagram View this post on Instagram ALSO READ: [BTS V Day Takes Over Internet; ARMY Shares Kim Taehyung’s Photos, Videos And Birthday Layouts For The Big Day](https://english.jagran.com/viral/bts-v-day-takes-over-internet-bts-army-shares-kim-taehyung-photos-videos-and-birthday-layouts-for-the-big-day-10123588) Taking to the comment section, people shared their take. I was planning to do haj yatra on my foot but they rejected my visa”,” a user said. “Abe don't put her life at risk. Your ecosystem doesn't have guts to protect her, not even in so-called- h heartland,” said a next. “Islam and Sanatan are like oil and water. Can not mix. While remaining in Islam, she can not worship Ram or Shiva simultaneously. She will go to 'dozak' as per her qoran,” said a next. And you say she is Muslim (by name). Let's say she is an inspiration,” added next. “Why are you putting a target on their backs?” asked another. “You are going on a beautiful journey may you find what you want ... jai shree ram,” commented the next. ALSO READ: [Viral: Teacher Poses For ‘Romantic’ Photos With 10th Class Student At Educational Trip; Shocked Netizens Call For POCSO Act](https://english.jagran.com/viral/viral-teacher-poses-for-romantic-photos-with-10th-class-student-at-educational-trip-shocked-netizens-call-for-pocso-act-10123577) [English Jagran.com](https://english.jagran.com/)Jagran English is available on WhatsApp. Join now for latest news from India and around the world. [Join our WhatsApp Channel](https://www.whatsapp.com/channel/0029VaAYubwADTOESVWMhl0l?utm_source=website&utm_medium=referral&utm_campaign=whatsappchannel)",
    "highlightText": "",
    "highlightTitle": "",
    "highlightThreadTitle": "",
    "language": "english",
    "sentiment": "positive",
    "categories": [
        "Human Interest",
        "Religion and Belief"
    ],
    "external_links": [
        "https://www.whatsapp.com/channel/0029VaAYubwADTOESVWMhl0l?utm_source=website&utm_medium=referral&utm_campaign=whatsappchannel)",
        "https://www.whatsapp.com/channel/0029VaAYubwADTOESVWMhl0l",
        "https://whatsapp.com/channel/0029VaAYubwADTOESVWMhl0l?utm_source=website&utm_medium=referral&utm_campaign=whatsappchannel)"
    ],
    "external_images": [],
    "entities": {
        "persons": [
            {
                "name": "poorva karki",
                "sentiment": "negative"
            },
            {
                "name": "shabna",
                "sentiment": "none"
            },
            {
                "name": "shaikh",
                "sentiment": "none"
            },
            {
                "name": "shabnam shaikh",
                "sentiment": "none"
            },
            {
                "name": "ishwar sharma",
                "sentiment": "none"
            }
        ],
        "organizations": [
            {
                "name": "bharatiya sanatani muslim",
                "sentiment": "negative"
            }
        ],
        "locations": [
            {
                "name": "ayodhya",
                "sentiment": "none"
            },
            {
                "name": "mumbai",
                "sentiment": "none"
            }
        ]
    },
    "rating": null,
    "crawled": "2023-12-29T09:57:41.263+02:00",
    "updated": "2023-12-29T09:57:41.263+02:00"
}