{
    "thread": {
        "uuid": "94570b6679cd2c1ec7ce789c30eec27802d1aec9",
        "url": "https://www.ots.at/presseaussendung/OTS_20250918_OTS0004/hochschule-campus-wien-rekord-an-studienplatz-bewerberinnen",
        "site_full": "www.ots.at",
        "site": "ots.at",
        "site_section": "http://www.ots.at/rss/index",
        "site_categories": [
            "media",
            "top_news_at",
            "top_news"
        ],
        "section_title": "",
        "site_title": "OTS.at - aktuelle Inhalte in Text, Bild, Ton und Video",
        "title": "Hochschule Campus Wien: Rekord an Studienplatz-Bewerber*innen",
        "title_full": "Hochschule Campus Wien: Rekord an Studienplatz-Bewerber*innen",
        "published": "2025-09-18T08:00:00.000+03:00",
        "replies_count": 0,
        "participants_count": 1,
        "site_type": "news",
        "country": "AT",
        "main_image": "https://ots-assets.cdn.apa.at/sender/8251c95f-335b-4f3e-b589-a69cb5e71f76/logos/880b9dee-e040-4988-a631-dfe0917f73ac.sm_h",
        "performance_score": 0,
        "domain_rank": 38118,
        "domain_rank_updated": "2025-09-16T00:00:00.000+03:00",
        "licensing_agency": [],
        "social": {
            "facebook": {
                "likes": 0,
                "comments": 0,
                "shares": 0
            },
            "vk": {
                "shares": 0
            }
        }
    },
    "uuid": "94570b6679cd2c1ec7ce789c30eec27802d1aec9",
    "url": "https://www.ots.at/presseaussendung/OTS_20250918_OTS0004/hochschule-campus-wien-rekord-an-studienplatz-bewerberinnen",
    "ord_in_thread": 0,
    "author": "Hochschule Campus Wien",
    "published": "2025-09-18T08:00:00.000+03:00",
    "title": "Hochschule Campus Wien: Rekord an Studienplatz-Bewerber*innen",
    "text": "- 18.09.2025, 07:00:32\n- /\n- OTS0004\nHochschule Campus Wien: Rekord an Studienplatz-Bewerber*innen\nZahl der Bewerber*innen im Studienjahr 2025/2026 um knapp ein Fünftel gestiegen\nDie Hochschule Campus Wien verzeichnet ein Rekordhoch an Bewerber*innen. Im Vergleich zum Studienjahr 2024/2025 (Juli 2024 bis August 2025) ist die Zahl der Bewerber*innen für 2025/2026 um 19% gewachsen. 10.705 Personen haben sich für einen Studienplatz an der größten Fachhochschule Österreichs beworben. Im Herbst 2025 studieren insgesamt 9.135 Personen an der Hochschule Campus Wien. Damit hat erstmals eine österreichische Hochschule für Angewandte Wissenschaften die 9.000er Marke geknackt.\nSpitzenreiter Department Applied Life Sciences\nDas beliebteste Department ist Applied Life Sciences – hier haben sich um 40% mehr Personen als im vergangenen Studienjahr beworben. Ganz vorn dabei: Der Bachelorstudiengang Nachhaltige Verpackungstechnologie mit einem Anstieg der Bewerber*innen um 69%, danach folgt der Bachelorstudiengang Molekulare Biotechnologie mit einem Zuwachs von 42%.\nGefragtes Studium Radiologietechnologie – Plus von fast 60%\nAuf besonders großes Interesse stößt das Bachelorstudium Radiologietechnologie des Departments Gesundheitswissenschaften. Mit dem kürzlich eröffneten Sonography Lab setzt die Hochschule Campus Wien neue Maßstäbe in der praxisnahen Ausbildung im Bereich Ultraschall. Die Zahl der Bewerber*innen für Radiotechnologie stiegt für das Studienjahr 2025/2026 im Vergleich zum vergangenen Studienjahr um 59%.\nWeitere starke Zuwächse\nDer seit Jahren sehr beliebte Bachelorstudiengang Physiotherapie liegt im Zuwachsdurchschnitt von knapp 20%. Die Studienbereiche der Gesundheits- und Krankenpflege konnten 2025/2026 um mehr als 20% zulegen. Überdurchschnittlich angestiegen ist auch die Zahl der Bewerber*innen für die Studiengänge der Departments Sozialwissenschaften (plus 34%) sowie Verwaltung, Wirtschaft, Sicherheit, Politik (plus 29%).\nGründer Wilhelm Behensky: All-Time High zeigt herausragende Qualität unserer Hochschule\nWilhelm Behensky, Gründer und Vorsitzender der Geschäftsleitung der Hochschule Campus Wien, freut sich über die Rekordzahl der Bewerber*innen: „Das All-Time High an Bewerber*innen bestätigt, dass die Hochschule Campus Wien auf dem richtigen Weg ist – mit exzellenter Lehre und Forschung, die nicht nur akademische Qualität sichern, sondern auch einen wichtigen Beitrag für Wirtschaft und Gesellschaft leisten.“\nRektor Heimo Sandtner: Hochschule Campus Wien punktet mit flexiblem Studium und Praxisbezug\nHeimo Sandtner, Akademischer Leiter und Rektor der Hochschule Campus Wien, betont die Stärken: „Der Rekord an Bewerber*innen zeigt die Attraktivität unserer Hochschule. Wir setzen uns für unsere Studierenden ein, gestalten einen lebendigen Campus und ermöglichen ein flexibles Studium. Mit einer praxisnahen, verantwortungsvollen und innovativen Ausbildung bereiten wir sie bestmöglich auf ihre Zukunft vor.“\nHochschule Campus Wien\nMit rund 9.100 Studierenden an zwei Standorten und zwei Kooperationsstandorten ist die Hochschule Campus Wien die größte Fachhochschule Österreichs. In den Departments Angewandte Pflegewissenschaft, Applied Life Sciences, Bauen und Gestalten, Gesundheitswissenschaften, Soziales, Technik sowie Verwaltung, Wirtschaft, Sicherheit, Politik steht ein Angebot von nahezu 70 Studienprogrammen in berufsbegleitender und Vollzeit-Form zur Auswahl. Anwendungsbezogene Forschung und Entwicklung wird in zehn fachspezifischen Kompetenzzentren gebündelt. Fort- und Weiterbildung in Form von Seminaren, Modulen und Zertifikatsprogrammen deckt die Hochschule über die Campus Wien Academy ab. Die Hochschule Campus Wien ist Gründungsmitglied im Bündnis Nachhaltige Hochschulen.\n> Besuchen Sie unseren Press Room: www.hcw.ac.at/pressroom\nRückfragen & Kontakt\nHochschule Campus Wien\nSilvia Haselhuhn, MA, MSc\nTeamleiterin Public Relations\nTelefon: +43 1 606 68 77 6441\nE-Mail: silvia.haselhuhn@hcw.ac.at\nWebsite: https://www.hcw.ac.at\nOTS-ORIGINALTEXT PRESSEAUSSENDUNG UNTER AUSSCHLIESSLICHER INHALTLICHER VERANTWORTUNG DES AUSSENDERS - WWW.OTS.AT | FHC",
    "highlightText": "",
    "highlightTitle": "",
    "highlightThreadTitle": "",
    "language": "german",
    "sentiment": "positive",
    "categories": [
        "Education",
        "Human Interest",
        "Social Issue"
    ],
    "topics": [
        "Education->educational grading",
        "Education->college and university",
        "Education->students",
        "Human Interest->record and achievement",
        "Social Issue->demographics",
        "Social Issue->population and census",
        "Social Issue->social services"
    ],
    "ai_allow": true,
    "has_canonical": false,
    "breaking": true,
    "webz_reporter": false,
    "external_links": [
        "http://www.hcw.ac.at/pressroom",
        "https://www.hcw.ac.at",
        "http://hcw.ac.at/pressroom",
        "https://hcw.ac.at"
    ],
    "external_images": [],
    "internal_images": [],
    "entities": {
        "persons": [],
        "locations": [
            {
                "name": "Österreichs",
                "sentiment": "none"
            }
        ],
        "organizations": [
            {
                "name": "OTS0004\nHochschule Campus Wien",
                "sentiment": "neutral",
                "tickers": []
            },
            {
                "name": "Department Applied Life Sciences",
                "sentiment": "none",
                "tickers": []
            }
        ]
    },
    "syndication": {
        "syndicated": null,
        "syndicate_id": null,
        "first_syndicated": false
    },
    "trust": {
        "categories": [],
        "top_news": [
            "top_news_at",
            "top_news"
        ],
        "bias": null,
        "source": {
            "type": null,
            "city": null,
            "state": null,
            "country": null,
            "domain_type": null,
            "agency": null,
            "organization_name": null
        }
    },
    "rating": null,
    "crawled": "2025-09-18T08:13:55.993+03:00",
    "updated": "2025-09-19T09:09:56.000+03:00"
}