{
    "thread": {
        "uuid": "24b87e3a424c9dbb041e31452d09e14edce257ce",
        "url": "https://kazlenta.kz/104170-kazahstan-utverzhdaet-nacionalnye-standarty-vnedreniya-iskusstvennogo-intellekta-v-obrazovanie.html",
        "site_full": "kazlenta.kz",
        "site": "kazlenta.kz",
        "site_section": "https://kazlenta.kz/mangistau",
        "site_categories": [
            "media"
        ],
        "section_title": "Последние новости Мангыстауской области. Все самые важные и интересные события региона",
        "site_title": "Лента новостей Казахстана - Kazlenta.kz",
        "title": "Казахстан утверждает национальные стандарты внедрения искусственного интеллекта в образование",
        "title_full": "Казахстан утверждает национальные стандарты внедрения искусственного интеллекта в образование",
        "published": "2025-09-18T07:35:44.011+03:00",
        "replies_count": 0,
        "participants_count": 0,
        "site_type": "news",
        "country": "KZ",
        "main_image": "https://kazlenta.kz/uploads/posts/2025-09/1200/1758167846_img_1435.jpeg",
        "performance_score": 0,
        "domain_rank": 180649,
        "domain_rank_updated": "2025-09-16T00:00:00.000+03:00",
        "licensing_agency": [],
        "social": {
            "facebook": {
                "likes": 0,
                "comments": 0,
                "shares": 0
            },
            "vk": {
                "shares": 0
            }
        }
    },
    "uuid": "24b87e3a424c9dbb041e31452d09e14edce257ce",
    "url": "https://kazlenta.kz/104170-kazahstan-utverzhdaet-nacionalnye-standarty-vnedreniya-iskusstvennogo-intellekta-v-obrazovanie.html",
    "ord_in_thread": 0,
    "author": null,
    "published": "2025-09-18T07:35:44.011+03:00",
    "title": "Казахстан утверждает национальные стандарты внедрения искусственного интеллекта в образование",
    "text": "Министр просвещения Гани Бейсембаев и министр цифрового развития, инноваций и аэрокосмической промышленности Жаслан Мадиев подписали Совместный приказ об утверждении Концептуальных основ внедрения искусственного интеллекта в систему среднего, технического и профессионального, послесреднего образования на 2025–2029 годы, передает kazlenta.kz.\nДокумент разработан по поручению Главы государства, озвученного в Послании народу Казахстана, и стал важным этапом модернизации образования. Впервые закрепляются единые национальные стандарты по применению искусственного интеллекта в образовании, включая вопросы этики, правового регулирования, защиты персональных данных и академической честности.\nКонцепция охватывает школы и организации технического и профессионального образования. Она предусматривает интеграцию ИИ-тем, создание цифровых учебников, формирование у обучающихся ИИ-грамотности, развитие проектной деятельности, повышение квалификации педагогов по трехуровневой модели Acquire → Deepen → Create.\nОсобый акцент сделан на защите прав ребенка и профессиональном авторитете педагога. В школах и колледжах вводятся единые правила академической честности и этики применения ИИ.\nПодписание совместного приказа открывает новую страницу в развитии отечественного образования. Концепция не только определяет стратегические приоритеты, но и закрепляет четкий механизм внедрения, систему мониторинга и дорожную карту, что обеспечит системное, ответственное и безопасное использование AI в школах и колледжах Казахстана. При этом важно понимать, что искусственный интеллект не заменяет учителя, а усиливает его роль. Все значимые решения в образовательном процессе остаются за человеком, – заявил Гани Бейсембаев.\nКазахстан вошел в число первых стран, утвердивших собственный национальный подход в этой сфере, опираясь на рекомендации ЮНЕСКО, ОЭСР и ЕС.\nВнедрение искусственного интеллекта в образование это часть широкой стратегии цифровой трансформации Казахстана. Мы создаём условия, чтобы школьники и студенты не просто пользовались цифровыми инструментами, а становились их создателями. Концепция позволит вырастить поколение специалистов, которые уверенно работают с технологиями будущего, сохраняя при этом национальные ценности и академическую честность, – отметил Жаслан Мадиев.\nНапомним, с 2025-2026 учебного года в предметы «Цифровая грамотность» и «Информатика» внедрены элементы искусственного интеллекта. Для школьников разработаны онлайн-курсы Day of AI, а для педагогов – специальные курсы повышения квалификации.",
    "highlightText": "",
    "highlightTitle": "",
    "highlightThreadTitle": "",
    "language": "russian",
    "sentiment": "positive",
    "categories": [
        "Science and Technology",
        "Education",
        "Politics"
    ],
    "topics": [
        "Science and Technology->scientific standards",
        "Science and Technology->technology and engineering",
        "Education->educational grading",
        "Education->vocational education",
        "Education->curriculum",
        "Politics->government policy",
        "Politics->education policy"
    ],
    "ai_allow": true,
    "has_canonical": false,
    "breaking": false,
    "webz_reporter": false,
    "external_links": [
        "https://www.gov.kz/memleket/entities/edu/press/news/details/1070018?lang=ru",
        "https://www.gov.kz/memleket/entities/edu/press/news/details/1070018",
        "https://gov.kz/memleket/entities/edu/press/news/details/1070018?lang=ru"
    ],
    "external_images": [],
    "internal_images": [],
    "entities": {
        "persons": [],
        "locations": [],
        "organizations": []
    },
    "syndication": {
        "syndicated": null,
        "syndicate_id": null,
        "first_syndicated": false
    },
    "trust": {
        "categories": [],
        "top_news": [],
        "bias": null,
        "source": {
            "type": null,
            "city": null,
            "state": null,
            "country": null,
            "domain_type": null,
            "agency": null,
            "organization_name": null
        }
    },
    "rating": null,
    "crawled": "2025-09-18T07:35:44.011+03:00",
    "updated": "2025-09-18T07:44:20.000+03:00"
}