{
    "thread": {
        "uuid": "bcfdbac0dd8dee49a2ba12c19306752cbc7cd4cb",
        "url": "http://wmf.fjsen.com/2025-09/18/content_32042318.htm",
        "site_full": "wmf.fjsen.com",
        "site": "fjsen.com",
        "site_section": "http://wmf.fjsen.com/",
        "site_categories": [
            "media"
        ],
        "section_title": "文明风",
        "site_title": "东南网-福建官方新闻门户",
        "title": "泉港区举办\"凝聚榜样力量・践行核心价值观\"主题宣传活动 -泉港区 - 文明风",
        "title_full": "泉港区举办\"凝聚榜样力量・践行核心价值观\"主题宣传活动 -泉港区 - 文明风",
        "published": "2025-09-18T03:00:00.000+03:00",
        "replies_count": 0,
        "participants_count": 0,
        "site_type": "news",
        "country": "CN",
        "main_image": "",
        "performance_score": 0,
        "domain_rank": 58381,
        "domain_rank_updated": "2025-09-16T00:00:00.000+03:00",
        "licensing_agency": [],
        "social": {
            "facebook": {
                "likes": 0,
                "comments": 0,
                "shares": 0
            },
            "vk": {
                "shares": 0
            }
        }
    },
    "uuid": "bcfdbac0dd8dee49a2ba12c19306752cbc7cd4cb",
    "url": "http://wmf.fjsen.com/2025-09/18/content_32042318.htm",
    "ord_in_thread": 0,
    "author": null,
    "published": "2025-09-18T03:00:00.000+03:00",
    "title": "泉港区举办\"凝聚榜样力量・践行核心价值观\"主题宣传活动 -泉港区 - 文明风",
    "text": "文明福建\n微信公众\n文明福建\n抖音号\n文明风9月18日讯 为进一步营造崇德向善、见贤思齐的浓厚社会氛围，在9月20日公民道德宣传日到来之际，2025年泉州市“凝聚榜样力量・践行核心价值观”主题活动（泉港专场）在泉港区界山镇东张村新时代文明实践站举办。\n崇德向善，见贤思齐。活动邀请“中国好人”詹惠阳做主题宣讲，他围绕《以爱为帆，用行动守护生命之光》主题分享了他组建了泉港区首支社会性志愿应急救援力量，在无数次救援行动中，始终冲锋在前，用自己的实际行动诠释着人间大爱与责任担当，以爱为帆，在守护生命的道路上砥砺前行。\n德者有得，好人好报。活动现场，泉港区委宣传部、区烟草专卖局、区慈善总会分管领导为道德模范、身边好人和文明家庭代表发放慰问金，在公民道德宣传日到来之际，向他们致以节日的问候，并感谢他们在各自的领域上发光发热，践行社会主义核心价值观，让社会处处充满正能量。\n此次活动的开展，旨在鼓舞更多的人积极投身到践行社会主义核心价值观的行动中来，以榜样为引领，从身边小事做起，共同为建设更加美好的泉港、更加和谐的社会贡献自己的力量！（泉港区委宣传部）",
    "highlightText": "",
    "highlightTitle": "",
    "highlightThreadTitle": "",
    "language": "chinese",
    "sentiment": "positive",
    "categories": [
        "Social Issue",
        "Education"
    ],
    "topics": [
        "Social Issue->communities",
        "Social Issue->diversity, equity and inclusion",
        "Social Issue->social networking",
        "Education->students",
        "Education->teachers",
        "Education->social learning"
    ],
    "ai_allow": true,
    "has_canonical": false,
    "breaking": null,
    "webz_reporter": false,
    "external_links": [],
    "external_images": [],
    "internal_images": [],
    "entities": {
        "persons": [],
        "locations": [],
        "organizations": []
    },
    "syndication": {
        "syndicated": null,
        "syndicate_id": null,
        "first_syndicated": false
    },
    "trust": {
        "categories": [],
        "top_news": [],
        "bias": null,
        "source": {
            "type": null,
            "city": null,
            "state": null,
            "country": null,
            "domain_type": null,
            "agency": null,
            "organization_name": null
        }
    },
    "rating": null,
    "crawled": "2025-09-18T07:43:55.535+03:00",
    "updated": "2025-09-18T07:47:12.000+03:00"
}