{
    "thread": {
        "uuid": "54b1a16579a03fcb0742aec695494a68e748f527",
        "url": "https://vfis.tdtu.edu.vn/index.php/news/2025-09/viet-nam-finland-international-school-signs-partnership-moreton-bay-colleges-australia",
        "site_full": "vfis.tdtu.edu.vn",
        "site": "tdtu.edu.vn",
        "site_section": "https://vfis.tdtu.edu.vn/index.php",
        "site_categories": [],
        "section_title": "Home | VFIS - Vietnam Finland International School",
        "site_title": "Trang chủ | Đại học Tôn Đức Thắng",
        "title": "Viet Nam-Finland International School Signs Partnership with Moreton Bay Colleges, Australia | VFIS - Vietnam Finland International School",
        "title_full": "Viet Nam-Finland International School Signs Partnership with Moreton Bay Colleges, Australia | VFIS - Vietnam Finland International School",
        "published": "2025-09-18T03:00:00.000+03:00",
        "replies_count": 0,
        "participants_count": 0,
        "site_type": "news",
        "country": "VN",
        "main_image": "https://vfis.tdtu.edu.vn/sites/default/files/vfis/news/2025/MOU-AUS/548207070_1363956322404401_2455652946786858942_n.jpg",
        "performance_score": 0,
        "domain_rank": 156358,
        "domain_rank_updated": "2025-09-16T00:00:00.000+03:00",
        "licensing_agency": [],
        "social": {
            "facebook": {
                "likes": 0,
                "comments": 0,
                "shares": 0
            },
            "vk": {
                "shares": 0
            }
        }
    },
    "uuid": "54b1a16579a03fcb0742aec695494a68e748f527",
    "url": "https://vfis.tdtu.edu.vn/index.php/news/2025-09/viet-nam-finland-international-school-signs-partnership-moreton-bay-colleges-australia",
    "ord_in_thread": 0,
    "author": null,
    "published": "2025-09-18T03:00:00.000+03:00",
    "title": "Viet Nam-Finland International School Signs Partnership with Moreton Bay Colleges, Australia | VFIS - Vietnam Finland International School",
    "text": "Viet Nam-Finland International School Signs Partnership with Moreton Bay Colleges, Australia\nOn September 15, 2025, the Vietnam-Finland International School (VFIS) officially signed a Memorandum of Understanding (MOU) with Moreton Bay Colleges, Australia. This event is a significant step in strengthening VFIS’s international partnerships, with the goal of providing teachers and students with opportunities for comprehensive learning, exchange, and development.\nUnder the terms of the agreement, the two schools will implement a range of practical activities, including: Teacher exchange programs to share educational philosophies, achievements, and teaching methodologies; Sharing teaching experiences and subject assessment methods; Cooperation on curriculum development, training programs, online projects, extracurricular activities, and other initiatives; Collaboration on language training and cultural exchange to be enhanced between students of both schools.\nFollowing the signing, VFIS and Moreton Bay Colleges plan to organize various exchange activities and propose the establishment of a language club to boost students' communication skills. This will create opportunities for students to experience a multicultural educational environment, helping them foster integration skills and a global citizenship mindset.\n----------------------------",
    "highlightText": "",
    "highlightTitle": "",
    "highlightThreadTitle": "",
    "language": "english",
    "sentiment": "positive",
    "categories": [
        "Education"
    ],
    "topics": [
        "Education->private school",
        "Education->independent school",
        "Education->school"
    ],
    "ai_allow": true,
    "has_canonical": false,
    "breaking": null,
    "webz_reporter": false,
    "external_links": [],
    "external_images": [],
    "internal_images": [],
    "entities": {
        "persons": [],
        "locations": [
            {
                "name": "Moreton",
                "sentiment": "none"
            }
        ],
        "organizations": [
            {
                "name": "Viet Nam-Finland International School Signs Partnership",
                "sentiment": "none",
                "tickers": []
            }
        ]
    },
    "syndication": {
        "syndicated": false,
        "syndicate_id": null,
        "first_syndicated": false
    },
    "trust": {
        "categories": [],
        "top_news": [],
        "bias": null,
        "source": {
            "type": null,
            "city": null,
            "state": null,
            "country": null,
            "domain_type": null,
            "agency": null,
            "organization_name": null
        }
    },
    "rating": null,
    "crawled": "2025-09-18T07:39:37.794+03:00",
    "updated": "2025-09-18T07:42:43.000+03:00"
}