{
    "thread": {
        "uuid": "eae0469c0d30d0cf5810b8a127a91b5c71ff84e7",
        "url": "https://www.newson6.com/university-of-tulsa/tulsa-locks-down-tournament-title-in-defensive-win-over-northern-iowa",
        "site_full": "www.newson6.com",
        "site": "newson6.com",
        "site_section": "https://news.google.com/search?q=down%20when%3A1h&hl=en-US&gl=US&ceid=US%3Aen",
        "site_categories": [
            "media"
        ],
        "section_title": "Google News - Search",
        "site_title": "Breaking News in Tulsa, Oklahoma",
        "title": "Tulsa locks down tournament title in defensive win over Northern Iowa",
        "title_full": "Tulsa locks down tournament title in defensive win over Northern Iowa",
        "published": "2025-11-27T07:51:00.000+02:00",
        "replies_count": 0,
        "participants_count": 1,
        "site_type": "news",
        "country": "US",
        "main_image": "https://cdn.griffin.news/dims4/default/b8c4f4e/2147483647/strip/true/crop/1280x720+0+0/resize/1440x810!/format/webp/quality/90/?url=https%3A%2F%2Ffueltools-prod01-public.fuelmedia.io%2F91fa9954-d7e6-483b-9fc0-19e5940628a5%2F20251127%2F23cc4487-08ec-4da5-8e61-60644f596178%2Fthumbnail.png",
        "performance_score": 0,
        "domain_rank": 37703,
        "domain_rank_updated": "2025-11-23T23:00:00.000+02:00",
        "licensing_agency": [],
        "social": {
            "facebook": {
                "likes": 0,
                "comments": 0,
                "shares": 0
            },
            "vk": {
                "shares": 0
            }
        }
    },
    "uuid": "eae0469c0d30d0cf5810b8a127a91b5c71ff84e7",
    "url": "https://www.newson6.com/university-of-tulsa/tulsa-locks-down-tournament-title-in-defensive-win-over-northern-iowa",
    "ord_in_thread": 0,
    "author": "News On 6",
    "published": "2025-11-27T07:51:00.000+02:00",
    "title": "Tulsa locks down tournament title in defensive win over Northern Iowa",
    "text": "Tulsa Wins Acrisure Holiday Invitational Behind Defense And Clutch Free Throws\nTulsa snapped a 22-year in-season tournament drought Wednesday night, grinding out a 63-60 win over previously unbeaten Northern Iowa to claim the Acrisure Holiday Invitational title at Acrisure Arena.\nThe victory marks TU’s first in-season tournament championship since 2002 and pushes the Golden Hurricane to 6-1, their best start since the 2019-20 season.\nwinner, winner, chicken dinner\n— Tulsa Basketball (@TUMBasketball)\n🏆🏆🏆[#ReignCane][pic.twitter.com/Q0eXfHrypn][November 27, 2025]\nBalanced Scoring, Big Moments\nJaylen Lawal led the early surge and finished with 12 points on 4-of-7 shooting, knocking down two 3-pointers and both of his free throws.\nTylen Riley paced Tulsa with 13 points, going a perfect 6-for-6 from the line while adding three assists and steady guard play down the stretch.\nTournament MVP Miles Barnstable added 11 points, drilling three 3-pointers and blocking two shots, including the dagger 3 with 1:22 remaining to help seal the win.\nMyles Rigsby chipped in 10 points, went 4-for-4 at the stripe, and contributed two steals and three assists.\nAs a team, Tulsa went 14-of-15 from the free-throw line and limited UNI to just 10 attempts, winning the foul line battle in a one-possession game.\nFirst-Half Push Sets The Tone\nIn a back-and-forth first half that featured five ties, Tulsa finally created separation late.\nRigsby’s early free throws kept TU steady before Lawal caught fire, hitting back-to-back 3-pointers and a layup to flip momentum.David Green buried a 3-pointer with 3:28 left in the half to cap a 34-27 Golden Hurricane advantage at the break, despite a late UNI fast-break dunk from Leon Bond III.\nClosing Time In A Defensive Battle\nTulsa never fully shook the Panthers, but they never surrendered the lead in the second half, either.\nRiley knocked down two free throws just 34 seconds into the half and later added a fast-break layup to keep TU in front. UNI big man Will Hornseth powered multiple late possessions to keep the Panthers within striking distance, including a key layup at the 4:56 mark.\nUNI’s Kyle Pock buried a 3 with 1:37 remaining to trim the lead to three, but Barnstable answered with a huge 3-pointer on the next trip, giving Tulsa just enough cushion to close out a 63-60 win.\nTulsa was held under 80 points for the first time this season, snapping a six-game streak of scoring 80-plus the program’s longest such run since 2001-02, but the defensive effort and free-throw shooting carried the night.\nWhat’s Next\nThe Golden Hurricane return home to the Reynolds Center to host Manhattan Christian on December 2, looking to build on their 6-1 start and newly earned tournament hardware.",
    "highlightText": "",
    "highlightTitle": "",
    "highlightThreadTitle": "",
    "language": "english",
    "sentiment": "positive",
    "categories": [
        "Sport"
    ],
    "topics": [
        "Sport->basketball",
        "Sport->sport event"
    ],
    "ai_allow": false,
    "has_canonical": false,
    "breaking": true,
    "webz_reporter": false,
    "external_links": [],
    "external_images": [],
    "internal_images": [],
    "entities": {
        "persons": [
            {
                "name": "Jaylen Lawal",
                "sentiment": "none"
            },
            {
                "name": "Myles Rigsby",
                "sentiment": "none"
            },
            {
                "name": "Tylen Riley",
                "sentiment": "none"
            }
        ],
        "locations": [
            {
                "name": "Northern",
                "sentiment": "none"
            }
        ],
        "organizations": []
    },
    "syndication": {
        "syndicated": false,
        "syndicate_id": null,
        "first_syndicated": false
    },
    "trust": {
        "categories": [
            "trusted_news"
        ],
        "top_news": [],
        "bias": "center",
        "source": {
            "type": "local_news",
            "city": [
                "Tulsa"
            ],
            "state": [
                "Oklahoma"
            ],
            "country": [
                "US"
            ],
            "domain_type": null,
            "agency": null,
            "organization_name": null
        }
    },
    "rating": null,
    "crawled": "2025-11-27T07:56:01.034+02:00",
    "updated": "2025-11-27T07:59:32.000+02:00"
}