{
    "thread": {
        "uuid": "ff688a00c5495763e8e0f236a5ed422b360467b7",
        "url": "https://sahebkhabar.ir/news/75999177/واکنش-ام-باپه-بعد-از-درخشش-برابر-تیم-طارمی",
        "site_full": "sahebkhabar.ir",
        "site": "sahebkhabar.ir",
        "site_section": "http://sahebkhabar.ir/rss/tp/7",
        "site_categories": [],
        "section_title": "صاحب‌خبران - جدیدترین و آخرین اخبار ایران و جهان - ورزشی",
        "site_title": null,
        "title": "واکنش ام‌باپه بعد از درخشش برابر تیم طارمی",
        "title_full": "واکنش ام‌باپه بعد از درخشش برابر تیم طارمی",
        "published": "2025-11-27T07:20:00.000+02:00",
        "replies_count": 0,
        "participants_count": 1,
        "site_type": "news",
        "country": "IR",
        "main_image": "https://sahebkhabar.ir/hermes/isna1/isna1-1404090603492.jpg",
        "performance_score": 0,
        "domain_rank": 160255,
        "domain_rank_updated": "2025-11-23T23:00:00.000+02:00",
        "licensing_agency": [],
        "social": {
            "facebook": {
                "likes": 0,
                "comments": 0,
                "shares": 0
            },
            "vk": {
                "shares": 0
            }
        }
    },
    "uuid": "ff688a00c5495763e8e0f236a5ed422b360467b7",
    "url": "https://sahebkhabar.ir/news/75999177/واکنش-ام-باپه-بعد-از-درخشش-برابر-تیم-طارمی",
    "ord_in_thread": 0,
    "author": "صاحب‌خبران - جدیدترین و آخرین اخبار ایران و جهان",
    "published": "2025-11-27T07:20:00.000+02:00",
    "title": "واکنش ام‌باپه بعد از درخشش برابر تیم طارمی",
    "text": "صاحبخبر -\nبه گزارش ایسنا، رئال مادرید در دیدار برابر المپیاکوس در هفته پنجم مرحله گروهی لیگ قهرمانان اروپا با نتیجه چهار بر سه به پیروزی رسید.\nستاره این بازی کیلیان ام باپه بود که چهار گل به ثمر رساند.\nاین ستاره فرانسوی بعد از بازی گفت: خیلی مهم بود که دوباره برنده شویم. میدانیم که در سه بازی گذشته هیچ پیروزیای نداشتیم که برای تیمی مثل ما دورهای بسیار طولانی است. امروز روز خاصی در لیگ قهرمانان بود. مهم بود که برنده شویم تا این مرحله را در جمع هشت تیم برتر به پایان برسانیم که هدف تیم در نیم فصل نخست است. بازی تا حدی پیچیده بود. میدانیم که پیروزی در اینجا سخت است. شروع بسیار بدی داشتیم و توپ را زیاد از دست دادیم. گل اول را خوردیم، سپس کنترل بازی را به دست گرفتیم و گلهای زیادی زدیم. نیمه دوم مبادلهای بود: ما گل زدیم، آنها هم گل زدند اما در نهایت پیروز شدیم.\nاو در پاسخ به این سوال که رئال بعد از این بازی در چه چیزهایی نیاز به بهبود دارد؟ گفت: نمیدانم. باید دوباره بررسی کنیم. تنها چیزی که میبینم این است که ما کنترل بازی را در دست داشتیم. با خوشحالی زیادی زمین را ترک کردیم چون گل زدیم و فرصتهای بیشتری برای گلزنی داشتیم. اول باید به نکات مثبت نگاه کنیم، سپس به منفیها.\nام باپه درباره ثبت اولین ۴ گل خود در یک بازی لیگ قهرمانان گفت: احساس خوشحالی میکنم، بسیار خوشحالم. گل زدن همیشه برایم لذتبخش است. همتیمیهایم پاسهای باکیفیت زیادی به من میدهند. خیلی خوششانس هستم که در این تیم و کنار این بازیکنان بازی میکنم. همیشه سعی میکنم گل بزنم؛ گاهی اتفاق میافتد، گاهی نه اما همیشه قصد کمک به تیمم را دارم.\nاین ستاره فرانسوی در پایان درباره وضعیت تیم و هواداران گفت: تیم را در وضعیت خوبی میبینم، البته چیزهایی هست که باید بهبود یابد. میدانم مردم خارج از تیم زیاد حرف میزنند. وقتی برای تیمی مثل رئال مادرید بازی میکنی، طبیعی است که مردم حرف بزنند. باید از بازیکنان، مربی و همه اعضای تیم حمایت کنیم، چون در نهایت همه با هم هستیم. نمیگویم که مقابل کسانی خارج از باشگاه ایستادهایم اما در پایان، همه با هم هستیم، همراه با همه هواداران رئال مادرید. میدانم هواداران رئال مادرید پشت ما هستند. باید به این لوگوی باشگاه افتخار کنیم و بهترین تلاشمان را برای آن بکنیم چون این فصل برای بسیاری چیزها بازی خواهیم کرد.\nانتهای پیام\n∎",
    "highlightText": "",
    "highlightTitle": "",
    "highlightThreadTitle": "",
    "language": "persian",
    "sentiment": "positive",
    "categories": [
        "Sport"
    ],
    "topics": [
        "Sport->soccer",
        "Sport->sport achievement",
        "Sport->sport event"
    ],
    "ai_allow": true,
    "has_canonical": false,
    "breaking": false,
    "webz_reporter": false,
    "external_links": [],
    "external_images": [],
    "internal_images": [],
    "entities": {
        "persons": [],
        "locations": [],
        "organizations": []
    },
    "syndication": {
        "syndicated": null,
        "syndicate_id": null,
        "first_syndicated": false
    },
    "trust": {
        "categories": [],
        "top_news": [],
        "bias": null,
        "source": {
            "type": null,
            "city": null,
            "state": null,
            "country": null,
            "domain_type": null,
            "agency": null,
            "organization_name": null
        }
    },
    "rating": null,
    "crawled": "2025-11-27T07:56:05.715+02:00",
    "updated": "2025-11-27T07:57:19.000+02:00"
}