{
    "thread": {
        "uuid": "72b1703f3648e6ba788b7579a6b8dee6f23e55f1",
        "url": "https://www.fussballeuropa.com/news/sid/viererpacker-mbappe-normal-dass-die-leute-reden-2025-11",
        "site_full": "www.fussballeuropa.com",
        "site": "fussballeuropa.com",
        "site_section": "https://fussballeuropa.com/beliebt",
        "site_categories": [
            "world_soccer",
            "tech",
            "sports"
        ],
        "section_title": "Fussball Europa",
        "site_title": "Fussball Europa",
        "title": "Viererpacker Mbappé: \"Normal, dass die Leute reden\"",
        "title_full": "Viererpacker Mbappé: \"Normal, dass die Leute reden\"",
        "published": "2025-11-27T05:39:00.000+02:00",
        "replies_count": 0,
        "participants_count": 1,
        "site_type": "news",
        "country": "DE",
        "main_image": "https://www.fussballeuropa.com/images/xtra/sid/000_86AW3YV-ipad.jpg",
        "performance_score": 0,
        "domain_rank": 135907,
        "domain_rank_updated": "2025-11-23T23:00:00.000+02:00",
        "licensing_agency": [],
        "social": {
            "facebook": {
                "likes": 0,
                "comments": 0,
                "shares": 0
            },
            "vk": {
                "shares": 0
            }
        }
    },
    "uuid": "72b1703f3648e6ba788b7579a6b8dee6f23e55f1",
    "url": "https://www.fussballeuropa.com/news/sid/viererpacker-mbappe-normal-dass-die-leute-reden-2025-11",
    "ord_in_thread": 0,
    "author": "Sport-Informations-Dienst",
    "published": "2025-11-27T05:39:00.000+02:00",
    "title": "Viererpacker Mbappé: \"Normal, dass die Leute reden\"",
    "text": "SID\nDie Unruhe war groß, doch Kylian Mbappé hat sie im Stile eines Champions höchstpersönlich beseitigt. \"Es war sehr wichtig, auf die Siegerstraße zurückzukehren. Wir wissen, dass drei Spiele ohne Erfolg viel sind für uns\", sagte der Stürmerstar von Real Madrid nach seinem Viererpack beim spektakulären 4:3 (3:1) in der Champions League bei Olympiakos Piräus und betonte: \"Bei einem Klub wie Real ist es normal, dass die Leute anfangen zu reden\", wenn die Königlichen drei Partien in Serie nicht gewinnen.\nMbappé machte Schluss damit und führte Madrid im achten Versuch zum ersten Sieg in Griechenland. Er erzielte den zweitschnellsten Hattrick in der Geschichte des Wettbewerbs (22., 24., 29.) nach Mohamed Salah vom FC Liverpool und legte das vierte Tor nach (59.), sein neuntes in dieser Saison.\n\"Ich bin sehr glücklich, es ist immer ein Vergnügen, Tore zu schießen\", sagte er bei Movistar: \"Meine Mitspieler bedienen mich mit Qualitätspässen. Ich bin sehr froh, in dieser Mannschaft und mit diesen Spielern spielen zu dürfen. Aber natürlich gibt es Dinge, die wir verbessern können.\"\nMit dem Erfolg rückte auch Trainer Xabi Alonso aus der Schusslinie. \"Das Wichtigste war, diese negative Dynamik zu durchbrechen und dieses Gefühl (des Sieges) wieder zu erlangen\", sagte er: \"Wir brauchen jeden, aber es ist klar, dass Kylian herausstach.\"",
    "highlightText": "",
    "highlightTitle": "",
    "highlightThreadTitle": "",
    "language": "german",
    "sentiment": "positive",
    "categories": [
        "Sport"
    ],
    "topics": [
        "Sport->sport event",
        "Sport->soccer"
    ],
    "ai_allow": true,
    "has_canonical": false,
    "breaking": null,
    "webz_reporter": false,
    "external_links": [],
    "external_images": [],
    "internal_images": [],
    "entities": {
        "persons": [
            {
                "name": "Kylian Mbappé",
                "sentiment": "none"
            },
            {
                "name": "Mohamed Salah",
                "sentiment": "none"
            }
        ],
        "locations": [
            {
                "name": "Griechenland",
                "sentiment": "none"
            },
            {
                "name": "Madrid",
                "sentiment": "none"
            }
        ],
        "organizations": [
            {
                "name": "SID",
                "sentiment": "none",
                "tickers": [
                    {
                        "ticker": null,
                        "exchange": null
                    }
                ]
            },
            {
                "name": "Olympiakos Piräus",
                "sentiment": "none",
                "tickers": [
                    {
                        "ticker": null,
                        "exchange": null
                    }
                ]
            },
            {
                "name": "Champions League",
                "sentiment": "none",
                "tickers": [
                    {
                        "ticker": null,
                        "exchange": null
                    }
                ]
            },
            {
                "name": "FC Liverpool",
                "sentiment": "none",
                "tickers": [
                    {
                        "ticker": null,
                        "exchange": null
                    }
                ]
            },
            {
                "name": "Real Madrid",
                "sentiment": "none",
                "tickers": [
                    {
                        "ticker": null,
                        "exchange": null
                    }
                ]
            }
        ]
    },
    "syndication": {
        "syndicated": null,
        "syndicate_id": null,
        "first_syndicated": false
    },
    "trust": {
        "categories": [],
        "top_news": [],
        "bias": null,
        "source": {
            "type": null,
            "city": null,
            "state": null,
            "country": null,
            "domain_type": null,
            "agency": null,
            "organization_name": null
        }
    },
    "rating": null,
    "crawled": "2025-11-27T08:07:13.090+02:00",
    "updated": "2025-11-27T08:15:00.000+02:00"
}