{
    "thread": {
        "uuid": "5759a02855e459881968a9345260c78c294062db",
        "url": "https://news.zhibo8.com/nba/2025-11-27/6927e2c2312fanative.htm",
        "site_full": "news.zhibo8.com",
        "site": "zhibo8.com",
        "site_section": "https://news.zhibo8.com",
        "site_categories": [],
        "section_title": "æ–°é—»é¢‘é�“-ç›´æ’­å�§",
        "site_title": "直播吧",
        "title": "冲击力很强！瓦塞尔17中9拿到23分6篮板1抢断-直播吧",
        "title_full": "冲击力很强！瓦塞尔17中9拿到23分6篮板1抢断-直播吧",
        "published": "2025-11-27T02:00:00.000+02:00",
        "replies_count": 0,
        "participants_count": 0,
        "site_type": "news",
        "country": "CN",
        "main_image": "",
        "performance_score": 0,
        "domain_rank": 44670,
        "domain_rank_updated": "2025-11-23T23:00:00.000+02:00",
        "licensing_agency": [],
        "social": {
            "facebook": {
                "likes": 0,
                "comments": 0,
                "shares": 0
            },
            "vk": {
                "shares": 0
            }
        }
    },
    "uuid": "5759a02855e459881968a9345260c78c294062db",
    "url": "https://news.zhibo8.com/nba/2025-11-27/6927e2c2312fanative.htm",
    "ord_in_thread": 0,
    "author": null,
    "published": "2025-11-27T02:00:00.000+02:00",
    "title": "冲击力很强！瓦塞尔17中9拿到23分6篮板1抢断-直播吧",
    "text": "直播吧11月27日讯 NBA杯，马刺115-102战胜开拓者。\n本场比赛，马刺球员瓦塞尔表现出色，场上冲击力十足，在35分钟的时间里，投篮17中9，三分球5中3，罚球2中2，拿到23分6篮板1抢断的数据。",
    "highlightText": "",
    "highlightTitle": "",
    "highlightThreadTitle": "",
    "language": "chinese",
    "sentiment": "positive",
    "categories": [
        "Sport"
    ],
    "topics": [
        "Sport->basketball"
    ],
    "ai_allow": true,
    "has_canonical": false,
    "breaking": null,
    "webz_reporter": false,
    "external_links": [],
    "external_images": [],
    "internal_images": [],
    "entities": {
        "persons": [],
        "locations": [],
        "organizations": []
    },
    "syndication": {
        "syndicated": null,
        "syndicate_id": null,
        "first_syndicated": false
    },
    "trust": {
        "categories": [],
        "top_news": [],
        "bias": null,
        "source": {
            "type": null,
            "city": null,
            "state": null,
            "country": null,
            "domain_type": null,
            "agency": null,
            "organization_name": null
        }
    },
    "rating": null,
    "crawled": "2025-11-27T07:43:41.741+02:00",
    "updated": "2025-11-27T07:44:54.000+02:00"
}