{
    "thread": {
        "uuid": "5a1aaf30299c3515e0857933f5f2cf51bcb16e01",
        "url": "https://www.snackandbakery.com/articles/112355-key-technology-debuts-optical-sorters-for-nuts",
        "site_full": "www.snackandbakery.com",
        "site": "snackandbakery.com",
        "site_section": "https://www.snackandbakery.com/rss/articles",
        "site_categories": [
            "food",
            "desserts_and_baking"
        ],
        "section_title": "Snack Food &amp; Wholesale Bakery",
        "title": "Key Technology debuts optical sorters for nuts | Snack Food & Wholesale Bakery",
        "title_full": "Key Technology debuts optical sorters for nuts | Snack Food & Wholesale Bakery",
        "published": "2024-10-18T00:00:00.000+03:00",
        "replies_count": 0,
        "participants_count": 1,
        "site_type": "news",
        "country": "US",
        "main_image": "https://www.snackandbakery.com/ext/resources/2024/10/17/key-compass-for-nuts.jpg?height=635&amp;t=1729196037&amp;width=1200",
        "performance_score": 0,
        "domain_rank": 73009,
        "domain_rank_updated": "2024-10-15T00:00:00.000+03:00",
        "social": {
            "facebook": {
                "likes": 0,
                "comments": 0,
                "shares": 0
            },
            "vk": {
                "shares": 0
            }
        }
    },
    "uuid": "5a1aaf30299c3515e0857933f5f2cf51bcb16e01",
    "url": "https://www.snackandbakery.com/articles/112355-key-technology-debuts-optical-sorters-for-nuts",
    "ord_in_thread": 0,
    "parent_url": null,
    "author": null,
    "published": "2024-10-18T00:00:00.000+03:00",
    "title": "Key Technology debuts optical sorters for nuts | Snack Food & Wholesale Bakery",
    "text": "Key Technology , a member of Duravant’s Food Sorting and Handling Solutions group, will introduce its Compass optical sorter for nuts at PACK EXPO booth S-2858. The high-capacity system identifies and removes undesirable product defects and foreign material (FM) such as shells, shell fragments, rocks, and wood sticks. Compass reportedly helps nut processors protect food safety and achieve exact final product quality specifications, including color grading, while maximizing ease of operation and increasing profitability.\n“The message from nut processors is that other optical sorters on the market are overly complex and difficult to use. That’s why we designed Compass—to simplify operation, sanitation, and maintenance while delivering consistent sort performance day in and day out across different product batches and operators. Its ergonomic user interface was developed in collaboration with UI experts to mimic the intuitive navigation of smartphone apps,” says Jack Lee, Duravant group president - food sorting and handling solutions. “With nut prices continually under pressure, processors are looking for an accurate, high-throughput sorting system that delivers a great return on investment. Compass fits all their needs.”\nIdeal for sorting walnuts, almonds, hazelnuts, pistachios, peanuts, pecans, cashews, and more, Compass finds and rejects a wide variety of FM and products defects such as small, loose, and embedded shell fragments, membrane material, insect damage, surface scratches, color-based defects, rocks, sticks, plastics, paper, and glass. Accurate color and shape grading reportedly enables processors to meet the most stringent product quality specifications.\nRecipe-driven operation ensures consistent sort performance on every product run. Operators can create and adjust sort recipes, including adding new products to sort, new grades, or different varieties of an existing product. A new operator without any technical skills can learn how to operate the system in production in under 30 minutes.\nKey tailors each Compass to satisfy each customer’s unique quality selection requirements, the brand says. Compass can be equipped with next-generation shortwave infrared (SWIR) InGaAs sensors and/or visible-infrared (RGB and IR) sensors to detect the color, size, shape, and/or structural properties of every object, depending on the application. Compass is available with Key’s proprietary Pixel Fusion technology, a solution that combines pixel-level input from multiple sensor types to produce optimal contrasts for finding FM and product defects.\nFeaturing a new, open-design mechanical architecture, Compass has no moving parts, significantly reducing overall total cost of ownership. Sensor and light windows are positioned away from product splatter, so accurate inspection is sustained throughout long production cycles without operator intervention. The Compass architecture facilitates easy access for workers and minimizes cleaning and maintenance requirements.\nCompass also features Key Discovery, a data analytics and reporting software that turns the sorter into an IIoT-connected device and information center for the customer’s operation.",
    "highlightText": "",
    "highlightTitle": "",
    "highlightThreadTitle": "",
    "language": "english",
    "sentiment": "positive",
    "categories": [
        "Economy, Business and Finance",
        "Science and Technology"
    ],
    "ai_allow": true,
    "webz_reporter": false,
    "external_links": [],
    "external_images": [],
    "entities": {
        "persons": [],
        "organizations": [],
        "locations": []
    },
    "syndication": {
        "syndicated": false,
        "syndicate_id": null,
        "first_syndicated": false
    },
    "rating": null,
    "crawled": "2024-10-18T00:59:39.085+03:00",
    "updated": "2024-10-18T00:59:39.085+03:00"
}