{
    "thread": {
        "uuid": "5ad66bff308bad68a8f799f6961106c7bf9f566b",
        "url": "https://markets.financialcontent.com/stocks/article/marketersmedia-2024-10-17-uk-social-media-manager-side-hustle-video-training-course-for-beginners-updated",
        "site_full": "markets.financialcontent.com",
        "site": "financialcontent.com",
        "site_section": "https://markets.financialcontent.com/stocks/markets/news?provider=marketersmedia&currentpage=8",
        "site_categories": [
            "financial_news",
            "finance"
        ],
        "section_title": "Stock Market News | NSDQ, NYSE, and AMEX Stock Market News, Market News Categories, Market Indicators | FinancialContent Business Page ",
        "title": "UK Social Media Manager Side Hustle: Video Training Course For Beginners Updated | FinancialContent Business Page",
        "title_full": "UK Social Media Manager Side Hustle: Video Training Course For Beginners Updated | FinancialContent Business Page",
        "published": "2024-10-17T23:19:00.000+03:00",
        "replies_count": 0,
        "participants_count": 1,
        "site_type": "news",
        "country": "US",
        "main_image": "",
        "performance_score": 0,
        "domain_rank": 6697,
        "domain_rank_updated": "2024-10-15T00:00:00.000+03:00",
        "social": {
            "facebook": {
                "likes": 0,
                "comments": 0,
                "shares": 0
            },
            "vk": {
                "shares": 0
            }
        }
    },
    "uuid": "5ad66bff308bad68a8f799f6961106c7bf9f566b",
    "url": "https://markets.financialcontent.com/stocks/article/marketersmedia-2024-10-17-uk-social-media-manager-side-hustle-video-training-course-for-beginners-updated",
    "ord_in_thread": 0,
    "parent_url": null,
    "author": "Press Release Distribution Service",
    "published": "2024-10-17T23:19:00.000+03:00",
    "title": "UK Social Media Manager Side Hustle: Video Training Course For Beginners Updated | FinancialContent Business Page",
    "text": "Video On Demand Courses has updated its training course on how to become a social media consultant in 2024.\nWingham, United Kingdom - October 17, 2024 —\nThe newly updated video course includes strategies, case studies, and training materials for beginners looking to start a social media consultancy business as a new career or a side hustle.\nTo find out more, visit https://www.videoondemandcourses.co.uk/opt-in-c0a30ec1-613e-495f-8bf2-0449e6205dae\nThe materials in the course focus on the early stages of building and marketing a social media consulting service, particularly how to select a niche and platform to operate on. As the instructors explain, the market for freelance content creators has never been larger, and their tips are designed to help those interested get a foothold in the industry.\nThe course arrives at a time when the majority - approximately 50% - of surveyed UK residents report relying on a side hustle of some kind to supplement their income. Of that group, 75% said that they were selling online or relying otherwise on digital infrastructure as the foundation of their business. Notably, almost all respondents said they would prefer to rely on their side hustle as a full-time source of income.\nSocial media consulting is an ideal side hustle given that most businesses require digital branding services, and social media marketing can be a more affordable alternative to PPC ad placements. There is a high demand for these services at the moment, with TikTok testimonials growing increasingly popular among small businesses.\nThe course materials are delivered on a monthly basis, allowing participants time to follow the template and develop their business before the next phase begins. Each stage of the course consists of around 5 short videos which participants can watch at their leisure.\nA spokesperson explains further, “It doesn’t matter if you are a complete beginner and haven’t ventured much into social media yourself. Maybe you haven’t even got a Facebook page yet. With this step-by-step, detailed video training you could be ready to start within hours and have this working for you fully in a few short months.”\nThose who sign up for the course will also receive a number of bonus training materials, including guides and checklists for entrepreneurs just starting out in the industry. These bonus materials will be made available instantly upon signup, alongside the first monthly video course.\nInterested parties can learn more and sign up at https://www.videoondemandcourses.co.uk/how-to-become-a-social-media-consultant\nContact Info:\nName: Sally Nash\nEmail: Send Email\nOrganization: Video on Demand Courses\nAddress: 10 North Court Close, Wingham, Kent CT3 1BW, United Kingdom\nWebsite: https://www.videoondemandcourses.co.uk/how-to-become-a-social-media-consultant\nSource: PressCable\nRelease ID: 89143940\nIf you encounter any issues, discrepancies, or concerns regarding the content provided in this press release, or if there is a need for a press release takedown, we urge you to notify us without delay at error@releasecontact.com (it is important to note that this email is the authorized channel for such matters, sending multiple emails to multiple addresses does not necessarily help expedite your request). Our expert team will be available to promptly respond within 8 hours – ensuring swift resolution of identified issues or offering guidance on removal procedures. Delivering accurate and reliable information is fundamental to our mission.",
    "highlightText": "",
    "highlightTitle": "",
    "highlightThreadTitle": "",
    "language": "english",
    "sentiment": "positive",
    "categories": [
        "Education",
        "Social Issue",
        "Science and Technology"
    ],
    "ai_allow": true,
    "webz_reporter": false,
    "external_links": [
        "https://www.videoondemandcourses.co.uk/opt-in-c0a30ec1-613e-495f-8bf2-0449e6205dae",
        "https://send.releasecontact.com/89143940",
        "https://www.videoondemandcourses.co.uk/how-to-become-a-social-media-consultant",
        "https://tracking.newsrpm.com/pixel?slug=marketersmedia-2024-10-17-uk-social-media-manager-side-hustle-video-training-course-for-beginners-updated",
        "https://videoondemandcourses.co.uk/how-to-become-a-social-media-consultant",
        "https://videoondemandcourses.co.uk/opt-in-c0a30ec1-613e-495f-8bf2-0449e6205dae",
        "https://tracking.newsrpm.com/pixel",
        "https://www.tracking.newsrpm.com/pixel?slug=marketersmedia-2024-10-17-uk-social-media-manager-side-hustle-video-training-course-for-beginners-updated",
        "https://www.send.releasecontact.com/89143940"
    ],
    "external_images": [],
    "entities": {
        "persons": [],
        "organizations": [],
        "locations": []
    },
    "syndication": {
        "syndicated": false,
        "syndicate_id": "5ad66bff308bad68a8f799f6961106c7bf9f566b",
        "first_syndicated": true
    },
    "rating": null,
    "crawled": "2024-10-18T00:08:58.248+03:00",
    "updated": "2024-10-18T00:08:58.248+03:00"
}