{
    "thread": {
        "uuid": "2350a35fdd07f27ba2294f0467434ebd6be310a6",
        "url": "https://stealthoptional.com/article/boston-dynamics-toyota-partner-for-advanced-humanoid-robots",
        "site_full": "stealthoptional.com",
        "site": "stealthoptional.com",
        "site_section": "https://stealthoptional.com/guides",
        "site_categories": [],
        "section_title": "Gaming Guides | Stealth Optional",
        "title": "Boston Dynamics & Toyota Join Forces to Advance Humanoid Robots",
        "title_full": "Boston Dynamics & Toyota Join Forces to Advance Humanoid Robots",
        "published": "2024-10-17T21:41:00.000+03:00",
        "replies_count": 0,
        "participants_count": 1,
        "site_type": "news",
        "country": "US",
        "main_image": "",
        "performance_score": 0,
        "domain_rank": 72016,
        "domain_rank_updated": "2024-10-15T00:00:00.000+03:00",
        "social": {
            "facebook": {
                "likes": 0,
                "comments": 0,
                "shares": 0
            },
            "vk": {
                "shares": 0
            }
        }
    },
    "uuid": "2350a35fdd07f27ba2294f0467434ebd6be310a6",
    "url": "https://stealthoptional.com/article/boston-dynamics-toyota-partner-for-advanced-humanoid-robots",
    "ord_in_thread": 0,
    "parent_url": null,
    "author": "Shubham Kumar",
    "published": "2024-10-17T21:41:00.000+03:00",
    "title": "Boston Dynamics & Toyota Join Forces to Advance Humanoid Robots",
    "text": "Boston Dynamics and Toyota Research Institute (TRI) have announced a strategic partnership to accelerate the development of human robots. This collaboration aims to accelerate the development of humanoid robots by using Boston Dynamic's Advanced humanoid platform, Atlas, and TRI's pioneering work in the Large Behaviour Model (LBM). By pooling their resources, Boston Dynamics and TRI aim to create humanoid robots that can easily handle complex tasks and adapt to their surroundings. This not only has the potential to revolutionize several industries but also to improve efficiency and safety in these sectors significantly. Revolutionizing Humanoid Robotics [Boston Dynamics](https://bostondynamics.com/atlas/), known for its exceptional progress in robotic mobility, has developed one of the most advanced humanoid robots, Atlas, with advanced flexibility and movement. However, the hardware has evolved significantly, and the software required to enable Atlas to communicate with its surroundings still presents challenges. This is where Toyota's expertise in AI comes into play. TRI's LBM allows robots to learn and adapt autonomously by simulating millions of task variations. This is done the same way LLMs like [ChatGPT](/article/chatgpt-loses-best-voice-scarlett-johansson) learn to understand and generate human language. By integrating this technology into Atlas, Boston Dynamics plans to develop strong, mobile, intelligent robots that are capable of multitasking in real-world conditions. Potential Applications and Challenges The collaboration between Boston Dynamics and TRI can potentially transform several sectors, including manufacturing and elder care. Toyota's interest in using [AI-powered robots](/article/robots-powered-by-soft-skills-could-apparently-be-future-business-leaders) on manufacturing lines to replace hazardous and repetitive jobs is just the beginning. The partnership also envisions robots assisting with everyday tasks and elderly care in households, demonstrating the vast potential of robotics to enhance our quality of life. While the partnership between Boston Dynamics and TRI holds promise for improving our lives, it's important to acknowledge the challenges that come with it. Despite the potential benefits, issues such as cost, safety, and ethical considerations need to be carefully navigated. This awareness is crucial for the responsible development and deployment of advanced humanoid robots. The Future of Advanced Humanoid Robots These organizations working together marks a vital milestone, but making humanoid robots ready for commercial use is still some years away. However, the combined expertise of Boston Dynamics in robotic hardware and TRI in AI can potentially revolutionize the robotics industry. By creating intelligent and autonomous machines, the partnership could significantly advance the field of robotics, opening up new possibilities for human-robot interaction and applications in various industries.",
    "highlightText": "",
    "highlightTitle": "",
    "highlightThreadTitle": "",
    "language": "english",
    "sentiment": "positive",
    "categories": [
        "Science and Technology"
    ],
    "ai_allow": true,
    "webz_reporter": false,
    "external_links": [
        "https://bostondynamics.com/atlas/),",
        "https://www.bostondynamics.com/atlas/),"
    ],
    "external_images": [],
    "entities": {
        "persons": [],
        "organizations": [],
        "locations": []
    },
    "syndication": {
        "syndicated": false,
        "syndicate_id": null,
        "first_syndicated": false
    },
    "rating": null,
    "crawled": "2024-10-18T00:25:57.954+03:00",
    "updated": "2024-10-18T00:25:57.954+03:00"
}