{
    "thread": {
        "uuid": "bf4a3eae334695e7ab45846f4464d42bf59de374",
        "url": "https://www.fredzone.org/apple-nouvel-ipad-mini-prise-en-charge-dapple-intelligence-apple-pencil-pro",
        "site_full": "www.fredzone.org",
        "site": "fredzone.org",
        "site_section": "https://www.fredzone.org/category/news",
        "site_categories": [
            "tech"
        ],
        "section_title": "News",
        "title": "Apple d\\u00e9voile un nouvel iPad mini avec prise en charge d’Apple Intelligence et de l’Apple Pencil Pro",
        "title_full": "Apple d\\u00e9voile un nouvel iPad mini avec prise en charge d’Apple Intelligence et de l’Apple Pencil Pro",
        "published": "2024-10-17T22:49:00.000+03:00",
        "replies_count": 0,
        "participants_count": 1,
        "site_type": "news",
        "country": "FR",
        "main_image": "https://www.fredzone.org/wp-content/uploads/2024/10/599e57d45a_ipad-mini-7-1.webp",
        "performance_score": 0,
        "domain_rank": 70391,
        "domain_rank_updated": "2024-10-15T00:00:00.000+03:00",
        "social": {
            "facebook": {
                "likes": 0,
                "comments": 0,
                "shares": 0
            },
            "vk": {
                "shares": 0
            }
        }
    },
    "uuid": "bf4a3eae334695e7ab45846f4464d42bf59de374",
    "url": "https://www.fredzone.org/apple-nouvel-ipad-mini-prise-en-charge-dapple-intelligence-apple-pencil-pro",
    "ord_in_thread": 0,
    "parent_url": null,
    "author": "Habib ADECHOKAN",
    "published": "2024-10-17T22:49:00.000+03:00",
    "title": "Apple d\\u00e9voile un nouvel iPad mini avec prise en charge d’Apple Intelligence et de l’Apple Pencil Pro",
    "text": "La marque Apple a présenté ce mardi une toute nouvelle version de l’iPad mini, qui est mit à jour pour l’ère d’Apple Intelligence ! Cette récente version est propulsée par la puce A17 Pro et compatibilité avec Apple Intelligence (la nouvelle offre d’IA générative de la marque). À noter qu’il s’agit de la 1ère mise à jour majeure de l’appareil de 8,3 pouces depuis 2021 ! Un bond en avant grâce à la puce A17 Pro La puce A17 Pro présente sur l’iPhone 15 Pro (le 1er compatible avec Apple Intelligence) est au cœur de l’évolution. Elle est dotée d’un CPU à six cœurs avec deux cœurs de performance et quatre cœurs d’efficacité, ainsi que d’un GPU à cinq cœurs. De quoi proposer des performances nettement supérieures à celles de la puce A16 Bionic qui équipait le modèle de 2021 ! À LIRE AUSSI : [L’iPad mini 7 serait sur le point d’être lancé, tandis que l’iPad mini 6 se dirige vers les rayons des soldes !](https://www.fredzone.org/lipad-mini-7-bientot-lance-tandis-que-lipad-mini-6-dirige-vers-soldes/) Apple Intelligence au cœur de l’expérience utilisateur La grande nouveauté réside dans le moteur neuronal qui permet l’accès à Apple Intelligence via iPadOS 18. Parmi les points forts de la réponse d’Apple aux assistants comme ChatGPT et Google Gemini, on trouve des outils d’écriture et une expérience Siri entièrement repensée. Cela étant dit, notez qu’Apple Intelligence est encore en cours développement. En plus de cela, certaines fonctionnalités comme la génération graphique Image Playground et l’intégration de ChatGPT restent encore à venir. Compatibilité avec l’Apple Pencil et l’Apple Pencil Pro Le nouvel iPad mini est aussi compatible avec l’Apple Pencil et l’Apple Pencil Pro. Il offrira plus de flexibilité aux artistes et à ceux qui préfèrent prendre des notes manuscrites. Encore que, il bénéficie de la nouvelle application Calculatrice qui permet de répondre aux notes manuscrites. À LIRE AUSSI : [L’iPad mini 7 : disponible dès le 1er novembre 2024 ?](https://www.fredzone.org/lipad-mini-7-disponible-1er-novembre/) Autres améliorations et disponibilité Grâce à sa caméra grand-angle arrière de 12 mégapixels, il prend en charge la technologie Smart HDR 4 pour un meilleur éclairage dans les photos. L’l’iPad mini conserve la fonctionnalité TouchID du bouton d’alimentation. Et ce, en lieu et place de FaceID disponible sur l’iPad Pro ! Le bijou est vendu à partir de 609€ pour 128 Go de stockage, soit presque le double de ce que proposait son prédécesseur. On peut déjà en précommander depuis le début de la semaine, mais les expéditions ne seront possibles qu’à partir du 23 octobre 2024. SOURCE : [TECHCRUNCH](https://techcrunch.com/2024/10/15/new-ipad-mini-brings-support-for-apple-intelligence-and-pencil-pro/)",
    "highlightText": "",
    "highlightTitle": "",
    "highlightThreadTitle": "",
    "language": "french",
    "sentiment": "positive",
    "categories": [
        "Science and Technology"
    ],
    "ai_allow": true,
    "webz_reporter": false,
    "external_links": [
        "https://techcrunch.com/2024/10/15/new-ipad-mini-brings-support-for-apple-intelligence-and-pencil-pro/)",
        "https://www.techcrunch.com/2024/10/15/new-ipad-mini-brings-support-for-apple-intelligence-and-pencil-pro/)"
    ],
    "external_images": [],
    "entities": {
        "persons": [],
        "organizations": [],
        "locations": []
    },
    "syndication": {
        "syndicated": null,
        "syndicate_id": null,
        "first_syndicated": false
    },
    "rating": null,
    "crawled": "2024-10-18T00:26:07.514+03:00",
    "updated": "2024-10-18T00:26:07.514+03:00"
}