{
    "thread": {
        "uuid": "e567909699471edf66cff3b6d10315e24b2f5ca6",
        "url": "https://www.openpr.com/news/3699133/serdes-market-usd-1-42b-by-2031-cagr-8-13",
        "site_full": "www.openpr.com",
        "site": "openpr.com",
        "site_section": "https://openpr.com",
        "site_categories": [
            "marketing",
            "financial_news",
            "finance",
            "business"
        ],
        "section_title": "openPR.com - Worldwide Open Public Relations - Publish Press Releases Free of Charge",
        "title": "SerDes Market: USD 1.42B by 2031, CAGR 8.13%.",
        "title_full": "SerDes Market: USD 1.42B by 2031, CAGR 8.13%.",
        "published": "2024-10-17T23:32:00.000+03:00",
        "replies_count": 0,
        "participants_count": 1,
        "site_type": "news",
        "country": "US",
        "main_image": "https://cdn.open-pr.com/L/a/La17858205_g.jpg",
        "performance_score": 0,
        "domain_rank": 10445,
        "domain_rank_updated": "2024-10-15T00:00:00.000+03:00",
        "social": {
            "facebook": {
                "likes": 0,
                "comments": 0,
                "shares": 0
            },
            "vk": {
                "shares": 0
            }
        }
    },
    "uuid": "e567909699471edf66cff3b6d10315e24b2f5ca6",
    "url": "https://www.openpr.com/news/3699133/serdes-market-usd-1-42b-by-2031-cagr-8-13",
    "ord_in_thread": 0,
    "parent_url": null,
    "author": "SkyQuest Technology Group",
    "published": "2024-10-17T23:32:00.000+03:00",
    "title": "SerDes Market: USD 1.42B by 2031, CAGR 8.13%.",
    "text": "SerDes Market: USD 1.42B by 2031, CAGR 8.13%. 10-17-2024 10:32 PM CET | IT, New Media & Software\nPress release from: SkyQuest Technology Group\nSerDes Market Scope:\nKey Insights : SerDes Market size was valued at USD 513 million in 2022 and is poised to grow from USD 577.43 million  in 2023 to USD 1,421.23 million by 2031, growing at a CAGR of 8.13% during the forecast period (2024-2031).\nAccess the full 2024 Market report for a comprehensive understanding @ https://www.skyquestt.com/report/serdes-market\nIn-Depth Exploration of the global SerDes Market: This report offers a thorough exploration of the global SerDes market, presenting a wealth of data that has been meticulously researched and analyzed. It identifies and examines the crucial market drivers, including pricing strategies, competitive landscapes, market dynamics, and regional growth trends. By outlining how these factors impact overall market performance, the report provides invaluable insights for stakeholders looking to navigate this complex terrain. Additionally, it features comprehensive profiles of leading market players, detailing essential metrics such as production capabilities, revenue streams, market value, volume, market share, and anticipated growth rates. This report serves as a vital resource for businesses seeking to make informed decisions in a rapidly evolving market.\nGet Instant Access to a Sample Copy of the Global SerDes Market Report: https://www.skyquestt.com/sample-request/serdes-market\nTrends and Insights Leading to Growth Opportunities\nThe best insights for investment decisions stem from understanding major market trends, which simplify the decision-making process for potential investors. The research strives to discover multiple growth opportunities that readers can evaluate and potentially capitalize on, armed with all relevant data. Through a comprehensive assessment of important growth factors, including pricing, production, profit margins, and the value chain, market growth can be more accurately forecast for the upcoming years.\nTop Firms Evaluated in the Global SerDes Market Research Report:\nTexas Instruments Inc.\nON Semiconductor Corporation\nSTMicroelectronics NV\nROHM Semiconductor\nBroadcom Inc.\nAnalog Devices, Inc.\nNXP Semiconductors N.V.\nAdvanced Micro Devices, Inc.\nMicrochip Technology Inc.\nMarvell Technology Group Ltd.\nSynopsys, Inc.\nMediaTek Inc.\nSemtech Corporation\nLattice Semiconductor Corporation\nMarvell Technology\nIntegrated Device Technology\nCredo Semiconductor\nMicron Technology\nIntel Corporation\nKey Aspects of the Report:\nMarket Summary: The report includes an overview of products/services, emphasizing the global SerDes market's overall size. It provides a summary of the segmentation analysis, focusing on product/service types, applications, and regional categories, along with revenue and sales forecasts.\nCompetitive Analysis: This segment presents information on market trends and conditions, analyzing various manufacturers. It includes data regarding average prices, as well as revenue and sales distributions for individual players in the market.\nBusiness Profiles: This chapter provides a thorough examination of the financial and strategic data for leading players in the global SerDes market, covering product/service descriptions, portfolios, geographic reach, and revenue divisions.\nSales Analysis by Region: This section provides data on market performance, detailing revenue, sales, and market share across regions. It also includes projections for sales growth rates and pricing strategies for each regional market, such as:\nNorth America: United States, Canada, and Mexico\nEurope: Germany, France, UK, Russia, and Italy\nAsia-Pacific: China, Japan, Korea, India, and Southeast Asia\nSouth America: Brazil, Argentina, Colombia, etc.\nMiddle East and Africa: Saudi Arabia, UAE, Egypt, Nigeria, and South Africa\nThis in-depth research study has the capability to tackle a range of significant questions that are pivotal for understanding the market dynamics, and it specifically aims to answer the following key inquiries:\nHow big could the global SerDes market become by the end of the forecast period? Let's explore the exciting possibilities!\nWill the current market leader in the global SerDes segment continue to hold its ground, or is change on the horizon?\nWhich regions are poised to experience the most explosive growth in the SerDes market? Discover where the future opportunities lie!\nIs there a particular player that stands out as the dominant force in the global SerDes market? Let's find out who's leading the charge!\nWhat are the key factors driving growth and the challenges holding back the global SerDes market? Join us as we uncover the forces at play!\nAre you seeking to personalize this report in a way that addresses your particular interests and insights? If so, simply ask us here for further details : https://www.skyquestt.com/speak-with-analyst/serdes-market\nTable of Contents\nChapter 1 Industry Overview\n1.1 Definition\n1.2 Assumptions\n1.3 Research Scope\n1.4 Market Analysis by Regions\n1.5 Market Size Analysis from 2023 to 2030\n11.6 COVID-19 Outbreak: Medical Computer Cart Industry Impact\nChapter 2 Competition by Types, Applications, and Top Regions and Countries\n2.1 Market (Volume and Value) by Type\n2.3 Market (Volume and Value) by Regions\nChapter 3 Production Market Analysis\n3.1 Worldwide Production Market Analysis\n3.2 Regional Production Market Analysis\nChapter 4 Medical Computer Cart Sales, Consumption, Export, Import by Regions (2023-2023)\nChapter 5 North America Market Analysis\nChapter 6 East Asia Market Analysis\nChapter 7 Europe Market Analysis\nChapter 8 South Asia Market Analysis\nChapter 9 Southeast Asia Market Analysis\nChapter 10 Middle East Market Analysis\nChapter 11 Africa Market Analysis\nChapter 12 Oceania Market Analysis\nChapter 13 Latin America Market Analysis\nChapter 14 Company Profiles and Key Figures in Medical Computer Cart Business\nChapter 15 Market Forecast (2023-2030)\nChapter 16 Conclusions\nAddress:\n1 Apache Way, Westford, Massachusetts 01886\nPhone:\nUSA (+1) 351-333-4748\nEmail: sales@skyquestt.com\nAbout Us:\nSkyQuest Technology is leading growth consulting firm providing market intelligence, commercialization and technology services. It has 450+ happy clients globally.\nThis release was published on openPR.",
    "highlightText": "",
    "highlightTitle": "",
    "highlightThreadTitle": "",
    "language": "english",
    "sentiment": "positive",
    "categories": [
        "Science and Technology"
    ],
    "ai_allow": true,
    "webz_reporter": false,
    "external_links": [
        "https://www.skyquestt.com/speak-with-analyst/serdes-market",
        "https://opr.li/com/5de876469fa6aa8033adbe37366e8365/",
        "https://www.skyquestt.com/sample-request/serdes-market",
        "https://opr.li/com/1dc8fa30edab44f1a4a5a09678e454eb/",
        "https://opr.li/com/53b11e5727cc916801ae2e993cbeb172/",
        "https://www.skyquestt.com/report/serdes-market",
        "https://opr.li/com/53b11e5727cc916801ae2e993cbeb172",
        "https://www.opr.li/com/1dc8fa30edab44f1a4a5a09678e454eb/",
        "https://skyquestt.com/sample-request/serdes-market",
        "https://skyquestt.com/report/serdes-market",
        "https://www.opr.li/com/5de876469fa6aa8033adbe37366e8365/",
        "https://opr.li/com/5de876469fa6aa8033adbe37366e8365",
        "https://opr.li/com/1dc8fa30edab44f1a4a5a09678e454eb",
        "https://skyquestt.com/speak-with-analyst/serdes-market",
        "https://www.opr.li/com/53b11e5727cc916801ae2e993cbeb172/"
    ],
    "external_images": [],
    "entities": {
        "persons": [],
        "organizations": [],
        "locations": []
    },
    "syndication": {
        "syndicated": false,
        "syndicate_id": null,
        "first_syndicated": false
    },
    "rating": null,
    "crawled": "2024-10-18T00:21:02.866+03:00",
    "updated": "2024-10-18T00:21:02.866+03:00"
}