{
    "thread": {
        "uuid": "5f12f7dd11b06818dc1c407c51de1da9afb6bbeb",
        "url": "https://menafn.com/1108792558/Universal-Technical-Institutes-New-EV-And-BHEV-Curriculum-Launched-At-Avondale-And-Orlando-Campuses",
        "site_full": "menafn.com",
        "site": "menafn.com",
        "site_section": "https://www.golf.einnews.com/live_feed",
        "site_categories": [
            "investing",
            "financial_news",
            "finance"
        ],
        "section_title": "Live Feed Wire - Golf News Today - EIN Presswire",
        "title": "Universal Technical Institute's New EV And BHEV Curriculum Launched At Avondale And Orlando Campuses",
        "title_full": "Universal Technical Institute's New EV And BHEV Curriculum Launched At Avondale And Orlando Campuses",
        "published": "2024-10-17T03:00:00.000+03:00",
        "replies_count": 0,
        "participants_count": 1,
        "site_type": "news",
        "country": "US",
        "main_image": "https://menafn.com/includes/img/logo.jpg",
        "performance_score": 0,
        "domain_rank": 6297,
        "domain_rank_updated": "2024-10-15T00:00:00.000+03:00",
        "social": {
            "facebook": {
                "likes": 0,
                "comments": 0,
                "shares": 0
            },
            "vk": {
                "shares": 0
            }
        }
    },
    "uuid": "5f12f7dd11b06818dc1c407c51de1da9afb6bbeb",
    "url": "https://menafn.com/1108792558/Universal-Technical-Institutes-New-EV-And-BHEV-Curriculum-Launched-At-Avondale-And-Orlando-Campuses",
    "ord_in_thread": 0,
    "parent_url": null,
    "author": "MENAFN",
    "published": "2024-10-17T03:00:00.000+03:00",
    "title": "Universal Technical Institute's New EV And BHEV Curriculum Launched At Avondale And Orlando Campuses",
    "text": "Forgot Username or Password Date (MENAFN- PR Newswire) Five campuses now Teach the new curriculum in their core automotive program; further rollouts are planned. PHOENIX, Oct. 17, 2024 /PRNewswire/ --Universal Technical Institute , the transportation, skilled trades, and energy education division ofUniversal Technical Institute, Inc. , today announced the expansion of its core automotive program to include new BHEV and EV courses at UTI-Avondale and UTI-Orlando . The new courseware builds on the hybrid and EV training enhancements already deployed at UTI's threeCaliforniacampuses inSacramento ,Rancho Cucamonga , andLong Beach . It introduces high-voltage vehicle operation, explains electric vehicle components, operation, diagnosis, and service, reviews electronic principles, and provides unique training in electric battery vehicle system operation and testing. UTI Division President Tracy Lorenz noted, \"As the number of battery electric and electric vehicles on the road increases, so does the need for technicians trained to work on these complex cars and trucks. As part of our commitment to prepare graduates for an industry with ever-changing technology, wecontinue to evolve our curriculum to meet the needs of the transportation industry.\" Lorenz also stated, \"We work closely with our OEM partners as they update their curriculum in our manufacturer-specific advanced training (MSAT) programs to develop new training modules with BHEV and EV technology, further expanding UTI's EV training ecosystem.\" In recent months, UTI has updated its Ford FACT and BMW FastTrack MSAT programs to include EV curriculum. About Universal Technical Institute, Inc. Universal Technical Institute, Inc. (NYSE:UTI ) (the \"Company\") was founded in 1965 and is a leading workforce solutions provider of transportation, skilled trades, energy, and healthcare education programs. The Company's mission is to serve students, partners, and communities by providing quality education and support services for in-demand careers across a number of highly skilled fields. The Company is comprised of two divisions:Universal Technical Institute(UTI) and Concorde Career Colleges. UTI operates 16 campuses located in 9 states and offers a wide range of transportation and skilled trades technical training programs under brands such as UTI, MIAT College of Technology, Motorcycle Mechanics Institute, Marine Mechanics Institute and NASCAR Technical Institute. Concorde operates across 17 campuses in 8 states and online, offering programs in the allied health, dental, nursing, patient care and diagnostic fields. For more information, visit or , or visit us on LinkedIn at @UniversalTechnicalInstitute and @Concorde Career Colleges or on X (formerly Twitter) @news_UTI or @ConcordeCareer. Media Contact Alanna Vitucci [email protected] 480.710.6843 SOURCE Universal Technical Institute, Inc. MENAFN17102024003732001241ID1108792558 Legal Disclaimer: MENAFN provides the information “as is” without warranty of any kind. We do not accept any responsibility or liability for the accuracy, content, images, videos, licenses, completeness, legality, or reliability of the information contained in this article. If you have any complaints or copyright issues related to this article, kindly contact the provider above. Tags Comments Category",
    "highlightText": "",
    "highlightTitle": "",
    "highlightThreadTitle": "",
    "language": "english",
    "sentiment": "positive",
    "categories": [
        "Education",
        "Science and Technology"
    ],
    "ai_allow": true,
    "webz_reporter": false,
    "external_links": [],
    "external_images": [],
    "entities": {
        "persons": [],
        "organizations": [],
        "locations": []
    },
    "syndication": {
        "syndicated": false,
        "syndicate_id": null,
        "first_syndicated": false
    },
    "rating": null,
    "crawled": "2024-10-18T00:37:08.745+03:00",
    "updated": "2024-10-18T00:37:08.745+03:00"
}