{
    "thread": {
        "uuid": "c39d81b620e913a41ab88b633cd8b7736fd43ea3",
        "url": "https://skift.com/2024/10/17/meet-the-new-face-of-german-tourism-the-ai-travel-influencer-named-emma",
        "site_full": "skift.com",
        "site": "skift.com",
        "site_section": "https://skift.com/rss",
        "site_categories": [
            "travel"
        ],
        "section_title": "Skift",
        "title": "Meet the New Face of German Tourism: an AI Travel Influencer",
        "title_full": "Meet the New Face of German Tourism: an AI Travel Influencer",
        "published": "2024-10-18T00:26:00.000+03:00",
        "replies_count": 0,
        "participants_count": 1,
        "site_type": "news",
        "country": "US",
        "main_image": "https://skift.com/wp-content/uploads/2024/10/marius-serban-iFtuhgn7fYs-unsplash.jpg",
        "performance_score": 0,
        "domain_rank": 4205,
        "domain_rank_updated": "2024-10-15T00:00:00.000+03:00",
        "social": {
            "facebook": {
                "likes": 0,
                "comments": 0,
                "shares": 0
            },
            "vk": {
                "shares": 0
            }
        }
    },
    "uuid": "c39d81b620e913a41ab88b633cd8b7736fd43ea3",
    "url": "https://skift.com/2024/10/17/meet-the-new-face-of-german-tourism-the-ai-travel-influencer-named-emma",
    "ord_in_thread": 0,
    "parent_url": null,
    "author": "Dawit Habtemariam",
    "published": "2024-10-18T00:26:00.000+03:00",
    "title": "Meet the New Face of German Tourism: an AI Travel Influencer",
    "text": "Tourists looking to explore Germany can expect a helping hand from the country’s first AI-generated travel influencer, which the German National Tourist Board debuted on Thursday.\nCalled “Emma,” the AI is an interactive brand ambassador developed to inspire potential visitors. Emma is blonde, in her 30s, and a resident of Berlin — with a passion for traveling.\n“Emma’s visual appearance was intentionally designed to make her appear authentic and trustworthy as a representative of Germany. Her look blends a modern, cosmopolitan style with subtle references to German culture and architecture, such as nods to contemporary fashion and iconic German designs,” said a spokesperson for the German National Tourist Board told Skift.\nEmma will share videos and images of her journeys, along with tips on her own Instagram account: @EmmaTravelsGermany . She has already begun responding to comments on Instagram and having text conversations with travelers on the tourism board’s website . Emma, who speaks over 20 languages and is available 24/7, is powered by advanced deep learning algorithms and large language models.\nTesting New Tech “With the launch of Emma as an AI influencer, we are taking a further step in our digital strategy,” said Petra Hedorfer, the tourism board CEO, in a statement. “Along the customer journey, Emma can act as an innovative bridge builder between potential travelers and real, unforgettable experiences in Germany, starting from the inspiration phase.”\nThe German National Tourist Board developed the project in collaboration with the agency Startup Creator.\nIn the long run, the German National Tourist Board envisions Emma evolving from an information source into a personal travel companion capable of providing personalized travel itineraries tailored to users’ individual preferences and interests.\nEmma as Brand Ambassador The German National Tourist Board envisions Emma as a key representative for Germany in the tourism industry.\n“She could partner with major hotel chains, airlines, or travel agencies to offer exclusive travel deals, experiences, or discounts. Through such partnerships, Emma will not only become the face of German tourism but also a global facilitator of unique travel experiences,” said a spokesperson for the board.\nHowever, Germany’s destination marketers may have to wait a bit longer for technology to catch up somewhat with their full ambitions.\nOn launch day, in Skift’s test chats with Emma, her answers were basic. When asked for suggestions for a day in Berlin, she offered a short, light itinerary, with sentences like: “In the evening, head to Prenzlauer Berg and explore Kastanienallee. For nightlife, check out Weserstrasse in Neukölln.”\nYet the tourism board said that it’s early days. Through continuous machine learning, Emma will be able to respond to users’ emotional needs, offering empathetic replies or adjusting recommendations based on travelers’ moods and preferences, said a spokesperson.\nBy the end of the year, the AI assistant will also be able to access not only the information on germany.travel but also to real-time data from the tourism board’s open data project GNTB Knowledge Graph.\nReplacing Humans with AI Influencers On Instagram, some interpreted the launch of Emma as Germany replacing human content creators.\n“It would definitely be better to promote real-life people who exist and can form real opinions! There are so many travel creators out there who love Germany, have visited, and know the best destinations. People would much rather listen and hear from real people. Please do better!” wrote user wanderwithred on Instagram .\nThe German National Tourist Board responded on Instagram, saying it has no plans to replace human influencers because they create “authentic and emotional connections” and that Emma will “complement” and “enrich” their contributions.\nThe tourism board’s influencer network generated 148 million impressions on social media last year, according to the organization.\nInfluencers typically have established and engaged audiences. Destination marketing organizations pay influencers to help them reach that audience.\nAI’s Growth in Destination Marketing The new influencer project comes as destinations expand their investment into generative AI. Last week, Brand USA, America’s destination marketing organization, hired Janette Roush as its first chief AI officer. Roush was previously executive vice president of marketing and digital for New York City Tourism + Conventions.\nIn this new position, Roush will lead the organization’s AI strategy and innovation initiatives to pioneer new paths for consumer promotion, trade, and partner engagement for Brand USA.\nA key objective for destinations has been to use generative AI to replace generic top 10 lists and travel guides with personalized travel recommendations. “It’s never going to be a big bang moment, but slowly things change,” said Barry Rogers, head of the Dublin City Tourism Unit, at ITB Berlin in March . “Suddenly, it might be top 10 lists and Lonely Planet articles, and then suddenly it’s AI giving you personalized itineraries.”\nDublin City Council and OpenAI announced a partnership to develop AI-powered itineraries earlier this year.\nA Growing Influencer Class Attracts a Larger Piece of Destination Marketing As the social media influencer industry evolves and matures, destination marketing organizations are, in turn, taking them seriously as agents in their efforts to grow visitation.\nRead More The travel industry's top event returns to Dubai. Nov. 19-20 in Dubai Register Now",
    "highlightText": "",
    "highlightTitle": "",
    "highlightThreadTitle": "",
    "language": "english",
    "sentiment": "positive",
    "categories": [
        "Science and Technology",
        "Lifestyle and Leisure"
    ],
    "ai_allow": true,
    "webz_reporter": false,
    "external_links": [
        "https://www.youtube.com/embed/x0EMXhk60CM?feature=oembed",
        "https://www.instagram.com/reel/DBOOXNfCiy7/?igsh=eTAyMW4wdWUxcm5i",
        "https://www.germany.travel/en/home.html",
        "https://www.instagram.com/emmatravelsgermany/",
        "https://instagram.com/reel/DBOOXNfCiy7/?igsh=eTAyMW4wdWUxcm5i",
        "https://germany.travel/en/home.html",
        "https://www.youtube.com/embed/x0EMXhk60CM",
        "https://www.instagram.com/reel/DBOOXNfCiy7/",
        "https://youtube.com/embed/x0EMXhk60CM?feature=oembed",
        "https://instagram.com/emmatravelsgermany/",
        "https://www.instagram.com/emmatravelsgermany"
    ],
    "external_images": [],
    "entities": {
        "persons": [],
        "organizations": [],
        "locations": []
    },
    "syndication": {
        "syndicated": false,
        "syndicate_id": null,
        "first_syndicated": false
    },
    "rating": null,
    "crawled": "2024-10-18T00:53:50.875+03:00",
    "updated": "2024-11-05T10:19:06.810+02:00"
}