{
    "thread": {
        "uuid": "539061c325e0822737a67de15f59587a976d9188",
        "url": "https://www.apollotechnical.com/sustainability-in-engineering-and-design-how-renewable-energy-is-shaping-future-projects",
        "site_full": "www.apollotechnical.com",
        "site": "apollotechnical.com",
        "site_section": "https://apollotechnical.com/feed",
        "site_categories": [],
        "section_title": "Apollo Technical LLC",
        "title": "Sustainability in Engineering and Design: How Renewable Energy is Shaping Future Projects",
        "title_full": "Sustainability in Engineering and Design: How Renewable Energy is Shaping Future Projects",
        "published": "2024-10-17T20:46:00.000+03:00",
        "replies_count": 0,
        "participants_count": 1,
        "site_type": "news",
        "country": "US",
        "main_image": "https://www.apollotechnical.com/wp-content/uploads/2022/04/windmill-6307058_960_720.jpg",
        "performance_score": 0,
        "domain_rank": 23043,
        "domain_rank_updated": "2024-10-15T00:00:00.000+03:00",
        "social": {
            "facebook": {
                "likes": 0,
                "comments": 0,
                "shares": 0
            },
            "vk": {
                "shares": 0
            }
        }
    },
    "uuid": "539061c325e0822737a67de15f59587a976d9188",
    "url": "https://www.apollotechnical.com/sustainability-in-engineering-and-design-how-renewable-energy-is-shaping-future-projects",
    "ord_in_thread": 0,
    "parent_url": null,
    "author": "Ryan Bradshaw",
    "published": "2024-10-17T20:46:00.000+03:00",
    "title": "Sustainability in Engineering and Design: How Renewable Energy is Shaping Future Projects",
    "text": "As the global push towards sustainability gains momentum, the role of renewable energy in engineering and design has become increasingly significant. Engineers and architects are now tasked with integrating renewable energy solutions into their projects, not only to meet environmental standards but also to future-proof their designs against [rising energy costs](https://www.cbsnews.com/news/electricity-prices-rising-inflation-climate-change-clean-energy/) and resource scarcity. This shift towards green energy is reshaping how buildings, infrastructure, and even entire cities are being designed, with a clear focus on reducing carbon footprints and promoting long-term sustainability. In this article, we’ll explore how [renewable energy](https://www.mckinsey.com/industries/automotive-and-assembly/our-insights/enabling-renewable-energy-with-battery-energy-storage-systems) is transforming engineering and design projects, highlighting key trends, technologies, and strategies that are defining the future of sustainable development. 1. Renewable Energy as a Core Design Principle Traditionally, energy efficiency was often an afterthought in engineering and design projects. Today, it is at the forefront of the design process, with renewable energy playing a critical role. From the earliest planning stages, engineers and designers are now incorporating renewable energy sources such as solar, wind, and geothermal power into their projects. Solar Integration: Solar panels are no longer just an add-on to existing structures. They are being integrated into building designs in innovative ways, such as solar roofs, window panels, and facades. This trend, known as building-integrated photovoltaics (BIPV), transforms solar panels from functional components into aesthetic features, enhancing both energy efficiency and visual appeal. For instance, Tesla’s Solar Roof is a prime example of how solar energy can be seamlessly integrated into home design without compromising aesthetics. Wind Power in Urban Planning: Wind energy has traditionally been associated with large, rural wind farms, but advances in technology are making it possible to integrate wind power into urban environments. Small-scale wind turbines, such as vertical-axis turbines, are being incorporated into city infrastructure, powering streetlights, public buildings, and even transportation hubs. For example, Rotterdam’s Dutch Windwheel integrates wind power into a futuristic building design, generating clean energy for its occupants. By integrating renewable energy into the core of design principles, engineering projects can reduce dependence on fossil fuels and contribute to a more [sustainable](https://www.apollotechnical.com/how-to-make-your-business-more-sustainable/) future. 2. Net-Zero and Positive-Energy Buildings One of the most significant trends in sustainable engineering and design is the rise of net-zero energy buildings (NZEBs) and positive-energy buildings. These structures are designed to produce as much—or more—energy than they consume, thanks to a combination of renewable energy sources and advanced [energy efficiency](https://www.apollotechnical.com/revolutionize-your-energy-efficiency/) measures. Net-Zero Energy Buildings (NZEBs): NZEBs are designed to generate enough renewable energy to offset their annual energy consumption. This is typically achieved through a combination of energy-efficient design, such as proper insulation and passive solar heating, and renewable energy systems, such as rooftop solar panels or ground-source heat pumps. Positive-Energy Buildings: Positive-energy buildings take this concept a step further by producing more energy than they consume. The excess energy can be stored in batteries or fed back into the grid, providing clean energy for neighboring buildings or infrastructure. The Powerhouse Brattørkaia in Norway is a prime example of a positive-energy building, producing more than twice the amount of energy it consumes, making it one of the most energy-efficient buildings in the world. [Unified communication platforms](https://trueconf.com/unified-communication/platforms.html) can play a crucial role in managing the development of such projects by enabling seamless collaboration between various teams, stakeholders, and consultants. These platforms ensure that all parties are well-informed, allowing for quicker decision-making and more streamlined execution of complex, multi-disciplinary projects. Scott Allen, [Allen Law Firm: Monterey, CA](https://www.sjallenlaw.com/), emphasizes, “The concept of positive-energy buildings is transforming the way we think about sustainable architecture. It’s not just about reducing consumption but actively contributing to a greener grid.” These buildings represent the future of sustainable construction, where engineering and design are focused not just on reducing energy consumption, but on generating clean, renewable energy that can power communities. 3. Advancements in Renewable Materials The materials used in engineering and design projects play a crucial role in sustainability. The push for renewable energy has led to the development of innovative materials that reduce the carbon footprint of construction while improving energy efficiency. Sustainable Building Materials: Engineers and designers are increasingly turning to materials that are not only energy-efficient but also environmentally friendly. For example, cross-laminated timber (CLT) is being used as a renewable alternative to concrete and steel in construction. CLT is a lightweight, renewable material with excellent insulating properties, reducing the energy required for heating and cooling. [Kartik Ahuja](https://www.linkedin.com/in/thekartikahuja/), [Productivity Expert](https://kartikahuja.com), adds, “Utilizing sustainable materials such as CLT not only reduces the environmental impact of construction projects but also enhances overall project efficiency. These materials can contribute to a more streamlined building process, resulting in reduced project timelines and costs.” Incorporating an HR software system into these projects can further streamline resource management and employee allocation. By using an HR software system, project managers can optimize workforce scheduling, track project timelines, and ensure that personnel are utilized effectively to meet sustainability goals. This helps maintain smooth operations and reduces unnecessary overheads, contributing to overall project efficiency and alignment with environmental standards. Green Concrete: Another innovative material is green concrete, which uses industrial waste products like fly ash or slag to reduce the carbon footprint of traditional concrete. This material not only lowers emissions but also improves the durability and lifespan of the structures, contributing to long-term sustainability. The use of these advanced materials in engineering and design projects ensures that sustainability is considered at every stage of construction, from the ground up. 4. The Role of Smart Grids in Renewable Energy Integration As renewable energy sources become more prevalent, the need for smart grid systems has become crucial. Smart grids allow for better management of energy distribution, ensuring that renewable energy is efficiently utilized and that supply and demand are balanced in real-time. Energy Storage Solutions: One of the challenges of renewable energy is its intermittency. Solar and wind energy, for example, are dependent on weather conditions and time of day. Smart grids incorporate energy storage solutions such as lithium-ion batteries or pumped hydro storage, which allow excess energy to be stored and used when demand is high, or production is low. Demand Response Systems: Smart grids also enable demand response systems, where energy consumption can be adjusted based on availability. For example, during periods of high renewable energy production, smart grids can automatically shift energy-intensive activities, such as manufacturing or charging electric vehicles, to off-peak times. This ensures that renewable energy is being used efficiently, reducing the strain on traditional power grids and lowering overall energy costs. Larry, Creative Director at [Creamy Animation](https://creamyanimation.com/), explains, “We’ve been using dynamic animations to visually demonstrate how smart grids and renewable energy interact in real time. Through animation, we’re helping users better understand these complex systems, making sustainability efforts more accessible and engaging.” Link Shortening for Smart Grid Management: Implementing [link shortening](https://replug.io) tools within smart grid platforms can simplify communication and data sharing among different stakeholders. For example, project managers can create shortened URLs for easy access to real-time data, reports, and dashboards. These links can then be shared with team members, allowing quick and seamless collaboration on energy management strategies. Alex Parker, Operations Manager and Productivity Expert at [Work Schedule](https://work-schedule.net/), notes, “The implementation of smart grids is transforming how we manage energy resources. By using real-time data and advanced analytics, we can ensure that renewable energy is distributed where and when it’s needed most, minimizing waste and maximizing efficiency.” In addition, companies like [Scrub Daddy](https://growthscribe.com/scrub-daddy-net-worth/) are looking into ways to integrate renewable energy into their manufacturing processes. Scrub Daddy, known for its innovative cleaning products, is exploring how solar and wind power can reduce energy consumption at its facilities. This move aligns with the growing trend of incorporating renewable energy into all aspects of business operations, from product design to production and distribution. Smart grids are essential in ensuring that renewable energy sources are fully integrated into modern engineering and design projects, creating systems that are both sustainable and reliable. 5. Renewable Energy in Infrastructure and Transportation Design The transition to renewable energy is not limited to buildings and homes; it is also reshaping infrastructure and transportation design. Engineers are now integrating renewable energy sources into the very fabric of cities and transportation systems. Solar-Powered Infrastructure: Solar energy is being used to power a range of infrastructure projects, from streetlights to public transportation. Solar panels are being installed on bridges, highways, and even sidewalks, providing clean energy for the surrounding area. For example, the Solar Roadways Project in the United States aims to replace traditional asphalt roads with solar panels, generating energy to power nearby communities and electric vehicles. Electric Transportation Systems: Renewable energy is also driving the shift towards electric transportation. Electric buses, trains, and cars are becoming more common in cities worldwide, powered by clean energy sources like solar or wind. This not only reduces greenhouse gas emissions but also lowers operating costs for transportation systems. Cities like Oslo and Amsterdam are leading the way in integrating renewable energy into their public transportation networks, aiming for completely electric fleets within the next decade. Managing these large-scale projects requires meticulous planning and financial tracking. Implementing efficient billing and invoicing systems can streamline the management of renewable energy projects by ensuring accurate financial tracking and transparent reporting. This helps project managers maintain control over project costs, making the development of sustainable infrastructure more efficient and effective. By incorporating renewable energy into infrastructure and transportation design, engineers can create cities that are more resilient, sustainable, and energy-efficient. The Role of Renewable Energy in the Restaurant Industry The restaurant industry is also embracing technological advancements that promote both sustainability and operational efficiency. A key player in this transformation is the restaurant POS system, which integrates seamlessly with renewable energy practices. By utilizing solar-powered systems, restaurants can reduce their energy consumption while still maintaining effective and efficient service through these modern POS systems. This not only decreases operational costs but also aligns with the broader trend of eco-friendly business practices. Moreover, restaurant POS systems are crucial in helping restaurants manage their day-to-day operations while contributing to sustainability goals. These systems streamline order processing, inventory management, and billing, while also offering data analytics to optimize energy usage. By using solar-powered POS systems, restaurants can minimize their environmental impact, making the adoption of renewable energy practices more feasible in the food service industry. 6. Regulatory Policies and Incentives Driving Sustainable Design Governments and regulatory bodies are playing a key role in promoting sustainable engineering and design by introducing policies and incentives that encourage the use of renewable energy. Building Codes and Certifications: Many countries have implemented stricter building codes that require new construction projects to meet higher energy efficiency standards. Certifications such as LEED (Leadership in Energy and Environmental Design) or BREEAM (Building Research Establishment Environmental Assessment Method) are becoming increasingly important in determining the sustainability of a project. These certifications not only enhance the environmental credibility of a building but also offer financial benefits, such as tax breaks or subsidies. Incentives for Renewable Energy Integration: Governments are also providing incentives for integrating renewable energy into design projects. These can include tax credits, grants, or rebates for the installation of solar panels, wind turbines, or geothermal systems. For example, the Investment Tax Credit (ITC) in the United States provides a significant financial incentive for businesses and homeowners to install renewable energy systems, making it more affordable to adopt sustainable practices. Lauris Anderson, Founder at Calmer, [an anxiety relief app](https://gocalmer.com), emphasizes, “For businesses like ours, which focus on mental well-being, the environment plays a big role in reducing anxiety. Supporting sustainable building practices that lower environmental stressors aligns with our mission to create calming spaces for users, both online and offline.” These regulatory policies and incentives are crucial in accelerating the adoption of renewable energy in engineering and design, ensuring that future projects prioritize sustainability. Conclusion Renewable energy is not just a trend—it is a fundamental shift in how engineering and design projects are being approached. By integrating renewable energy sources into every aspect of construction, from the materials used to the systems that power buildings and infrastructure, engineers and designers are paving the way for a more [sustainable future](https://www.statista.com/statistics/1373278/consumer-opinions-on-living-sustainably-world/). As technology continues to evolve and policies incentivize green energy, the impact of renewable energy on future projects will only grow stronger, reshaping our cities, industries, and way of life. For professionals in engineering, design, and urban planning, embracing renewable energy is no longer optional—it’s essential to building a sustainable world that meets the demands of tomorrow.",
    "highlightText": "",
    "highlightTitle": "",
    "highlightThreadTitle": "",
    "language": "english",
    "sentiment": "positive",
    "categories": [
        "Science and Technology",
        "Environment",
        "Economy, Business and Finance"
    ],
    "ai_allow": true,
    "webz_reporter": false,
    "external_links": [
        "https://trueconf.com/unified-communication/platforms.html)",
        "https://creamyanimation.com/),",
        "https://www.sjallenlaw.com/),",
        "https://www.statista.com/statistics/1373278/consumer-opinions-on-living-sustainably-world/).",
        "https://gocalmer.com),",
        "https://www.linkedin.com/in/thekartikahuja/),",
        "https://growthscribe.com/scrub-daddy-net-worth/)",
        "https://kartikahuja.com),",
        "https://work-schedule.net/),",
        "https://www.cbsnews.com/news/electricity-prices-rising-inflation-climate-change-clean-energy/)",
        "https://www.mckinsey.com/industries/automotive-and-assembly/our-insights/enabling-renewable-energy-with-battery-energy-storage-systems)",
        "https://replug.io)",
        "https://www.replug.io)",
        "https://www.creamyanimation.com/),",
        "https://cbsnews.com/news/electricity-prices-rising-inflation-climate-change-clean-energy/)",
        "https://www.trueconf.com/unified-communication/platforms.html)",
        "https://mckinsey.com/industries/automotive-and-assembly/our-insights/enabling-renewable-energy-with-battery-energy-storage-systems)",
        "https://www.gocalmer.com),",
        "https://statista.com/statistics/1373278/consumer-opinions-on-living-sustainably-world/).",
        "https://sjallenlaw.com/),",
        "https://linkedin.com/in/thekartikahuja/),",
        "https://www.growthscribe.com/scrub-daddy-net-worth/)",
        "https://www.work-schedule.net/),",
        "https://www.kartikahuja.com),"
    ],
    "external_images": [],
    "entities": {
        "persons": [],
        "organizations": [],
        "locations": []
    },
    "syndication": {
        "syndicated": false,
        "syndicate_id": null,
        "first_syndicated": false
    },
    "rating": null,
    "crawled": "2024-10-18T00:13:44.664+03:00",
    "updated": "2024-10-18T00:13:44.664+03:00"
}