{
    "thread": {
        "uuid": "23de697bf2a669e1fe9cdfa2793b918b1ef70b8a",
        "url": "https://www.sanmarinortv.sm/news/attualita-c4/allerta-arancione-per-vento-su-san-marino-e-romagna-a269273",
        "site_full": "www.sanmarinortv.sm",
        "site": "sanmarinortv.sm",
        "site_section": "https://www.sanmarinortv.sm/eventi",
        "site_categories": [
            "tech"
        ],
        "section_title": "Eventi nella Repubblica di San Marino",
        "title": "Allerta arancione per vento su San Marino e Romagna",
        "title_full": "Allerta arancione per vento su San Marino e Romagna",
        "published": "2025-01-03T08:47:00.000+02:00",
        "replies_count": 0,
        "participants_count": 1,
        "site_type": "news",
        "country": "IT",
        "main_image": "https://www.sanmarinortv.sm/uploads/img/photo/67/67778806d822c486842876.JPG?t=1735887129",
        "performance_score": 0,
        "domain_rank": 100147,
        "domain_rank_updated": "2024-12-30T23:00:00.000+02:00",
        "social": {
            "facebook": {
                "likes": 0,
                "comments": 0,
                "shares": 0
            },
            "vk": {
                "shares": 0
            }
        }
    },
    "uuid": "23de697bf2a669e1fe9cdfa2793b918b1ef70b8a",
    "url": "https://www.sanmarinortv.sm/news/attualita-c4/allerta-arancione-per-vento-su-san-marino-e-romagna-a269273",
    "ord_in_thread": 0,
    "parent_url": null,
    "author": "San Marino Rtv",
    "published": "2025-01-03T08:47:00.000+02:00",
    "title": "Allerta arancione per vento su San Marino e Romagna",
    "text": "Allerta Arancione per vento sulle province Emiliano Romagnole, in particolare Ravenna, Forlì-Cesena e Rimini. È stata diramata dalla Regione per la prima parte della giornata di venerdì 3 gennaio. Anche sul Titano sono previsti venti di burrasca forte (75-88 Km/h) da sud-ovest, con rinforzi o raffiche di intensità superiore sulla fascia appenninica. Inoltre sono previste deboli precipitazioni anche a carattere di rovescio proprio sul nostro territorio, dove saranno possibili occasionali fenomeni franosi, ruscellamenti lungo i versanti e innalzamenti dei livelli idrometrici.\nRiproduzione riservata ©",
    "highlightText": "",
    "highlightTitle": "",
    "highlightThreadTitle": "",
    "language": "italian",
    "sentiment": "negative",
    "categories": [
        "Weather"
    ],
    "topics": [
        "Weather->weather warning"
    ],
    "ai_allow": true,
    "has_canonical": false,
    "webz_reporter": false,
    "external_links": [],
    "external_images": [],
    "entities": {
        "persons": [],
        "organizations": [
            {
                "name": "Regione",
                "sentiment": "none"
            }
        ],
        "locations": [
            {
                "name": "Emiliano Romagnole",
                "sentiment": "none"
            },
            {
                "name": "Cesen",
                "sentiment": "none"
            },
            {
                "name": "Forlì",
                "sentiment": "none"
            },
            {
                "name": "Rimini",
                "sentiment": "none"
            }
        ]
    },
    "syndication": {
        "syndicated": null,
        "syndicate_id": null,
        "first_syndicated": false
    },
    "rating": null,
    "crawled": "2025-01-03T09:01:55.928+02:00",
    "updated": "2025-01-03T09:01:55.928+02:00"
}