{
    "thread": {
        "uuid": "2f8e9ad677a2668bbbc6adf94efc9531a835000f",
        "url": "https://freerepublic.com/focus/f-chat/4287792/posts",
        "site_full": "freerepublic.com",
        "site": "freerepublic.com",
        "site_section": "https://freerepublic.com/tag/*/feed.rss",
        "site_categories": [
            "media"
        ],
        "section_title": "Latest Articles",
        "title": "This Storm Will Bring EVERYTHING At Once...",
        "title_full": "This Storm Will Bring EVERYTHING At Once...",
        "published": "2025-01-02T12:49:00.000+02:00",
        "replies_count": 0,
        "participants_count": 1,
        "site_type": "news",
        "country": "US",
        "main_image": "",
        "performance_score": 0,
        "domain_rank": 4592,
        "domain_rank_updated": "2024-12-30T23:00:00.000+02:00",
        "social": {
            "facebook": {
                "likes": 0,
                "comments": 0,
                "shares": 0
            },
            "vk": {
                "shares": 0
            }
        }
    },
    "uuid": "2f8e9ad677a2668bbbc6adf94efc9531a835000f",
    "url": "https://freerepublic.com/focus/f-chat/4287792/posts",
    "ord_in_thread": 0,
    "parent_url": null,
    "author": "metmom",
    "published": "2025-01-02T12:49:00.000+02:00",
    "title": "This Storm Will Bring EVERYTHING At Once...",
    "text": "A powerful winter storm system is set to impact much of the country, bringing multiple hazards including heavy snow, dangerous ice, and severe thunderstorms. This system will be accompanied by an intense cold blast that could send wind chills plummeting below -20°F in some areas.\nWhat makes this storm different:\nMultiple precipitation types creating hazardous conditions Significant temperature drops of 10-20 degrees below normal Potential for heavy snow accumulation Dangerous wind chills Risk of severe thunderstorms in warmer sectors\nStay tuned for updates as this system develops. While timing and exact impacts may change, this storm system has the potential to create significant travel disruptions and dangerous conditions.\nVideo is 10:22 minutes long",
    "highlightText": "",
    "highlightTitle": "",
    "highlightThreadTitle": "",
    "language": "english",
    "sentiment": "negative",
    "categories": [
        "Weather",
        "Social Issue",
        "Human Interest"
    ],
    "topics": [
        "Weather->weather phenomena",
        "Social Issue->social condition",
        "Social Issue->social problem"
    ],
    "ai_allow": true,
    "has_canonical": false,
    "webz_reporter": false,
    "external_links": [],
    "external_images": [],
    "entities": {
        "persons": [],
        "organizations": [],
        "locations": []
    },
    "syndication": {
        "syndicated": false,
        "syndicate_id": null,
        "first_syndicated": false
    },
    "rating": null,
    "crawled": "2025-01-03T03:53:51.676+02:00",
    "updated": "2025-01-03T03:53:51.676+02:00"
}