{
    "thread": {
        "uuid": "3bd4f61855f98059a708f2dbfa13f93eeead9889",
        "url": "https://www.alaskasnewssource.com:443/video/2025/01/03/new-year-new-you-maintaining-realistic-fitness-goals-2025",
        "site_full": "www.alaskasnewssource.com",
        "site": "alaskasnewssource.com",
        "site_section": "https://www.alaskasnewssource.com:443",
        "site_categories": [],
        "section_title": "Alaska&#x27;s News Source | KTUU/KYES | Anchorage, AK",
        "title": "Extreme Cold Warning issued January 2 at 5:40PM AKST until January 3 at 12:00PM AKST by NWS Juneau AK",
        "title_full": "Extreme Cold Warning issued January 2 at 5:40PM AKST until January 3 at 12:00PM AKST by NWS Juneau AK",
        "published": "2025-01-03T02:00:00.000+02:00",
        "replies_count": 0,
        "participants_count": 1,
        "site_type": "news",
        "country": "US",
        "main_image": "https://gray-ktuu-prod.gtv-cdn.com/resizer/v2/https%3A%2F%2Fdo0bihdskp9dy.cloudfront.net%2F01-03-2025%2Ft_8bebc5c1d7a44d7099a5c26798bee0c0_name_file_1280x720_2000_v3_1_.jpg?auth=96f00ae661c6f47e2ba0b9ee9a3e8b84b4040d6d525fee9b4f369d6c8aff56e1&amp;width=1200&amp;height=600&amp;smart=true",
        "performance_score": 0,
        "domain_rank": 12386,
        "domain_rank_updated": "2024-12-30T23:00:00.000+02:00",
        "social": {
            "facebook": {
                "likes": 0,
                "comments": 0,
                "shares": 0
            },
            "vk": {
                "shares": 0
            }
        }
    },
    "uuid": "3bd4f61855f98059a708f2dbfa13f93eeead9889",
    "url": "https://www.alaskasnewssource.com:443/video/2025/01/03/new-year-new-you-maintaining-realistic-fitness-goals-2025",
    "ord_in_thread": 0,
    "parent_url": null,
    "author": "@AKNewsNow",
    "published": "2025-01-03T02:00:00.000+02:00",
    "title": "Extreme Cold Warning issued January 2 at 5:40PM AKST until January 3 at 12:00PM AKST by NWS Juneau AK",
    "text": "Updated: 4 hours ago\nKaladi Brothers brews bucks for homeless youth with its Dale Tran's New Year's Day of Giving tradition.\nUpdated: moments ago\nKeagan Shelton was the teenager identified by police with upper body trauma on Monday night at an apartment on Eastgate Place, off Boniface Parkway near East 32nd Avenue.\nUpdated: 31 minutes ago\nThe man that the FBI has identified as being responsible for the New Year’s attack in New Orleans appears to have ties to Alaska.\nUpdated: 10 hours ago\nAnchorage police have a suspect in custody for their connection to a shooting incident in Eagle River on New Year's Eve, plus Recover Alaska is hosting multiple events in communities throughout the month for Dry January.",
    "highlightText": "",
    "highlightTitle": "",
    "highlightThreadTitle": "",
    "language": "english",
    "sentiment": "negative",
    "categories": [
        "Weather"
    ],
    "topics": [
        "Weather->weather warning"
    ],
    "ai_allow": true,
    "has_canonical": false,
    "webz_reporter": false,
    "external_links": [],
    "external_images": [],
    "entities": {
        "persons": [
            {
                "name": "Keagan Shelton",
                "sentiment": "none"
            }
        ],
        "organizations": [
            {
                "name": "Kaladi Brothers",
                "sentiment": "negative"
            },
            {
                "name": "FBI",
                "sentiment": "none"
            }
        ],
        "locations": [
            {
                "name": "East 32nd Avenue",
                "sentiment": "none"
            },
            {
                "name": "Boniface Parkway",
                "sentiment": "none"
            }
        ]
    },
    "syndication": {
        "syndicated": false,
        "syndicate_id": null,
        "first_syndicated": false
    },
    "rating": null,
    "crawled": "2025-01-03T05:02:54.572+02:00",
    "updated": "2025-01-03T05:02:54.572+02:00"
}