{
    "thread": {
        "uuid": "c9103bdab23d901ec499b2edb5f6a2ec874cf421",
        "url": "https://www.informazione.it/a/7B77BEF5-62A7-4A5E-B601-A3ED19ABC32B/Ciclone-della-Befana-neve-e-piogge-in-arrivo-sull-Italia",
        "site_full": "www.informazione.it",
        "site": "informazione.it",
        "site_section": "https://www.informazione.it/interno",
        "site_categories": [
            "media"
        ],
        "section_title": "Notizie Interno - informazione.it",
        "title": "Ciclone della Befana, neve e piogge in arrivo sull'Italia",
        "title_full": "Ciclone della Befana, neve e piogge in arrivo sull'Italia",
        "published": "2025-01-03T04:30:00.000+02:00",
        "replies_count": 0,
        "participants_count": 1,
        "site_type": "news",
        "country": "IT",
        "main_image": "https://q8.informazione.it/pics/ef5ae203-31bc-4909-886b-8d614ffa860b.jpeg",
        "performance_score": 0,
        "domain_rank": 38526,
        "domain_rank_updated": "2024-12-30T23:00:00.000+02:00",
        "social": {
            "facebook": {
                "likes": 0,
                "comments": 0,
                "shares": 0
            },
            "vk": {
                "shares": 0
            }
        }
    },
    "uuid": "c9103bdab23d901ec499b2edb5f6a2ec874cf421",
    "url": "https://www.informazione.it/a/7B77BEF5-62A7-4A5E-B601-A3ED19ABC32B/Ciclone-della-Befana-neve-e-piogge-in-arrivo-sull-Italia",
    "ord_in_thread": 0,
    "parent_url": null,
    "author": "@infoitinterno",
    "published": "2025-01-03T04:30:00.000+02:00",
    "title": "Ciclone della Befana, neve e piogge in arrivo sull'Italia",
    "text": "Ciclone della Befana, neve e piogge in arrivo sull'Italia\nArticolo Precedente\nArticolo Successivo\nIl lungo fine settimana dell'Epifania, che si estende dal 4 al 6 gennaio, sarà caratterizzato da condizioni meteorologiche incerte e molto nuvolose su tutta l'Italia, con piogge sparse e freddo intenso. Tuttavia, le nevicate abbondanti interesseranno principalmente le zone di alta quota. Durante la settimana, è previsto l'arrivo di un'ondata di freddo polare, che abbasserà la quota neve fino alle zone collinari.\nSecondo Antonio Sanò, fondatore del sito iLMeteo.it, la prima perturbazione dell'anno, diretta dalla Romagna verso il Sud Italia, è già in transito. Questo fronte, collegato a una vasta area di bassa pressione polare centrata sul Mar Baltico, porterà precipitazioni tra Romagna, Marche, Toscana e Lazio, per poi spingersi verso le restanti regioni del Centro e tra Campania e Basilicata.\nIl 2025 si apre con l'influenza delle correnti nord atlantiche, che porteranno piogge e perturbazioni in transito sull'Italia. Nelle prossime ore, il fronte perturbato raggiungerà il Nord Italia, determinando un venerdì instabile sulla provincia di Rimini, con piogge e rovesci sin dal mattino.\nIl ciclone della Befana, atteso per il fine settimana, porterà un miglioramento temporaneo delle condizioni meteorologiche, con più sole, ma sarà seguito da un nuovo peggioramento.",
    "highlightText": "",
    "highlightTitle": "",
    "highlightThreadTitle": "",
    "language": "italian",
    "sentiment": "negative",
    "categories": [
        "Weather"
    ],
    "topics": [
        "Weather->weather phenomena"
    ],
    "ai_allow": true,
    "has_canonical": false,
    "webz_reporter": false,
    "external_links": [],
    "external_images": [],
    "entities": {
        "persons": [
            {
                "name": " Antonio San",
                "sentiment": "none"
            }
        ],
        "organizations": [],
        "locations": [
            {
                "name": "Italia",
                "sentiment": "none"
            },
            {
                "name": " Mar Baltic",
                "sentiment": "none"
            },
            {
                "name": " Nord Itali",
                "sentiment": "none"
            },
            {
                "name": " Basilicat",
                "sentiment": "none"
            },
            {
                "name": " Sud Itali",
                "sentiment": "none"
            },
            {
                "name": " Campani",
                "sentiment": "none"
            },
            {
                "name": "'Epifani",
                "sentiment": "none"
            },
            {
                "name": " Toscan",
                "sentiment": "none"
            },
            {
                "name": " Romagn",
                "sentiment": "none"
            },
            {
                "name": " March",
                "sentiment": "none"
            },
            {
                "name": " Lazi",
                "sentiment": "none"
            }
        ]
    },
    "syndication": {
        "syndicated": null,
        "syndicate_id": null,
        "first_syndicated": false
    },
    "rating": null,
    "crawled": "2025-01-03T08:28:20.510+02:00",
    "updated": "2025-01-03T08:28:20.510+02:00"
}