{
    "thread": {
        "uuid": "956d0fad37559721bf67a257814c0b4e79baca81",
        "url": "https://www.publico.pt/2025/01/03/azul/noticia/eua-preparamse-tres-semanas-temperaturas-arcticas-2117482",
        "site_full": "www.publico.pt",
        "site": "publico.pt",
        "site_section": "https://publico.pt/ultimas",
        "site_categories": [
            "media",
            "top_news_pt",
            "top_news"
        ],
        "section_title": "&#xDA;ltimas | PÚBLICO",
        "title": "EUA preparam-se para três semanas de temperaturas árcticas",
        "title_full": "EUA preparam-se para três semanas de temperaturas árcticas",
        "published": "2025-01-03T02:00:00.000+02:00",
        "replies_count": 0,
        "participants_count": 1,
        "site_type": "news",
        "country": "PT",
        "main_image": "https://imagens.publico.pt/imagens.aspx/1967315?tp=UH&db=IMAGENS&type=JPG&share=1&o=BarraFacebook_Azul.png",
        "performance_score": 0,
        "domain_rank": 7299,
        "domain_rank_updated": "2024-12-30T23:00:00.000+02:00",
        "social": {
            "facebook": {
                "likes": 0,
                "comments": 0,
                "shares": 5
            },
            "vk": {
                "shares": 0
            }
        }
    },
    "uuid": "956d0fad37559721bf67a257814c0b4e79baca81",
    "url": "https://www.publico.pt/2025/01/03/azul/noticia/eua-preparamse-tres-semanas-temperaturas-arcticas-2117482",
    "ord_in_thread": 0,
    "parent_url": null,
    "author": "PÚBLICO",
    "published": "2025-01-03T02:00:00.000+02:00",
    "title": "EUA preparam-se para três semanas de temperaturas árcticas",
    "text": "EUA preparam-se para três semanas de temperaturas árcticas\nValores negativos, muito abaixo do que já é habitualmente esperado em Janeiro, poderão ser registados até em regiões meridionais como a costa do Golfo do México e a Florida.\nGrande parte dos [Estados Unidos da América](https://www.publico.pt/eua) deverá registar temperaturas muito abaixo das médias de Janeiro durante as próximas três semanas, com o termómetro a baixar a valores negativos (em graus Celsius) até em regiões meridionais como a Florida e a costa do Golfo do México.\nA \"culpa\", indica o Serviço Nacional de Meteorologia (NWS) dos EUA, está na deslocação de \"massas de ar muito frio que se originam habitualmente na região siberiana da Ásia, atravessam o Pólo Norte para o Canadá e se expandem para Sul e Leste nos Estados Unidos\". O fenómeno [não é raro](https://www.publico.pt/2019/01/29/mundo/noticia/estados-unidos-preparamse-vaga-frio-recorde-1859857), mas o seu impacto tão a Sul é menos comum.\nNeste arranque de 2025, os meteorologistas norte-americanos prevêem pelo menos três vagas sucessivas de frio polar. A primeira já está em curso, com uma segunda massa de ar frio a juntar-se durante o fim-de-semana e uma terceira anunciada para a próxima semana. Cada uma intensificará o frio da anterior. É ainda indicada a possibilidade de a terceira deslocação de ar frio ser acompanhada da oscilação temporária para Sul do chamado \"vórtice polar\", uma bolsa de ar gélido normalmente estacionada sobre o Oceano Árctico.\nSe o frio está garantido, a sua intensidade ainda está a ser estimada. Para já, admite-se que temperaturas próximas de -10ºC possam ser registadas nas próximas semanas em estados meridionais como o Texas, Luisiana, Mississípi, Alabama, Georgia e Florida. Mais a Norte, no Midwest e nos Grandes Lagos, a temperatura poderá chegar abaixo dos -20ºC. Também se esperam valores negativos, bastante abaixo das médias de Janeiro, ao longo de toda a Costa Leste.\nQuanto à precipitação, o prognóstico para os próximos dias é de neve na região dos Grandes Lagos. No arranque da próxima semana, espera-se o atravessamento de uma cintura de tempestades que também poderá trazer neve a uma vasta área do Centro e Leste do país, incluindo em Nova Iorque e na capital Washington.\nCom ou sem neve, o frio intenso deverá fazer disparar o consumo e os custos da energia eléctrica nos Estados Unidos e no Canadá. São também esperadas perturbações nos sistemas de transporte.",
    "highlightText": "",
    "highlightTitle": "",
    "highlightThreadTitle": "",
    "language": "portuguese",
    "sentiment": "negative",
    "categories": [
        "Weather"
    ],
    "topics": [
        "Weather->weather forecast"
    ],
    "ai_allow": true,
    "has_canonical": false,
    "webz_reporter": false,
    "external_links": [],
    "external_images": [],
    "entities": {
        "persons": [],
        "organizations": [],
        "locations": []
    },
    "syndication": {
        "syndicated": null,
        "syndicate_id": null,
        "first_syndicated": false
    },
    "rating": null,
    "crawled": "2025-01-03T03:10:29.895+02:00",
    "updated": "2025-01-03T03:10:29.895+02:00"
}