{
    "thread": {
        "uuid": "48ec23f0298734c4d3d4381c6e6e996565c664e3",
        "url": "https://www.wdam.com:443/video/2025/01/03/wayne-county-among-heaviest-hit-by-dec-28-storms",
        "site_full": "www.wdam.com",
        "site": "wdam.com",
        "site_section": "https://wdam.com/homepage",
        "site_categories": [
            "media",
            "television",
            "entertainment"
        ],
        "section_title": "Home",
        "title": "Wayne County among the heaviest hit by Dec. 28 storms",
        "title_full": "Wayne County among the heaviest hit by Dec. 28 storms",
        "published": "2025-01-03T02:00:00.000+02:00",
        "replies_count": 0,
        "participants_count": 1,
        "site_type": "news",
        "country": "US",
        "main_image": "https://gray-wdam-prod.gtv-cdn.com/resizer/v2/https%3A%2F%2Fdo0bihdskp9dy.cloudfront.net%2F01-03-2025%2Ft_3cc4d1a15fff42db9a101b46d0cc1db4_name_file_1280x720_2000_v3_1_.jpg?auth=d8a3362b844a0e69878bc49e3ab007babf89428ffa0c5b8ad191a723ef5b8b12&amp;width=1200&amp;height=600&amp;smart=true",
        "performance_score": 0,
        "domain_rank": 29177,
        "domain_rank_updated": "2024-12-30T23:00:00.000+02:00",
        "social": {
            "facebook": {
                "likes": 0,
                "comments": 0,
                "shares": 0
            },
            "vk": {
                "shares": 0
            }
        }
    },
    "uuid": "48ec23f0298734c4d3d4381c6e6e996565c664e3",
    "url": "https://www.wdam.com:443/video/2025/01/03/wayne-county-among-heaviest-hit-by-dec-28-storms",
    "ord_in_thread": 0,
    "parent_url": null,
    "author": "@wdam",
    "published": "2025-01-03T02:00:00.000+02:00",
    "title": "Wayne County among the heaviest hit by Dec. 28 storms",
    "text": "Updated: 12 hours ago\n|Laurel community leaders have a packed schedule of events planned for MLK Jr. Day 2025, encouraging \"Together we can be the dream!\"\nUpdated: 21 hours ago\n|WDAM Coach of the Year: Heidelberg's Darryl Carter\nUpdated: 21 hours ago\n|USM's Trinity Rowe named Sun Belt Player of the Week",
    "highlightText": "",
    "highlightTitle": "",
    "highlightThreadTitle": "",
    "language": "english",
    "sentiment": "negative",
    "categories": [
        "Disaster and Accident",
        "Weather"
    ],
    "topics": [
        "Disaster and Accident->natural disaster",
        "Weather->weather phenomena"
    ],
    "ai_allow": true,
    "has_canonical": false,
    "webz_reporter": false,
    "external_links": [],
    "external_images": [],
    "entities": {
        "persons": [
            {
                "name": "Darryl Carter",
                "sentiment": "none"
            }
        ],
        "organizations": [],
        "locations": [
            {
                "name": "County",
                "sentiment": "none"
            }
        ]
    },
    "syndication": {
        "syndicated": false,
        "syndicate_id": null,
        "first_syndicated": false
    },
    "rating": null,
    "crawled": "2025-01-03T04:46:20.314+02:00",
    "updated": "2025-01-03T04:46:20.314+02:00"
}