{
    "thread": {
        "uuid": "dd81e702cf0a2189c65f726f3b044376dbd1c9cb",
        "url": "https://agenciabrasil.ebc.com.br/radioagencia-nacional/economia/audio/2023-12/taxa-de-desemprego-cai-para-75-menor-desde-fevereiro-de-2015",
        "site_full": "agenciabrasil.ebc.com.br",
        "site": "ebc.com.br",
        "site_section": "https://radioagencianacional.ebc.com.br",
        "site_categories": [
            "politics",
            "law_government_and_politics",
            "media"
        ],
        "section_title": "Últimas notícias do Brasil e do mundo | Radioagência Nacional",
        "title": "Taxa de desemprego cai para 7,5%, a menor desde fevereiro de 2015 | Radioagência Nacional",
        "title_full": "Taxa de desemprego cai para 7,5%, a menor desde fevereiro de 2015 | Radioagência Nacional",
        "published": "2023-12-29T02:00:00.000+02:00",
        "replies_count": 0,
        "participants_count": 1,
        "site_type": "news",
        "country": "BR",
        "main_image": "https://cdn.jsdelivr.net/gh/sergiosdlima/assets-ebc@1.0.0/public/thumbs/thumb_1200x600_agbrasil.png",
        "performance_score": 0,
        "domain_rank": 4359,
        "domain_rank_updated": "2023-12-26T12:06:20.000+02:00",
        "reach": null,
        "social": {
            "facebook": {
                "likes": 0,
                "comments": 0,
                "shares": 0
            },
            "gplus": {
                "shares": 0
            },
            "pinterest": {
                "shares": 0
            },
            "linkedin": {
                "shares": 0
            },
            "stumbledupon": {
                "shares": 0
            },
            "vk": {
                "shares": 0
            }
        }
    },
    "uuid": "dd81e702cf0a2189c65f726f3b044376dbd1c9cb",
    "url": "https://agenciabrasil.ebc.com.br/radioagencia-nacional/economia/audio/2023-12/taxa-de-desemprego-cai-para-75-menor-desde-fevereiro-de-2015",
    "ord_in_thread": 0,
    "parent_url": null,
    "author": "@RadioagenciaEBC",
    "published": "2023-12-29T02:00:00.000+02:00",
    "title": "Taxa de desemprego cai para 7,5%, a menor desde fevereiro de 2015 | Radioagência Nacional",
    "text": "Taxa de desemprego cai para 7,5%, a menor desde fevereiro de 2015 Publicado em 29/12/2023 - 16:00 Por Tâmara Freira - da Rádio Nacional - Rio de Janeiro O Brasil bateu um novo recorde de pessoas ocupadas: 100,5 milhões no trimestre encerrado em novembro, um crescimento de mais de 850 mil na comparação com agosto. Já a taxa de desemprego ficou em 7,5%, a menor desde fevereiro de 2015. E considerando apenas os trimestres encerrados em novembro, é a mais baixa desde 2014. A queda de 0,2 ponto percentual na comparação com o trimestre anterior foi a terceira consecutiva. Os dados são foram divulgados nesta sexta-feira (29) pelo Instituto Brasileiro de Geografia e Estatística (Ibge). A coordenadora de Pesquisas por Amostra de Domicílios do Ibge, Adriana Beringuy, explica que neste período do ano, é comum que a ocupação aumente, ainda assim houve avanço na comparação com o ano passado. O Ibge identificou ainda que a maior parte dos trabalhadores que começaram uma ocupação neste trimestres foi com carteira assinada: 515 mil. Com isso, o emprego formal no setor privado aumentou 1,4%, totalizando 37,7 milhões de trabalhadores, segundo maior patamar da série histórica. Mas os empregados sem carteira também chegaram ao maior patamar da história, mais de 13 milhões de pessoas. Com isso, a taxa de informalidade do país ficou em 39,2% da população ocupada, um ligeiro aumento de 0,1 ponto percentual na comparação com os três meses anteriores. Adriana explica que há diferença de acordo com as atividades analisadas. Uma boa notícia é que a proporção de trabalhadores desalentados - aqueles que desistiram de encontrar trabalho - caiu 5,5%. Mas apesar de esse ser o menor contingente desde agosto de 2016, ainda havia quase 3,5 milhões de pessoas nessa situação no país. Outro dado positivo foi o aumento do rendimento médio real, que chegou a R$ 3.034 mensais. Edição: Rádio Nacional/Pollyane Marques",
    "highlightText": "",
    "highlightTitle": "",
    "highlightThreadTitle": "",
    "language": "portuguese",
    "sentiment": "positive",
    "categories": [
        "Social Issue",
        "Economy, Business and Finance",
        "Labor"
    ],
    "external_links": [],
    "external_images": [],
    "entities": {
        "persons": [],
        "organizations": [],
        "locations": []
    },
    "rating": null,
    "crawled": "2023-12-29T21:10:39.998+02:00",
    "updated": "2023-12-29T21:10:39.998+02:00"
}