{
    "thread": {
        "uuid": "872ad831da100cdf2233913165123602cd283f2c",
        "url": "https://www.reed.co.uk/jobs/financial-systems-accountant/51843501",
        "site_full": "www.reed.co.uk",
        "site": "reed.co.uk",
        "site_section": "http://www.reed.co.uk/jobs/rss/fmcg",
        "site_categories": [
            "job_search",
            "jobs"
        ],
        "section_title": "Reed.co.uk - job search results",
        "title": "Financial Systems Accountant",
        "title_full": "Financial Systems Accountant",
        "published": "2023-12-30T16:17:00.000+02:00",
        "replies_count": 0,
        "participants_count": 0,
        "site_type": "news",
        "country": "GB",
        "main_image": "https://www.reed.co.uk/resources/images/layout/reed-og-image-2021.png",
        "performance_score": 0,
        "domain_rank": 9141,
        "domain_rank_updated": "2023-12-26T12:06:20.000+02:00",
        "reach": null,
        "social": {
            "facebook": {
                "likes": 0,
                "comments": 0,
                "shares": 0
            },
            "gplus": {
                "shares": 0
            },
            "pinterest": {
                "shares": 0
            },
            "linkedin": {
                "shares": 0
            },
            "stumbledupon": {
                "shares": 0
            },
            "vk": {
                "shares": 0
            }
        }
    },
    "uuid": "872ad831da100cdf2233913165123602cd283f2c",
    "url": "https://www.reed.co.uk/jobs/financial-systems-accountant/51843501",
    "ord_in_thread": 0,
    "parent_url": null,
    "author": null,
    "published": "2023-12-30T16:17:00.000+02:00",
    "title": "Financial Systems Accountant",
    "text": "Financial Systems Accountant\n[Fairhive](/jobs/-fairhive/p77064)\nFinancial Systems Accountant - 12 Months Fixed Term Contract\nAre you self-motivated, passionate about helping people and keen to join a dynamic organisation? This may be the perfect position for you!\nAbout Us\nFairhive Homes Limited is a ‘not-for-profit’ Registered Provider of affordable housing for nearly 20,000 people living and working in Aylesbury and across Buckinghamshire and beyond.\n- We own and are responsible for over 8,500 homes,\n- Our annual turnover of over £45 million,\n- We have more than 270 employees,\nWe aim to make a significant social and economic contribution within the communities where we work.\nOur Future\nWe are a dynamic organisation seeking to provide over 1000 new homes by 2025 while also increasing flexibility with the way we work and reducing our environmental impact and improving our sustainability.\nAbout the Role\nThis is a fantastic opportunity for a part qualified Financial Systems Accountant with significant relevant experience, to be the Finance lead on our new Agile IT project at our office based in Aylesbury but working partly in the office and remotely.\nAreas of responsibility will include: maintenance of integrated financial systems, finance processes and systems review and improvement. Our main systems include:\nQL -housing management system, Info BI- reporting system, SUN- accounting system, Asset 4000- Fixed asset database system, and Proactis- procurement system.\nOn the Job you will:\n- Build strong relationship with IT teams, to project manage the implementation of finance systems projects as part of the Agile IT programme\n- Be responsible for the day to day Agile IT finance project management ensuring that the financial systems integrity is enhanced and adequately maintained.\n- Review finance systems and processes and develop enhancements that add value .\n- To ensure that systems are configured to deliver accurate information for analysis, forecasting and specific business reports and projects\n- Be responsible for the integrity of financial reports.\n- Develop financial systems policies and procedures.\nAbout You\nWe’re looking for someone who understands how to connect with people and has proven track record of achievements including meeting deadlines.\nThe ideal candidate will,\n- Be CCAB part qualification as a minimum\n- Have a project management qualification\n- Have significant experience of developing new finance systems rules, workflow and process improvement.\n- Worked in social housing or other similar industry.\n- Have significant experience of using various software applications such as those mentioned above.\nIf you’re open minded, confident, compassionate and want to be part of a dynamic team then we’d love to hear from you!\nYou will ideally have skills and attributes that include:\n- Effective verbal and written communication,\n- Prioritises and plans effectively\n- Works well with others\n- Advanced use of Excel / significant experience in use of integrated accounting systems\n- Self-motivated, demonstrating drive, enthusiasm and determination\n- Takes personal responsibility\n- Attentive to detail\nThe minimum qualifications required are:\nCCAB part qualified accountant and a project management qualification with significant relevant experience.\nBenefits include\n- 28 days holiday plus Bank Holidays (pro rata for part time)\n- Discretionary performance related payment\n- Contributory pension scheme\n- Flexible working\n- Health Cash Plan\n- Workplace Options Employee Assistance Programme\n- Employee discount scheme\nE&D Commitment\nOur Vision and Values express our commitment to becoming a leader in our field, providing quality affordable homes and investing in Aylesbury and our surrounding areas’ diverse communities. As part of our continued commitment to our workforce accurately reflecting the community we represent, we welcome applicants from ethnic minority backgrounds, and applicants who have status as an individual with a physical or mental disability, as part of our ongoing commitment to Equality and Diversity. We are a Disability Confident Leader.\nClosing date: 19th January 2024 at 1pm\nInterview date: TBC\nAll applications for this role will be reviewed on a continuous basis. As such, should a suitable candidate apply before the closing date, interviews and offers may take place before this date.\nReference: 51843501\nPlease note\nReed.co.uk does not communicate with candidates via Whatsapp, and we will never ask you to provide your bank, passport or driving licence details during the application process. To stay safe in your job search and flexible work, we recommend visiting JobsAware, a non-profit, joint industry and law enforcement organisation working to combat labour market abuse. Visit the JobsAware website for information and free expert advice for safer work. [Report this job](#)\nNot quite what you are looking for? Try these similar searches\nReplace a job alert\nReplace a job alert\nGet Job Alerts straight to your inbox\n\"Office Assistant jobs in London\"\nYour Job Alert has been created and your search saved.\n'Saved search name'",
    "highlightText": "",
    "highlightTitle": "",
    "highlightThreadTitle": "",
    "language": "english",
    "sentiment": "positive",
    "categories": [
        "Labor",
        "Economy, Business and Finance",
        "Human Interest"
    ],
    "external_links": [
        "http://www.jobsaware.co.uk/",
        "http://www.jobsaware.co.uk",
        "http://jobsaware.co.uk/"
    ],
    "external_images": [],
    "entities": {
        "persons": [],
        "organizations": [
            {
                "name": "fairhive homes limited",
                "sentiment": "none"
            }
        ],
        "locations": [
            {
                "name": "buckinghamshire",
                "sentiment": "none"
            },
            {
                "name": "aylesbury",
                "sentiment": "none"
            }
        ]
    },
    "rating": null,
    "crawled": "2023-12-30T16:22:21.388+02:00",
    "updated": "2023-12-30T16:22:21.388+02:00"
}