{
    "thread": {
        "uuid": "3daac1214dd9657332c32479485cefecfee36b50",
        "url": "https://www.burnabynow.com/national-news/union-representing-40-per-cent-of-quebec-teachers-reaches-deal-ends-unlimited-strike-8034004",
        "site_full": "www.burnabynow.com",
        "site": "burnabynow.com",
        "site_section": "https://www.burnabynow.com/rss",
        "site_categories": [
            "media"
        ],
        "section_title": "Burnaby Now: burnabynow",
        "title": "Union representing 40 per cent of Quebec teachers reaches deal, ends unlimited strike",
        "title_full": "Union representing 40 per cent of Quebec teachers reaches deal, ends unlimited strike",
        "published": "2023-12-28T19:50:00.000+02:00",
        "replies_count": 0,
        "participants_count": 1,
        "site_type": "news",
        "country": "CA",
        "main_image": "https://www.vmcdn.ca/f/files/shared/feeds/cp/2023/12/20231228091224-e1d9a7541c2728972080029dd958f82f6b4736ebc362325542d8a64f969317fa.jpg;w=650;h=469;mode=crop",
        "performance_score": 0,
        "domain_rank": 67263,
        "domain_rank_updated": "2023-12-26T12:06:25.000+02:00",
        "reach": null,
        "social": {
            "facebook": {
                "likes": 0,
                "comments": 0,
                "shares": 0
            },
            "gplus": {
                "shares": 0
            },
            "pinterest": {
                "shares": 0
            },
            "linkedin": {
                "shares": 0
            },
            "stumbledupon": {
                "shares": 0
            },
            "vk": {
                "shares": 0
            }
        }
    },
    "uuid": "3daac1214dd9657332c32479485cefecfee36b50",
    "url": "https://www.burnabynow.com/national-news/union-representing-40-per-cent-of-quebec-teachers-reaches-deal-ends-unlimited-strike-8034004",
    "ord_in_thread": 0,
    "parent_url": null,
    "author": "Canadian Press",
    "published": "2023-12-28T19:50:00.000+02:00",
    "title": "Union representing 40 per cent of Quebec teachers reaches deal, ends unlimited strike",
    "text": "MONTREAL — A union representing 40 per cent of Quebec teachers has reached a deal in principle with the government and is ending a strike that has shut around 800 schools since Nov. 23. Fédération autonome de l’enseignement — or FAE — said Thursday night on social media that it spent the day analyzing a tentative deal with the province and will recommend it to its members for approval during general assemblies after the holidays. Details of the agreement have not been released. Even though the FAE called the deal \"a new step,\" it emphasized \"it is up to the teachers to respond to (Premier) François Legault's government and to say whether they feel they have been heard.\" The union said it has ended all of its pressure tactics, such as the general strike that has shut 800 schools, including in Montreal, since the end of November. If students affected by the FAE strike return to school as scheduled in January, they will have been away from classes for almost seven consecutive weeks. The FAE, which represents more than 66,000 teachers, took the most hard line out of all the public sector unions negotiating new contracts with the government when it launched an unlimited general strike. Earlier today, the government announced it had reached tentative deals on salaries with an alliance of unions, excluding the FAE, representing 420,000 public sector employees, including teachers and health-care workers. They had walked out sporadically since November, for a total of 11 days. The only major labour group without any sort of agreement is a nurses union with about 80,000 members — Fédération interprofessionnelle de la santé du Québec — which said today that negotiations are ongoing. Earlier Thursday, before the FAE announced the end to its strike, Sylvain Martel, spokesman for parents group Regroupement des comités de parents autonomes du Québec, said he was feeling optimistic but remaining cautious that 800 schools would reopen after the holiday break. \"We're glad that we're able to hope for going back to school on Jan. 9, but everything is tentative, lots of people have to agree to what's on the table, so let's hope that it's a real deal and (union) members will get what they want,\" he said in an interview. Martel said discussions have been taking place between teachers, parents and administrators about how children will catch up after missing so much school. How that happens will vary, he said, because the effects of the strikes were unequal — some parents taught their children at home, others hired tutors, but many less-fortunate students spent weeks with little to no learning at all. \"It's very difficult for students to go back to the same rhythm they were in November, so it's going to take a little while, but we'll get there,\" he said. This report by The Canadian Press was first published Dec. 28, 2023. The Canadian Press",
    "highlightText": "",
    "highlightTitle": "",
    "highlightThreadTitle": "",
    "language": "english",
    "sentiment": "positive",
    "categories": [
        "Labor",
        "Education"
    ],
    "external_links": [],
    "external_images": [],
    "entities": {
        "persons": [
            {
                "name": "françois legault",
                "sentiment": "none"
            }
        ],
        "organizations": [
            {
                "name": "fae",
                "sentiment": "none"
            }
        ],
        "locations": [
            {
                "name": "montreal",
                "sentiment": "none"
            }
        ]
    },
    "rating": null,
    "crawled": "2023-12-29T04:56:11.144+02:00",
    "updated": "2023-12-29T06:25:55.992+02:00"
}