{
    "thread": {
        "uuid": "557e95c433f4a4878379b491953c02d53f82c0d6",
        "url": "https://www.reed.co.uk/jobs/full-time-support-worker/51859660",
        "site_full": "www.reed.co.uk",
        "site": "reed.co.uk",
        "site_section": "http://www.reed.co.uk/jobs/rss/fmcg",
        "site_categories": [
            "job_search",
            "jobs"
        ],
        "section_title": "Reed.co.uk - job search results",
        "title": "Full Time Support Worker",
        "title_full": "Full Time Support Worker",
        "published": "2023-12-29T14:17:00.000+02:00",
        "replies_count": 0,
        "participants_count": 0,
        "site_type": "news",
        "country": "GB",
        "main_image": "https://www.reed.co.uk/resources/images/layout/reed-og-image-2021.png",
        "performance_score": 0,
        "domain_rank": 9141,
        "domain_rank_updated": "2023-12-26T12:06:20.000+02:00",
        "reach": null,
        "social": {
            "facebook": {
                "likes": 0,
                "comments": 0,
                "shares": 0
            },
            "gplus": {
                "shares": 0
            },
            "pinterest": {
                "shares": 0
            },
            "linkedin": {
                "shares": 0
            },
            "stumbledupon": {
                "shares": 0
            },
            "vk": {
                "shares": 0
            }
        }
    },
    "uuid": "557e95c433f4a4878379b491953c02d53f82c0d6",
    "url": "https://www.reed.co.uk/jobs/full-time-support-worker/51859660",
    "ord_in_thread": 0,
    "parent_url": null,
    "author": null,
    "published": "2023-12-29T14:17:00.000+02:00",
    "title": "Full Time Support Worker",
    "text": "We have an excellent opportunity to join our expanding team in the East Hampshire area.\nOur service users are looking for Support worker's who are kind, compassionate and are prepared to offer everything from companionship, care support and providing personal care. This would be in the comfort of our service users’ homes. If you have experience with this, then great, but if you don’t we are able to provide full training to ensure that you are confident and competent in your role.\nResponsibilities:\n- Provide care and support to individuals in their homes or community\n- Assist with daily activities, personal care, meal prep, and household tasks\n- Foster independence by supporting them to attend social and recreational activities\n- Maintaining accurate records\n- Ensuring the safety and well-being of the individual\nRequirements:\n- Previous experience preferrable however if you are a compassionate person looking to get into Care. Full training will be given\n- Excellent communication and interpersonal skills\n- Empathy, patience, and a non-judgmental attitude\n- Ability to work independently as well as part of a team\n- Basic computer skills and proficiency in maintaining accurate records\n- Valid driver's licence and access to reliable transportation\nBenefits\n- £150 Welcome Bonus*\n- Discounted Gym Membership\n- 20% discount on on in house Café food at any time\n- Mileage and Travel paid\n- Casual Dress\n- No Nights!\n- Employee reward schemes including the ability to win a free holiday.\n- Discounts for shops, restaurants and more\n- Small teams with dedicated manager to support you all the way\n- Company mobile phone and any other equipment supplied free of charge.\n*Terms & Conditions Apply\nReference: 51859660\nPlease note\nReed.co.uk does not communicate with candidates via Whatsapp, and we will never ask you to provide your bank, passport or driving licence details during the application process. To stay safe in your job search and flexible work, we recommend visiting JobsAware, a non-profit, joint industry and law enforcement organisation working to combat labour market abuse. Visit the JobsAware website for information and free expert advice for safer work. Report this job\nNot quite what you are looking for? Try these similar searches\nReplace a job alert\nReplace a job alert\nGet Job Alerts straight to your inbox\n\"Office Assistant jobs in London\"\nYour Job Alert has been created and your search saved.\n'Saved search name'",
    "highlightText": "",
    "highlightTitle": "",
    "highlightThreadTitle": "",
    "language": "english",
    "sentiment": "positive",
    "categories": [
        "Health",
        "Human Interest",
        "Labor"
    ],
    "external_links": [
        "http://www.jobsaware.co.uk/",
        "http://www.jobsaware.co.uk",
        "http://jobsaware.co.uk/"
    ],
    "external_images": [],
    "entities": {
        "persons": [],
        "organizations": [],
        "locations": [
            {
                "name": "east hampshire",
                "sentiment": "none"
            }
        ]
    },
    "rating": null,
    "crawled": "2023-12-29T14:21:14.159+02:00",
    "updated": "2023-12-29T14:21:14.159+02:00"
}