{
    "thread": {
        "uuid": "0b970d454eaae1918ae9a91904f4a01902a39bea",
        "url": "https://www.deia.eus/formula1/2025/07/09/red-bull-fulmina-horner-formula-1-f1-verstappen-9860325.html",
        "site_full": "www.deia.eus",
        "site": "deia.eus",
        "site_section": "https://www.deia.eus/formula1",
        "site_categories": [
            "uncategorized",
            "top_news_es",
            "top_news"
        ],
        "section_title": "\n    F1, resultados del último gran premio y noticias de F1 - Deia\n            ",
        "site_title": "Deia - Noticias en Bizkaia, Bilbao y última hora del Athletic",
        "title": "Red Bull fulmina a Horner",
        "title_full": "Red Bull fulmina a Horner",
        "published": "2025-07-09T14:17:00.000+03:00",
        "replies_count": 0,
        "participants_count": 1,
        "site_type": "news",
        "country": "ES",
        "main_image": "https://estaticosgn-cdn.deia.eus/clip/2750ca54-7ff6-4b5c-b63a-61774e251bb6_16-9-aspect-ratio_default_0.jpg",
        "performance_score": 0,
        "domain_rank": 25365,
        "domain_rank_updated": "2025-06-03T00:00:00.000+03:00",
        "licensing_agency": [],
        "social": {
            "facebook": {
                "likes": 0,
                "comments": 0,
                "shares": 0
            },
            "vk": {
                "shares": 0
            }
        }
    },
    "uuid": "0b970d454eaae1918ae9a91904f4a01902a39bea",
    "url": "https://www.deia.eus/formula1/2025/07/09/red-bull-fulmina-horner-formula-1-f1-verstappen-9860325.html",
    "ord_in_thread": 0,
    "author": "Andrea Salvador",
    "published": "2025-07-09T14:17:00.000+03:00",
    "title": "Red Bull fulmina a Horner",
    "text": "Una de las piezas más arraigadas de la escudería Red Bull ha caído. Christian Horner ha sido despedido este miércoles como CEO del equipo \"con efecto inmediato\" después de 20 años llenos de éxitos. De ahora en adelante será Laurent Mekies, quien hasta ahora estaba al frente del Racing Bulls, quien dirigirá a Max Verstappen y Yuki Tsunoda, según ha informado el equipo en un comunicado.\nComo si de un efecto dominó se tratase, la escudería austríaca ha perdido en menos de un año a dos de sus figuras más importantes. Después de la de Adrian Newey hace menos de un año, ahora llega la salida de Christian Horner, movimiento que suscita dudas sobre la situación del equipo. El británico deja en la historia de la escudería ocho títulos mundiales de pilotos, cuatro de Sebastian Vettel y otros cuatro de Max Verstappen, y seis de constructores.\nDespido \"con efecto inmediato\"\nRed Bull Racing atraviesa una de las mayores convulsiones de su historia reciente. Pocas horas antes del Gran Premio de Bélgica, y tan solo unas horas después de los últimos rumores acerca de una pelea entre Horner y Jos Verstappen, padre del actual campeón Max Verstappen, el equipo ha anunciado la salida \"con efecto inmediato\" del británico. Su marcha, sumada al deterioro progresivo del rendimiento de los monoplazas en pista, deja a la escudería sin un rumbo claro.\nAdemás del bajón competitivo, el entorno de Horner se volvió cada vez más frágil desde que en febrero de 2024 fue acusado de conducta inapropiada por una empleada. Aunque fue exonerado tras una investigación interna y una apelación posterior, el escándalo, apodado mediáticamente como el \"sexgate\", dañó su imagen y erosionó su posición dentro de la organización. Las tensiones internas, en especial con Jos Verstappen, terminaron por dinamitar cualquier atisbo de estabilidad.\nReestructuración interna\nLa decisión llega en un momento especialmente delicado, con rumores crecientes sobre una posible salida de Max Verstappen al final de la temporada y una estructura técnica mermada. Red Bull ya no lidera la parrilla como antes y ni siquiera se mantiene como el segundo equipo más competitivo del campeonato.\nLa reestructuración no se ha hecho esperar. El francés Laurent Mekies ha sido designado como nuevo director del equipo, hasta ahora estaba al frente de Visa Cash App Racing Bulls, equipo satélite de Red Bull. Paralelamente, Alan Permane, director de carrera de RB, asume el mando de la escudería subsidiaria, en lo que parece ser una apuesta por la continuidad interna y la contención de daños.\nEn declaraciones posteriores al anuncio, Oliver Mintzlaff, director general de Red Bull GmbH, elogió el legado de Horner: \"Le agradecemos profundamente por su trabajo excepcional durante estos 20 años. Su liderazgo y visión estratégica fueron fundamentales para establecer a Red Bull como una fuerza dominante en la Fórmula 1\".\nLa época más gloriosa del equipo\nHorner, expiloto y figura clave desde los inicios del proyecto en 2005, lideró a Red Bull hacia lo más alto del automovilismo mundial. Bajo su dirección, la escudería ganó cuatro campeonatos consecutivos con Sebastian Vettel (2010-2013) y repitió la hazaña con Max Verstappen en los años 2021 a 2024.\nA pesar de los reconocimientos, la salida de Horner representa el final abrupto de una etapa gloriosa. Ahora, con una nueva cúpula técnica y muchas incógnitas sobre su futuro inmediato, Red Bull enfrenta el reto de reinventarse y recuperar el terreno perdido en una parrilla cada vez más competitiva.\nEl próximo capítulo de esta historia comenzará en Spa-Francorchamps, del 25 al 27 de julio, donde el equipo correrá ya sin su histórico líder al mando. El desafío no es menor: mantener la competitividad sin los pilares que forjaron su legado.",
    "highlightText": "",
    "highlightTitle": "",
    "highlightThreadTitle": "",
    "language": "spanish",
    "sentiment": "negative",
    "categories": [
        "Sport",
        "Human Interest"
    ],
    "topics": [
        "Sport->sports management and ownership",
        "Sport->sport organisation",
        "Sport->motor car racing",
        "Human Interest->human mishap"
    ],
    "ai_allow": true,
    "has_canonical": false,
    "breaking": null,
    "webz_reporter": false,
    "external_links": [],
    "entities": {
        "persons": [
            {
                "name": "Christian Horner",
                "sentiment": "neutral"
            },
            {
                "name": "Sebastian Vettel",
                "sentiment": "none"
            },
            {
                "name": "Max Verstappen",
                "sentiment": "none"
            },
            {
                "name": "Laurent Mekies",
                "sentiment": "none"
            },
            {
                "name": "Yuki Tsunoda",
                "sentiment": "none"
            },
            {
                "name": "Adrian Newey",
                "sentiment": "none"
            }
        ],
        "locations": [],
        "organizations": [
            {
                "name": "Racing Bulls",
                "sentiment": "none",
                "tickers": []
            }
        ]
    },
    "syndication": {
        "syndicated": null,
        "syndicate_id": null,
        "first_syndicated": false
    },
    "trust": {
        "categories": [],
        "top_news": [
            "top_news_es",
            "top_news"
        ],
        "bias": null,
        "source": {
            "type": null,
            "city": null,
            "state": null,
            "country": null,
            "domain_type": null,
            "agency": null,
            "organization_name": null
        }
    },
    "rating": null,
    "crawled": "2025-07-17T07:40:02.765+03:00",
    "updated": "2025-07-18T05:07:41.000+00:00"
}