{
    "thread": {
        "uuid": "98406732aaff8b24f2cb2e68ed1741b45ec73240",
        "url": "https://pg21.ru/news/110168",
        "site_full": "pg21.ru",
        "site": "pg21.ru",
        "site_section": "https://pg21.ru/lifehack",
        "site_categories": [
            "media"
        ],
        "section_title": "Лайфхак | Новости Чувашии | Новости Чебоксар и Новочебоксарска",
        "site_title": "Новости Чувашии | Новости Чебоксар и Новочебоксарска",
        "title": "Чебоксары: страшная авария с погибшими и открытие магазина чувашских продуктов - главные новости за 16.07.2025",
        "title_full": "Чебоксары: страшная авария с погибшими и открытие магазина чувашских продуктов - главные новости за 16.07.2025",
        "published": "2025-07-17T06:30:00.000+03:00",
        "replies_count": 0,
        "participants_count": 1,
        "site_type": "news",
        "country": "RU",
        "main_image": "",
        "performance_score": 0,
        "domain_rank": 143624,
        "domain_rank_updated": "2025-06-03T00:00:00.000+03:00",
        "licensing_agency": [],
        "social": {
            "facebook": {
                "likes": 0,
                "comments": 0,
                "shares": 0
            },
            "vk": {
                "shares": 0
            }
        }
    },
    "uuid": "98406732aaff8b24f2cb2e68ed1741b45ec73240",
    "url": "https://pg21.ru/news/110168",
    "ord_in_thread": 0,
    "author": "Служба новостей",
    "published": "2025-07-17T06:30:00.000+03:00",
    "title": "Чебоксары: страшная авария с погибшими и открытие магазина чувашских продуктов - главные новости за 16.07.2025",
    "text": "Чебоксары: страшная авария с погибшими и открытие магазина чувашских продуктов - главные новости за 16.07.2025\n- 06:30 17 июля\nСлужба новостей\nСамые резонансные новости за прошедший день\n16 июля 2025 года стал днем трагических событий и важных новостей для жителей Чебоксар и республики Чувашия.\nГлавной темой дня стала страшная авария в соседнем регионе, в которую попала машина из Чувашии. Дорожно-транспортное происшествие унесло жизни двух человек, еще трое получили травмы, среди пострадавших оказался ребенок.\nНа фоне трагических событий власти Чебоксарского района выразили соболезнования в связи с гибелью коллег в ДТП, подчеркнув, что погибшие были частью команды.\nСреди других значимых событий дня — подготовка к открытию в Чебоксарах нового магазина с чувашскими продуктами, а также трагическая история под Новочебоксарском, где утонул 12-летний мальчик.\nОтдельного внимания заслуживает ситуация с чебоксарцем, ставшим инвалидом на СВО, которому полгода не дают статус ветерана и льготы. Мужчина находится в отчаянии, не зная, куда обращаться за помощью.\nМашина из Чувашии попала в страшную аварию в соседнем регионе: двое погибших, трое пострадавших, в том числе ребенок\nВ Нижегородской области произошло серьезное ДТП, в котором столкнулись два автомобиля. В результате аварии погибли два человека из Чувашии, еще трое получили ранения. Обстоятельства произошедшего выясняются Госавтоинспекцией.\nЧитать полностью...\nВ Чебоксарах готовится к открытию новый магазин с чувашскими продуктами\n18 июля в Чебоксарах откроется новый агромаркет местной продукции \"Пехет\" площадью 4,2 тысячи квадратных метров в ТЦ \"Каскад\". В магазине будут отдельные зоны для различных видов продукции, включая бакалею, кондитерские изделия, мясо, рыбу, молочные продукты и напитки. Маркет рассчитан на 1050 посетителей одновременно и предложит доступные цены на товары местных производителей.\nЧитать полностью...\nВласти Чебоксарского района выразили соболезнования в связи с гибелью коллег в ДТП: \"Они были частью команды\"\nВ Нижегородской области в ДТП погибли начальник юридического отдела администрации Чебоксарского района Елена Денисова и водитель Центра хозяйственного обеспечения района Алексей Артемьев. Авария произошла вечером 15 июля на трассе М-7 рядом с селом Никольским. В результате столкновения двух автомобилей погибли сотрудники администрации, еще один человек госпитализирован. Читать полностью...\nПод Новочебоксарском утонул 12-летний мальчик\nВ Чувашии утонул 12-летний школьник в пруду, не предназначенном для купания. Трагедия произошла во время плавания на самодельном плоту. Прокуратура Чебоксарского района взяла на контроль ход проверки обстоятельств случившегося.\nЧитать полностью...\nЧебоксарцу, ставшему инвалидом на СВО, полгода не дают статус ветерана и льготы: “Отчаялся куда-то обращаться\"\nАлексей Иванов, ветеран СВО, получил тяжелое ранение и стал инвалидом, но после увольнения из армии не может получить положенные льготы из-за отсутствия необходимых документов. Он регулярно посещает различные кабинеты, чтобы добиться справедливости и получить статус ветерана. Несмотря на проблемы со здоровьем, Алексей не теряет надежды и продолжает бороться за свои права.\nЧитать полностью...",
    "highlightText": "",
    "highlightTitle": "",
    "highlightThreadTitle": "",
    "language": "russian",
    "sentiment": "negative",
    "categories": [
        "Crime, Law and Justice",
        "Social Issue",
        "Human Interest"
    ],
    "topics": [
        "Crime, Law and Justice->reckless driving",
        "Social Issue->social problem",
        "Social Issue->population and census",
        "Social Issue->demographics",
        "Human Interest->human mishap"
    ],
    "ai_allow": true,
    "has_canonical": false,
    "breaking": null,
    "webz_reporter": false,
    "external_links": [],
    "entities": {
        "persons": [],
        "locations": [],
        "organizations": []
    },
    "syndication": {
        "syndicated": null,
        "syndicate_id": null,
        "first_syndicated": false
    },
    "trust": {
        "categories": [],
        "top_news": [],
        "bias": null,
        "source": {
            "type": null,
            "city": null,
            "state": null,
            "country": null,
            "domain_type": null,
            "agency": null,
            "organization_name": null
        }
    },
    "rating": null,
    "crawled": "2025-07-17T07:35:32.184+03:00",
    "updated": "2025-07-17T04:40:16.000+00:00"
}