{
    "thread": {
        "uuid": "caeb2e5244dd88b8a3d1bfe86573eaf75c3d46e7",
        "url": "https://www.tgju.org/news/3477816/جنبش-آزادگان-فلسطین-قتل-عام-شهروندان-گرسنه-نشانه-فروپاشی-اخلاقی-و-انسانی-است",
        "site_full": "www.tgju.org",
        "site": "tgju.org",
        "site_section": "https://tgju.org/news-list",
        "site_categories": [],
        "section_title": "اخبار | شبکه اطلاع‌ رسانی طلا و ارز ",
        "site_title": "قیمت طلا, قیمت سکه, قیمت دلار - شبکه اطلاع رسانی طلا و ارز",
        "title": "جنبش آزادگان فلسطین: قتل‌عام شهروندان گرسنه نشانه فروپاشی اخلاقی و انسانی است | شبکه اطلاع‌ رسانی طلا و ارز",
        "title_full": "جنبش آزادگان فلسطین: قتل‌عام شهروندان گرسنه نشانه فروپاشی اخلاقی و انسانی است | شبکه اطلاع‌ رسانی طلا و ارز",
        "published": "2025-07-17T07:41:07.238+03:00",
        "replies_count": 0,
        "participants_count": 1,
        "site_type": "news",
        "country": "US",
        "main_image": "",
        "performance_score": 0,
        "domain_rank": 141302,
        "domain_rank_updated": "2025-06-03T00:00:00.000+03:00",
        "licensing_agency": [],
        "social": {
            "facebook": {
                "likes": 0,
                "comments": 0,
                "shares": 0
            },
            "vk": {
                "shares": 0
            }
        }
    },
    "uuid": "caeb2e5244dd88b8a3d1bfe86573eaf75c3d46e7",
    "url": "https://www.tgju.org/news/3477816/جنبش-آزادگان-فلسطین-قتل-عام-شهروندان-گرسنه-نشانه-فروپاشی-اخلاقی-و-انسانی-است",
    "ord_in_thread": 0,
    "author": "@tgjuofficial",
    "published": "2025-07-17T07:41:07.238+03:00",
    "title": "جنبش آزادگان فلسطین: قتل‌عام شهروندان گرسنه نشانه فروپاشی اخلاقی و انسانی است | شبکه اطلاع‌ رسانی طلا و ارز",
    "text": "به گزارش بامداد پنجشنبه ایرنا از خبرگزاری فلسطینی وفا، جنبش آزادگان فلسطین در این بیانیه افزود: در بحبوحه همدستی و سکوت بینالمللی و جهانی در قبال جنگ نسلکشی و پاکسازی قومی که توسط ارتش اشغالگر نازی به راه افتاده است، دشمن به قتل عامهای خود علیه شهروندان گرسنه و محاصره شده ما که برای دریافت کمک در تلههای مرگ جنوب خان یونس جمع شده بودند، ادامه میدهد.\nاین بیانیه میافزاید: این قتل عامها منجر به شهادت ۲۱ نفر شده است که ۱۵ نفر از آنها بر اثر خفگی ناشی از استفاده اشغالگران صهیونیستی - آمریکایی از گازهای سمی، جان خود را از دست دادهاند.\nدر ادامه این بیانیه آمده است: ما اشغالگران و سازمان آمریکایی معروف به (GHF) را مسئول قانونی کامل ارتکاب این قتل عام میدانیم و تأکید میکنیم که استفاده از غذا به عنوان سلاح جنگی و وسیلهای برای باجگیری سیاسی علیه غیرنظامیان، جنایتی است که نیاز به پاسخگویی دارد.\nدر پایان بیانیه جنبش آزادگان فلسطین آمده است: ما از کشورهای عربی و اسلامی و همه آزادگان جهان میخواهیم که به مسئولیتهای اخلاقی و انسانی خود عمل کنند و اقدامات فوری برای توقف این قتل عامهای وحشیانه، پایان دادن به جنایت نسلکشی و حمایت از حق مشروع مردم ما برای آزادی و تعیین سرنوشت خود، انجام دهند.\nدفتر رسانهای دولت فلسطین در نوار غزه چهارشنبه شب در تشریح جزئیات جنایت وحشیانه رژیم صهیونیستی از طریق بنیاد به اصطلاح بشردوستانه غزه اعلام کرد: این بنیاد صدها هزار شهروند را برای دریافت کمک از طریق مرکزی به نام SDS۳ در جنوب نوار غزه دعوت کرد. سپس پس از جمع کردن هزاران نفر از مردم گرسنه در گذرگاههای باریک آهنی که عمداً برای خفه کردن آنها طراحی شده بود، اقدام به بستن دروازههای آهنی کرد.\nکارمندان این سازمان جنایتکار و نظامیان رژیم صهیونیستی گاز فلفل پاشیدند و به سمت مردم گرسنهای که به درخواست آنها برای دریافت کمک آمده بودند، آتش مستقیم گشودند که منجر به خفگی جمعی و مرگ فوری تعداد زیادی از مردم در صحنه جنایت شد. دهها نفر هم در نتیجه ازدحام جمعیت در یک فضای بسته و بدون خروجی که برای کشتن طراحی شده بود، زخمی شدند.\nشهادت ۱۴ شاهد عینی که در صحنه حضور داشتند، روایت قاطعی از جنایت انجام شده علیه مردم گرسنه حاضر در صحنه جنایت را تائید میکند.\nدفتر رسانهای دولت فلسطین در نوار غزه همچنین پیش از این تیراندازی مستقیم به مردم گرسنه توسط اعضای شرکت جنایتکار آمریکایی را مستند کرده بود و فیلمهای ویدئویی مستند این حوادث خونین قبلاً منتشر شده بود.\nتلاش شرکت جنایتکار آمریکایی برای نسبت دادن این جنایت به مردم بیگناه یا گروههای فلسطینی، رفتاری نخنما شده و غیرقابل قبول است که صرفاً با هدف فرار از مسئولیت قانونی، اخلاقی و انسانی در قبال یک جنایت تمام عیار انجام میشود.",
    "highlightText": "",
    "highlightTitle": "",
    "highlightThreadTitle": "",
    "language": "persian",
    "sentiment": "negative",
    "categories": [
        "War, Conflict and Unrest",
        "Human Interest",
        "Politics"
    ],
    "topics": [
        "War, Conflict and Unrest->massacre",
        "Politics->political crisis",
        "Politics->human rights",
        "Politics->civil rights"
    ],
    "ai_allow": true,
    "has_canonical": false,
    "breaking": false,
    "webz_reporter": false,
    "external_links": [],
    "entities": {
        "persons": [],
        "locations": [],
        "organizations": []
    },
    "syndication": {
        "syndicated": null,
        "syndicate_id": null,
        "first_syndicated": false
    },
    "trust": {
        "categories": [],
        "top_news": [],
        "bias": null,
        "source": {
            "type": null,
            "city": null,
            "state": null,
            "country": null,
            "domain_type": null,
            "agency": null,
            "organization_name": null
        }
    },
    "rating": null,
    "crawled": "2025-07-17T07:41:07.238+03:00",
    "updated": "2025-07-17T04:47:49.000+00:00"
}