{
    "thread": {
        "uuid": "6ebeccf550e7d75e30a3b159bc6aa90512947cbf",
        "url": "https://1news.az/news/20250717084130989-Televedushcii-SHakhriyar-Abilov-ushyol-s-AzTV-posle-mnogikh-let-raboty",
        "site_full": "1news.az",
        "site": "1news.az",
        "site_section": "https://1news.az/ekonomika",
        "site_categories": [
            "media"
        ],
        "section_title": "Экономика Азербайджана и Мира – Последние Новости и Аналитика",
        "site_title": "1News.az – Новости Азербайджана сегодня | Последние новости мира",
        "title": "Телеведущий Шахрияр Абилов ушёл с AzTV после многих лет работы | 1news.az | Новости",
        "title_full": "Телеведущий Шахрияр Абилов ушёл с AzTV после многих лет работы | 1news.az | Новости",
        "published": "2025-07-17T07:45:00.000+03:00",
        "replies_count": 0,
        "participants_count": 1,
        "site_type": "news",
        "country": "AZ",
        "main_image": "https://1news.az/images/2025/07/17/20250717084130989/thumbsharing.jpg?2025-07-17+08%3A44%3A32",
        "performance_score": 0,
        "domain_rank": 53425,
        "domain_rank_updated": "2025-06-03T00:00:00.000+03:00",
        "licensing_agency": [],
        "social": {
            "facebook": {
                "likes": 0,
                "comments": 0,
                "shares": 0
            },
            "vk": {
                "shares": 0
            }
        }
    },
    "uuid": "6ebeccf550e7d75e30a3b159bc6aa90512947cbf",
    "url": "https://1news.az/news/20250717084130989-Televedushcii-SHakhriyar-Abilov-ushyol-s-AzTV-posle-mnogikh-let-raboty",
    "ord_in_thread": 0,
    "author": "First News Media",
    "published": "2025-07-17T07:45:00.000+03:00",
    "title": "Телеведущий Шахрияр Абилов ушёл с AzTV после многих лет работы | 1news.az | Новости",
    "text": "Lifestyle Телеведущий Шахрияр Абилов ушёл с AzTV после многих лет работы First News Media 08:45 - Сегодня Известный телеведущий Шахрияр Абилов объявил о своем уходе с Азербайджанского государственного телевидения (AzTV).\nОб этом он написал на своей странице в соцсетях.\n\"Я проработал на Азербайджанском телевидении много лет. За это время мне удалось реализовать множество ценных и запоминающихся проектов. Для меня AzTV был не просто местом работы, но и местом, где я завел настоящих друзей, познакомился с замечательными людьми и стал частью большой семьи.\nОднако всему приходит конец, и сегодня мой путь с этим телеканалом завершается. От всего сердца благодарю руководство и весь коллектив за поддержку, уважение и теплое отношение.\nЖизнь продолжается. Впереди - новые телеканалы, новые проекты и новые начинания. Желаю всем удачи и благополучия\", - подчеркнул телеведущий.\nОтметим, что последним проектом, где работал Ш.Абилов на AzTV, была программа Düşən pullar.",
    "highlightText": "",
    "highlightTitle": "",
    "highlightThreadTitle": "",
    "language": "russian",
    "sentiment": "negative",
    "categories": [
        "Lifestyle and Leisure",
        "Human Interest",
        "Crime, Law and Justice"
    ],
    "topics": [
        "Lifestyle and Leisure->lifestyle",
        "Human Interest->celebrity"
    ],
    "ai_allow": true,
    "has_canonical": false,
    "breaking": false,
    "webz_reporter": false,
    "external_links": [
        "https://www.instagram.com/p/DMLVGVVMRBV/?utm_source=ig_web_copy_link",
        "https://instagram.com/p/DMLVGVVMRBV/?utm_source=ig_web_copy_link",
        "https://www.instagram.com/p/DMLVGVVMRBV/"
    ],
    "entities": {
        "persons": [],
        "locations": [],
        "organizations": []
    },
    "syndication": {
        "syndicated": null,
        "syndicate_id": null,
        "first_syndicated": false
    },
    "trust": {
        "categories": [],
        "top_news": [],
        "bias": null,
        "source": {
            "type": null,
            "city": null,
            "state": null,
            "country": null,
            "domain_type": null,
            "agency": null,
            "organization_name": null
        }
    },
    "rating": null,
    "crawled": "2025-07-17T07:48:25.489+03:00",
    "updated": "2025-07-17T05:01:58.000+00:00"
}