{
    "thread": {
        "uuid": "1cd521b2c4aeb261ba552d8b5ce810e6ffa5148f",
        "url": "https://www.newsbreak.com/ocala-star-banner-1590660/4109506180527-one-of-three-brothers-killed-in-three-vehicle-crash-in-marion-oaks",
        "site_full": "www.newsbreak.com",
        "site": "newsbreak.com",
        "site_section": "https://newsbreak.com/ocala-fl",
        "site_categories": [
            "under_construction",
            "non_standard_content"
        ],
        "section_title": "Ocala, FL Local News and More | NewsBreak",
        "site_title": "NewsBreak: Local News &amp; Alerts",
        "title": "One of three brothers killed in three-vehicle crash in Marion Oaks - NewsBreak",
        "title_full": "One of three brothers killed in three-vehicle crash in Marion Oaks - NewsBreak",
        "published": "2025-07-15T18:11:00.000+03:00",
        "replies_count": 0,
        "participants_count": 0,
        "site_type": "news",
        "country": "US",
        "main_image": "https://img.particlenews.com/img/id/188Cbb_12jpzy7m00",
        "performance_score": 0,
        "domain_rank": 3213,
        "domain_rank_updated": "2025-06-03T00:00:00.000+03:00",
        "licensing_agency": [],
        "social": {
            "facebook": {
                "likes": 0,
                "comments": 0,
                "shares": 0
            },
            "vk": {
                "shares": 0
            }
        }
    },
    "uuid": "1cd521b2c4aeb261ba552d8b5ce810e6ffa5148f",
    "url": "https://www.newsbreak.com/ocala-star-banner-1590660/4109506180527-one-of-three-brothers-killed-in-three-vehicle-crash-in-marion-oaks",
    "ord_in_thread": 0,
    "author": null,
    "published": "2025-07-15T18:11:00.000+03:00",
    "title": "One of three brothers killed in three-vehicle crash in Marion Oaks - NewsBreak",
    "text": "Three brothers whose bond, love and support for each other was unbreakable, saw that connection shattered in an instant on a dark and foggy July 15 morning in Marion Oaks. Alexy Quedevo-Perez, the oldest of the three siblings, was killed in a three-vehicle crash at the intersection of Marion Oaks Boulevard and Marion Oaks Manor. Grieving family and friends gathered just mere yards away from the crash. Florida Highway Patrol troopers on scene comforted the group, who hugged, cried and appeared to be in disbelief that the 28-year-old from Venezuela was no longer with them. \"They lived together, they went everywhere with each other, they were always together,\" said stepfather Charles Fisher, whose wife raised the brothers when their mother died in Venezuela more than 20 years ago. Fisher, whose wife was sitting in a vehicle and being consoled by a woman, was crying uncontrollably. Marion County Fire Rescue spokesperson James Lucas said crews were assigned to the crash at 6:17 a.m. and arrived five minutes later. Quedevo-Perez was pronounced dead at the scene. Local news: Ocala and Marion County rescuers enter second week of Texas flood recovery efforts FHP officials said the brothers were traveling south in a Honda minivan on Marion Oaks Boulevard and had the right-of-way. A Hyundai car headed east on Marion Oaks Manor was stopped at the stop sign. According to troopers, a white catering van being driven west on Marion Oaks Manor by a 40-year-old Reddick man ran the stop sign and crashed into the left side of the brothers' van. The crash caused both vehicles to rotate before the brothers' van hit the Hyundai. A 41-year-old woman behind the wheel of the Hyundai was transported to a local hospital with minor injuries, troopers said. Alexander and Alejandro Quedevo-Perez, the surviving two brothers, also were injured and taken to a local hospital for treatment. Family and friends said Alexander Quedevo-Perez, 25, injured his hip while his brother, Alejandro, 25, suffered a minor injury. The driver of the catering van told a Star-Banner reporter that he was on his way to work. He said he stopped at the stop sign and thinks the minivan was traveling in the wrong direction. He said he does not remember anything else. The man said blood was taken from him for testing. Troopers said that is done to check if he was impaired at the time of the crash. \"I feel terrible. It's sad,\" the driver of the catering van said about the victim. Fisher said the brothers worked at Energy Air in Orlando. He said the surviving brothers called and told the family they were involved in a crash. Alexy Quedevo-Perez leaves behind a wife and two children, a boy and a girl. Records show the fatality was the 36th for the year in Marion County. The figure does not include deaths from the cities of Ocala, Belleview or Dunnellon. The number is down from the 2024 total around this time. By July 22, 2024, the number was 43. In 2024, troopers recorded 100 fatalities. Contact Austin L. Miller at austin.miller@starbanner.com This article originally appeared on Ocala Star-Banner: One of three brothers killed in three-vehicle crash in Marion Oaks",
    "highlightText": "",
    "highlightTitle": "",
    "highlightThreadTitle": "",
    "language": "english",
    "sentiment": "negative",
    "categories": [
        "Crime, Law and Justice",
        "Human Interest",
        "Social Issue"
    ],
    "topics": [
        "Crime, Law and Justice->reckless driving",
        "Human Interest->human mishap",
        "Social Issue->family",
        "Social Issue->death and dying",
        "Social Issue->social problem"
    ],
    "ai_allow": true,
    "has_canonical": true,
    "breaking": null,
    "webz_reporter": false,
    "external_links": [
        "https://img.particlenews.com/image.php?url=188Cbb_12jpzy7m00",
        "https://www.ocala.com/story/news/2025/07/14/florida-rescuers-enter-second-week-of-texas-flood-recovery-efforts/85192729007/",
        "https://img.particlenews.com/image.php?type=thumbnail_580x000&url=3zoY7v_12jpzy7m00",
        "https://img.particlenews.com/image.php?type=thumbnail_580x000&url=188Cbb_12jpzy7m00",
        "https://img.particlenews.com/image.php?url=11ukM7_12jpzy7m00",
        "https://img.particlenews.com/image.php?url=3zoY7v_12jpzy7m00",
        "https://www.ocala.com/story/news/local/2025/07/15/three-vehicle-crash-kills-one-of-three-brothers-in-marion-county/85205227007/",
        "https://img.particlenews.com/image.php?type=thumbnail_580x000&url=0ksg55_12jpzy7m00",
        "https://img.particlenews.com/image.php?type=thumbnail_580x000&url=11ukM7_12jpzy7m00",
        "https://img.particlenews.com/image.php?url=0ksg55_12jpzy7m00",
        "https://www.img.particlenews.com/image.php?type=thumbnail_580x000&url=3zoY7v_12jpzy7m00",
        "https://www.img.particlenews.com/image.php?url=188Cbb_12jpzy7m00",
        "https://www.ocala.com/story/news/2025/07/14/florida-rescuers-enter-second-week-of-texas-flood-recovery-efforts/85192729007",
        "https://www.img.particlenews.com/image.php?url=0ksg55_12jpzy7m00",
        "https://ocala.com/story/news/2025/07/14/florida-rescuers-enter-second-week-of-texas-flood-recovery-efforts/85192729007/",
        "https://www.img.particlenews.com/image.php?url=3zoY7v_12jpzy7m00",
        "https://img.particlenews.com/image.php",
        "https://www.img.particlenews.com/image.php?type=thumbnail_580x000&url=188Cbb_12jpzy7m00",
        "https://www.img.particlenews.com/image.php?type=thumbnail_580x000&url=0ksg55_12jpzy7m00",
        "https://ocala.com/story/news/local/2025/07/15/three-vehicle-crash-kills-one-of-three-brothers-in-marion-county/85205227007/",
        "https://www.img.particlenews.com/image.php?url=11ukM7_12jpzy7m00",
        "https://www.img.particlenews.com/image.php?type=thumbnail_580x000&url=11ukM7_12jpzy7m00",
        "https://www.ocala.com/story/news/local/2025/07/15/three-vehicle-crash-kills-one-of-three-brothers-in-marion-county/85205227007"
    ],
    "entities": {
        "persons": [
            {
                "name": "Charles Fisher",
                "sentiment": "none"
            },
            {
                "name": "James Lucas",
                "sentiment": "none"
            },
            {
                "name": "Mario",
                "sentiment": "none"
            }
        ],
        "locations": [
            {
                "name": "Oaks Boulevard",
                "sentiment": "none"
            }
        ],
        "organizations": [
            {
                "name": "Marion County Fire Rescue",
                "sentiment": "none",
                "tickers": []
            }
        ]
    },
    "syndication": {
        "syndicated": false,
        "syndicate_id": null,
        "first_syndicated": false
    },
    "trust": {
        "categories": [
            "fake_news"
        ],
        "top_news": [],
        "bias": "center",
        "source": {
            "type": null,
            "city": null,
            "state": null,
            "country": null,
            "domain_type": null,
            "agency": null,
            "organization_name": null
        }
    },
    "rating": null,
    "crawled": "2025-07-17T07:45:05.266+03:00",
    "updated": "2025-07-17T04:52:10.000+00:00"
}