{
    "thread": {
        "uuid": "eda00530beff93a3e097ddf663435bf64f6b3127",
        "url": "https://www.chinabgao.com/jiage/71909306.html",
        "site_full": "www.chinabgao.com",
        "site": "chinabgao.com",
        "site_section": "https://www.chinabgao.com/jiage",
        "site_categories": [],
        "section_title": "大宗商品价格_最新大宗商品价格_行情_走势查询_报告大厅",
        "site_title": "报告大厅_首选市场调研报告门户_专业提供各行业市场调研报告",
        "title": "油桃产品报价预警：安徽省砀山县红油桃价格8周下跌24.81%（2025年07月16日）_报告大厅",
        "title_full": "油桃产品报价预警：安徽省砀山县红油桃价格8周下跌24.81%（2025年07月16日）_报告大厅",
        "published": "2025-07-17T07:06:00.000+03:00",
        "replies_count": 0,
        "participants_count": 0,
        "site_type": "news",
        "country": "CN",
        "main_image": "",
        "performance_score": 0,
        "domain_rank": 65803,
        "domain_rank_updated": "2025-06-03T00:00:00.000+03:00",
        "licensing_agency": [],
        "social": {
            "facebook": {
                "likes": 0,
                "comments": 0,
                "shares": 0
            },
            "vk": {
                "shares": 0
            }
        }
    },
    "uuid": "eda00530beff93a3e097ddf663435bf64f6b3127",
    "url": "https://www.chinabgao.com/jiage/71909306.html",
    "ord_in_thread": 0,
    "author": null,
    "published": "2025-07-17T07:06:00.000+03:00",
    "title": "油桃产品报价预警：安徽省砀山县红油桃价格8周下跌24.81%（2025年07月16日）_报告大厅",
    "text": "报告大厅 (www.chinabgao.com) 字号： T | T 2025年07月16日，宇博智业大数据预警中心数据显示，安徽省砀山县的红油桃价格下跌幅度较大，今日报价为1.00元/斤，较8周前（2025年05月21日）下跌了24.81%，值得投资者重点关注。\n表1：2025年07月16日油桃产品价格跌幅榜 单位：元/斤，% 产地 品种 2025年07月16日价格 2025年05月21日价格 跌幅 安徽省砀山县 红油桃 1.00 1.33 -24.81 数据来源：宇博数据库\n图1：2025年07月16日油桃产品价格走势 单位：元/斤，%\n数据来源：宇博数据库\n更多油桃行业研究分析，详见中国报告大厅 《油桃行业报告汇总》 。这里汇聚海量专业资料，深度剖析各行业发展态势与趋势，为您的决策提供坚实依据。\n更多详细的行业数据尽在 【数据库】 ，涵盖了宏观数据、产量数据、进出口数据、价格数据及上市公司财务数据等各类型数据内容。\n(本文著作权归原作者所有，未经书面许可，请勿转载)",
    "highlightText": "",
    "highlightTitle": "",
    "highlightThreadTitle": "",
    "language": "chinese",
    "sentiment": "negative",
    "categories": [
        "Economy, Business and Finance",
        "Social Issue",
        "Human Interest"
    ],
    "topics": [
        "Economy, Business and Finance->commodity market",
        "Economy, Business and Finance->agriculture",
        "Social Issue->population and census",
        "Social Issue->demographics",
        "Social Issue->social problem"
    ],
    "ai_allow": true,
    "has_canonical": false,
    "breaking": false,
    "webz_reporter": false,
    "external_links": [
        "https://d.yuboinfo.com/",
        "https://www.d.yuboinfo.com/",
        "https://d.yuboinfo.com"
    ],
    "entities": {
        "persons": [],
        "locations": [],
        "organizations": []
    },
    "syndication": {
        "syndicated": null,
        "syndicate_id": null,
        "first_syndicated": false
    },
    "trust": {
        "categories": [],
        "top_news": [],
        "bias": null,
        "source": {
            "type": null,
            "city": null,
            "state": null,
            "country": null,
            "domain_type": null,
            "agency": null,
            "organization_name": null
        }
    },
    "rating": null,
    "crawled": "2025-07-17T07:36:58.746+03:00",
    "updated": "2025-07-17T04:41:27.000+00:00"
}