{
    "thread": {
        "uuid": "5a865ab7c009f55aada03f8ae8ef20025457d27d",
        "url": "https://item.btime.com/f22ajq50q6c9v1pbpder33gu237",
        "site_full": "item.btime.com",
        "site": "btime.com",
        "site_section": "https://www.btime.com/#main",
        "site_categories": [
            "media"
        ],
        "section_title": "北京时间_创造历史的每时每刻 尽在北京时间",
        "site_title": null,
        "title": "伊拉克一超市突发大火 近50人死亡_北京时间",
        "title_full": "伊拉克一超市突发大火 近50人死亡_北京时间",
        "published": "2025-07-17T07:35:00.000+03:00",
        "replies_count": 0,
        "participants_count": 0,
        "site_type": "news",
        "country": "CN",
        "main_image": "",
        "performance_score": 0,
        "domain_rank": 29097,
        "domain_rank_updated": "2025-06-03T00:00:00.000+03:00",
        "licensing_agency": [],
        "social": {
            "facebook": {
                "likes": 0,
                "comments": 0,
                "shares": 0
            },
            "vk": {
                "shares": 0
            }
        }
    },
    "uuid": "5a865ab7c009f55aada03f8ae8ef20025457d27d",
    "url": "https://item.btime.com/f22ajq50q6c9v1pbpder33gu237",
    "ord_in_thread": 0,
    "author": null,
    "published": "2025-07-17T07:35:00.000+03:00",
    "title": "伊拉克一超市突发大火 近50人死亡_北京时间",
    "text": "当地时间17日凌晨，伊拉克东部瓦西特省省会库特市一大型超市发生火灾。该省省长通过其社交账号表示，火灾已造成 近50人死亡 。",
    "highlightText": "",
    "highlightTitle": "",
    "highlightThreadTitle": "",
    "language": "chinese",
    "sentiment": "negative",
    "categories": [
        "Disaster and Accident",
        "Human Interest",
        "Crime, Law and Justice"
    ],
    "topics": [
        "Disaster and Accident->fire",
        "Human Interest->human mishap",
        "Crime, Law and Justice->investigation (criminal)",
        "Crime, Law and Justice->homicide",
        "Crime, Law and Justice->arson"
    ],
    "ai_allow": true,
    "has_canonical": false,
    "breaking": false,
    "webz_reporter": false,
    "external_links": [],
    "entities": {
        "persons": [],
        "locations": [],
        "organizations": []
    },
    "syndication": {
        "syndicated": null,
        "syndicate_id": null,
        "first_syndicated": false
    },
    "trust": {
        "categories": [],
        "top_news": [],
        "bias": null,
        "source": {
            "type": null,
            "city": null,
            "state": null,
            "country": null,
            "domain_type": null,
            "agency": null,
            "organization_name": null
        }
    },
    "rating": null,
    "crawled": "2025-07-17T07:43:55.429+03:00",
    "updated": "2025-07-17T04:51:27.000+00:00"
}