{
    "thread": {
        "uuid": "5fdab70bf92006d73c479337d9f583ea37a326a8",
        "url": "https://www.granma.cu/deportes/2025-07-17/cubanos-buscan-la-gloria-en-abierto-de-boxeo-17-07-2025-00-07-37",
        "site_full": "www.granma.cu",
        "site": "granma.cu",
        "site_section": "https://www.granma.cu/feed",
        "site_categories": [
            "media"
        ],
        "section_title": "Granma - Órgano oficial del Partido Comunista de Cuba",
        "site_title": "Granma - Órgano oficial del PCC",
        "title": "Cubanos buscan la gloria en Abierto de boxeo",
        "title_full": "Cubanos buscan la gloria en Abierto de boxeo",
        "published": "2025-07-17T07:07:00.000+03:00",
        "replies_count": 0,
        "participants_count": 1,
        "site_type": "news",
        "country": "CU",
        "main_image": "https://www.granma.cu//file/img/2025/03/medium/f0429769.jpg",
        "performance_score": 0,
        "domain_rank": 16602,
        "domain_rank_updated": "2025-06-03T00:00:00.000+03:00",
        "licensing_agency": [],
        "social": {
            "facebook": {
                "likes": 0,
                "comments": 0,
                "shares": 0
            },
            "vk": {
                "shares": 0
            }
        }
    },
    "uuid": "5fdab70bf92006d73c479337d9f583ea37a326a8",
    "url": "https://www.granma.cu/deportes/2025-07-17/cubanos-buscan-la-gloria-en-abierto-de-boxeo-17-07-2025-00-07-37",
    "ord_in_thread": 0,
    "author": "Redacción Deportiva",
    "published": "2025-07-17T07:07:00.000+03:00",
    "title": "Cubanos buscan la gloria en Abierto de boxeo",
    "text": "Jorge Cuéllar, Nelson Williams y Saidel Horta discutirán, en sus respectivas divisiones, las finales del torneo abierto de boxeo que tiene por sede a Guizhou, en China.\nCuéllar, en los 71 kg, derrotó por unanimidad al kazajo Nurkan Amankeldin. El medallista de bronce centroamericano, en 2023, aprovechó sus virtudes en la media y larga distancia, según informa el sitio Jit.\nEntre tanto, en la división de 92 kg, Nelson Williams no tuvo dificultades para vencer al anfitrión Lin Feng Xie. El agramontino se exigió a fondo desde el inicio, evitando dejar margen a dudas, teniendo en cuenta la condición de local de su rival.\nPreviamente, Saidel Horta (57 kg) fue verdugo, por 4-1, del kazajo Assylzhan Serikbay. «He podido sacar a relucir la experiencia acumulada a lo largo de mi carrera, y ganar asalto por asalto con lo justo, sin desgastarme», dijo.\nHoy se efectuará el cartel final. En aras de concretar tres medallas de oro, los antillanos cruzarán guantes ante tres locales. Horta lo hará con Ping Lv, Cuéllar será rival de Shi Han Hu, y Williams de Han Xuezhen.\nHasta el momento Cuba contabiliza una medalla de plata y cinco bronces, según reportó la Agencia Cubana de Noticias, saldo que podría mejorar de ganar los cubanos en sus presentaciones.",
    "highlightText": "",
    "highlightTitle": "",
    "highlightThreadTitle": "",
    "language": "spanish",
    "sentiment": "negative",
    "categories": [
        "Crime, Law and Justice",
        "Social Issue",
        "Human Interest"
    ],
    "topics": [
        "Social Issue->demographics",
        "Social Issue->communities",
        "Social Issue->social services",
        "Human Interest->record and achievement"
    ],
    "ai_allow": true,
    "has_canonical": false,
    "breaking": false,
    "webz_reporter": false,
    "external_links": [],
    "entities": {
        "persons": [
            {
                "name": "Jorge Cuéllar",
                "sentiment": "negative"
            },
            {
                "name": "Nelson Williams",
                "sentiment": "negative"
            },
            {
                "name": "Ping Lv",
                "sentiment": "none"
            }
        ],
        "locations": [],
        "organizations": []
    },
    "syndication": {
        "syndicated": null,
        "syndicate_id": null,
        "first_syndicated": false
    },
    "trust": {
        "categories": [
            "fake_news"
        ],
        "top_news": [],
        "bias": null,
        "source": {
            "type": null,
            "city": null,
            "state": null,
            "country": null,
            "domain_type": null,
            "agency": null,
            "organization_name": null
        }
    },
    "rating": null,
    "crawled": "2025-07-17T07:46:10.785+03:00",
    "updated": "2025-07-17T04:53:54.000+00:00"
}