{
    "thread": {
        "uuid": "e4e0c5032913969e64b3a0adb78291efc2650444",
        "url": "https://news.myseldon.com/en/news/index/332302873",
        "site_full": "news.myseldon.com",
        "site": "myseldon.com",
        "site_section": "https://news.myseldon.com/sitemaps/daily/sitemap_news_en_daily_6.xml",
        "site_categories": [
            "media"
        ],
        "section_title": "",
        "site_title": null,
        "title": "Ребенок, выживший в ДТП с 7 погибшими, госпитализирован в Новосибирск | Health | Seldon News",
        "title_full": "Ребенок, выживший в ДТП с 7 погибшими, госпитализирован в Новосибирск | Health | Seldon News",
        "published": "2025-07-17T07:49:52.137+03:00",
        "replies_count": 0,
        "participants_count": 1,
        "site_type": "news",
        "country": "RU",
        "main_image": "https://storage.myseldon.com/news-pict-fe/FE7B13E208E0845F9E40411E46991168",
        "performance_score": 0,
        "domain_rank": 21802,
        "domain_rank_updated": "2025-06-03T00:00:00.000+03:00",
        "licensing_agency": [],
        "social": {
            "facebook": {
                "likes": 0,
                "comments": 0,
                "shares": 0
            },
            "vk": {
                "shares": 0
            }
        }
    },
    "uuid": "e4e0c5032913969e64b3a0adb78291efc2650444",
    "url": "https://news.myseldon.com/en/news/index/332302873",
    "ord_in_thread": 0,
    "author": "@Smotrim",
    "published": "2025-07-17T07:49:52.137+03:00",
    "title": "Ребенок, выживший в ДТП с 7 погибшими, госпитализирован в Новосибирск | Health | Seldon News",
    "text": "Малолетний ребенок, выживший во вчерашней дорожной аварии с семью погибшими, успешно доставлен вертолетом в Новосибирскую областную больницу для лечения. Об этом сообщил министр здравоохранения региона Ростислав Заблоцкий. \"Эвакуация прошла в штатном режиме\", – цитирует его слова РИА Новости . Сейчас маленький пациент находится под наблюдением врачей нейрохирургического отделения. Ранее сообщалось, что накануне утром два легковых автомобиля Suzuki SX4 и Toyota Sprinter столкнулись на 290-м км федеральной трассы К17 в Новосибирской области. Пять человек погибли на месте, еще троих... Copyright information of photo and video materials was taken from the website «Smotrim» , more details in our Terms of Service",
    "highlightText": "",
    "highlightTitle": "",
    "highlightThreadTitle": "",
    "language": "russian",
    "sentiment": "negative",
    "categories": [
        "Health",
        "Human Interest"
    ],
    "topics": [
        "Health->emergency care",
        "Health->health facility",
        "Health->injury",
        "Human Interest->human mishap"
    ],
    "ai_allow": true,
    "has_canonical": false,
    "breaking": false,
    "webz_reporter": false,
    "external_links": [
        "http://smotrim.ru/article/4599882",
        "http://www.smotrim.ru/article/4599882"
    ],
    "entities": {
        "persons": [],
        "locations": [],
        "organizations": []
    },
    "syndication": {
        "syndicated": null,
        "syndicate_id": null,
        "first_syndicated": false
    },
    "trust": {
        "categories": [],
        "top_news": [],
        "bias": null,
        "source": {
            "type": null,
            "city": null,
            "state": null,
            "country": null,
            "domain_type": null,
            "agency": null,
            "organization_name": null
        }
    },
    "rating": null,
    "crawled": "2025-07-17T07:49:52.137+03:00",
    "updated": "2025-07-17T04:52:25.000+00:00"
}