{
    "thread": {
        "uuid": "b6a5830f4d020e03de1e98e34ba5bcc5e8363a1e",
        "url": "https://www.haz.de/panorama/tomorrowland-flammeninferno-zerstoert-hauptbuehne-des-techno-festivals-YRKP3JPSNZLU7KMKA35QY54YIY.html",
        "site_full": "www.haz.de",
        "site": "haz.de",
        "site_section": "http://www.haz.de/ticker",
        "site_categories": [
            "media",
            "top_news_de",
            "top_news"
        ],
        "section_title": "Newsticker",
        "site_title": "HAZ – Hannoversche Allgemeine",
        "title": "Tomorrowland: Flammeninferno zerstört Hauptbühne des Techno-Festivals",
        "title_full": "Tomorrowland: Flammeninferno zerstört Hauptbühne des Techno-Festivals",
        "published": "2025-07-17T07:30:00.000+03:00",
        "replies_count": 0,
        "participants_count": 1,
        "site_type": "news",
        "country": "DE",
        "main_image": "https://www.haz.de/resizer/v2/I2X4LCETK5C4ZA2GVI2JRLHBIA.jpg?auth=c864c19e55b3b4ceecc7133b7dcf902b856c083a3f1c02ba3af5dfba660b3eae&amp;quality=70&amp;width=1200&amp;height=630&amp;smart=true",
        "performance_score": 0,
        "domain_rank": 14865,
        "domain_rank_updated": "2025-06-03T00:00:00.000+03:00",
        "licensing_agency": [],
        "social": {
            "facebook": {
                "likes": 0,
                "comments": 0,
                "shares": 0
            },
            "vk": {
                "shares": 0
            }
        }
    },
    "uuid": "b6a5830f4d020e03de1e98e34ba5bcc5e8363a1e",
    "url": "https://www.haz.de/panorama/tomorrowland-flammeninferno-zerstoert-hauptbuehne-des-techno-festivals-YRKP3JPSNZLU7KMKA35QY54YIY.html",
    "ord_in_thread": 0,
    "author": "Hannoversche Allgemeine Zeitung",
    "published": "2025-07-17T07:30:00.000+03:00",
    "title": "Tomorrowland: Flammeninferno zerstört Hauptbühne des Techno-Festivals",
    "text": "Zwei Tage vor Start\nFlammeninferno in Belgien: Hauptbühne des Tomorrowlands abgebrannt\nZwei Tage vor Beginn des Elektrofestivals Tomorrowland im belgischen Boom ist auf der Hauptbühne ein Feuer ausgebrochen.\nQuelle: IMAGO/Belga\nZwei Tage vor Beginn des Elektrofestivals Tomorrowland im belgischen Boom ist auf der Hauptbühne ein Feuer ausgebrochen.\nQuelle: IMAGO/Belga",
    "highlightText": "",
    "highlightTitle": "",
    "highlightThreadTitle": "",
    "language": "german",
    "sentiment": "negative",
    "categories": [
        "Disaster and Accident",
        "Human Interest",
        "Social Issue"
    ],
    "topics": [
        "Disaster and Accident->fire",
        "Human Interest->ceremony",
        "Social Issue->social problem",
        "Social Issue->communities"
    ],
    "ai_allow": true,
    "has_canonical": false,
    "breaking": true,
    "webz_reporter": false,
    "external_links": [],
    "entities": {
        "persons": [],
        "locations": [
            {
                "name": "Belgien",
                "sentiment": "none"
            }
        ],
        "organizations": []
    },
    "syndication": {
        "syndicated": null,
        "syndicate_id": null,
        "first_syndicated": false
    },
    "trust": {
        "categories": [],
        "top_news": [
            "top_news_de",
            "top_news"
        ],
        "bias": null,
        "source": {
            "type": null,
            "city": null,
            "state": null,
            "country": null,
            "domain_type": null,
            "agency": null,
            "organization_name": null
        }
    },
    "rating": null,
    "crawled": "2025-07-17T07:44:47.056+03:00",
    "updated": "2025-07-18T05:04:31.000+00:00"
}