{
    "thread": {
        "uuid": "d1aacbefe8d6f4ff650c490355a07e269e46b475",
        "url": "https://thesun.ng/cbaac-mourns-ijebu-monarch-oba-adetona/",
        "site_full": "thesun.ng",
        "site": "thesun.ng",
        "site_section": "https://www.golf.einnews.com/live_feed",
        "site_categories": [],
        "section_title": "Live Feed Wire - Golf News Today - EIN Presswire",
        "site_title": "The Sun Nigeria &ndash; Voice of the Nation",
        "title": "CBAAC mourns Ijebu monarch, Oba Adetona",
        "title_full": "CBAAC mourns Ijebu monarch, Oba Adetona",
        "published": "2025-07-17T06:55:00.000+03:00",
        "replies_count": 0,
        "participants_count": 1,
        "site_type": "news",
        "country": "NG",
        "main_image": "https://d1jcea4y7xhp7l.cloudfront.net/wp-content/uploads/2025/07/WhatsApp-Image-2025-07-13-at-9_34_08-PM.jpg",
        "performance_score": 0,
        "domain_rank": 58575,
        "domain_rank_updated": "2025-06-03T00:00:00.000+03:00",
        "licensing_agency": [],
        "social": {
            "facebook": {
                "likes": 0,
                "comments": 0,
                "shares": 0
            },
            "vk": {
                "shares": 0
            }
        }
    },
    "uuid": "d1aacbefe8d6f4ff650c490355a07e269e46b475",
    "url": "https://thesun.ng/cbaac-mourns-ijebu-monarch-oba-adetona/",
    "ord_in_thread": 0,
    "author": "Rapheal",
    "published": "2025-07-17T06:55:00.000+03:00",
    "title": "CBAAC mourns Ijebu monarch, Oba Adetona",
    "text": "The Centre for Black and African Arts and Civilization (CBAAC) has extended its condolences to the family and people of Ijebu following the passing of the Awujule of Ijebu, Oba Sikiru Adetona.\nIn a statement signed by its Director-General, Aisha Adamu Augie, CBAAC described the monarch as a cultural icon whose leadership and contributions to the Ijebu Kingdom will be greatly missed.\nThe organisation prayed for the family, the people of Ijebu, and the traditional council to find solace in the legacy of Oba Adetona’s reign and the memories of his dedication to his people.",
    "highlightText": "",
    "highlightTitle": "",
    "highlightThreadTitle": "",
    "language": "english",
    "sentiment": "negative",
    "categories": [
        "Human Interest",
        "Social Issue"
    ],
    "topics": [
        "Human Interest->funeral and memorial service",
        "Social Issue->communities",
        "Social Issue->demographics",
        "Social Issue->death and dying"
    ],
    "ai_allow": true,
    "has_canonical": false,
    "breaking": false,
    "webz_reporter": false,
    "external_links": [],
    "entities": {
        "persons": [
            {
                "name": "Oba Adetona",
                "sentiment": "neutral"
            },
            {
                "name": "Oba Sikiru Adetona",
                "sentiment": "none"
            },
            {
                "name": "Aisha Adamu Augie",
                "sentiment": "none"
            }
        ],
        "locations": [
            {
                "name": "Ijebu Kingdom",
                "sentiment": "none"
            }
        ],
        "organizations": []
    },
    "syndication": {
        "syndicated": false,
        "syndicate_id": null,
        "first_syndicated": false
    },
    "trust": {
        "categories": [],
        "top_news": [],
        "bias": null,
        "source": {
            "type": null,
            "city": null,
            "state": null,
            "country": null,
            "domain_type": null,
            "agency": null,
            "organization_name": null
        }
    },
    "rating": null,
    "crawled": "2025-07-17T07:35:14.055+03:00",
    "updated": "2025-07-17T04:37:07.000+00:00"
}