{
    "thread": {
        "uuid": "47a6410651bfcf76b95766bb6738b5263b12bffd",
        "url": "https://www.latestnigeriannews.com/p/4380040/buhari-phrank-shaibu-replies-festus-keyamo-on-atikus-resignation-from-pdp.html",
        "site_full": "www.latestnigeriannews.com",
        "site": "latestnigeriannews.com",
        "site_section": "https://www.latestnigeriannews.com/feed//rss.xml",
        "site_categories": [
            "media"
        ],
        "section_title": "Latest Nigerian News Headlines",
        "site_title": "Latesnigeriannews Mobile Index",
        "title": "Buhari: Phrank Shaibu Replies Festus Keyamo On Atiku's Resignation From PDP",
        "title_full": "Buhari: Phrank Shaibu Replies Festus Keyamo On Atiku's Resignation From PDP",
        "published": "2025-07-17T07:00:00.000+03:00",
        "replies_count": 0,
        "participants_count": 1,
        "site_type": "news",
        "country": "US",
        "main_image": "",
        "performance_score": 0,
        "domain_rank": 82615,
        "domain_rank_updated": "2025-06-03T00:00:00.000+03:00",
        "licensing_agency": [],
        "social": {
            "facebook": {
                "likes": 0,
                "comments": 0,
                "shares": 0
            },
            "vk": {
                "shares": 0
            }
        }
    },
    "uuid": "47a6410651bfcf76b95766bb6738b5263b12bffd",
    "url": "https://www.latestnigeriannews.com/p/4380040/buhari-phrank-shaibu-replies-festus-keyamo-on-atikus-resignation-from-pdp.html",
    "ord_in_thread": 0,
    "author": "Latestnigeriannews",
    "published": "2025-07-17T07:00:00.000+03:00",
    "title": "Buhari: Phrank Shaibu Replies Festus Keyamo On Atiku's Resignation From PDP",
    "text": "-- External Links --\nPunch\nVanguard\nThisday\nGuardian\nDaily Sun\nThe Nation\nDaily Independent\nLeadership\nTribune\nNational Mirror\nDaily Trust\nDaily Times\nBusinessDay\nSahara Reporters\nPremium Times\nPM News\nTori\nLinda Ikeji\nBella Naija\nNairaland\nCNN\nBBC\nAljazeera\nGoal\nAfrican Football\nBleacher Report\n90min\nComplete Sports\n|\n|\n|\n|\n|\n|\n|\n|\n|\n|\n|\n|\n|\n|\n|\n|\n|\n|\n|\n|\nViewing Mode:\nMedium\nVanguard\nPunch\nGuardian\nThisday\nDaily Sun\nLeadership\nTribune\nDaily Trust\nDaily Times\nDaily Independent\nThe Nation\nNational Mirror\nBusinessDay\nSahara Reporters\nSports\nEntertainment\nWorld\nTechnology\nBusiness\nPolitics\nFeatures\nColumns\nNigerian Jobs\nDay\n01\n02\n03\n04\n05\n06\n07\n08\n09\n10\n11\n12\n13\n14\n15\n16\n17\n18\n19\n20\n21\n22\n23\n24\n25\n26\n27\n28\n29\n30\n31\nMonth\nJan\nFeb\nMar\nApr\nMay\nJun\nJul\nAug\nSep\nOct\nNov\nDec\nYear\n2024\n2023\n2022\n2021\n2020\n2019\n2018\n2017\n2016\n2015\n2014\n2013\n2012\n2011\nArchive:\nEntertainment Headlines Today\n[Thu-17-Jul-2025]\n-\n-\n-\n-\n-\n-\n-\n-\n-\nClick to view all Entertainment headlines today\nSports Headlines Today\n[Thu-17-Jul-2025]\n-\n-\n-\n-\n-\n-\n-\n-\n-\nClick to view all Sports headlines today\nBuhari: Phrank Shaibu Replies Festus Keyamo On Atiku's Resignation From PDP\nPublished by\nNairaland\non Thu, 17 Jul 2025\n@festuskeyamo (Minister for Aviation)<br><blockquote>Your Excellency, @atiku , whilst I acknowledge that it is within your constitutional right to change political Parties at anytime you may wish, <b>however, releasing your letter of resignation from the PDP during this week of the mourning of our immediate past President, Muhammadu Buhari, is clearly an attempt to draw the spotlight away from such a solemn occasion and direct it on yourself. In fact (as the image below shows) you prepared, typed, signed and delivered that letter the morning after the passing away of the former President was announced. With the greatest respect to you, this clearly demonstrates that your obsession with your perennial Presidential ambition knows no sympathy or empathy.</b><br><br><i>And since we are on the issue of your letter, it is both morally and legally wrong to continue to use the Coat of Arms of the Federal Government in your private or political communications when you stopped being a functionary of the Federal Government more than 18 years ago. Section 6 of the Flag and Coat of Arms Act, Cap. F30, Laws of the Federation of Nigeria, 2004 makes this an offence. </i><br><br><b>Morally, it is also reprehensible to use a symbol suggesting that you are acting on behalf of the authority which that symbol represents. It borders on impersonation. Imagine a situation where all former Government functionaries continue to use the Coat of Arms of Nigeria in their personal, political or private communications. There would certainly be confusion everywhere. </b><br><br>I have a bounden duty both as a Cabinet member and a member of the Inner Bar to protect our laws and constitution. <br><br>Please, be well guided.<br></blockquote><br><a rel=ugc href=\"https://x.com/fkeyamo/status/1945536929140732180't=XK9k4fZqT712AVphe4WUFA&s=19\">https://x.com/fkeyamo/status/1945536929140732180't=XK9k4fZqT712AVphe4WUFA&s=19</a><br><br><br><u>Atiku's aide replies</u><br><blockquote>Dear Mr. @fkeyamo <br><br><b>Ordinarily, your latest sanctimonious outburst would not deserve a response. But since youve taken it upon yourself to play the unsolicited role of moral compass in a government drowning in contradictions, it is only fair to set the record straightif not for your sake, then for the benefit of the Nigerian public.</b><br><br><b>Let us begin with the obvious: you serve in an administration where a senior official, your colleague @aonanuga1956, had the moral indecency to publicly excoriate former President Muhammadu Buhari barely hours after his death was announced. His statementpublished before Buharis body even touched Nigerian soilwas a scathing attack laced with bile and revisionism. Yet we did not hear your voice. You neither condemned the insensitivity nor reminded your colleague of sympathy or empathy. Where was your so-called bounden duty then'</b><br><br>But suddenly, Atiku Abubakars resignation letter from the PDPwhich he had every right to make public in response to false claims about his political futurehas become your moral crisis. The same Atiku who honoured Buhari with a dignified tribute, even when people in your circle chose to desecrate his memory with political venom.<br><br>Spare us the hypocrisy.<br><br>Your desperate attempt to deflect public attention from the rot within the APC, and the internal decay within your own government, is transparent. Nigerians are mourning not just a former President, but also the steady collapse of governance, civility, and coherence under your watch.<br><br><b>On the issue of the Coat of Arms: Atiku Abubakar is a former Vice President of the Federal Republic of Nigeria. The use of a ceremonial letterhead bearing the Coat of Arms on a formal letter of resignation is not an impersonationit is a nod to the office he once held, much like former U.S. Presidents retain their presidential seals for formal communications. There is no confusion thereonly the confusion of a man eager to pick a fight where none exists.</b><br><br>And if your obsession with technicalities was matched by even half the commitment to rule of law, perhaps we would not have witnessed the daily desecration of our courts, the assault on press freedom, or the economic asphyxiation of Nigerians under the Tinubu administration.<br><br><b>In closing, the real tragedy is not Atiku Abubakars letterit is your governments failure to provide Nigerians with dignity, direction, or hope. If your silence over Bayo Onanugas desecration of Buharis legacy is anything to go by, you have no moral standing to lecture anyone on decorum or timing.</b><br>Please, be well guidedby principle, not by partisanship.<br></blockquote><br><a rel=ugc href=\"https://x.com/phrankangel/status/1945553291405910358't=RQ6r654TSwTPOrtXuXJvxw&s=19\">Phrank Shaibu, <br>SA on Public Communication to Atiku Abubakar </a>\nClick here to read full news..\nAll Channels\nNigerian Dailies:\nPunch\n|\nVanguard\n|\nThe Nation\n|\nThisday\n|\nDaily Sun\n|\nGuardian\n|\nDaily Times\n|\nDaily Trust\n|\nDaily Independent\n|\nThe Herald\n|\nTribune\n|\nLeadership\n|\nNational Mirror\n|\nBusinessDay\n|\nNew Telegraph\n|\nPeoples Daily\n|\nBlueprint\n|\nNigerian Pilot\n|\nSahara Reporters\n|\nPremium Times\n|\nThe Cable\n|\nPM News\n|\nAPO Africa Newsroom\nCategories Today:\nWorld\n|\nSports\n|\nTechnology\n|\nEntertainment\n|\nBusiness\n|\nPolitics\n|\nColumns\n|\nAll Headlines Today\nEntertainment (Local):\nLinda Ikeji\n|\nBella Naija\n|\nTori\n|\nDaily News 24\n|\nPulse\n|\nThe NET\n|\nDailyPost\n|\nInformation Nigeria\n|\nGistlover\n|\nLailas Blog\n|\nMiss Petite\n|\nOlufamous\n|\nStella Dimoko Korkus Blog\n|\nYnaija\n|\nAll Entertainment News Today\nEntertainment (World):\nTMZ\n|\nDaily Mail\n|\nHuffington Post\nSports:\nGoal\n|\nAfrican Football\n|\nBleacher Report\n|\nFTBpro\n|\nKickoff\n|\nAll Sports Headlines Today\nBusiness & Finance:\nNairametrics\n|\nNigerian Tenders\n|\nBusiness Insider\n|\nForbes\n|\nEntrepreneur\n|\nThe Economist\n|\nBusinessTech\n|\nFinancial Watch\n|\nBusinessDay\n|\nAll Business News Headlines Today\nTechnology (Local):\nTechpoint\n|\nTechMoran\n|\nTechCity\n|\nInnovation Village\n|\nIT News Africa\n|\nTechnology Times\n|\nTechnext\n|\nTechcabal\n|\nAll Technology News Headlines Today\nTechnology (World):\nTechcrunch\n|\nTechmeme\n|\nSlashdot\n|\nWired\n|\nHackers News\n|\nEngadget\n|\nPocket Lint\n|\nThe Verge\nInternational Networks:\n|\nCNN\n|\nBBC\n|\nAl Jazeera\n|\nYahoo\nForum:\n|\nNairaland\n|\nNaij\nOther Links:\nHome\n|\nNigerian Jobs\nHome\n|\nAbout Us\n|\nContact Us\n|\nDisclaimer\n|\nPrivacy Policy\n|\nCopyright\n|\nSubscribe To News Alert\n|\nFacebook\n|\nTwitter\nAll trademarks and copyrights on this page are owned by their respective owners\nCopyright © 2025. latestnigeriannews.com - All rights reserved",
    "highlightText": "",
    "highlightTitle": "",
    "highlightThreadTitle": "",
    "language": "english",
    "sentiment": "negative",
    "categories": [
        "Politics",
        "Social Issue",
        "Human Interest"
    ],
    "topics": [
        "Politics->political candidates",
        "Politics->political process",
        "Politics->political parties and movements",
        "Social Issue->social condition",
        "Social Issue->fraternal and community group"
    ],
    "ai_allow": true,
    "has_canonical": false,
    "breaking": false,
    "webz_reporter": false,
    "external_links": [],
    "entities": {
        "persons": [
            {
                "name": "Buhari",
                "sentiment": "negative"
            },
            {
                "name": "Tori\nLinda Ikeji\nBella Naija\nNairaland",
                "sentiment": "none"
            }
        ],
        "locations": [],
        "organizations": [
            {
                "name": "Tribune\nNational Mirror\nDaily Trust\nDaily Times",
                "sentiment": "none",
                "tickers": [
                    {
                        "ticker": null,
                        "exchange": null
                    }
                ]
            }
        ]
    },
    "syndication": {
        "syndicated": false,
        "syndicate_id": null,
        "first_syndicated": false
    },
    "trust": {
        "categories": [],
        "top_news": [],
        "bias": null,
        "source": {
            "type": null,
            "city": null,
            "state": null,
            "country": null,
            "domain_type": null,
            "agency": null,
            "organization_name": null
        }
    },
    "rating": null,
    "crawled": "2025-07-17T07:35:26.962+03:00",
    "updated": "2025-07-17T04:38:59.000+00:00"
}