{
    "thread": {
        "uuid": "61d0e2f9e394519a3c3469973f6c86ced8c9b02b",
        "url": "https://www.latestnigeriannews.com/p/4380256/organisation-condemns-suspension-of-student-activists.html",
        "site_full": "www.latestnigeriannews.com",
        "site": "latestnigeriannews.com",
        "site_section": "https://www.latestnigeriannews.com/feed//rss.xml",
        "site_categories": [
            "media"
        ],
        "section_title": "Latest Nigerian News Headlines",
        "site_title": "Latesnigeriannews Mobile Index",
        "title": "Organisation condemns suspension of student activists",
        "title_full": "Organisation condemns suspension of student activists",
        "published": "2025-07-17T07:25:00.000+03:00",
        "replies_count": 0,
        "participants_count": 1,
        "site_type": "news",
        "country": "US",
        "main_image": "",
        "performance_score": 0,
        "domain_rank": 82615,
        "domain_rank_updated": "2025-06-03T00:00:00.000+03:00",
        "licensing_agency": [],
        "social": {
            "facebook": {
                "likes": 0,
                "comments": 0,
                "shares": 0
            },
            "vk": {
                "shares": 0
            }
        }
    },
    "uuid": "61d0e2f9e394519a3c3469973f6c86ced8c9b02b",
    "url": "https://www.latestnigeriannews.com/p/4380256/organisation-condemns-suspension-of-student-activists.html",
    "ord_in_thread": 0,
    "author": "Latestnigeriannews",
    "published": "2025-07-17T07:25:00.000+03:00",
    "title": "Organisation condemns suspension of student activists",
    "text": "-- External Links --\nPunch\nVanguard\nThisday\nGuardian\nDaily Sun\nThe Nation\nDaily Independent\nLeadership\nTribune\nNational Mirror\nDaily Trust\nDaily Times\nBusinessDay\nSahara Reporters\nPremium Times\nPM News\nTori\nLinda Ikeji\nBella Naija\nNairaland\nCNN\nBBC\nAljazeera\nGoal\nAfrican Football\nBleacher Report\n90min\nComplete Sports\n|\n|\n|\n|\n|\n|\n|\n|\n|\n|\n|\n|\n|\n|\n|\n|\n|\n|\n|\n|\nViewing Mode:\nMedium\nVanguard\nPunch\nGuardian\nThisday\nDaily Sun\nLeadership\nTribune\nDaily Trust\nDaily Times\nDaily Independent\nThe Nation\nNational Mirror\nBusinessDay\nSahara Reporters\nSports\nEntertainment\nWorld\nTechnology\nBusiness\nPolitics\nFeatures\nColumns\nNigerian Jobs\nDay\n01\n02\n03\n04\n05\n06\n07\n08\n09\n10\n11\n12\n13\n14\n15\n16\n17\n18\n19\n20\n21\n22\n23\n24\n25\n26\n27\n28\n29\n30\n31\nMonth\nJan\nFeb\nMar\nApr\nMay\nJun\nJul\nAug\nSep\nOct\nNov\nDec\nYear\n2024\n2023\n2022\n2021\n2020\n2019\n2018\n2017\n2016\n2015\n2014\n2013\n2012\n2011\nArchive:\nEntertainment Headlines Today\n[Thu-17-Jul-2025]\n-\n-\n-\n-\n-\n-\n-\n-\n-\nClick to view all Entertainment headlines today\nSports Headlines Today\n[Thu-17-Jul-2025]\n-\n-\n-\n-\n-\n-\n-\n-\n-\nClick to view all Sports headlines today\nOrganisation condemns suspension of student activists\nPublished by\nThe Nation\non Thu, 17 Jul 2025\nThe Corporate Accountability and Public Participation Africa (CAPPA) has condemned the victimisation and suspension of three young students, namely Ayodele Aduwo, Mide Gbadegesin, and Nice Linus, by the University ofThe post Organisation condemns suspension of student activists appeared first on The Nation Newspaper.\nClick here to read full news..\nAll Channels\nNigerian Dailies:\nPunch\n|\nVanguard\n|\nThe Nation\n|\nThisday\n|\nDaily Sun\n|\nGuardian\n|\nDaily Times\n|\nDaily Trust\n|\nDaily Independent\n|\nThe Herald\n|\nTribune\n|\nLeadership\n|\nNational Mirror\n|\nBusinessDay\n|\nNew Telegraph\n|\nPeoples Daily\n|\nBlueprint\n|\nNigerian Pilot\n|\nSahara Reporters\n|\nPremium Times\n|\nThe Cable\n|\nPM News\n|\nAPO Africa Newsroom\nCategories Today:\nWorld\n|\nSports\n|\nTechnology\n|\nEntertainment\n|\nBusiness\n|\nPolitics\n|\nColumns\n|\nAll Headlines Today\nEntertainment (Local):\nLinda Ikeji\n|\nBella Naija\n|\nTori\n|\nDaily News 24\n|\nPulse\n|\nThe NET\n|\nDailyPost\n|\nInformation Nigeria\n|\nGistlover\n|\nLailas Blog\n|\nMiss Petite\n|\nOlufamous\n|\nStella Dimoko Korkus Blog\n|\nYnaija\n|\nAll Entertainment News Today\nEntertainment (World):\nTMZ\n|\nDaily Mail\n|\nHuffington Post\nSports:\nGoal\n|\nAfrican Football\n|\nBleacher Report\n|\nFTBpro\n|\nKickoff\n|\nAll Sports Headlines Today\nBusiness & Finance:\nNairametrics\n|\nNigerian Tenders\n|\nBusiness Insider\n|\nForbes\n|\nEntrepreneur\n|\nThe Economist\n|\nBusinessTech\n|\nFinancial Watch\n|\nBusinessDay\n|\nAll Business News Headlines Today\nTechnology (Local):\nTechpoint\n|\nTechMoran\n|\nTechCity\n|\nInnovation Village\n|\nIT News Africa\n|\nTechnology Times\n|\nTechnext\n|\nTechcabal\n|\nAll Technology News Headlines Today\nTechnology (World):\nTechcrunch\n|\nTechmeme\n|\nSlashdot\n|\nWired\n|\nHackers News\n|\nEngadget\n|\nPocket Lint\n|\nThe Verge\nInternational Networks:\n|\nCNN\n|\nBBC\n|\nAl Jazeera\n|\nYahoo\nForum:\n|\nNairaland\n|\nNaij\nOther Links:\nHome\n|\nNigerian Jobs\nHome\n|\nAbout Us\n|\nContact Us\n|\nDisclaimer\n|\nPrivacy Policy\n|\nCopyright\n|\nSubscribe To News Alert\n|\nFacebook\n|\nTwitter\nAll trademarks and copyrights on this page are owned by their respective owners\nCopyright © 2025. latestnigeriannews.com - All rights reserved",
    "highlightText": "",
    "highlightTitle": "",
    "highlightThreadTitle": "",
    "language": "english",
    "sentiment": "negative",
    "categories": [
        "Politics",
        "Social Issue",
        "Human Interest"
    ],
    "topics": [
        "Politics->political candidates",
        "Politics->civil rights",
        "Politics->political process",
        "Social Issue->discrimination",
        "Social Issue->social problem"
    ],
    "ai_allow": true,
    "has_canonical": false,
    "breaking": false,
    "webz_reporter": false,
    "external_links": [],
    "entities": {
        "persons": [
            {
                "name": "Tori\nLinda Ikeji\nBella Naija\nNairaland",
                "sentiment": "none"
            }
        ],
        "locations": [],
        "organizations": [
            {
                "name": "Tribune\nNational Mirror\nDaily Trust\nDaily Times",
                "sentiment": "none",
                "tickers": [
                    {
                        "ticker": null,
                        "exchange": null
                    }
                ]
            }
        ]
    },
    "syndication": {
        "syndicated": false,
        "syndicate_id": null,
        "first_syndicated": false
    },
    "trust": {
        "categories": [],
        "top_news": [],
        "bias": null,
        "source": {
            "type": null,
            "city": null,
            "state": null,
            "country": null,
            "domain_type": null,
            "agency": null,
            "organization_name": null
        }
    },
    "rating": null,
    "crawled": "2025-07-17T07:35:59.285+03:00",
    "updated": "2025-07-17T04:42:56.000+00:00"
}