{
    "thread": {
        "uuid": "5f3a700f40a249aa46b228620a81883fcc06eb0f",
        "url": "https://www.onclive.com/view/oncodetect-mrd-detection-aids-treatment-decision-making-in-crc-and-other-solid-tumors-with-eric-christenson-md",
        "site_full": "www.onclive.com",
        "site": "onclive.com",
        "site_section": "https://www.onclive.com",
        "site_categories": [
            "health",
            "cancer"
        ],
        "section_title": "OncLive - Clinical Oncology News, Cancer Expert Insights",
        "site_title": "OncLive - Clinical Oncology News, Cancer Expert Insights",
        "title": "Oncodetect MRD Detection Aids Treatment Decision-Making in CRC and Other Solid Tumors: With Eric Christenson, MD",
        "title_full": "Oncodetect MRD Detection Aids Treatment Decision-Making in CRC and Other Solid Tumors: With Eric Christenson, MD",
        "published": "2025-04-24T00:30:00.000+03:00",
        "replies_count": 0,
        "participants_count": 1,
        "site_type": "news",
        "country": "US",
        "main_image": "https://cdn.sanity.io/images/0vv8moc6/onclive/7b612f178643e7d316ca35b8ae8224adb821a91b-3000x3000.jpg?fit=crop&amp;auto=format",
        "performance_score": 0,
        "domain_rank": 54213,
        "domain_rank_updated": "2025-04-22T00:00:00.000+03:00",
        "licensing_agency": [
            "NLA"
        ],
        "social": {
            "facebook": {
                "likes": 0,
                "comments": 0,
                "shares": 0
            },
            "vk": {
                "shares": 0
            }
        }
    },
    "uuid": "5f3a700f40a249aa46b228620a81883fcc06eb0f",
    "url": "https://www.onclive.com/view/oncodetect-mrd-detection-aids-treatment-decision-making-in-crc-and-other-solid-tumors-with-eric-christenson-md",
    "ord_in_thread": 0,
    "author": "Eric Christenson, MD",
    "published": "2025-04-24T00:30:00.000+03:00",
    "title": "Oncodetect MRD Detection Aids Treatment Decision-Making in CRC and Other Solid Tumors: With Eric Christenson, MD",
    "text": "Commentary\nPodcast\nDr Christenson discusses the capabilities of the Oncodetect test, its clinical applications and pronostic value, and findings from the Alpha-CORRECT study.\nWelcome to OncLive On Air®! I’m your host today, Ashling Wahner.\nOncLive On Air is a podcast from OncLive®, which provides oncology professionals with the resources and information they need to provide the best patient care. In both digital and print formats, OncLive covers every angle of oncology practice, from new technology to treatment advances to important regulatory decisions.\nIn today’s episode, supported by Exact Sciences, we had the pleasure of speaking with Eric Christenson, MD, about the Oncodetect test, which is available for use in molecular residual disease detection in patients with solid tumors. Dr Christenson is an assistant professor of oncology at the Johns Hopkins School of Medicine in Baltimore, Maryland.\nIn our exclusive interview, Dr Christenson discussed the capabilities of Oncodetect, its clinical applications, key findings from the Alpha-CORRECT study, and the prognostic value of this test.\n__\nThat’s all we have for today! Thank you for listening to this episode of OncLive On Air, supported by Exact Sciences. Check back on Mondays and Thursdays for exclusive interviews with leading experts in the oncology field.\nFor more updates in oncology, be sure to visit www.OncLive.com and sign up for our e-newsletters.\nOncLive is also on social media. On X and BlueSky, follow us at @OncLive. On Facebook, like us at OncLive, and follow our OncLive page on LinkedIn.\nIf you liked today’s episode of OncLive On Air, please consider subscribing to our podcast on Apple Podcasts, Spotify, and many of your other favorite podcast platforms,* so you get a notification every time a new episode is posted. While you are there, please take a moment to rate us!\nThanks again for listening to OncLive On Air.\n*OncLive On Air is available on: Apple Podcasts, Spotify, CastBox, Podcast Addict, Podchaser, RadioPublic, and TuneIn.",
    "highlightText": "",
    "highlightTitle": "",
    "highlightThreadTitle": "",
    "language": "english",
    "sentiment": "positive",
    "categories": [
        "Health",
        "Science and Technology",
        "Economy, Business and Finance"
    ],
    "topics": [
        "Health->health treatment and procedure",
        "Health->medical test",
        "Health->cancer",
        "Science and Technology->biomedical science",
        "Science and Technology->medical research",
        "Economy, Business and Finance->healthcare industry",
        "Economy, Business and Finance->products and services"
    ],
    "ai_allow": false,
    "has_canonical": false,
    "breaking": false,
    "webz_reporter": false,
    "external_links": [],
    "entities": {
        "persons": [
            {
                "name": "Eric Christenson",
                "sentiment": "negative"
            }
        ],
        "locations": [],
        "organizations": [
            {
                "name": "Johns Hopkins School of Medicine",
                "sentiment": "none",
                "tickers": []
            }
        ]
    },
    "syndication": {
        "syndicated": false,
        "syndicate_id": null,
        "first_syndicated": false
    },
    "trust": {
        "categories": [],
        "bias": null,
        "source": {
            "type": null,
            "city": null,
            "state": null,
            "country": null,
            "domain_type": null,
            "agency": null,
            "organization_name": null
        }
    },
    "rating": null,
    "crawled": "2025-04-24T00:46:06.907+03:00",
    "updated": "2025-04-24T00:46:06.907+03:00"
}