{
    "thread": {
        "uuid": "02ffcf283602fcea977eeeaa49555c60f8de6656",
        "url": "https://finance.sina.com.cn/money/fund/aiassistant/jzyd/2025-04-24/doc-ineuezvf9408869.shtml",
        "site_full": "finance.sina.com.cn",
        "site": "sina.com.cn",
        "site_section": "http://finance.sina.com.cn/fund/",
        "site_categories": [
            "tech",
            "top_news_hk",
            "top_news_sg",
            "top_news_tw",
            "top_news"
        ],
        "section_title": "基金首页_新浪财经_新浪网",
        "site_title": null,
        "title": "嘉实中证机器人ETF净值上涨3.15%|嘉实_新浪财经_新浪网",
        "title_full": "嘉实中证机器人ETF净值上涨3.15%|嘉实_新浪财经_新浪网",
        "published": "2025-04-24T00:07:00.000+03:00",
        "replies_count": 0,
        "participants_count": 1,
        "site_type": "news",
        "country": "CN",
        "main_image": "",
        "performance_score": 0,
        "domain_rank": 254,
        "domain_rank_updated": "2025-04-22T00:00:00.000+03:00",
        "licensing_agency": [],
        "social": {
            "facebook": {
                "likes": 0,
                "comments": 0,
                "shares": 0
            },
            "vk": {
                "shares": 0
            }
        }
    },
    "uuid": "02ffcf283602fcea977eeeaa49555c60f8de6656",
    "url": "https://finance.sina.com.cn/money/fund/aiassistant/jzyd/2025-04-24/doc-ineuezvf9408869.shtml",
    "ord_in_thread": 0,
    "author": "sina.com.cn",
    "published": "2025-04-24T00:07:00.000+03:00",
    "title": "嘉实中证机器人ETF净值上涨3.15%|嘉实_新浪财经_新浪网",
    "text": "嘉实中证 机器人 交易型开放式指数证券投资基金（简称：嘉实中证机器人ETF，代码159526）公布4月23日最新净值，上涨3.15%。\n嘉实中证机器人ETF成立于2024年4月16日，业绩比较基准为中证机器人指数收益率。该基金成立以来收益22.48%，今年以来收益7.58%，近一月收益-11.20%，近一年收益23.58%。近一年，该基金排名同类758/3543。\n基金经理为田光远。田光远自2024年4月1日管理（或拟管理）该基金，任职期内收益22.48%。\n最新定期报告显示，该基金前十大重仓股如下：\n股票代码 股票名称 持仓占比 持仓股数（股） 持仓市值（元） 300124 汇川技术 10.08% 829147 5652.3万 002230 科大讯飞 8.35% 984227 4681.97万 688169 石头科技 5.50% 126740 3082.06万 688777 中控技术 5.14% 542806 2882.3万 002236 大华股份 5.13% 1689450 2875.44万 002472 双环传动 3.67% 580600 2058.23万 002008 大族激光 3.61% 722500 2021.56万 300024 机器人 3.42% 1074920 1916.58万 002031 巨轮智能 2.93% 1887700 1640.41万 002139 拓邦股份 2.89% 1070100 1620.13万\nMACD金叉信号形成，这些股涨势不错！",
    "highlightText": "",
    "highlightTitle": "",
    "highlightThreadTitle": "",
    "language": "chinese",
    "sentiment": "positive",
    "categories": [
        "Economy, Business and Finance",
        "Lifestyle and Leisure",
        "Health"
    ],
    "topics": [
        "Economy, Business and Finance->financial service",
        "Lifestyle and Leisure->lifestyle"
    ],
    "ai_allow": true,
    "has_canonical": false,
    "breaking": true,
    "webz_reporter": false,
    "external_links": [
        "https://finance.sina.cn/app/sfa_macd.shtml?source=pccj",
        "https://www.finance.sina.cn/app/sfa_macd.shtml?source=pccj",
        "https://finance.sina.cn/app/sfa_macd.shtml"
    ],
    "entities": {
        "persons": [],
        "locations": [],
        "organizations": []
    },
    "syndication": {
        "syndicated": null,
        "syndicate_id": null,
        "first_syndicated": false
    },
    "trust": {
        "categories": [],
        "bias": null,
        "source": {
            "type": null,
            "city": null,
            "state": null,
            "country": null,
            "domain_type": null,
            "agency": null,
            "organization_name": null
        }
    },
    "rating": null,
    "crawled": "2025-04-24T00:13:55.294+03:00",
    "updated": "2025-04-24T00:13:55.294+03:00"
}