{
    "thread": {
        "uuid": "2e4eb33b88cd56678f44bbf599b95a6e1e40520e",
        "url": "https://www.aletihad.ae/news/%D8%A7%D9%84%D8%A7%D9%82%D8%AA%D8%B5%D8%A7%D8%AF%D9%8A/4568970/-%D8%A7%D9%84%D9%86%D9%82%D8%AF-%D8%A7%D9%84%D8%AF%D9%88%D9%84%D9%8A--%D9%8A%D8%A4%D9%83%D8%AF-%D9%85%D8%AA%D8%A7%D9%86%D8%A9-%D9%85%D8%A4%D8%B4%D8%B1%D8%A7%D8%AA-%D8%A7%D9%84%D9%85%D8%A7%D9%84%D9%8A%D8%A9-%D8%A7%D9%84%D8%B9%D8%A7%D9%85%D8%A9-%D9%84%D9%84%D8%A5%D9%85%D8%A7%D8%B1%D8%A7%D8%AA",
        "site_full": "www.aletihad.ae",
        "site": "aletihad.ae",
        "site_section": "https://alittihad.ae",
        "site_categories": [],
        "section_title": "الصفحة الرئيسية  -  الاتحاد للأخبار",
        "site_title": "الصفحة الرئيسية  -  الاتحاد للأخبار",
        "title": "«النقد الدولي» يؤكد متانة مؤشرات المالية العامة للإمارات - الاتحاد للأخبار",
        "title_full": "«النقد الدولي» يؤكد متانة مؤشرات المالية العامة للإمارات - الاتحاد للأخبار",
        "published": "2025-04-24T00:50:00.000+03:00",
        "replies_count": 0,
        "participants_count": 1,
        "site_type": "news",
        "country": "AE",
        "main_image": "https://media.alittihad.ae/store/archive/image/2025/4/23/9b7426a5-4da2-4709-bebb-06b7ea98261f.jpg?width=600",
        "performance_score": 0,
        "domain_rank": 129236,
        "domain_rank_updated": "2025-04-22T00:00:00.000+03:00",
        "licensing_agency": [],
        "social": {
            "facebook": {
                "likes": 0,
                "comments": 0,
                "shares": 0
            },
            "vk": {
                "shares": 0
            }
        }
    },
    "uuid": "2e4eb33b88cd56678f44bbf599b95a6e1e40520e",
    "url": "https://www.aletihad.ae/news/%D8%A7%D9%84%D8%A7%D9%82%D8%AA%D8%B5%D8%A7%D8%AF%D9%8A/4568970/-%D8%A7%D9%84%D9%86%D9%82%D8%AF-%D8%A7%D9%84%D8%AF%D9%88%D9%84%D9%8A--%D9%8A%D8%A4%D9%83%D8%AF-%D9%85%D8%AA%D8%A7%D9%86%D8%A9-%D9%85%D8%A4%D8%B4%D8%B1%D8%A7%D8%AA-%D8%A7%D9%84%D9%85%D8%A7%D9%84%D9%8A%D8%A9-%D8%A7%D9%84%D8%B9%D8%A7%D9%85%D8%A9-%D9%84%D9%84%D8%A5%D9%85%D8%A7%D8%B1%D8%A7%D8%AA",
    "ord_in_thread": 0,
    "author": "مركز الاتحاد للأخبار",
    "published": "2025-04-24T00:50:00.000+03:00",
    "title": "«النقد الدولي» يؤكد متانة مؤشرات المالية العامة للإمارات - الاتحاد للأخبار",
    "text": "مصطفى عبد العظيم (أبوظبي)\nتوقع صندوق النقد الدولي أن تحقق الموازنة العامة الأولية لدولة الإمارات فائضاً قوياً خلال العام الجاري 2025، يزيد على 3.6% من الناتج المحلي الإجمالي، مرجحاً أن تحافظ الموازنة على تسجيل فوائض مرتفعة حتى عام 2030، بمتوسط يعادل نحو 4% من الناتج سنوياً.\nورسم الصندوق في تقرير«الراصد المالي» الذي يصدره مرتين في شهري أبريل وأكتوبر من كل عام، آفاقاً إيجابية للمالية العامة في دولة الإمارات للسنوات المقبلة حتى عام 2023، على صعيد الموازنة والإيرادات والإنفاق ومختلف المؤشرات المالية.\nوبحسب بيانات التقرير، الذي يعنى بدراسة وتحليل آخر تطورات المالية العامة على المستوى الدولي، يُعد فائض الموازنة العامة الأولية المسجل في عام 2023، والبالغ 6.9% من الناتج، ثاني أعلى متوسط فائض خلال العشر سنوات الماضية، بعد الفائض المسجل في عام 2022 والذي عادل نحو 10.4% من الناتج.\nووفقاً لبيانات الصندوق، يتوقع أن تحقق الموازنة الأولية لدولة الإمارات فائضاً يعادل 3.7%من الناتج، خلال العام المقبل 2026، ويعادل نحو 3.9% في عام 2027 ونحو 4.2% في عام 2028، ونحو 4.4% في عام 2029، ونحو 4.7% في عام 2030.\nوبحسب بيانات التقرير، الذي أطلقه الصندوق على هامش اجتماعات الربيع لصندوق النقد والبنك الدولي في واشنطن، يتوقع الصندوق، أن تحافظ دولة الإمارات على مستويات مستقرة من الإنفاق العام للسنوات الخمس المقبلة، وأن تحافظ الدولة على مستوى دين عام معتدل.\nعلى الصعيد العالمي، حذر صندوق النقد الدولي من احتمال ارتفاع الدين العام العالمي هذا العام، حيث تؤدي التوترات التجارية التي أثارتها الولايات المتحدة إلى تباطؤ النمو الاقتصادي وزيادة التقلبات في الأسواق المالية.",
    "highlightText": "",
    "highlightTitle": "",
    "highlightThreadTitle": "",
    "language": "arabic",
    "sentiment": "positive",
    "categories": [
        "Economy, Business and Finance",
        "Health",
        "Social Issue"
    ],
    "topics": [
        "Economy, Business and Finance->macro economics",
        "Economy, Business and Finance->financial and economic news",
        "Health->government health care"
    ],
    "ai_allow": true,
    "has_canonical": false,
    "breaking": false,
    "webz_reporter": false,
    "external_links": [],
    "entities": {
        "persons": [],
        "locations": [],
        "organizations": []
    },
    "syndication": {
        "syndicated": null,
        "syndicate_id": null,
        "first_syndicated": false
    },
    "trust": {
        "categories": [],
        "bias": null,
        "source": {
            "type": null,
            "city": null,
            "state": null,
            "country": null,
            "domain_type": null,
            "agency": null,
            "organization_name": null
        }
    },
    "rating": null,
    "crawled": "2025-04-24T01:11:46.971+03:00",
    "updated": "2025-04-24T01:11:46.971+03:00"
}