{
    "thread": {
        "uuid": "b96883e764134403a75125740a2cb70dc3637941",
        "url": "https://www.tvn-2.com/nacionales/css-hospital-santo-tomas-firman_1_2186559.html",
        "site_full": "www.tvn-2.com",
        "site": "tvn-2.com",
        "site_section": "https://www.tvn-2.com/rss",
        "site_categories": [
            "media"
        ],
        "section_title": "",
        "site_title": "TVN | Noticias, Deportes y Entretenimiento de Panamá",
        "title": "CSS y Hospital Santo Tomás firman convenio para suministro de alimentos desde la Ciudad de la Salud",
        "title_full": "CSS y Hospital Santo Tomás firman convenio para suministro de alimentos desde la Ciudad de la Salud",
        "published": "2025-04-24T00:10:00.000+03:00",
        "replies_count": 0,
        "participants_count": 1,
        "site_type": "news",
        "country": "PA",
        "main_image": "https://static.tvn-2.com/clip/9a1d02fe-fa38-4323-9a4c-c5b2c8f2ca0f_facebook-aspect-ratio_default_0.jpg",
        "performance_score": 0,
        "domain_rank": 77465,
        "domain_rank_updated": "2025-04-22T00:00:00.000+03:00",
        "licensing_agency": [],
        "social": {
            "facebook": {
                "likes": 0,
                "comments": 0,
                "shares": 0
            },
            "vk": {
                "shares": 0
            }
        }
    },
    "uuid": "b96883e764134403a75125740a2cb70dc3637941",
    "url": "https://www.tvn-2.com/nacionales/css-hospital-santo-tomas-firman_1_2186559.html",
    "ord_in_thread": 0,
    "author": "Danna Durán",
    "published": "2025-04-24T00:10:00.000+03:00",
    "title": "CSS y Hospital Santo Tomás firman convenio para suministro de alimentos desde la Ciudad de la Salud",
    "text": "CSS y Hospital Santo Tomás firman convenio para suministro de alimentos desde la Ciudad de la Salud\nMás 3,000 comidas diarias suministrará la cocina de la Ciudad de la Salud al Hospital Santo Tomás.\nCiudad de Panamá, Panamá/Con el objetivo de optimizar la atención alimentaria en el sistema público de salud, autoridades de la Caja de Seguro Social (CSS) y el Patronato del Hospital Santo Tomás firmaron un convenio para la preparación y suministro de alimentos destinados a pacientes, personal médico, de enfermería y administrativo del Hospital Santo Tomás.\nEl acuerdo establece que, a partir del 1 de mayo y durante un periodo de 60 meses, la moderna cocina de Línea Fría ubicada en la Ciudad de la Salud preparará y trasladará diariamente unas 3,000 comidas al Servicio de Nutrición y Dietética del Hospital Santo Tomás.\nDurante el acto de firma, el director general de la CSS, Dino Mon, destacó que los menús son diseñados con criterios clínicos definidos por profesionales de la salud.\n“Cada menú responde a las condiciones médicas, el estado nutricional y la etapa de recuperación del paciente. No es lo mismo alimentar que nutrir” subrayó.\n- Te puede interesar:\nPanamá y Costa Rica inauguran de forma conjunta la Semana de Vacunación en las Américas 2025\nEl ministro de Salud, Fernando Boyd Galindo, explicó que este sistema de distribución funciona bajo el modelo de \"comida en frío\", donde los alimentos se trasladan en estructuras especiales con temperaturas controladas y se calientan cerca del lugar donde se encuentra el paciente. Este mecanismo permite mantener la calidad e inocuidad de las comidas durante el traslado.\nPor su parte, el contralor general de la República, Anel Flores, resaltó el valor estratégico del convenio.\n“Estas son las cosas que hay que hacer con transparencia. Hay una ganancia por parte del Seguro Social, por el uso de sus instalaciones, y un ahorro por parte del Ministerio de Salud, por el servicio que se le brinda. Esta es una muestra de que estamos todos empeñados en buscar mejores ahorros para que el país sea mejor” afirmó.\nEste acuerdo representa un paso más en la modernización de los servicios hospitalarios del país y busca garantizar una alimentación adecuada y segura para miles de personas que reciben atención médica en uno de los principales centros hospitalarios de Panamá.",
    "highlightText": "",
    "highlightTitle": "",
    "highlightThreadTitle": "",
    "language": "spanish",
    "sentiment": "positive",
    "categories": [
        "Health",
        "Economy, Business and Finance",
        "Social Issue"
    ],
    "topics": [
        "Health->health facility",
        "Health->health organisation",
        "Economy, Business and Finance->healthcare industry",
        "Economy, Business and Finance->business service",
        "Social Issue->communities",
        "Social Issue->social services"
    ],
    "ai_allow": true,
    "has_canonical": false,
    "breaking": false,
    "webz_reporter": false,
    "external_links": [],
    "entities": {
        "persons": [
            {
                "name": "Dino Mon",
                "sentiment": "none"
            }
        ],
        "locations": [
            {
                "name": "Ciudad de la Salud",
                "sentiment": "none"
            },
            {
                "name": "Hospital",
                "sentiment": "none"
            }
        ],
        "organizations": [
            {
                "name": "CSS",
                "sentiment": "negative",
                "tickers": []
            },
            {
                "name": "Caja de Seguro Social",
                "sentiment": "none",
                "tickers": []
            }
        ]
    },
    "syndication": {
        "syndicated": null,
        "syndicate_id": null,
        "first_syndicated": false
    },
    "trust": {
        "categories": [],
        "bias": null,
        "source": {
            "type": null,
            "city": null,
            "state": null,
            "country": null,
            "domain_type": null,
            "agency": null,
            "organization_name": null
        }
    },
    "rating": null,
    "crawled": "2025-04-24T00:22:56.242+03:00",
    "updated": "2025-04-24T00:22:56.242+03:00"
}