{
    "thread": {
        "uuid": "7f5a9a552cbe441a0c0d919c6dbc31de641a4db7",
        "url": "https://finance.sina.com.cn/jjxw/2025-04-24/doc-ineufhcc9287620.shtml",
        "site_full": "finance.sina.com.cn",
        "site": "sina.com.cn",
        "site_section": "https://finance.sina.cn",
        "site_categories": [
            "tech",
            "top_news_hk",
            "top_news_sg",
            "top_news_tw",
            "top_news"
        ],
        "section_title": "新浪财经_金融信息服务商",
        "site_title": null,
        "title": "政企携手助残惠民|惠民_新浪财经_新浪网",
        "title_full": "政企携手助残惠民|惠民_新浪财经_新浪网",
        "published": "2025-04-24T01:06:00.000+03:00",
        "replies_count": 0,
        "participants_count": 1,
        "site_type": "news",
        "country": "CN",
        "main_image": "",
        "performance_score": 0,
        "domain_rank": 254,
        "domain_rank_updated": "2025-04-22T00:00:00.000+03:00",
        "licensing_agency": [],
        "social": {
            "facebook": {
                "likes": 0,
                "comments": 0,
                "shares": 0
            },
            "vk": {
                "shares": 0
            }
        }
    },
    "uuid": "7f5a9a552cbe441a0c0d919c6dbc31de641a4db7",
    "url": "https://finance.sina.com.cn/jjxw/2025-04-24/doc-ineufhcc9287620.shtml",
    "ord_in_thread": 0,
    "author": "sina.com.cn",
    "published": "2025-04-24T01:06:00.000+03:00",
    "title": "政企携手助残惠民|惠民_新浪财经_新浪网",
    "text": "转自：黑龙江日报\n本报讯（白铭波 徐红 记者白云峰）近日，由呼兰区残联精心组织的残疾人文化进家庭“五个一”系列活动中的“观看一次电影”活动在畅想国际电影城举办。\n爱心企业畅想国际电影城免费为活动提供观影支持，40户残疾人家庭、街道和乡镇残联工作人员近130人欢聚一堂，共同观看了国产动画电影《哪吒》。在这场文化之旅中，残疾人家庭不仅享受到光影艺术的魅力，还感受到来自社会的关爱与温暖。\n呼兰区残联理事长宋立文表示，本次活动通过文化惠民的形式让残疾人家庭走出家门、融入社会，共享文化发展成果，提升了残疾人的获得感与幸福感，彰显了政企携手助残的温暖力量。呼兰区残联将持续深化“五个一”工程，不断探索创新，推动助残服务多样化，凝聚更多社会力量共同营造尊重关爱残疾人的良好氛围。",
    "highlightText": "",
    "highlightTitle": "",
    "highlightThreadTitle": "",
    "language": "chinese",
    "sentiment": "positive",
    "categories": [
        "Human Interest",
        "Social Issue",
        "Health"
    ],
    "topics": [
        "Social Issue->disabilities",
        "Social Issue->social services",
        "Social Issue->communities",
        "Health->public health",
        "Health->health care approach",
        "Health->health organisation"
    ],
    "ai_allow": true,
    "has_canonical": false,
    "breaking": true,
    "webz_reporter": false,
    "external_links": [],
    "entities": {
        "persons": [],
        "locations": [],
        "organizations": []
    },
    "syndication": {
        "syndicated": null,
        "syndicate_id": null,
        "first_syndicated": false
    },
    "trust": {
        "categories": [],
        "bias": null,
        "source": {
            "type": null,
            "city": null,
            "state": null,
            "country": null,
            "domain_type": null,
            "agency": null,
            "organization_name": null
        }
    },
    "rating": null,
    "crawled": "2025-04-24T01:12:14.354+03:00",
    "updated": "2025-04-24T01:12:14.354+03:00"
}