{
    "thread": {
        "uuid": "c03eca7f3df09a5531469c249b40a9e974233bd1",
        "url": "https://www.wabi.tv:443/2025/04/23/healthy-living-with-northern-light-health-drug-take-back-day",
        "site_full": "www.wabi.tv",
        "site": "wabi.tv",
        "site_section": "https://wabi.tv/homepage",
        "site_categories": [
            "media"
        ],
        "section_title": "WABI | Maine Local News, Weather, Sports | Bangor, ME",
        "site_title": "WABI | Maine Local News, Weather, Sports | Bangor, ME",
        "title": "Healthy Living with Northern Light Health: Drug Take-Back Day",
        "title_full": "Healthy Living with Northern Light Health: Drug Take-Back Day",
        "published": "2025-04-24T00:29:00.000+03:00",
        "replies_count": 0,
        "participants_count": 1,
        "site_type": "news",
        "country": "US",
        "main_image": "https://gray-wabi-prod.gtv-cdn.com/resizer/v2/QMUJDDNMRNBQNNEVXPQBWD5RKU.jpg?auth=3c18074bbf6df94b8a62609a5752c28683d042c8d7fb69663a8782ac63bb9c27&amp;width=1200&amp;height=600&amp;smart=false&amp;focal=1268%2C67",
        "performance_score": 0,
        "domain_rank": 26242,
        "domain_rank_updated": "2025-04-22T00:00:00.000+03:00",
        "licensing_agency": [],
        "social": {
            "facebook": {
                "likes": 0,
                "comments": 0,
                "shares": 0
            },
            "vk": {
                "shares": 0
            }
        }
    },
    "uuid": "c03eca7f3df09a5531469c249b40a9e974233bd1",
    "url": "https://www.wabi.tv:443/2025/04/23/healthy-living-with-northern-light-health-drug-take-back-day",
    "ord_in_thread": 0,
    "author": "@WABI_TV5",
    "published": "2025-04-24T00:29:00.000+03:00",
    "title": "Healthy Living with Northern Light Health: Drug Take-Back Day",
    "text": "Healthy Living with Northern Light Health: Drug Take-Back Day\nPublished: Apr. 23, 2025 at 5:29 PM EDT|Updated: 21 minutes ago\nBANGOR, Maine (WABI) - It is important to dispose of unused or expired medications to make sure they don’t fall into the wrong hands – either on purpose or by accident.\nHeather Sudik with Northern Light Health joins us to discuss Drug Take-Back Day, which is Saturday, April 26.\nCopyright 2025 WABI. All rights reserved.",
    "highlightText": "",
    "highlightTitle": "",
    "highlightThreadTitle": "",
    "language": "english",
    "sentiment": "positive",
    "categories": [
        "Health",
        "Lifestyle and Leisure"
    ],
    "topics": [
        "Health->health treatment and procedure",
        "Health->public health",
        "Health->drug rehabilitation",
        "Lifestyle and Leisure->wellness",
        "Lifestyle and Leisure->lifestyle"
    ],
    "ai_allow": true,
    "has_canonical": false,
    "breaking": false,
    "webz_reporter": false,
    "external_links": [],
    "entities": {
        "persons": [
            {
                "name": "Heather Sudik",
                "sentiment": "none"
            }
        ],
        "locations": [],
        "organizations": [
            {
                "name": "Northern Light Health",
                "sentiment": "none",
                "tickers": []
            }
        ]
    },
    "syndication": {
        "syndicated": false,
        "syndicate_id": null,
        "first_syndicated": false
    },
    "trust": {
        "categories": [],
        "bias": "center",
        "source": {
            "type": null,
            "city": null,
            "state": null,
            "country": null,
            "domain_type": null,
            "agency": null,
            "organization_name": null
        }
    },
    "rating": null,
    "crawled": "2025-04-24T00:58:31.624+03:00",
    "updated": "2025-04-24T00:58:31.624+03:00"
}