{
    "thread": {
        "uuid": "b173f9acbb9d5ff1de63cf6dae3aa6ae9a1b4c80",
        "url": "https://tech.everyeye.it/notizie/battaglia-elon-musk-microsoft-caso-openai-amplifica-757049.html",
        "site_full": "tech.everyeye.it",
        "site": "everyeye.it",
        "site_section": "https://www.everyeye.it",
        "site_categories": [
            "media"
        ],
        "section_title": "Videogiochi per PC e console - Everyeye.it",
        "title": "La battaglia di Elon Musk contro Microsoft: il caso OpenAI si amplifica.",
        "title_full": "La battaglia di Elon Musk contro Microsoft: il caso OpenAI si amplifica.",
        "published": "2024-11-22T08:12:00.000+02:00",
        "replies_count": 0,
        "participants_count": 1,
        "site_type": "news",
        "country": "IT",
        "main_image": "https://images.everyeye.it/img-notizie/la-battaglia-elon-musk-microsoft-caso-openai-amplifica-v4-757049.jpg",
        "performance_score": 0,
        "domain_rank": 29905,
        "domain_rank_updated": "2024-11-18T23:00:00.000+02:00",
        "social": {
            "facebook": {
                "likes": 0,
                "comments": 0,
                "shares": 0
            },
            "vk": {
                "shares": 0
            }
        }
    },
    "uuid": "b173f9acbb9d5ff1de63cf6dae3aa6ae9a1b4c80",
    "url": "https://tech.everyeye.it/notizie/battaglia-elon-musk-microsoft-caso-openai-amplifica-757049.html",
    "ord_in_thread": 0,
    "parent_url": null,
    "author": "@everyeye",
    "published": "2024-11-22T08:12:00.000+02:00",
    "title": "La battaglia di Elon Musk contro Microsoft: il caso OpenAI si amplifica.",
    "text": "La battaglia di Elon Musk contro Microsoft: il caso OpenAI si amplifica.\nAd agosto, [Elon Musk ha fatto causa a OpenAI e Sam Altman](https://tech.everyeye.it/notizie/elon-musk-ritorno-causa-openai-sam-altman-734336.html) per averlo \"tratto in inganno\" e per aver danneggiato xAI con un accordo con Microsoft. Difficile dire se queste accuse reggeranno in tribunale, ma ciò che è certo è che il miliardario fa sul serio: a quanto pare, addirittura, vorrebbe trascinare persino Microsoft sul banco degli imputati.\nNelle scorse ore, riporta il [New York Times](https://www.nytimes.com/2024/11/15/technology/elon-musk-microsoft-openai.html), Elon Musk ha modificato la sua causa legale contro OpenAI per includere anche Microsoft tra gli imputati che dovranno presentarsi in tribunale. Tra i querelanti, inoltre, ora non figura più solo il nome di Musk, ma anche quello di xAI, l'[azienda dietro all'IA di Grok](https://tech.everyeye.it/notizie/grok-xai-diventera-open-source-musk-risponde-openai-sam-altman-704599.html), e quello di Shivon Zilis, ex-membro del board di OpenAI e madre di tre dei figli del tycoon, che non sarebbe stata informata della partnership della startup di Sam Altman con Microsoft proprio per via del suo rapporto con Musk.\nIl nodo della causa resta sempre lo stesso: secondo il CEO di Tesla e SpaceX, OpenAI avrebbe violato il suo codice da non-profit stringendo una collaborazione con Microsoft. La questione è stata sollevata da tempo da Elon Musk, che prima ha denunciato OpenAI in un tribunale statale in Texas e poi ha ritirato la causa per ripresentarla a stretto giro in una corte federale. Dopo che Musk si è ritirato dal board di OpenAI, l'azienda ha iniziato a ricevere cospicui finanziamenti da Microsoft, al punto che oggi molti credono che [Microsoft si comprerà la startup IA di Sam Altman](https://tech.everyeye.it/notizie/futuro-scritto-microsoft-acquistera-openai-entro-3-anni-secondo-analista-747548.html) nel giro di tre anni.\nLa causa legale del miliardario sudafricano solleva anche delle questioni di Antitrust: [TechCrunch](https://techcrunch.com/2024/11/14/musks-amended-lawsuit-against-openai-names-microsoft-as-defendant/), infatti, riporta che Elon Musk crede che OpenAI stia eliminando la concorrenza con delle politiche aggressive, a partire proprio dalla partnership con Microsoft. Tra le altre figure citate nei documenti processuali ci sono anche il Vicepresidente di Microsoft Dee Templeton e il co-fondatore di LinkedIn Reid Hoffmann, che erano legati sia OpenAI che a Microsoft al momento della stipula della collaborazione tra le due aziende.\nFONTE:\n[Engadget](https://www.engadget.com/ai/elon-musk-adds-microsoft-as-defendant-in-his-lawsuit-against-openai-140023400.html)Questo testo include collegamenti di affiliazione: se effettui un acquisto o un ordine attraverso questi collegamenti, il nostro sito potrebbe ricevere una commissione in linea con la nostra [pagina etica](https://www.everyeye.it/advertising/). Le tariffe potrebbero variare dopo la pubblicazione dell'articolo.\n[Rimani aggiornato seguendoci su Google News!](https://news.google.com/publications/CAAqBwgKMMfZ_Aow0KmJAw)\nIscriviti al nostro CANALE TELEGRAMrisparmia sulle offerte\nAltri contenuti per Microsoft\n[Anche Microsoft ha il suo mini PC: si chiama Windows 365 Link ed è progettato per il cloud](https://tech.everyeye.it/notizie/microsoft-mini-pc-chiama-windows-365-link-progettato-cloud-758085.html)[Microsoft: Windows Intelligence punta a far dimenticare Copilot?](https://tech.everyeye.it/notizie/microsoft-windows-intelligence-prontadimenticare-copilot-754343.html)[OpenAI presenta Orion: un'innovazione esclusiva per Microsoft o accessibile a tutti?](https://tech.everyeye.it/notizie/openai-presenta-orion-innovazione-esclusiva-microsoft-accessibile-tutti-751932.html)[Quanto ha guadagnato il CEO di Microsoft Satya Nadella nel 2024?](https://tech.everyeye.it/notizie/guadagnato-ceo-microsoft-satya-nadella-2024-751797.html)[Microsoft investirà 4,3 miliardi di Euro in Italia: cerchiamo di capire bene](https://tech.everyeye.it/notizie/microsoft-investir-4-3-miliardi-euro-italia-cerchiamo-capire-bene-746331.html)\nMicrosoft\nContenuti più Letti\n[11 commentiTest per il QI: chi sta trasportando più peso? Solo i geni capiscono al volo](https://tech.everyeye.it/notizie/test-qi-chi-trasportando-peso-geni-capiscono-volo-755664.html)[3 commentiSe trovi la donna in questa illusione ottica sei davvero un genio](https://tech.everyeye.it/notizie/trovi-donna-illusione-ottica-sei-davvero-genio-757564.html)[Hanno danno la vita a un animale ancestrale che tecnicamente ha miliardi di anni](https://tech.everyeye.it/notizie/danno-animale-ancestrale-tecnicamente-miliardi-anni-758026.html)[Digitale terrestre, un canale TV locale passa all'HD: ecco di quale si tratta](https://tech.everyeye.it/notizie/digitale-terrestre-canale-tv-locale-passa-hd-tratta-758063.html)[Black Friday AMAZON: quattro Samsung Galaxy S24 e S4 Ultra in SUPER OFFERTA](https://tech.everyeye.it/notizie/black-friday-amazon-quattro-samsung-galaxy-s24-s4-ultra-super-offerta-758142.html)[3 commentiPayPal down oggi 21 Novembre 2024: problemi con app, sito web e pagamenti](https://tech.everyeye.it/notizie/paypal-down-oggi-21-novembre-2024-problemi-app-sito-web-pagamenti-758394.html)[Anche il Samsung Galaxy A55 è in SUPER SCONTO per il Black Friday di AMAZON](https://tech.everyeye.it/notizie/samsung-galaxy-a55-super-sconto-black-friday-amazon-758359.html)[Astronomi individuano un 'tunnel interstellare' nelle nostre vicinanze](https://tech.everyeye.it/notizie/astronomi-individuano-tunnel-interstellare-vicinanze-756008.html)[Black Friday: questi iPhone 16 Pro Max e Plus sono in SCONTO al MINIMO STORICO su AMAZON](https://tech.everyeye.it/notizie/black-friday-iphone-16-pro-max-plus-sconto-minimo-storico-amazon-758080.html)[UNIEURO PASSION BLACK FRIDAY sconta uno SMART TV LG 4K a BUON PREZZO](https://tech.everyeye.it/notizie/unieuro-passion-black-friday-sconta-smart-tv-lg-4k-buon-prezzo-758196.html)",
    "highlightText": "",
    "highlightTitle": "",
    "highlightThreadTitle": "",
    "language": "italian",
    "sentiment": "negative",
    "categories": [
        "Science and Technology"
    ],
    "ai_allow": true,
    "canonical": false,
    "webz_reporter": false,
    "external_links": [
        "https://www.engadget.com/ai/elon-musk-adds-microsoft-as-defendant-in-his-lawsuit-against-openai-140023400.html",
        "https://techcrunch.com/2024/11/14/musks-amended-lawsuit-against-openai-names-microsoft-as-defendant/",
        "https://www.nytimes.com/2024/11/15/technology/elon-musk-microsoft-openai.html",
        "https://news.google.com/publications/CAAqBwgKMMfZ_Aow0KmJAw",
        "https://www.news.google.com/publications/CAAqBwgKMMfZ_Aow0KmJAw",
        "https://www.techcrunch.com/2024/11/14/musks-amended-lawsuit-against-openai-names-microsoft-as-defendant/",
        "https://engadget.com/ai/elon-musk-adds-microsoft-as-defendant-in-his-lawsuit-against-openai-140023400.html",
        "https://nytimes.com/2024/11/15/technology/elon-musk-microsoft-openai.html",
        "https://techcrunch.com/2024/11/14/musks-amended-lawsuit-against-openai-names-microsoft-as-defendant"
    ],
    "external_images": [],
    "entities": {
        "persons": [
            {
                "name": "Elon Musk",
                "sentiment": "negative"
            }
        ],
        "organizations": [
            {
                "name": "Microsoft",
                "sentiment": "negative"
            }
        ],
        "locations": []
    },
    "syndication": {
        "syndicated": null,
        "syndicate_id": null,
        "first_syndicated": false
    },
    "rating": null,
    "crawled": "2024-11-22T08:33:20.713+02:00",
    "updated": "2024-11-22T08:33:20.713+02:00"
}