{
    "thread": {
        "uuid": "b2938a9420531350cef568a9c7aba7cf05b96e14",
        "url": "https://www.theolivepress.es/spain-news/2025/10/16/farmers-and-growers-rejoice-over-heavy-rain-which-has-revived-drought-hit-crops-in-alicante/",
        "site_full": "www.theolivepress.es",
        "site": "theolivepress.es",
        "site_section": "https://www.golf.einnews.com/live_feed",
        "site_categories": [
            "media"
        ],
        "section_title": "Live Feed Wire - Golf News Today - EIN Presswire",
        "site_title": "Olive Press News Spain - Best Expat Newspaper in Spain",
        "title": "Farmers and growers rejoice over heavy rain which has revived drought-hit crops in Alicante",
        "title_full": "Farmers and growers rejoice over heavy rain which has revived drought-hit crops in Alicante",
        "published": "2025-10-16T14:15:00.000+03:00",
        "replies_count": 0,
        "participants_count": 1,
        "site_type": "news",
        "country": "ES",
        "main_image": "https://www.theolivepress.es/wp-content/uploads/2022/07/olive-tree-AdobeStock_276578638-scaled.jpeg",
        "performance_score": 0,
        "domain_rank": 51808,
        "domain_rank_updated": "2025-10-13T00:00:00.000+03:00",
        "licensing_agency": [],
        "social": {
            "facebook": {
                "likes": 0,
                "comments": 0,
                "shares": 0
            },
            "vk": {
                "shares": 0
            }
        }
    },
    "uuid": "b2938a9420531350cef568a9c7aba7cf05b96e14",
    "url": "https://www.theolivepress.es/spain-news/2025/10/16/farmers-and-growers-rejoice-over-heavy-rain-which-has-revived-drought-hit-crops-in-alicante/",
    "ord_in_thread": 0,
    "author": "Alex Trelinski",
    "published": "2025-10-16T14:15:00.000+03:00",
    "title": "Farmers and growers rejoice over heavy rain which has revived drought-hit crops in Alicante",
    "text": "TORRENTIAL rain caused by DANA Alice in Alicante province has been welcomed by local farmers and growers.\nThey say the downpours have been beneficial for rain-fed crops that have suffered from the prolonged drought of recent years.\nRamon Espinosa from the Asaja Alicante young farmers group described the recent rain as ‘positive’.\nREAD MORE:\n“The rainfall has had a good impact in areas such as Ibi, Alcoy, Teulada, and Relleu to mitigate the extreme dryness for almond, cereal, cherry, muscatel grape, and olive groves,” he commented.\n“It is still insufficient for these crops to recover their productivity after years of extreme drought but the moisture has helped prepare the soil for future plantings,” Espinosa added.\nMuscatel grape grower, Juan Jose Buigues, based in Teulada, said: “2024 was a blank as the drought almost wiped out the crop for good, and we needed good rain to fully recover.”\nAfter several lean seasons, cherry farmers are hoping the heavy rain will revitalise the trees in the Alicante Mountains with a helpful 125 litres per square metre recorded in the Vall de Gallinera region.\nThe downside- according to Asaja Alicante- is that the almond harvest in the Ibi area has been delayed due to wet soil.\nFarmer Ramon Sola said he had to ‘postpone the harvest for a week and a half, but the rain was moderate and did not cause significant damage’.\nHugo Quintanilla, head of Asaja’s olive and olive oil sector said they had to make repairs to roads ‘for days’ to access olive groves in order to start harvesting’.\nAsaja called on authorities to look after rural infrastructures properly and to increase maintenance work on roads and drainage systems.\nThey also want plans to guarantee the existence of dry-land crop farming.\nClick here to read more Alicante News from The Olive Press.",
    "highlightText": "",
    "highlightTitle": "",
    "highlightThreadTitle": "",
    "language": "english",
    "sentiment": "positive",
    "categories": [
        "Environment"
    ],
    "topics": [
        "Environment->sustainability",
        "Environment->water",
        "Environment->natural resources"
    ],
    "ai_allow": true,
    "has_canonical": false,
    "breaking": false,
    "webz_reporter": false,
    "external_links": [],
    "external_images": [],
    "internal_images": [],
    "entities": {
        "persons": [
            {
                "name": "Juan Jose Buigues",
                "sentiment": "none"
            },
            {
                "name": "Ramon Espinosa",
                "sentiment": "none"
            }
        ],
        "locations": [
            {
                "name": "Mountains",
                "sentiment": "none"
            },
            {
                "name": "Teulada",
                "sentiment": "none"
            }
        ],
        "organizations": []
    },
    "syndication": {
        "syndicated": false,
        "syndicate_id": null,
        "first_syndicated": false
    },
    "trust": {
        "categories": [],
        "top_news": [],
        "bias": null,
        "source": {
            "type": null,
            "city": null,
            "state": null,
            "country": null,
            "domain_type": null,
            "agency": null,
            "organization_name": null
        }
    },
    "rating": null,
    "crawled": "2025-10-16T14:40:35.855+03:00",
    "updated": "2025-10-16T14:52:58.000+03:00"
}