{
    "thread": {
        "uuid": "08296288c2bda9f6571bea1517bbdc96b3390881",
        "url": "https://www.europapress.es/castilla-y-leon/noticia-aprobados-nuevos-expedientes-suman-casi-55-millones-actuaciones-zonas-afectadas-incendios-20251016133501.html",
        "site_full": "www.europapress.es",
        "site": "europapress.es",
        "site_section": "https://www.europapress.es/noticias/",
        "site_categories": [
            "media",
            "top_news_es",
            "top_news_pe",
            "top_news"
        ],
        "section_title": "\r\n\t Últimas Noticias - EUROPA PRESS\r\n",
        "site_title": "Europa Press -  Agencia de noticias",
        "title": "Aprobados nuevos expedientes que suman casi 5,5 millones para actuaciones en zonas afectadas por incendios",
        "title_full": "Aprobados nuevos expedientes que suman casi 5,5 millones para actuaciones en zonas afectadas por incendios",
        "published": "2025-10-16T14:35:00.000+03:00",
        "replies_count": 0,
        "participants_count": 1,
        "site_type": "news",
        "country": "ES",
        "main_image": "https://s01.europapress.net/imagenes/estaticos/OpenGraph_EP_1024x512.jpg",
        "performance_score": 0,
        "domain_rank": 4744,
        "domain_rank_updated": "2025-10-13T00:00:00.000+03:00",
        "licensing_agency": [],
        "social": {
            "facebook": {
                "likes": 0,
                "comments": 0,
                "shares": 0
            },
            "vk": {
                "shares": 0
            }
        }
    },
    "uuid": "08296288c2bda9f6571bea1517bbdc96b3390881",
    "url": "https://www.europapress.es/castilla-y-leon/noticia-aprobados-nuevos-expedientes-suman-casi-55-millones-actuaciones-zonas-afectadas-incendios-20251016133501.html",
    "ord_in_thread": 0,
    "author": "Europa Press Castilla y León",
    "published": "2025-10-16T14:35:00.000+03:00",
    "title": "Aprobados nuevos expedientes que suman casi 5,5 millones para actuaciones en zonas afectadas por incendios",
    "text": "VALLADOLID 16 Oct. (EUROPA PRESS) -\nEl Consejo de Gobierno ha aprobado nuevos expedientes, por un montante global que ronda los 5,5 millones, para actuar en zonas afectadas este verano por los incendios forestales.\nEn concreto, se ha dado luz verde a un nuevo paquete de subvenciones, por un importe total de 135.660 euros para siete ayuntamientos que podrán formalizar un total de 12 contratos financiados por la Consejería de Industria, Comercio y Empleo.\nCon este nuevo bloque de subvenciones, la inversión total del programa se eleva a 2.679.285 euros, el número total de trabajadores contratados con cargo estas ayudas ascenderán a 237, siendo 121 los ayuntamientos incluidos en el programa.\nLos siete ayuntamientos beneficiarios de la ayuda aprobada hoy son: en la provincia de León, los de Almanza (dos trabajadores), Crémenes (dos trabajadores), y Villamanín (un trabajador); en la provincia de Segovia, los de Cerezo de Arriba (un trabajador) y Riofrío de Riaza (un trabajador): y en la provincia de Zamora los de Cobreros (tres trabajadores) y Requejo (dos trabajadores).\nAdemás, se ha dado luz verde a la concesión directa de 483 subvenciones, por importe de 500 euros cada una, destinadas a familias desalojadas de sus viviendas en las localidades afectadas por los incendios, seis días después de que se abriera el plazo de solicitud. Esta medida, a la que se han destinado ya 962.500 euros para un total de 1.925 familias.",
    "highlightText": "",
    "highlightTitle": "",
    "highlightThreadTitle": "",
    "language": "spanish",
    "sentiment": "positive",
    "categories": [
        "Environment"
    ],
    "topics": [
        "Environment->environmental clean-up"
    ],
    "ai_allow": true,
    "has_canonical": false,
    "breaking": true,
    "webz_reporter": false,
    "external_links": [],
    "external_images": [],
    "internal_images": [],
    "entities": {
        "persons": [
            {
                "name": "Requejo",
                "sentiment": "none"
            }
        ],
        "locations": [],
        "organizations": [
            {
                "name": "Consejo de Gobierno",
                "sentiment": "negative",
                "tickers": [
                    {
                        "ticker": null,
                        "exchange": null
                    }
                ]
            },
            {
                "name": "Consejería de Industria",
                "sentiment": "none",
                "tickers": [
                    {
                        "ticker": null,
                        "exchange": null
                    }
                ]
            }
        ]
    },
    "syndication": {
        "syndicated": null,
        "syndicate_id": null,
        "first_syndicated": false
    },
    "trust": {
        "categories": [],
        "top_news": [
            "top_news_es",
            "top_news_pe",
            "top_news"
        ],
        "bias": null,
        "source": {
            "type": null,
            "city": null,
            "state": null,
            "country": null,
            "domain_type": null,
            "agency": null,
            "organization_name": null
        }
    },
    "rating": null,
    "crawled": "2025-10-16T14:42:55.988+03:00",
    "updated": "2025-10-16T14:51:52.000+03:00"
}