{
    "thread": {
        "uuid": "f1018ff52376b98b698548b2e05a52449ce24df6",
        "url": "https://www.lokmattimes.com/business/the-adani-green-energy-gallery-at-london-celebrates-one-million-visitors/",
        "site_full": "www.lokmattimes.com",
        "site": "lokmattimes.com",
        "site_section": "https://www.lokmattimes.com/latest-news",
        "site_categories": [],
        "section_title": "Latest News Headlines - Get Today's Breaking News Updates & Information related to India, World, Politics, Sports, Cricket, Business, Entertainment & Technology at Lokmat Times",
        "site_title": "Latest News, Today's Breaking News, Top Headlines related to India, World, Maharashtra, Business, Sports, & Entertainment at Lokmat Times",
        "title": "The Adani Green Energy Gallery at London celebrates one million visitors",
        "title_full": "The Adani Green Energy Gallery at London celebrates one million visitors",
        "published": "2025-10-16T13:18:24.154+03:00",
        "replies_count": 0,
        "participants_count": 1,
        "site_type": "news",
        "country": "IN",
        "main_image": "https://d3pc1xvrcw35tl.cloudfront.net/ln/feedImages/1200x900/ANI-20251016095920_202510.jpg",
        "performance_score": 0,
        "domain_rank": 98936,
        "domain_rank_updated": "2025-10-13T00:00:00.000+03:00",
        "licensing_agency": [],
        "social": {
            "facebook": {
                "likes": 0,
                "comments": 0,
                "shares": 0
            },
            "vk": {
                "shares": 0
            }
        }
    },
    "uuid": "f1018ff52376b98b698548b2e05a52449ce24df6",
    "url": "https://www.lokmattimes.com/business/the-adani-green-energy-gallery-at-london-celebrates-one-million-visitors/",
    "ord_in_thread": 0,
    "author": "/author/ani/",
    "published": "2025-10-16T13:18:24.154+03:00",
    "title": "The Adani Green Energy Gallery at London celebrates one million visitors",
    "text": "The Adani Green Energy Gallery at London celebrates one million visitors\nBy ANI | Updated: October 16, 2025 15:35 IST2025-10-16T15:30:55+5:302025-10-16T15:35:05+5:30\nLondon [UK], October 16 : One million visitors have explored the Energy Revolution: The Adani Green Energy Gallery at ...\nLondon [UK], October 16 : One million visitors have explored the Energy Revolution: The Adani Green Energy Gallery at the Science Museum since its opening in late March 2024, marking a significant milestone for the award-winning, free exhibition that showcases how the world can generate and use energy more sustainably.\nDedicated to examining one of the greatest challenges of our time - the rapid energy transition and decarbonisation needed to limit climate change - the gallery features striking displays of contemporary and historic objects, engaging digital exhibits and specially commissioned models, which together show how the past, present and future of energy systems are shaped by human imagination and innovation.\nThe gallery, which highlights technologies and projects from the UK and abroad - from hydrogen power on Orkney to terracotta air-cooling facades in India and solar farms in Morocco - is popular with both families and school groups. More than 10,000 students have now explored the gallery as part of educational visits since it opened.\nSagar Adani, Executive Director, Adani Green Energy, said: \"We are honoured to witness Energy Revolution: The Adani Green Energy Gallery inspiring a million minds and igniting conversations around sustainability and innovation. At Adani Green Energy, we believe that a sustainable future is rooted in bold innovation and collective action. This milestone reflects the shared commitment to shaping a greener tomorrow and showcases the power of education in driving meaningful change. We congratulate the Science Museum Group on achieving this significant landmark and are proud to support a gallery that continues to trigger curiosity and nurture solutions for a cleaner, more resilient world.\"\nIan Blatchford, Chief Executive and Director of the Science Museum Group, said: \"We are delighted to have welcomed a million visitors to this stunning gallery, helping ignite curiosity among those who visit and sparking conversations about the need to generate and use energy more sustainably. Reaching this impressive milestone is testament to the gallery's award-winning design and the stories behind the remarkable objects on display. I am grateful to Adani Green Energy for their generous sponsorship which made the gallery possible.\"\nEnergy Revolution: The Adani Green Energy Gallery was designed by architect and design studio Unknown Works and recently received a Retrofit and Reuse Award from Architects Journal for its sustainable approach to design and installation.\nAs part of the award-winning design, more than 200 redundant metal shelves from the museum's former object store were repurposed to display objects in the gallery. Aluminium was used where possible as it can be easily recycled, with energy-efficient LEDs used to light the gallery. Together these actions helped reduce carbon emissions from the creation and continued operation of the gallery.\nThrough the lens of imagination, the gallery examines this century's defining challenge across three sections. In Future Planet, visitors can examine how climate scientists use mathematics and complex computer-based models to understand our planet, and what these tell us about the range of climate futures that might lie ahead, through an interactive exhibit developed with the UK Met Office. Also on display are instruments used to observe and measure the climate at sea, on land, in the air and even from space.\nThese include an air-sampling flask used for observations of atmospheric carbon dioxide based on Charles David Keeling's original design and a satellite-based scientific instrument which takes precise observations of sea surface temperature from space.\nIn Future Energy, vital low carbon technologies that are reimagining how energy is supplied and used today are highlighted alongside historic artefacts which provide a longer view of the energy transition away from fossil fuels.\nVisitors can see the first electric taxi, the elegant black and yellow Bersey cab hailed by Londoners in 1897, and cables made for the world's first public electricity network, which was established in London in 1882 and went on to transform the way we live.\nOn display is a towering five-metre-tall parabolic solar trough mirror used on huge solar farms to concentrate sunlight and generate electricity and a vast seven-metre-long prototype tidal turbine blade used near Orkney in 2016 to help generate enough electricity to power a thousand homes.\nA huge quadrant from the Zero Energy Thermonuclear Assembly is also on display for the first time. This nuclear fusion experiment was created in the late 1950s by British scientists who imagined a world filled with abundant energy thanks to nuclear fusion.\nVisitors can also examine a model of a small modular nuclear reactor made by Rolls-Royce SMR, which may power more of our homes in the future, alongside part of a real (but non-radioactive) canister used for storing the UK's nuclear waste.\nOur Future looks forward to a new world, with children's creative ideas of how the world will meet its future energy needs displayed alongside expert responses to them. Visitors can see a decarbonisation tracker which is updated annually and displays how the UK is performing on its low carbon journey.\nAt the centre of the gallery, uniting science and art, is an art commission Only Breath, a kinetic sculpture that moves and blooms, stretching to around five metres in diameter when unfurled. Created by artists Alexandra Carr and Colin Rennie from Torus Torus Studios, the sculpture was made from repurposed mirrors, recyclable stainless steel and windblown wood and signifies the power of nature to inspire technological change.\nEnergy Revolution: The Adani Green Energy Gallery is generously supported by Adani Green Energy, one of the world's leading renewable energy companies. The free gallery opened at the Science Museum on 24 March 2024 on Level 2 in the West Hall.\nDisclaimer: This post has been auto-published from an agency feed without any modifications to the text and has not been reviewed by an editor\nOpen in app",
    "highlightText": "",
    "highlightTitle": "",
    "highlightThreadTitle": "",
    "language": "english",
    "sentiment": "positive",
    "categories": [
        "Environment"
    ],
    "topics": [
        "Environment->sustainability",
        "Environment->energy saving"
    ],
    "ai_allow": true,
    "has_canonical": false,
    "breaking": false,
    "webz_reporter": false,
    "external_links": [],
    "external_images": [],
    "internal_images": [],
    "entities": {
        "persons": [],
        "locations": [
            {
                "name": "Science Museum",
                "sentiment": "none"
            }
        ],
        "organizations": [
            {
                "name": "Adani Green Energy Gallery",
                "sentiment": "negative",
                "tickers": []
            }
        ]
    },
    "syndication": {
        "syndicated": false,
        "syndicate_id": "f1018ff52376b98b698548b2e05a52449ce24df6",
        "first_syndicated": true
    },
    "trust": {
        "categories": [],
        "top_news": [],
        "bias": null,
        "source": {
            "type": null,
            "city": null,
            "state": null,
            "country": null,
            "domain_type": null,
            "agency": null,
            "organization_name": null
        }
    },
    "rating": null,
    "crawled": "2025-10-16T13:18:24.154+03:00",
    "updated": "2025-10-16T13:59:51.000+03:00"
}