{
    "thread": {
        "uuid": "c927f18d9c25263bbd32acb0a56cc96bc180d9af",
        "url": "https://cj.sina.cn/article/norm_detail?url=https://finance.sina.com.cn/jjxw/2025-10-16/doc-infuautn9632387.shtml&from=redirect",
        "site_full": "cj.sina.cn",
        "site": "sina.cn",
        "site_section": "http://finance.sina.cn",
        "site_categories": [
            "top_news_hk",
            "top_news_my",
            "top_news_sg",
            "top_news_tw",
            "top_news"
        ],
        "section_title": "新浪财经_金融信息服务商",
        "site_title": "财经头条_新浪财经_金融信息服务商",
        "title": "【光明网评】好评中国丨守一江碧水 绘时代长卷",
        "title_full": "【光明网评】好评中国丨守一江碧水 绘时代长卷",
        "published": "2025-10-16T14:41:00.000+03:00",
        "replies_count": 0,
        "participants_count": 0,
        "site_type": "news",
        "country": "CN",
        "main_image": "https://n.sinaimg.cn/finance/c30320b4/20210712/wx_poster_finance1.png",
        "performance_score": 0,
        "domain_rank": 4801,
        "domain_rank_updated": "2025-10-13T00:00:00.000+03:00",
        "licensing_agency": [],
        "social": {
            "facebook": {
                "likes": 0,
                "comments": 0,
                "shares": 0
            },
            "vk": {
                "shares": 0
            }
        }
    },
    "uuid": "c927f18d9c25263bbd32acb0a56cc96bc180d9af",
    "url": "https://cj.sina.cn/article/norm_detail?url=https://finance.sina.com.cn/jjxw/2025-10-16/doc-infuautn9632387.shtml&from=redirect",
    "ord_in_thread": 0,
    "author": null,
    "published": "2025-10-16T14:41:00.000+03:00",
    "title": "【光明网评】好评中国丨守一江碧水 绘时代长卷",
    "text": "来源： 光明网 -时评频道\n作者：郝 悦\n“孤帆远影碧空尽，唯见长江天际流。”李白笔下壮阔悠远的长江，自雪山而来、奔涌向东，不仅承载着千年文脉，更维系着亿万群众生计与国家发展命脉。新时代以来，我国持续破解 长江保护 治理难题，让古老的母亲河焕发新的活力。近日，“好评中国·山河青年志”网络主题活动举办，通过走访调研湖北宜昌、武汉、丹江口等地长江保护治理工作，见证人与自然和谐共生的画卷。\n旱涝同防同治，守护长江安澜。长江滋养华夏，却也伴随着洪涝的风险，治理水患始终是横亘在长江两岸的心腹之患，更是一代代人矢志守护的民生大计。从1918年孙中山提出开发三峡水力资源设想，开启了 三峡工程 的追梦历程，到2006年三峡大坝全线建成、2020年整体竣工验收，百年梦想终成现实。这背后，是几代建设者的接力传承——他们在山河间勘探测绘，在图纸上反复规划论证，在工地上昼夜奋战，凝结着坚守与汗水。\n作为长江流域防洪体系的骨干，三峡工程自投运以来，累计拦洪运用68次，拦洪总量超2210亿立方米，让沿岸平原免遭洪水侵扰。数字孪生系统的 应用 ，更让长江治理迈向科学高效的新维度：通过在虚拟空间精准推演洪水演进路径，实现智慧调度，不仅守护着亿万群众的安宁，更为长江经济带高质量发展筑牢安全屏障。\n系统保护治理，守护碧水东流。长江壮美，在于“春来江水绿如蓝”的澄澈，更在“鱼翔浅底”的盎然生机，要保护好这座生态宝库，离不开多方合作、系统治理。全面推行河湖长制，加强岸线管控；建立完善生态流量监管，加强重要饮用水水源地保护；科学防治水土流失……“生态优先、绿色发展”不是一句口号，而是落地生根的践行。\n通过连续15年开展三峡水库生态调度试验，荆江河段“四大家鱼”自然繁殖规模恢复到20世纪80年代水平，一度濒危的中华鲟也在长江重现踪迹。作为南水北调中线工程的核心水源区，丹江口水库水质常年稳定在Ⅱ类以上。如今，长江两岸绿意盎然，生物多样性日益丰富，系统保护治理成效显著，彰显人与自然和谐共生的美好图景，更让绿水青山成为民生福祉最直观的注解。\n保障净水北送，南北协同发展。长江之水跨越千里流入华北平原，带来的不仅是丰富的水资源，更是区域发展的新动能。南水北调中线一期工程累计调水超742亿立方米，惠及京津冀豫1.14亿群众。水资源的优化配置，更激活了北方区域经济的“一池春水”：受水区 工业 供水保证率超90%，为京津冀先进制造业发展注入底气；华北平原地下水水位持续回升，为保障 粮食 主产区 农业 灌溉筑牢根基。\n依托国家水网建设，净水北送让南方长江水资源优势与北方发展需求相联结。南水润北方，南北共发展，这股跨越山河的清流不仅滋润着华北大地，更成为连接南北、推动发展的纽带，为协同发展注入澎湃的“水动力”。\n从三峡大坝筑牢安澜屏障，到生态治理守护一江碧绿，再到南水北调联结区域发展，每一项治理实践，最终都化作沿岸百姓的安稳幸福与长江经济带的 持续发展 。随着保护治理的不断深化，长江将向着更远的未来奔涌不息。（郝 悦）\n打开App看更多精彩内容",
    "highlightText": "",
    "highlightTitle": "",
    "highlightThreadTitle": "",
    "language": "chinese",
    "sentiment": "positive",
    "categories": [
        "Environment",
        "Politics"
    ],
    "topics": [
        "Environment->water",
        "Environment->environmental clean-up",
        "Politics->environmental policy",
        "Politics->government policy"
    ],
    "ai_allow": true,
    "has_canonical": false,
    "breaking": true,
    "webz_reporter": false,
    "external_links": [],
    "external_images": [],
    "internal_images": [],
    "entities": {
        "persons": [],
        "locations": [],
        "organizations": []
    },
    "syndication": {
        "syndicated": null,
        "syndicate_id": null,
        "first_syndicated": false
    },
    "trust": {
        "categories": [],
        "top_news": [
            "top_news_hk",
            "top_news_my",
            "top_news_sg",
            "top_news_tw",
            "top_news"
        ],
        "bias": null,
        "source": {
            "type": null,
            "city": null,
            "state": null,
            "country": null,
            "domain_type": null,
            "agency": null,
            "organization_name": null
        }
    },
    "rating": null,
    "crawled": "2025-10-16T14:53:31.045+03:00",
    "updated": "2025-10-16T15:02:57.000+03:00"
}