{
    "thread": {
        "uuid": "36c8686ae7fa5c4a2fe100dc0b53d0d7f68c0d85",
        "url": "https://www.prnewswire.com/news-releases/power-knots-lfc-ix-biodigester-machines-receive-nsf-certification-302586057.html",
        "site_full": "www.prnewswire.com",
        "site": "prnewswire.com",
        "site_section": "https://www.prnewswire.com/sitemap-news.xml?page=1",
        "site_categories": [
            "media"
        ],
        "section_title": "",
        "site_title": "PR Newswire: press release distribution, targeting, monitoring and marketing",
        "title": "Power Knot's LFC-IX Biodigester Machines Receive NSF Certification",
        "title_full": "Power Knot's LFC-IX Biodigester Machines Receive NSF Certification",
        "published": "2025-10-16T14:37:00.000+03:00",
        "replies_count": 0,
        "participants_count": 1,
        "site_type": "news",
        "country": "US",
        "main_image": "https://mma.prnewswire.com/media/1731036/Power_Knot_Logo.jpg?p=facebook",
        "performance_score": 0,
        "domain_rank": 739,
        "domain_rank_updated": "2025-10-13T00:00:00.000+03:00",
        "licensing_agency": [],
        "social": {
            "facebook": {
                "likes": 0,
                "comments": 0,
                "shares": 0
            },
            "vk": {
                "shares": 0
            }
        }
    },
    "uuid": "36c8686ae7fa5c4a2fe100dc0b53d0d7f68c0d85",
    "url": "https://www.prnewswire.com/news-releases/power-knots-lfc-ix-biodigester-machines-receive-nsf-certification-302586057.html",
    "ord_in_thread": 0,
    "author": "Power Knot LLC",
    "published": "2025-10-16T14:37:00.000+03:00",
    "title": "Power Knot's LFC-IX Biodigester Machines Receive NSF Certification",
    "text": "FREMONT, Calif. , Oct. 16, 2025 /PRNewswire/ -- Power Knot LLC, the market leader in on-site organic waste management solutions, has announced that its latest generation LFC-IX biodigester machines have officially received NSF Certification, marking a significant milestone in the company's ongoing commitment to excellence, safety, and sustainability.\nThis certification confirms that the LFC-IX range of biodigesters meets the rigorous testing, auditing, and compliance standards established by National Science Foundation, the globally recognized public health and safety organization.\nThe LFC biodigester is a fully automated, on-site machine that digests food waste using a biological process, significantly reducing landfill contributions and cutting greenhouse gas emissions. With models processing between 10 kg (25 lb) and 6000 kg (13,200 lb) of food waste per day, the LFC biodigester is ideal for commercial kitchens and food service providers.\n\"Achieving NSF Certification is a major endorsement of our technology's engineering and quality manufacturing,\" said Iain Milnes, President of Power Knot. \"This certification underscores our dedication to delivering environmentally responsible organic waste solutions that communities and institutions can trust.\"\nWhat NSF Certification Means for LFC biodigesters\nRigorous standards: NSF evaluates designs, materials, and operational safety under stringent criteria in areas such as structural integrity, durability, sanitation, and performance. Public health assurance: Certified equipment gives users confidence that the system meets best practices for hygiene, contamination control, and pathogen reduction. Regulatory acceptance: Many municipal, educational, hospital, and food service institutions require or prefer use of NSF-certified equipment, making the LFC biodigesters more competitive and deployable in those sectors. Credibility in procurement: The NSF mark is widely recognized and trusted, simplifying adoption by large organizations, government bodies, and international markets. With the NSF Certification in hand, Power Knot is well positioned to accelerate deployment of LFC biodigesters across a broader range of institutional and municipal applications.\nAbout Power Knot\nPower Knot LLC designs, develops, and manufactures innovative on-site waste management solutions that help organizations reduce their environmental impact. With a focus on sustainability, Power Knot's products are used globally across various industries, including hospitality, food service, and industrial sectors. All products are designed and assembled in Silicon Valley, California.\nFor more information, access www.powerknot.com .\nAbout NSF NSF is a globally recognized organization for public health standards. NSF conducts testing, auditing, and certification, supported by accredited labs. The NSF certification mark is a pledge of assurance. It signifies that products consistently meet or exceed standards, instilling confidence in quality and safety for consumers, retailers, and regulators. NSF produces comprehensive assessment standards for public health and sustainability in the food and water sectors.\nFor more information, access www.nsf.org .\nCONTACT: Cecillia Wong, Power Knot, 4088898433, [email protected]\nSOURCE Power Knot LLC\nWANT YOUR COMPANY'S NEWS FEATURED ON PRNEWSWIRE.COM? 440k+\nNewsrooms &\nInfluencers 9k+\nDigital Media\nOutlets 270k+\nJournalists\nOpted In GET STARTED",
    "highlightText": "",
    "highlightTitle": "",
    "highlightThreadTitle": "",
    "language": "english",
    "sentiment": "positive",
    "categories": [
        "Environment",
        "Science and Technology"
    ],
    "topics": [
        "Environment->waste materials",
        "Science and Technology->technology and engineering",
        "Science and Technology->agricultural technology"
    ],
    "ai_allow": true,
    "has_canonical": false,
    "breaking": false,
    "webz_reporter": false,
    "external_links": [],
    "external_images": [],
    "internal_images": [],
    "entities": {
        "persons": [
            {
                "name": "Iain Milnes",
                "sentiment": "none"
            }
        ],
        "locations": [],
        "organizations": [
            {
                "name": "Power Knot LLC",
                "sentiment": "negative",
                "tickers": []
            },
            {
                "name": "National Science Foundation",
                "sentiment": "none",
                "tickers": [
                    {
                        "ticker": null,
                        "exchange": null
                    }
                ]
            }
        ]
    },
    "syndication": {
        "syndicated": false,
        "syndicate_id": "36c8686ae7fa5c4a2fe100dc0b53d0d7f68c0d85",
        "first_syndicated": true
    },
    "trust": {
        "categories": [
            "trusted_news"
        ],
        "top_news": [],
        "bias": "center",
        "source": {
            "type": "newsroom",
            "city": null,
            "state": null,
            "country": null,
            "domain_type": null,
            "agency": null,
            "organization_name": null
        }
    },
    "rating": null,
    "crawled": "2025-10-16T14:41:41.428+03:00",
    "updated": "2025-10-16T14:57:59.000+03:00"
}