{
    "thread": {
        "uuid": "f1c0af1b171e2fabb701e8789cd18c93e8b064b6",
        "url": "https://sahebkhabar.ir/news/75362474/سفر-رئیس-سازمان-حفاظت-محیط-زیست-به-ترکیه-برای-شرکت-در-اجلاس-جهانی",
        "site_full": "sahebkhabar.ir",
        "site": "sahebkhabar.ir",
        "site_section": "http://sahebkhabar.ir/rss/tp/3",
        "site_categories": [],
        "section_title": "صاحب‌خبران - جدیدترین و آخرین اخبار ایران و جهان - اجتماعی",
        "site_title": null,
        "title": "سفر رئیس سازمان حفاظت محیط زیست به ترکیه برای شرکت در اجلاس جهانی «پسماند صفر»",
        "title_full": "سفر رئیس سازمان حفاظت محیط زیست به ترکیه برای شرکت در اجلاس جهانی «پسماند صفر»",
        "published": "2025-10-16T14:00:00.000+03:00",
        "replies_count": 0,
        "participants_count": 1,
        "site_type": "news",
        "country": "IR",
        "main_image": "https://sahebkhabar.ir/hermes/ilna1/ilna1-1700896.jpg",
        "performance_score": 0,
        "domain_rank": 160255,
        "domain_rank_updated": "2025-10-13T00:00:00.000+03:00",
        "licensing_agency": [],
        "social": {
            "facebook": {
                "likes": 0,
                "comments": 0,
                "shares": 0
            },
            "vk": {
                "shares": 0
            }
        }
    },
    "uuid": "f1c0af1b171e2fabb701e8789cd18c93e8b064b6",
    "url": "https://sahebkhabar.ir/news/75362474/سفر-رئیس-سازمان-حفاظت-محیط-زیست-به-ترکیه-برای-شرکت-در-اجلاس-جهانی",
    "ord_in_thread": 0,
    "author": "صاحب‌خبران - جدیدترین و آخرین اخبار ایران و جهان",
    "published": "2025-10-16T14:00:00.000+03:00",
    "title": "سفر رئیس سازمان حفاظت محیط زیست به ترکیه برای شرکت در اجلاس جهانی «پسماند صفر»",
    "text": "صاحبخبر -\nبه گزارش ایلنا به نقل از روابط عمومی سازمان حفاظت محیط زیست، شینا انصاری، معاون رئیسجمهور و رئیس سازمان حفاظت محیط زیست، به دعوت رسمی وزیر محیط زیست، شهرسازی و تغییر اقلیم ترکیه، عازم شهر استانبول شد تا در اجلاس جهانی «پسماند صفر» شرکت کند.\nاین اجلاس با هدف بررسی راهکارهای نوین در مدیریت پسماند، تبادل تجارب موفق کشورها و ارتقای همکاریهای بینالمللی در حوزه محیط زیست برگزار میشود.\nحضور هیأت ایرانی در این نشست، فرصت مناسبی برای گسترش تعاملات زیستمحیطی میان ایران و سایر کشورها و معرفی اقدامات و دستاوردهای ملی در زمینه مدیریت پسماند به شمار میرود.\n∎",
    "highlightText": "",
    "highlightTitle": "",
    "highlightThreadTitle": "",
    "language": "persian",
    "sentiment": "positive",
    "categories": [
        "Environment",
        "Politics"
    ],
    "topics": [
        "Environment->waste materials",
        "Politics->environmental policy",
        "Politics->international relations"
    ],
    "ai_allow": true,
    "has_canonical": false,
    "breaking": false,
    "webz_reporter": false,
    "external_links": [],
    "external_images": [],
    "internal_images": [],
    "entities": {
        "persons": [],
        "locations": [],
        "organizations": []
    },
    "syndication": {
        "syndicated": null,
        "syndicate_id": null,
        "first_syndicated": false
    },
    "trust": {
        "categories": [],
        "top_news": [],
        "bias": null,
        "source": {
            "type": null,
            "city": null,
            "state": null,
            "country": null,
            "domain_type": null,
            "agency": null,
            "organization_name": null
        }
    },
    "rating": null,
    "crawled": "2025-10-16T14:39:43.435+03:00",
    "updated": "2025-10-16T14:52:59.000+03:00"
}