{
    "thread": {
        "uuid": "a22ff8a9e7fea1cd636d7556ccf45ed9b6abefea",
        "url": "https://www.tj.gov.cn/sy/zwdt/gqdt/202510/t20251016_7155121.html",
        "site_full": "www.tj.gov.cn",
        "site": "tj.gov.cn",
        "site_section": "https://www.tj.gov.cn",
        "site_categories": [],
        "section_title": "天津政务网_天津市人民政府",
        "site_title": "天津政务网_天津市人民政府",
        "title": "静海区聚焦\"三个着力\"引领全区智慧农业新发展_各区动态_天津政务网",
        "title_full": "静海区聚焦\"三个着力\"引领全区智慧农业新发展_各区动态_天津政务网",
        "published": "2025-10-16T12:16:00.000+03:00",
        "replies_count": 0,
        "participants_count": 0,
        "site_type": "news",
        "country": "CN",
        "main_image": "",
        "performance_score": 0,
        "domain_rank": 34906,
        "domain_rank_updated": "2025-10-13T00:00:00.000+03:00",
        "licensing_agency": [],
        "social": {
            "facebook": {
                "likes": 0,
                "comments": 0,
                "shares": 0
            },
            "vk": {
                "shares": 0
            }
        }
    },
    "uuid": "a22ff8a9e7fea1cd636d7556ccf45ed9b6abefea",
    "url": "https://www.tj.gov.cn/sy/zwdt/gqdt/202510/t20251016_7155121.html",
    "ord_in_thread": 0,
    "author": null,
    "published": "2025-10-16T12:16:00.000+03:00",
    "title": "静海区聚焦\"三个着力\"引领全区智慧农业新发展_各区动态_天津政务网",
    "text": "一是着力提高供给保障水平，推动主导产业智慧化建设。推行万亩玉米单产提升项目，搭建水肥精准调控平台，运用植保无人机开展小麦“一喷三防”作业；抓住“两重”政策机遇，协助配备自动打药等设备，引导农户加快智能农机迭代更新。\n二是着力打造智能农业引领区，加快创新应用融合化发展。推动“产学研用”深度融合，深化与赵春江院士团队合作，建成全国智能农业研发创新中心和无人农场示范基地，预计年底前试投产。奥群牧业应用自主研发的AI智能体尺等技术，引领肉羊商业化育种快速发展。\n三是着力提升推广服务质效，实现科技创新促全面振兴。围绕12个主导品种，选派科技人员深入一线，开展技术推广、品种示范和业务培训等工作，解决农业关键技术问题和生产难题。遴选4家种植合作社联合开展智能水肥一体化技术试验，对试验田应用无人机植保等技术，切实提升亩产增收。\n今日关注\n图片新闻\n第十届天津市科普讲解大赛落幕\n在第十届天津市科普讲解大赛决赛上，选手们运用动画短片、现场实验等手段，通过故事化、场景...\n[[详情]](https://www.tj.gov.cn/sy/tpxw/202510/t20251016_7155053.html)\n天津轨道交通Z4线一期工程北段启动空载试运行\n作为天津市今年20项民心工程之一，天津轨道交通Z4线一期工程北段日前启动空载试运行。\n[[详情]](https://www.tj.gov.cn/sy/tpxw/202510/t20251015_7154176.html)",
    "highlightText": "",
    "highlightTitle": "",
    "highlightThreadTitle": "",
    "language": "chinese",
    "sentiment": "positive",
    "categories": [
        "Economy, Business and Finance",
        "Environment"
    ],
    "topics": [
        "Economy, Business and Finance->agriculture",
        "Environment->sustainability",
        "Environment->nature"
    ],
    "ai_allow": true,
    "has_canonical": false,
    "breaking": null,
    "webz_reporter": false,
    "external_links": [],
    "external_images": [],
    "internal_images": [],
    "entities": {
        "persons": [],
        "locations": [],
        "organizations": []
    },
    "syndication": {
        "syndicated": null,
        "syndicate_id": null,
        "first_syndicated": false
    },
    "trust": {
        "categories": null,
        "top_news": [],
        "bias": null,
        "source": {
            "type": "gov_news",
            "city": [],
            "state": [],
            "country": [],
            "domain_type": null,
            "agency": null,
            "organization_name": null
        }
    },
    "rating": null,
    "crawled": "2025-10-16T14:42:11.203+03:00",
    "updated": "2025-10-16T14:52:01.000+03:00"
}