{
    "thread": {
        "uuid": "e9d744bf2be1fc5834c9d0efebbcd2272595ce8c",
        "url": "https://www.fightful.com/wrestling/kiera-hogan-diamante-get-engaged/",
        "site_full": "www.fightful.com",
        "site": "fightful.com",
        "site_section": "https://www.fightful.com/wrestling/rss",
        "site_categories": [
            "politics",
            "law_government_and_politics",
            "arts, culture and entertainment",
            "sport"
        ],
        "section_title": "Fightful | WWE News, AEW News, Pro Wrestling Backstage News – Wrestling",
        "site_title": "Wrestling, MMA &amp; Boxing Coverage | Fightful News",
        "title": "Kiera Hogan & Diamanté Get Engaged",
        "title_full": "Kiera Hogan & Diamanté Get Engaged",
        "published": "2026-01-01T07:10:00.000+02:00",
        "replies_count": 0,
        "participants_count": 1,
        "site_type": "news",
        "country": "US",
        "main_image": "https://d1fcaprh3kb5t7.cloudfront.net/wp-content/uploads/2026/01/01000311/diamante-kiera-hogan-4-e1767243816713.jpg?v=20260101051021",
        "performance_score": 0,
        "domain_rank": 99075,
        "domain_rank_updated": "2025-12-28T23:00:00.000+02:00",
        "licensing_agency": [],
        "social": {
            "facebook": {
                "likes": 0,
                "comments": 0,
                "shares": 0
            },
            "vk": {
                "shares": 0
            }
        }
    },
    "uuid": "e9d744bf2be1fc5834c9d0efebbcd2272595ce8c",
    "url": "https://www.fightful.com/wrestling/kiera-hogan-diamante-get-engaged/",
    "ord_in_thread": 0,
    "author": "Andrew Thompson",
    "published": "2026-01-01T07:10:00.000+02:00",
    "title": "Kiera Hogan & Diamanté Get Engaged",
    "text": "Congratulations are in order to the couple.\nTo close 2025, the couple of Kiera Hogan and Diamanté took to social media to share that they got engaged. They announced their engagement on New Year’s Eve.\nHappy New Years 🥹\nWalking into 2026 💍 pic.twitter.com/IdClCpXPlk\n— The 🇨🇺💎 (@DiamanteLAX) January 1, 2026\nI just got engaged but also Willow Nightingale TBS CHAMP LFGGG\n— The 🇨🇺💎 (@DiamanteLAX) January 1, 2026\nSay hello to my fiancé 🥰🥰💗💗💗 https://t.co/0ikZ9IAUmt\n— Kiera Hogan (@HoganKnowsBest3) January 1, 2026\nDiamanté is under contract to AEW/ROH and is paired with Billie Starkz and ROH Women’s World Champion Athena.\nKiera Hogan had been with the company but the two sides agreed to part ways. Hogan did state that she misses being in AEW/ROH.",
    "highlightText": "",
    "highlightTitle": "",
    "highlightThreadTitle": "",
    "language": "english",
    "sentiment": "positive",
    "categories": [
        "Lifestyle and Leisure"
    ],
    "topics": [
        "Lifestyle and Leisure->lifestyle"
    ],
    "ai_allow": true,
    "has_canonical": false,
    "breaking": false,
    "webz_reporter": false,
    "external_links": [],
    "external_images": [],
    "internal_images": [],
    "entities": {
        "persons": [
            {
                "name": "Kiera Hogan",
                "sentiment": "negative"
            },
            {
                "name": "Billie Starkz",
                "sentiment": "none"
            }
        ],
        "locations": [],
        "organizations": [
            {
                "name": "AEW",
                "sentiment": "none",
                "tickers": [
                    {
                        "ticker": null,
                        "exchange": null
                    }
                ]
            }
        ]
    },
    "syndication": {
        "syndicated": false,
        "syndicate_id": null,
        "first_syndicated": false
    },
    "trust": {
        "categories": [],
        "top_news": [],
        "bias": null,
        "source": {
            "type": null,
            "city": null,
            "state": null,
            "country": null,
            "domain_type": null,
            "agency": null,
            "organization_name": null
        }
    },
    "rating": null,
    "crawled": "2026-01-01T07:40:50.043+02:00",
    "updated": "2026-01-01T09:04:03.106+02:00"
}