{
    "thread": {
        "uuid": "12d2d9990e7c3eb71936f6c206dfc575f00b970b",
        "url": "https://familydestinationsguide.com/gorgeous-state-park-alabama/",
        "site_full": "familydestinationsguide.com",
        "site": "familydestinationsguide.com",
        "site_section": "https://familydestinationsguide.com/feed/",
        "site_categories": [
            "economy, business and finance",
            "lifestyle and leisure"
        ],
        "section_title": "Family Destinations Guide",
        "site_title": "Family Destinations Guide | Kid-Friendly Vacation Ideas for Families",
        "title": "This Gorgeous State Park In Alabama Makes You Feel Like You've Stepped Into A Landscape Painting",
        "title_full": "This Gorgeous State Park In Alabama Makes You Feel Like You've Stepped Into A Landscape Painting",
        "published": "2026-01-01T07:39:00.000+02:00",
        "replies_count": 0,
        "participants_count": 1,
        "site_type": "news",
        "country": "US",
        "main_image": "https://familydestinationsguide.com/wp-content/uploads/2025/12/gorgeous-state-park-alabama-FTR.jpg",
        "performance_score": 0,
        "domain_rank": 95432,
        "domain_rank_updated": "2025-12-28T23:00:00.000+02:00",
        "licensing_agency": [],
        "social": {
            "facebook": {
                "likes": 0,
                "comments": 0,
                "shares": 0
            },
            "vk": {
                "shares": 0
            }
        }
    },
    "uuid": "12d2d9990e7c3eb71936f6c206dfc575f00b970b",
    "url": "https://familydestinationsguide.com/gorgeous-state-park-alabama/",
    "ord_in_thread": 0,
    "author": "Martha Jenkins",
    "published": "2026-01-01T07:39:00.000+02:00",
    "title": "This Gorgeous State Park In Alabama Makes You Feel Like You've Stepped Into A Landscape Painting",
    "text": "There’s something almost surreal about rounding that final bend in the road and catching your first glimpse of Lake Lurleen State Park in Coker, Alabama.\nLike someone took the most perfect mental image of “serene lake surrounded by lush forest” and somehow made it real.\nAlabama has been hiding this 1,625-acre masterpiece just a stone’s throw from Tuscaloosa, and it’s high time we talked about it.\nThe centerpiece of this natural canvas is the stunning 250-acre lake that shimmers like liquid sapphire, reflecting clouds and sky with such perfection you might need to blink twice to determine where water ends and air begins.\nIt’s the kind of place that makes you want to cancel all your appointments for the day (maybe the week) and just stay put.\nLake Lurleen State Park exists in that sweet spot of being developed enough for comfort but wild enough to feel like an escape.\nIt’s the perfect antidote to our notification-saturated lives – a place where the most urgent alert is a fish jumping or a hawk calling overhead.\nThe park takes its name from Lurleen Wallace, Alabama’s first female governor, though the natural beauty predates any human naming conventions.\nAncient forests and rolling hills have been crafting this landscape for millennia, with the lake serving as the jewel in an already impressive crown.\nWhen you first arrive, take a moment to just stand at the shoreline and breathe.\nNotice how the air feels different here – cleaner somehow, infused with pine and the subtle freshness of open water.\nWatch how the light plays across the lake’s surface, creating patterns that no digital screen could ever replicate with such subtlety and grace.\nFor water enthusiasts, Lake Lurleen offers a buffet of options that would make any blue-water lover weak at the knees.\nThe swimming area features a clean, sandy beach that squeaks pleasantly underfoot as you make your way toward the roped-off swimming section.\nOn hot Alabama summer days, the cool embrace of the lake feels like a personal blessing, the perfect temperature to refresh without shocking your system.\nChildren splash and build sandcastles while teenagers perfect their cannonballs from the designated swimming platform.\nAdults alternate between joining the aquatic fun and lounging on beach towels, perhaps with a good book that’s been waiting patiently on the “someday” shelf.\nFor those who prefer to stay dry while enjoying the water, the fishing at Lake Lurleen is the stuff of local legend.\nThe lake generously hosts populations of largemouth bass, bream, catfish, and crappie that would make any angler’s heart beat a little faster.\nFishing piers extend into the lake at strategic points, offering the perfect vantage for casting your line without needing a boat.\nThere’s something meditative about fishing here – the rhythmic casting, the gentle tension of the line, the hopeful anticipation as you watch for any movement.\nEven if you don’t catch anything (though chances are good you will), the experience itself is the real prize.\nWant to explore beyond the shoreline? The park offers boat rentals that let you venture into the lake’s heart.\nGliding across the water in a canoe or kayak provides a perspective you can’t get from land – suddenly you’re part of the lake ecosystem rather than just an observer.\nPaddle to the center and then sit quietly – you’ll be amazed at how the park reveals itself differently from this vantage point.\nThe sounds carry across water in surprising ways; a woodpecker’s rat-a-tat-tat from the distant shore might sound as close as if it were in the tree above you.\nFor those who bring their own watercraft, there’s a well-maintained boat ramp that makes launching a breeze.\nWhile motorized boats are permitted, the lake has restrictions that preserve the peaceful atmosphere – this isn’t a place for roaring engines and wake-jumping.\nInstead, it’s a place where the gentle purr of a trolling motor blends harmoniously with natural sounds rather than overwhelming them.\nWhen you’re ready to dry off and explore on foot, Lake Lurleen’s trail system awaits with open arms and well-marked paths.\nThe crown jewel is the 9.2-mile trail that circles the entire lake, offering ever-changing vistas that unfold like scenes in a nature documentary.\nDon’t let the mileage intimidate you – the trail can be enjoyed in smaller sections, each with its own distinct character and charm.\nThe northern portions take you through mature hardwood forests where dappled sunlight creates natural spotlights on the forest floor.\nIn spring, wildflowers dot these woods with splashes of color – the delicate white of bloodroot, the bold purple of wild iris, the cheerful yellow of buttercups.\nThe eastern side of the lake features ridges that offer elevated views across the water, perfect for sunset watching or contemplative moments.\nThe western trails bring you through pine-dominated sections where the ground is carpeted with needles that create a satisfyingly soft path underfoot and release their distinctive scent with each step.\nThroughout the trail system, interpretive signs help you understand what you’re seeing – from identifying common tree species to explaining the geological forces that shaped this landscape over millennia.\nIt’s like having a knowledgeable friend along for the hike, pointing out interesting details you might otherwise miss.\nWildlife viewing at Lake Lurleen deserves its own paragraph – or perhaps its own book.\nThe park serves as habitat for an impressive diversity of creatures, from the majestic white-tailed deer that might cross your path at dawn or dusk to the tiny salamanders that make their homes in the damper sections of the forest floor.\nBirdwatchers, bring your life lists and prepare to add some check marks.\nThe park hosts everything from massive bald eagles that patrol the lake looking for fish to tiny ruby-throated hummingbirds that zip between flowering plants with impossible speed.\nIn spring and fall, migratory species add to the permanent residents, creating a constantly changing avian community.\nListen for the haunting call of barred owls in the evening – their distinctive “who-cooks-for-you, who-cooks-for-you-all” echoing through the trees as darkness falls.\nWatch for the flash of a pileated woodpecker’s red crest as it hammers at dead trees, searching for insect larvae hidden beneath the bark.\nEven the smaller creatures deserve attention – from dragonflies that hover like living jewels above the water to butterflies that add moving splashes of color to meadow areas.\nWhen one day at Lake Lurleen isn’t enough (and trust me, it rarely is), the camping options allow you to extend your stay under starry Alabama skies.\nThe campground offers sites for everything from tents to large RVs, many with views of the lake that make waking up a genuine pleasure rather than the grudging experience it can sometimes be in daily life.\nModern bathhouses provide the comforts of home while still allowing you to feel connected to the natural world around you.\nThere’s something magical about camping here – perhaps it’s the way conversation flows more easily around a campfire, or how food cooked outdoors somehow tastes better than the same meal prepared in a kitchen.\nPerhaps it’s the symphony of night sounds that lulls you to sleep – the gentle chorus of frogs, the distant hoot of owls, the rustle of nocturnal creatures going about their business in the underbrush.\nOr maybe it’s simply the luxury of time – time to watch the lake change colors as the sun sets, time to identify constellations in the night sky, time to wake slowly as dawn paints the eastern horizon in pastel hues.\nFor families, Lake Lurleen offers a rare opportunity in our digital age – a place where children naturally put down their devices in favor of real-world exploration.\nThe park’s Junior Ranger program provides structured activities that educate while entertaining, helping young visitors connect with the natural world in meaningful ways.\nThe playground near the beach area gives kids a chance to burn energy in a more traditional setting when they need a break from hiking or swimming.\nPicnic areas scattered throughout the park invite family meals in scenic settings, from simple sandwich lunches to elaborate cookouts using the provided grills.\nThere’s something about sharing food outdoors that strengthens family bonds – perhaps because everyone is present in the moment rather than distracted by the thousand little interruptions of home life.\nThe changing seasons bring different but equally compelling reasons to visit Lake Lurleen.\nSpring explodes with new life – trees leafing out in that particular shade of green that seems to glow from within, wildflowers carpeting the forest floor, birds singing with renewed enthusiasm as they establish territories and seek mates.\nSummer brings the classic lake experience – swimming in sun-warmed waters, the pleasant weight of humidity in the air, the luxury of long daylight hours that stretch outdoor activities well into evening.\nFall transforms the landscape with a painter’s palette of reds, oranges, and golds as hardwood trees prepare for winter dormancy.\nThe cooler temperatures make hiking more comfortable, and the reflections of autumn colors on the lake’s surface create a double display of seasonal beauty.\nEven winter has its charms at Lake Lurleen – the bare trees reveal lake views hidden during leafier seasons, and the occasional light snow transforms familiar landscapes into something magical and new.\nThe reduced number of visitors during colder months offers a more solitary experience for those seeking quiet contemplation.\nOne of the most remarkable aspects of Lake Lurleen State Park is its accessibility.\nLocated just a short drive from Tuscaloosa, it’s close enough for an impromptu afternoon visit yet feels worlds away from urban concerns.\nThe park’s reasonable entrance fees make it an affordable option for recreation in a time when many entertainment choices come with hefty price tags.\nFor visitors with mobility challenges, accessible features like paved paths and adapted facilities ensure that nature’s beauty can be enjoyed by everyone.\nBeyond the physical activities and scenic beauty, Lake Lurleen offers something increasingly precious in our modern world: perspective.\nThere’s something about standing beside a lake that has existed for generations, under trees that have witnessed decades of human history, that helps recalibrate our sense of what matters.\nProblems that seemed overwhelming in the morning often appear more manageable after a day spent in nature’s company.\nThe park serves as a reminder that despite our technological advances and busy schedules, we remain part of the natural world – and reconnecting with that world is not a luxury but a necessity for our well-being.\nWhether you visit Lake Lurleen for an afternoon picnic, a weekend camping trip, or a day of hiking its scenic trails, you’ll leave with more than just memories of beautiful views.\nYou’ll carry with you a refreshed spirit, a calmer mind, and perhaps a subtle recalibration of what constitutes a life well-lived.\nFor more information about Lake Lurleen State Park, including current hours, fees, and special events, visit the official Alabama State Parks website or check out their Facebook page.\nUse this map to plan your visit and discover all that this natural treasure has to offer.\nWhere: 13226 Lake Lurleen Rd, Coker, AL 35452\nIn a state blessed with natural beauty, Lake Lurleen stands out as a masterpiece.\nNot just a destination but an experience that reminds us how it feels to be fully alive and present in a world of wonder.",
    "highlightText": "",
    "highlightTitle": "",
    "highlightThreadTitle": "",
    "language": "english",
    "sentiment": "positive",
    "categories": [
        "Lifestyle and Leisure"
    ],
    "topics": [
        "Lifestyle and Leisure->travel and tourism",
        "Lifestyle and Leisure->outdoor recreational activities"
    ],
    "ai_allow": true,
    "has_canonical": false,
    "breaking": false,
    "webz_reporter": false,
    "external_links": [
        "https://www.facebook.com/ALStateParks/",
        "https://www.google.com/maps/place/Lake+Lurleen+State+Park/@33.3003086,-87.6809885,16.37z/data=!4m6!3m5!1s0x88861a697cf7963d:0x6c50b12eab34b5fd!8m2!3d33.298535!4d-87.6798319!16s%2Fm%2F02ww57n?entry=ttu",
        "https://www.alapark.com/lake-lurleen-state-park",
        "https://www.google.com/maps/place/Lake+Lurleen+State+Park/@33.3003086,-87.6809885,16.37z/data=!4m6!3m5!1s0x88861a697cf7963d:0x6c50b12eab34b5fd!8m2!3d33.298535!4d-87.6798319!16s%2Fm%2F02ww57n",
        "https://facebook.com/ALStateParks/",
        "https://www.facebook.com/ALStateParks",
        "https://google.com/maps/place/Lake+Lurleen+State+Park/@33.3003086,-87.6809885,16.37z/data=!4m6!3m5!1s0x88861a697cf7963d:0x6c50b12eab34b5fd!8m2!3d33.298535!4d-87.6798319!16s%2Fm%2F02ww57n?entry=ttu",
        "https://alapark.com/lake-lurleen-state-park"
    ],
    "external_images": [],
    "internal_images": [],
    "entities": {
        "persons": [
            {
                "name": "Lurleen Wallace",
                "sentiment": "none"
            }
        ],
        "locations": [
            {
                "name": "Lake Lurleen State Park",
                "sentiment": "none"
            }
        ],
        "organizations": []
    },
    "syndication": {
        "syndicated": false,
        "syndicate_id": null,
        "first_syndicated": false
    },
    "trust": {
        "categories": [],
        "top_news": [],
        "bias": null,
        "source": {
            "type": null,
            "city": null,
            "state": null,
            "country": null,
            "domain_type": null,
            "agency": null,
            "organization_name": null
        }
    },
    "rating": null,
    "crawled": "2026-01-01T08:19:02.403+02:00",
    "updated": "2026-01-01T08:20:38.000+02:00"
}