{
    "thread": {
        "uuid": "fd234ecc56613487ea782fe9f8e0969a0f4daa92",
        "url": "https://www.bollywoodlife.com/hi/news-gossip/deepika-padukone-celebrated-the-success-of-dhurandhar-by-making-modaks-with-husband-ranveer-singh-3304124/",
        "site_full": "www.bollywoodlife.com",
        "site": "bollywoodlife.com",
        "site_section": "https://www.bollywoodlife.com/hi/webstories/movies",
        "site_categories": [
            "media",
            "celebrity_fan_gossip",
            "entertainment",
            "arts, culture and entertainment",
            "lifestyle and leisure"
        ],
        "section_title": "Movies Web Stories - Bollywood Life Movies Visual Stories, Enjoy Bollywood, Hollywood, TV, वेब स्टोरीज, विज़ुअल स्टोरी, मनोरंजन से जुड़ी सारी खबरें on bollywoodlife hindi",
        "site_title": "Bollywood Life: Bollywood News, Entertainment news, Movies, Gossip and Celebrity News",
        "title": "दीपिका पादुकोण ने इस तरह से मनाया 'धुरंधर' के हिट होने का जश्न, पति रणवीर सिंह संग बनाए मोदक",
        "title_full": "दीपिका पादुकोण ने इस तरह से मनाया 'धुरंधर' के हिट होने का जश्न, पति रणवीर सिंह संग बनाए मोदक",
        "published": "2026-01-01T07:37:00.000+02:00",
        "replies_count": 0,
        "participants_count": 1,
        "site_type": "news",
        "country": "IN",
        "main_image": "https://st1.bollywoodlife.com/wp-content/uploads/2026/01/ranveer.jpg",
        "performance_score": 0,
        "domain_rank": 34620,
        "domain_rank_updated": "2025-12-28T23:00:00.000+02:00",
        "licensing_agency": [],
        "social": {
            "facebook": {
                "likes": 0,
                "comments": 0,
                "shares": 0
            },
            "vk": {
                "shares": 0
            }
        }
    },
    "uuid": "fd234ecc56613487ea782fe9f8e0969a0f4daa92",
    "url": "https://www.bollywoodlife.com/hi/news-gossip/deepika-padukone-celebrated-the-success-of-dhurandhar-by-making-modaks-with-husband-ranveer-singh-3304124/",
    "ord_in_thread": 0,
    "author": "@bollywood_life",
    "published": "2026-01-01T07:37:00.000+02:00",
    "title": "दीपिका पादुकोण ने इस तरह से मनाया 'धुरंधर' के हिट होने का जश्न, पति रणवीर सिंह संग बनाए मोदक",
    "text": "बॉलीवुड के पावर कपल रणवीर सिंह और दीपिका पादुकोण इन दिनों सात समंदर पार न्यूयॉर्क की सड़कों पर अपनी खुशियों का जश्न मना रहे हैं. मौका केवल नए साल का ही नहीं है, बल्कि रणवीर की फिल्म 'धुरंधर' की बेहतरीन सफलता का भी है, जिसने बॉक्स ऑफिस के सारे रिकॉर्ड बदल दिए हैं. इस जश्न को और भी खास बनाने के लिए यह जोड़ा न्यूयॉर्क के मशहूर रेस्टोरेंट 'बंगलो' पहुंचा, जहां उन्होंने स्टार शेफ विकास खन्ना के साथ एक यादगार शाम बिताई और मोदक बनाना भी सिखा. इस स्पेशल मोमेंट की तस्वीरें सोशल मीडिया पर बहुत वायरल हो रहें हैं.\nन्यूयॉर्क में इंजॉय कर रहें हैं सेलेब्स\nआदित्य धर के निर्देशन में बनी फिल्म 'धुरंधर' इस समय दुनिया भर के सिनेमाघरों पर राज कर रही है. फिल्म ने महज 26 दिनों में भारतीय बॉक्स ऑफिस पर 712.25 करोड़ और वर्ल्ड वाइड पर 1101 करोड़ का आंकड़ा पार कर लिया है. 'हमजा' के किरदार में रणवीर सिंह और 'रहमान डकैत' के रूप में अक्षय खन्ना की जोड़ी ने जो जादू चलाया है, उसकी गूंज अब इंटरनेशनल लेवल पर सुनाई दे रही है.\nTRENDING NOW\nदीपिका पादुकोण ने बनाया मोदक\nइस जीत की खुशी में दीपिका पादुकोण ने कुछ ऐसा किया जो उनके फैंस के लिए एक बड़ा सरप्राइज था. शेफ विकास खन्ना के रेस्टोरेंट 'बंगलो' में दीपिका ने पहली बार खुद अपने हाथों से मोदक तैयार किए. विकास खन्ना ने अपने इंस्टाग्राम पर एक वीडियो शेयर किया है, जिसमें दीपिका एकदम खुशी से मोदक बनाना सीख रही हैं और फिर उसे आकार दे रही हैं.\nविकास खन्ना ने बताया कि 2025 का अंत इससे बेहतर नहीं हो सकता था. उन्होंने रणवीर को मोदक खिलाकर बधाई दी और यह भी एलान किया कि अब 'बंगलो' में आने वाले मेहमानों को 2026 के स्वागत में 'अनार और इलायची' के स्पेशल मोदक परोसे जाएंगे. दीपिका ने अपने हाथों से बना पहला मोदक विकास खन्ना को चखाया, जिसकी शेफ ने जमकर तारीफ की.\nView this post on Instagram\nदीपिका और रणवीर का करियर\nएक तरफ जहां रणवीर अपने करियर के सबसे सुनहरे दौर का आनंद ले रहे हैं, वहीं दीपिका पादुकोण के लिए पिछला कुछ समय प्रोफेशनल फ्रंट पर थोड़ा चैलेंज भरा रहा है. हाल ही में खबरें आईं कि वे संदीप रेड्डी वांगा की अवेटेड फिल्म 'स्पिरिट' से बाहर हो गई हैं. हालांकि, न्यूयॉर्क की इन तस्वीरों को देखकर साफ है कि दीपिका इन सब बातों से दूर अपनी पर्सनल लाइफ और पति की कामयाबी को पूरी शिद्दत से एन्जॉय कर रही हैं. ऐसी ही एंटरटेनमेंट खबरों को जानने के लिए पढ़ते रहिए बॉलीवुडलाइफ हिंदी.\nSubscribe Now\nEnroll for our free updates",
    "highlightText": "",
    "highlightTitle": "",
    "highlightThreadTitle": "",
    "language": "hindi",
    "sentiment": "positive",
    "categories": [
        "Lifestyle and Leisure"
    ],
    "topics": [
        "Lifestyle and Leisure->party"
    ],
    "ai_allow": true,
    "has_canonical": false,
    "breaking": false,
    "webz_reporter": false,
    "external_links": [],
    "external_images": [],
    "internal_images": [],
    "entities": {
        "persons": [],
        "locations": [],
        "organizations": []
    },
    "syndication": {
        "syndicated": null,
        "syndicate_id": null,
        "first_syndicated": false
    },
    "trust": {
        "categories": [],
        "top_news": [],
        "bias": null,
        "source": {
            "type": null,
            "city": null,
            "state": null,
            "country": null,
            "domain_type": null,
            "agency": null,
            "organization_name": null
        }
    },
    "rating": null,
    "crawled": "2026-01-01T08:09:53.492+02:00",
    "updated": "2026-01-01T08:11:45.000+02:00"
}