{
    "thread": {
        "uuid": "c597131b4ca293241e663753420606f02fcb2b0c",
        "url": "https://woman.rambler.ru/love/55846374-glava-hanty-mansiyska-maksim-ryashin-prinyal-uchastie-v-blagotvoritelnoy-aktsii-elka-zhelaniy/",
        "site_full": "woman.rambler.ru",
        "site": "rambler.ru",
        "site_section": "https://woman.rambler.ru/rss/love/latest/?limit=100",
        "site_categories": [
            "fashion",
            "health",
            "style_and_fashion",
            "womens_health",
            "top_news_de",
            "top_news_ru",
            "top_news_ua",
            "top_news_il",
            "top_news",
            "arts, culture and entertainment",
            "war, conflict and unrest",
            "economy, business and finance",
            "science and technology",
            "lifestyle and leisure",
            "crime, law and justice",
            "politics"
        ],
        "section_title": "Последние новости — Рамблер/женский",
        "site_title": "Рамблер/новости, почта и поиск — медийный портал: новости России и мира, электронная почта, погода, развлекательные и коммуникационные сервисы. Новости сегодня и сейчас",
        "title": "Глава Ханты-Мансийска Максим Ряшин принял участие в благотворительной акции «Елка желаний» - Рамблер/женский",
        "title_full": "Глава Ханты-Мансийска Максим Ряшин принял участие в благотворительной акции «Елка желаний» - Рамблер/женский",
        "published": "2025-12-31T14:15:00.000+02:00",
        "replies_count": 0,
        "participants_count": 1,
        "site_type": "news",
        "country": "RU",
        "main_image": "https://img-renderer.rambler.ru/api/generate/media/?clusterId=55846374&amp;format=png",
        "performance_score": 0,
        "domain_rank": 355,
        "domain_rank_updated": "2025-12-28T23:00:00.000+02:00",
        "licensing_agency": [],
        "social": {
            "facebook": {
                "likes": 0,
                "comments": 0,
                "shares": 0
            },
            "vk": {
                "shares": 0
            }
        }
    },
    "uuid": "c597131b4ca293241e663753420606f02fcb2b0c",
    "url": "https://woman.rambler.ru/love/55846374-glava-hanty-mansiyska-maksim-ryashin-prinyal-uchastie-v-blagotvoritelnoy-aktsii-elka-zhelaniy/",
    "ord_in_thread": 0,
    "author": "Официальный информационный портал Администрации города Ханты-Мансийска",
    "published": "2025-12-31T14:15:00.000+02:00",
    "title": "Глава Ханты-Мансийска Максим Ряшин принял участие в благотворительной акции «Елка желаний» - Рамблер/женский",
    "text": "Он снял с праздничного дерева 3 шарика с заветными желаниями ребят: Елизавета из Ханты-Мансийска мечтает об акустической гитаре, а ее младший брат Еремей загадал футбольный мяч и кроссовки для футзала. Юные хантымансийцы Кирилл, Анна и Дмитрий Кунины мечтают примерить на себя роль пожарных, а в будущем стать сотрудниками пожарной службы. Маленькая жительница Макеевки Милана получит в подарок светящийся гимнастический мяч. Непременно исполню желания ребят! Самое настоящее новогоднее волшебство - это возможность дарить детям веру в чудо и в доброту людей!», - написал в своем \\u003Ca href=\\\"https:\\u002F\\u002Fwww.rambler.ru\\u002Ftransition\\u002F?redirect_url=https%3A%2F%2Ft.me%2Fglava_hm\\\" target=\\\"_blank\\\" class=\\\"scr-link scr-link-type-any scr-link-transit\\\" rel=\\\"nofollow noopener noreferrer\\\"\\u003Eтелеграм-канале\\u003C\\u002Fa\\u003E Глава Ханты-Мансийска Максим Ряшин.",
    "highlightText": "",
    "highlightTitle": "",
    "highlightThreadTitle": "",
    "language": "russian",
    "sentiment": "positive",
    "categories": [
        "Human Interest",
        "Lifestyle and Leisure"
    ],
    "topics": [
        "Human Interest->award and prize"
    ],
    "ai_allow": true,
    "has_canonical": false,
    "breaking": null,
    "webz_reporter": false,
    "external_links": [],
    "external_images": [],
    "internal_images": [],
    "entities": {
        "persons": [],
        "locations": [],
        "organizations": []
    },
    "syndication": {
        "syndicated": null,
        "syndicate_id": null,
        "first_syndicated": false
    },
    "trust": {
        "categories": [],
        "top_news": [
            "top_news_de",
            "top_news_ru",
            "top_news_ua",
            "top_news_il",
            "top_news"
        ],
        "bias": null,
        "source": {
            "type": null,
            "city": null,
            "state": null,
            "country": null,
            "domain_type": null,
            "agency": null,
            "organization_name": null
        }
    },
    "rating": null,
    "crawled": "2026-01-01T08:09:38.892+02:00",
    "updated": "2026-01-02T09:06:30.000+02:00"
}