{
    "thread": {
        "uuid": "8c2661c2c219ffd8d901f1238ef43b01ce88db9e",
        "url": "https://www.abnewswire.com/pressreleases/seamless-travel-india-online-visa-welcomes-colombian-azerbaijani-barbadian-and-belarusian-citizens_683544.html",
        "site_full": "www.abnewswire.com",
        "site": "abnewswire.com",
        "site_section": "http://www.abnewswire.com/pressreleases/feed",
        "site_categories": [
            "marketing",
            "business"
        ],
        "section_title": "ABNewswire",
        "title": "Seamless Travel: India Online Visa Welcomes Colombian, Azerbaijani, Barbadian, and Belarusian Citizens",
        "title_full": "Seamless Travel: India Online Visa Welcomes Colombian, Azerbaijani, Barbadian, and Belarusian Citizens",
        "published": "2024-01-05T23:00:00.000+02:00",
        "replies_count": 0,
        "participants_count": 1,
        "site_type": "news",
        "country": "US",
        "main_image": "",
        "performance_score": 0,
        "domain_rank": 29071,
        "domain_rank_updated": "2024-01-02T12:06:49.000+02:00",
        "reach": null,
        "social": {
            "facebook": {
                "likes": 0,
                "comments": 0,
                "shares": 0
            },
            "gplus": {
                "shares": 0
            },
            "pinterest": {
                "shares": 0
            },
            "linkedin": {
                "shares": 0
            },
            "stumbledupon": {
                "shares": 0
            },
            "vk": {
                "shares": 0
            }
        }
    },
    "uuid": "8c2661c2c219ffd8d901f1238ef43b01ce88db9e",
    "url": "https://www.abnewswire.com/pressreleases/seamless-travel-india-online-visa-welcomes-colombian-azerbaijani-barbadian-and-belarusian-citizens_683544.html",
    "ord_in_thread": 0,
    "parent_url": null,
    "author": "Admin",
    "published": "2024-01-05T23:00:00.000+02:00",
    "title": "Seamless Travel: India Online Visa Welcomes Colombian, Azerbaijani, Barbadian, and Belarusian Citizens",
    "text": "Celebrating its abundant cultural heritage and varied landscapes, India joyfully declares the broadening of its online visa initiative to encompass individuals from Colombia, Azerbaijan, Barbados, and Belarus. This expansion signifies a noteworthy stride in advancing cultural interchange and nurturing robust international connections. The Indian E-Visa initiative enables citizens of these countries to secure travel authorization for diverse reasons, spanning tourism, business, medical visits, and beyond. India endeavors to provide a more seamless and easily accessible avenue for individuals from these nations to delve into the nation’s historical wonders, lively traditions, and awe-inspiring natural wonders by simplifying the visa application process.\nINDIAN VISA FOR COLOMBIA CITIZENS\nSince 2014, the Indian government has provided an online visa application form for citizens of Colombia. The India visa is now accessible in 169 countries worldwide and has played a pivotal role in boosting India’s tourism economy in recent times. With the introduction of\nIndian visas for Colombia citizens, they can now engage in travel for leisure, business, or medical purposes, with the entire process conveniently completed online.\nCurrently, there are three types of India e-Visas, each featuring distinct validity periods and entry requirements. Notably, the India Tourist e-Visa is designed for visiting friends and family or attending yoga retreats. Valid for one year, it permits two entries into India, with a maximum stay of 90 days on each entry. The Business e-visa for working in India covers activities like business meetings, sales or exchanges, tour guiding, recruitment, or conference participation, among others. This visa allows double entry for a maximum of 180 days and is valid for one year.\nAdditionally, the Medical visa for India caters to travelers seeking short-term medical treatment, allowing a maximum stay of 60 days and permitting three entries. The online application form is user-friendly and can be completed from any location worldwide in just 10 minutes.\nINDIAN VISA FOR AZERBAIJAN CITIZENS\nSimilar to numerous other nations, the Indian government extends the provision of an e-Visa to Azerbaijani citizens, enabling them to seek electronic travel authorization for various purposes. Azerbaijanis are eligible to travel to India for leisure, business, or medical treatment through this electronic visa system. Since 2014, Azerbaijani nationals have had the opportunity to apply for an electronic visa specifically for India.\nFor leisure purposes, some citizens may opt for the government-issued India Tourist e-Visa, which allows a visit for up to 30 days, primarily intended for sightseeing and other recreational activities. This visa permits two entries during its validity period. Alternatively, those holding an e-business visa can enter India for a total duration of 365 days, with a maximum stay of 180 days, specifically for business visits or commercial activities within the country and not for employment purposes.\nFurthermore, the E-Medical Visa is tailored for individuals seeking medical treatment in India, permitting a stay of up to 60 days. This encompasses medical activities such as yoga, physical therapy, complex anatomy procedures, or treatment of various illnesses. Azerbaijani citizens can conveniently obtain an Indian Visa from the comfort of their homes, with the prerequisite of preparing the necessary documents before applying for the Indian e-Visa.\nINDIAN VISA FOR BARBADOS CITIZENS\nFew countries in the world leave an enduring impression on visitors like India. India has more layers of history and civilization than any other country. To visit India for nearly any reason, Barbadians can apply for an Indian e-Visa. Citizens of over 169 countries can apply for these e-Visas for India. Since 2014, the Indian government has made an online application form for Indian visas for Barbadians available. The India e-Visa is a legal document that allows Barbadian nationals to travel to India for leisure, business, and other purposes. Tourist Electronic Visa: This e-Visa is valid in India for vacations, sightseeing, and other tourism-related activities. This visa only allows for multiple entrances, and travelers can stay for up to 30 days in total. There are two long-term e-Visas issued by the Government of India that allow Barbadians to enter the country frequently. The 1-year and 5-year electronic tourist visas allow multiple entries into the country for 1 year and 5 years, with each stay not exceeding 90 days. e-Business Visa – If they hold this type of visa, they are allowed to enter India for a total of 365 days with a limit of 180 days for each stay. However, this visa category cannot be used for employment purposes. Electronic Medical Visa: This can be used if they need medical treatment such as physical therapy, complex anatomy, or curing of diseases in India.They have a maximum stay of 60 days in India, with three entry permits during that period. Citizens of Barbados who meet the visa requirements can apply for an Indian e-Visa. Indian Visa Application for Barbados Citizens is a simple process that can be completed from anywhere.\nINDIAN VISA FOR BELARUS CITIZENS\nBelarusians, armed with an internet-connected computer or smartphone, possess the flexibility to apply for an Indian e-Visa from any location. This visa option is open to citizens of more than 169 countries, Belarus included. Similar to individuals from various nations, Belarusians have the opportunity to seek an India e-Visa by applying to the Indian government. Since 2014, the Indian government has facilitated an online application form for Belarusian citizens seeking Indian visas.\nThis development opens the door for Belarusians to travel to India for diverse reasons, encompassing tourism, business engagements, and medical care. The Tourist e-Visa is specifically designed for tourism-related activities such as travel and sightseeing, allowing a stay of up to 30 days with the possibility of returning. Additionally, there are extended options with 1-year and 5-year tourist e-Visas, providing Belarusian citizens the flexibility to stay in India for more extended periods.\nFor those engaged in business activities, the E-Business Visa permits entry into the Republic of India for a total duration of 365 days, with each stay capped at 180 days. This visa is suitable for business trips or commercial activities within the country but not for employment purposes. The E-Medical Visa caters to those seeking medical treatment in India, including activities like yoga, physical therapy, complex medical procedures, or disease treatment, allowing a stay of up to 60 days with three entries.\nOnce equipped with all the necessary documents, Belarusians can initiate the India e-Visa Application Form to facilitate their travel plans.\nMedia Contact\nCompany Name:\nINDIAN EVISA Official Government Immigration Visa Application Online\nContact Person: Mary Windham Caitlin\nEmail:\nSend Email\nCountry: India\nWebsite:\nindia-visa-online.org/visa/",
    "highlightText": "",
    "highlightTitle": "",
    "highlightThreadTitle": "",
    "language": "english",
    "sentiment": "positive",
    "categories": [
        "Arts, Culture and Entertainment",
        "Lifestyle and Leisure",
        "Human Interest"
    ],
    "external_links": [
        "https://www.india-visa-online.org/indian-e-visa-eligibility/azerbaijani-citizens/",
        "https://www.india-visa-online.org/indian-e-visa-eligibility/colombia-citizens/",
        "http://india-visa-online.org/visa/",
        "https://www.india-visa-online.org/indian-e-visa-eligibility/barbados-citizens/",
        "https://www.india-visa-online.org/indian-e-visa-eligibility/belarusian-citizens/",
        "https://india-visa-online.org/indian-e-visa-eligibility/colombia-citizens/",
        "https://www.india-visa-online.org/indian-e-visa-eligibility/barbados-citizens",
        "https://india-visa-online.org/indian-e-visa-eligibility/barbados-citizens/",
        "http://www.india-visa-online.org/visa/",
        "https://india-visa-online.org/indian-e-visa-eligibility/azerbaijani-citizens/",
        "https://india-visa-online.org/indian-e-visa-eligibility/belarusian-citizens/",
        "https://www.india-visa-online.org/indian-e-visa-eligibility/azerbaijani-citizens",
        "http://india-visa-online.org/visa",
        "https://www.india-visa-online.org/indian-e-visa-eligibility/belarusian-citizens",
        "https://www.india-visa-online.org/indian-e-visa-eligibility/colombia-citizens"
    ],
    "external_images": [],
    "entities": {
        "persons": [],
        "organizations": [],
        "locations": [
            {
                "name": "india",
                "sentiment": "none"
            },
            {
                "name": "colombia",
                "sentiment": "none"
            },
            {
                "name": "azerbaijan",
                "sentiment": "none"
            },
            {
                "name": "barbados",
                "sentiment": "none"
            },
            {
                "name": "colombia",
                "sentiment": "none"
            },
            {
                "name": "belarus",
                "sentiment": "none"
            }
        ]
    },
    "rating": null,
    "crawled": "2024-01-06T00:01:33.363+02:00",
    "updated": "2024-01-06T00:01:33.363+02:00"
}