{
    "thread": {
        "uuid": "44edf1aa4ffd144f348bec4083f0866e54116670",
        "url": "https://tucson.com/news/local/things-to-do-tucson/article_248fd970-aa6c-11ee-816e-2701c040d6a9.html",
        "site_full": "tucson.com",
        "site": "tucson.com",
        "site_section": "https://tucson.com/search/?f=rss&amp",
        "site_categories": [
            "media"
        ],
        "section_title": "tucson.com - RSS Results",
        "title": "80 fun events happening in Tucson this January 2024",
        "title_full": "80 fun events happening in Tucson this January 2024",
        "published": "2024-01-05T21:30:00.000+02:00",
        "replies_count": 0,
        "participants_count": 1,
        "site_type": "news",
        "country": "US",
        "main_image": "https://bloximages.chicago2.vip.townnews.com/tucson.com/content/tncms/assets/v3/editorial/c/17/c179a7ba-88ee-11ee-8ada-d718971dad33/655d820871e7a.image.jpg?crop=1835%2C1032%2C86%2C0&amp;resize=1120%2C630&amp;order=crop%2Cresize",
        "performance_score": 0,
        "domain_rank": 4317,
        "domain_rank_updated": "2024-01-02T12:06:49.000+02:00",
        "reach": null,
        "social": {
            "facebook": {
                "likes": 1,
                "comments": 0,
                "shares": 14
            },
            "gplus": {
                "shares": 0
            },
            "pinterest": {
                "shares": 0
            },
            "linkedin": {
                "shares": 0
            },
            "stumbledupon": {
                "shares": 0
            },
            "vk": {
                "shares": 0
            }
        }
    },
    "uuid": "44edf1aa4ffd144f348bec4083f0866e54116670",
    "url": "https://tucson.com/news/local/things-to-do-tucson/article_248fd970-aa6c-11ee-816e-2701c040d6a9.html",
    "ord_in_thread": 0,
    "parent_url": null,
    "author": "#ThisIsTucson staff",
    "published": "2024-01-05T21:30:00.000+02:00",
    "title": "80 fun events happening in Tucson this January 2024",
    "text": "Welcome to our first event list of the year, Tucson! 🎉\nAs 2024 kicks off, a slew of annual events make their return: Tucson Jazz Festival, Zoppé Family Circus, Dillinger Days and the massive gem show. Artsy shops are hosting manifestation and vision board workshops and there are still a few more chances to see holiday lights before the twinkling decor gets packed up until next winter.\nOf course, things can change quickly these days. Check for the latest info before heading out!\nLightsUp! A Festival of Illumination\nYou have one last weekend to take a stroll through the Tucson Botanical Gardens' holiday light show. Walk through luminaria displays and 1 million twinkling lights.\nWhen: 6-9:30 p.m. Tuesday-Sunday through Jan. 7\nPeople are also reading…\nWhere: Tucson Botanical Gardens,\n2150 N. Alvernon Way\nCost: $20-$50 for adults and $18-$45 for kids, depending on the day.\nTucson Holiday Ice\nTucson's pop-up ice skating rink is here for one last weekend! Skates, which begin at size 8 for kids and go up to size 15 for men, are included in the admission price. Socks are required and gloves are recommended.\nWhen: Now through Jan. 7\nWhere: Tucson Convention Center,\n260 S. Church Ave.\nCost: A 90-minute session is $22 for adults, $15 for kids under 12 years old. The first session of each day is discounted to $12 for adults, $8 for kids. Book your tickets online.\nZooLights Holiday Magic\nReid Park Zoo's annual ZooLights is here for one more weekend. Find colorful light displays, falling snow and festive music.\nWhen: Now through Jan. 7\nWhere: Reid Park Zoo,\n3400 E. Zoo Court\nCost: $13 for general admission; $8 for kids ages 2-14. Bring a donation of two cans of food, a pet toy, an unwrapped children's toy or non-functioning holiday lights to recycle and receive $1 off admission.\nFirst Thursday at Tucson Museum of Art\nVisit the Tucson Museum of Art every first Thursday of the month for pay-what-you-wish admission, gallery activities, meditation, live music and a cash bar. This month's event will also feature Moroccan sandwiches from La Merguez and Syrian Sweets from Marwa Alfandi.\nWhen: 5-8 p.m. Thursday, Jan. 4\nWhere: Tucson Museum of Art,\n140 N. Main Ave.\nCost: Pay what you wish\nSafe Shift Store 3-Day Sale\nThe Safe Shift estate store, which helps raise funds for firefighters and first responders through the Greater Tucson Fire Foundation, opens its doors for three days each month. Past items for sale have included furniture, home decor, kitchen items, books and more.\nWhen: 8 a.m. to 3 p.m. Thursday-Saturday, Jan. 4-6\nWhere: Safe Shift,\n2801 E. Grant Road\nCost: Free to attend, bring money for shopping\nOdyssey Live Storytelling\nAttend this live storytelling event to hear stories surrounding the theme of \"inner monologue.\"\nWhen: 7-9 p.m. Thursday, Jan. 4\nWhere: The Screening Room,\n127 E. Congress St.\nCost: $15\nWinter Family Science Workshops: Field Trip to the Moon\nLearn all about the moon at this workshop where families will be able to make a moon crater and model the phases of the moon.\nWhen: 10-11:30 a.m. Thursday, Jan. 4\nWhere: Flandrau Science Center & Planetarium,\n1601 E. University Blvd.\nCost: $25 for kids, free for every adult per child. $15 for each additional adult.\nDiscovery Nights at Children's Museum Tucson\nVisit Children's Museum Tucson for a free night of science and art, including story times and pop-up science experiments.\nWhen: 5-7 p.m. Thursdays\nCost: Free to attend\nArt Corner with BICAS\nGet free access to recycled bike art parts, tools and other materials and get creative! Once you're finished, you can donate your creation to BICAS or give a suggested donation to the nonprofit, if you're able to. Check in at the front counter before heading to the art area.\nWhen: 3-6 p.m. Thursdays\nWhere: BICAS,\n2001 N. Seventh Ave.\nCost: Free to attend, donation suggested\nZoppé Family Circus\nZoppé Family Circus, featuring Nino the Clown and a cast of seven generations of Zoppés, makes its way back to Tucson this winter. Expect acrobatic acts, a trapeze artist, a ringmaster and more. The circus has been a January tradition in Tucson since 2011.\nWhen: Jan. 5-21\nWhere: Mercado District,\n100 S. Avenida del Convento\nCost: $25 for general admission, $45 for ringside\nBroadway Rave\nThis traveling rave is basically a big musical theater dance party \"celebrating the best of Broadway.\"\nWhen: 9 p.m. Friday, Jan. 5\nWhere: 191 Toole,\n191 E. Toole Ave.\nCost: $15-$20. This event is for ages 18 and up.\nNew Year Magickal Manifestation\nThe Ninth House's founder Melisa Doran will lead a two-hour workshop all about manifestation, setting intentions and spell casting.\nWhen: 6-8 p.m. Friday, Jan. 5\nWhere: The Ninth House,\n2563 E. Fort Lowell Road\nCost: $40\n\"Adventure Time\" Trivia at the Short Rest Tavern\nFridays are for trivia at the Short Rest Tavern, a hidden bar tucked inside Tucson Mall's Tucson Games and Gadgets. This Friday, test your knowledge on all things \"Adventure Time.\"\nWhen: 7 p.m. Friday, Jan. 5\nWhere: Short Rest Tavern in Tucson Mall,\n4500 N. Oracle Road\nCost: Free to attend, bring money for drinks. Tables are first come, first served. Park between Dillard's and Sears.\nMagic & Mystery Dinner Theater\nAt this event, you'll get to enjoy dinner from Dante's Fire, all while watching a magical theatrical performance.\nWhen: 6:30 p.m. Fridays, Jan. 5-12\nWhere: Dante's Fire,\n2526 E. Grant Road\nCost: $49 without dinner, $79 with dinner\nTucson Trades\nIndoor market Tucson Trades made its debut last summer and they're doin' it again this winter. More than 100 vendors are set to be at the market, selling items like baked goods, jewelry, soaps and candles.\nWhen: 2-8 p.m. Saturday, Jan. 6\nWhere: Tucson Convention Center,\nhttps://www.google.com/maps/place/Tucson+Convention+Center/@32.2178071,-110.9740303,15z/data=!4m2!3m1!1s0x0:0x6d21704396556f42?sa=X&ved=2ahUKEwjbg_3fk9v_AhVoJkQIHXQMCZYQ_BJ6BAhGEAg\nCost: Free to attend, bring money for shopping\nFree First Saturday at Valley of the Moon\nLocal fantasy park Valley of the Moon opens its doors for free this Saturday. The park will be hosting a donation drive for Make Way For Books — bring new or gently used books to donate.\nWhen: 3-5 p.m. Saturday, Jan. 6\nWhere: Valley of the Moon,\n2544 E. Allen Road\nCost: Free to attend\nFirst Saturday ArtWalk\nThe Warehouse Arts Management Organization is hosting its First Saturday ArtWalk this weekend, where you can walk through several local galleries and artist studios.\nWhen: 5-8 p.m. Saturday, Jan. 6\nWhere: See the map\nhere\nCost: Free to attend\nCreative Kind Workshops\nMaker shop Creative Kind has two artsy events on the calendar this January. This weekend, create your own 2024 vision board. On Jan. 25, the shop is hosting a \"Court of Thorns and Roses\"-themed art night.\nWhen: 11 a.m. to 2 p.m. Saturday, Jan. 6 for the vision board; anytime 6-9 p.m. Thursday, Jan. 25 for the art night.\nWhere: Creative Kind,\n2905 E. Skyline Dr.\nCost: $55 for the vision board workshop; $15 for the art night.\nStory Time Character Hour\nThe University of Arizona BookStores are hosting monthly Story Time Character Hours for kids ages 2-5 years old. There will be reading and crafts, plus the chance to take photos with storybook characters. This month, Daniel the Tiger will be there.\nWhen: 10:30 a.m. and 2 p.m. Saturday, Jan. 6\nWhere: The University of Arizona BookStores,\n1209 E. University Blvd.\nCost: Free to attend\nBeer + Bikes\nThis bike ride goes along The Loop to 1912 Brewing Co. for a beer or two, followed by a ride back to Button Brew House for food truck bites.\nWhen: 11 a.m. Saturday, Jan. 6\nWhere: Button Brew House,\n6800 N. Camino Martin\nCost: Free to attend, bring money for brews and food\nSt. Philip's Plaza Market\nVisit St. Philip's Plaza to shop from local makers from silversmiths to candle makers.\nWhen: 10 a.m. to 3 p.m. Saturdays and Sundays\nWhere: St. Philip's Plaza,\n4280 N. Campbell Ave.\nCost: Free to attend, bring money for shopping and food\nWalking tours with the Presidio Museum\nExplore Tucson with walking tours hosted by the Presidio Museum. Among this month's tours: see murals around downtown, check out mansions along Main Avenue and learn about historical architecture.\nWhen: Various dates, check out the calendar\nhttps://tucsonpresidio.com/calendars/.\nWhere: Locations vary based on tour.\nCost: $25. Pre-registration may be required for these events.\nMedella Vina Antique and Vintage Fair\nOnce a month, Medella Vina Ranch hosts an antique fair where you can shop vintage items from more than 100 vendors, plus take a break at an onsite food truck.\nWhen: 8 a.m. to 2 p.m. on the first Sunday of the month.\nWhere: Medella Vina Ranch,\n4450 S. Houghton Road\nCost: Free to attend, bring money for shopping and food\nGoat yoga\nEnjoy an hour of yoga and goats with these classes at Udall Park!\nWhen: 9-10 a.m. or 2-3 p.m. select Saturdays and Sundays in January\nWhere: Northeast of the Udall Pool building at Udall Park,\n7290 E. Tanque Verde Road\nCost: $25\nSolar Observing with Tucson Amateur Astronomy Association\nLearn about the sky with Tucson Amateur Astronomy Association! The group is hosting a solar observing event this weekend.\nWhen: 1-3 p.m. Sunday, Jan. 7\nWhere: Saguaro National Park East,\n3693 S. Old Spanish Trail\nCost: Park entrance fee is $25 per car\nLibra & Thorn Workshops\nMetaphysical art shop Libra & Thorn is hosting a slew of workshops to kick off the new year. Among them: tarot basics and manifestation candles.\nWhen: Several dates\nWhere: Libra & Thorn,\n101 S. Pantano Road\nCost: Prices vary based on workshop\nTKMA Presents: Sunday Brunch Series\nThe Tucson Kitchen Musicians Association, aka the folks who put on the Tucson Folk Festival each spring, are hosting a concert this Sunday with music by Jacob Acosta and Peter Dalton Ronstadt.\nWhen: 10 a.m. to 1 p.m. Sunday, Jan. 7\nWhere: Monterey Court,\n505 W. Miracle Mile\nCost: Free to attend\nCat events at El Jefe Cat Cafe\nSpend time with the cats at El Jefe Cat Cafe! January events include bingo, sound bath meditation and yoga.\nWhen: Various dates in January.\nWhere: El Jefe Cat Cafe,\n3025 N. Campbell Ave.\nCost: Prices vary based on event.\nLive storytelling with F*ST Female Storytellers\nF*ST, Female* StoryTellers, is back with a night of live storytelling. This time, the night will be centered around the theme \"sobering.\"\nWhen: 7 p.m. Tuesday, Jan. 9\nWhere: The Rock,\n136 N. Park Ave.\nCost: $10\nTrivia at Crooked Tooth Brewing Co.\nTest your knowledge in all things \"Seinfeld,\" \"The Office\" and \"Ted Lasso\" at these trivia nights. Teams can have as many as five people!\nWhen: 7 p.m. Tuesdays: Jan. 9 for \"Seinfeld,\" Jan. 23 for \"The Office,\" Jan. 30 for \"Ted Lasso.\" Teams are signed up on a first come, first served basis. It's suggested to get there by 6 p.m. to secure your spot.\nWhere: Crooked Tooth Brewing Co.,\n228 E. Sixth St.\nCost: Free to attend, recommended to buy a drink or two!\nGather A Vintage Market\nFind all kinds of vintage and antique home and garden items at this four-day market.\nWhen: 10 a.m. to 5 p.m. Thursday-Saturday, Jan. 11-13; 10 a.m. to 3 p.m. Sunday, Jan. 14\nWhere: Gather A Vintage Market,\n300 S. Park Ave.\nCost: Free to attend, bring money for shopping\nTucson Jazz Festival\nJanuary in Tucson means jazz. The theme for this year's HSL Properties Tucson Jazz Festival is \"Join the Party.\" Expect musicians like Arturo Sandoval, Trombone Shorty and Calexico.\nWhen: Jan. 12-20\nWhere: Several locations\nCost: Varies. A free fiesta takes place Jan. 15.\nTucson International Jewish Film Festival\nFrom Jan. 11-31, dozens of films will be screened as part of the Tucson International Jewish Film Festival. Some films will be screened in person throughout the Tucson area. Others will be available to screen virtually.\nWhen: Jan. 11-31\nWhere: Several locations\nCost: $60 for six films, $120 for all films (or $135 after Jan. 8)\nTasting History: Herbs\nLearn about the origins behind herbs like lemongrass and cilantro and how they became part of Tucson's agricultural and culinary traditions. Demonstrations and tastings are part of the fun.\nWhen: 9-11 a.m. Friday-Saturday, Jan. 12-13\nWhere: Mission Garden,\n946 W. Mission Lane\nCost: Free to attend, donations accepted\nRockin' Minerals\nShop minerals, fossils and jewelry alongside hands-on geology activities for kids at the Arizona-Sonora Desert Museum.\nWhen: 10 a.m. to 4 p.m. Saturday-Sunday, Jan. 13-14\nWhere: Arizona-Sonora Desert Museum,\n2021 N. Kinney Road\nCost: Museum admission is $29.95 for adults ages 13 and up ($24.95 for Arizona and Sonora residents). Kids ages 3-12 get in for $19.95.\nJapanese New Year Festival 2024\nCelebrate the Year of the Dragon at Yume Japanese Gardens of Tucson. Watch live performances, enjoy Japanese food and see the annual mochitsuki ritual, which is the pounding of rice to make mochi.\nWhen: 11 a.m. to 3 p.m. Saturday, Jan. 13\nWhere: Yume Japanese Gardens of Tucson,\n2130 N. Alvernon Way\nCost: $18 for adults, $6 for kids. Advanced registration is required.\nSahuarita Art on the Lake Festival\nExperience art in Sahuarita! You'll have the chance to shop local artwork and enjoy interactive art activities, such as a community chalk mural competition. There will also be live music and food trucks.\nWhen: 10 a.m. to 4 p.m. Saturday, Jan. 13\nWhere: Sahuarita Lake Park,\n15466 S. Rancho Sahuarita Blvd.\nCost: Free to attend, bring money for shopping and food\nBowie Tribute at Surly Wench\nSurly Wench Pub is hosting a Bowie tribute this January, featuring performers, giveaways and a vendor selling dark jewelry.\nWhen: 9 p.m. to 2 a.m. Saturday, Jan. 13\nWhere: Surly Wench Pub,\n424 N. Fourth Ave.\nCost: $5\nArt After Dark at Children's Museum Tucson\nEach month, Children's Museum Tucson hosts Art After Dark with local arts groups and free admission!\nWhen: 5:30-7:30 p.m. Saturday, Jan. 13\nCost: Free to attend\nTucson Repair Cafe\nNeed something fixed? Bring it to the Tucson Repair Cafe to be fixed for free! All items are welcome.\nWhen: 4-8 p.m. Saturday, Jan. 13\nWhere: Xerocraft Makerspace,\n101 W. Sixth St.\nCost: Free to attend\n2nd Saturdays\nCheck out food trucks, live music and local makers during this monthly outdoor street festival.\nWhen: 5-10 p.m. Saturday, Jan. 13\nWhere: Downtown Tucson along\nEast Congress Street\nCost: Free to attend, bring money for shopping and food\nSecond Saturday at Steam Pump Ranch\nThe second Saturday of every month is special at Steam Pump Ranch. Find historic tours of the grounds, demonstrations led by Archaeology Southwest, crafts for kids, vendors selling their artwork and a farmers market.\nWhen: 9 a.m. to 1 p.m. Saturday, Jan. 13\nWhere: Steam Pump Ranch,\n10901 N. Oracle Road\nCost: Free to attend, bring money for shopping\nStargazing with Tucson Amateur Astronomy Association\nGo stargazing with Tucson Amateur Astronomy Association at Agua Caliente Park! The group will have several telescopes available.\nWhen: 6:30-8:30 p.m. Saturday, Jan. 13\nWhere: Agua Caliente Park,\n12325 E. Roger Road\nCost: Free to attend, registration required\nSilent Adventures\nSilent disco meets flash mob with Silent Adventures! Put on your headphones and dance your way through downtown Tucson.\nWhen: 3:30 p.m. Saturdays, Jan. 13-20\nWhere: Joel D. Valdez Main Library,\n101 N. Stone Ave.\nCost: $25 for adults, $15 for kids\nChez Peachy Bento Cake Workshop\nChez Peachy is known for her colorful lunchbox-size cakes. Come Jan. 13, she'll teach you how to decorate your own cake to take home.\nWhen: 4-6 p.m. Saturday, Jan. 13\nWhere: The Monica,\n40 E. Congress St.\nCost: $50\nLiving History Day\nHead to Living History Day at the Presidio Museum to learn about the types of jobs people had in the 18th and 19th centuries. There will be demonstrations like blacksmithing and soldier drills, plus music and tortilla tastings.\nWhen: 10 a.m. to 2 p.m. Saturday, Jan. 13\nWhere: Presidio San Agustín del Tucson Museum,\n196 N. Court Ave.\nCost: $9 for adults, $6 for kids ages 6-13\nBachata Social Dance Night\nPut on your dancing shoes for a night of music and mingling! Enjoy a bachata class followed by social dancing.\nWhen: 8 p.m. to midnight Saturday, Jan. 13\nWhere: Tucson Creative Dance Center,\n3131 N. Cherry Ave.\nCost: $15, cash or Venmo\nSecond SundAZe at TMA\nVisit the Tucson Museum of Art every second Sunday for pay-what-you-wish admission. Enjoy art-making, gallery activities, family yoga and a performance by AZ Peruvian.\nWhen: 10 a.m. to 5 p.m. Sunday, Jan. 14\nWhere: Tucson Museum of Art,\n140 N. Main Ave.\nCost: Pay what you wish\nMercado Flea\nCheck out more than 45 vendors selling antique and vintage items at the Mercado Flea.\nWhen: 8 a.m. to 2 p.m. on the second Sunday of each month through May.\nWhere: Mercado District,\nhttps://www.google.com/maps/place/Mercado+San+Agustin/@32.2201355,-110.9856285,15z/data=!4m2!3m1!1s0x0:0x40b972c33497401f?sa=X&ved=2ahUKEwjtje746aT6AhXFKkQIHdF8CdUQ_BJ6BAhdEAU\nCost: Free to attend, bring money for shopping\nTucson Desert Song Festival\nThis music festival kicks off Jan. 14 and goes through Feb. 15, with a spring leg March 2 through April 9. The lineup includes two world-class tenors in Michael Fabiano and Lawrence Brownlee.\nWhen: Jan. 14-Feb. 15; March 2-April 9\nWhere: Several locations.\nCost: Varies.\n\"Mean Girls\" Trivia Night\nTest your knowledge in all things \"Mean Girls\" during this trivia night at Snakes & Lattes.\nWhen: 7-9 p.m. Wednesday, Jan. 17\nWhere: Snakes & Lattes,\n988 E. University Blvd.\nCost: $10 for general admission, $32 for a 4-person table\nSonoran Cinema at Tohono Chul\nVisit Tohono Chul's Sonoran Cinema for an indoor screening of \"The Wizard of Oz.\" Get cotton candy and popcorn from the concession stands!\nWhen: 7 p.m. Friday, Jan. 19\nWhere: Tohono Chul,\n7366 N. Paseo del Norte\nCost: $4\nWhitney Listening Party\nRoux Events is hosting a listening party at Revel Wine Bar, featuring Whitney Houston's greatest hits.\nWhen: 8-10:30 p.m. Friday, Jan. 19\nWhere: Revel Wine Bar,\n416 E. Ninth St.\nCost: $15 for reserved seating\nBe Our Guest: The Disney DJ Night\nFrom \"High School Musical\" and \"Hannah Montana\" to \"Frozen\" and \"The Lion King,\" this Disney night will spin all your fave Disney hits at The Rialto.\nWhen: 9 p.m. Friday, Jan. 19\nWhere: The Rialto Theatre,\n318 E. Congress St.\nCost: $18-$20. This event is for ages 18 and up.\nMamma Coal's Dolly Hoot\nLocal musician Mamma Coal is hosting this tribute to Dolly Parton, sharing her favorite Dolly songs alongside other Tucson country artists.\nWhen: 7:30 p.m. Friday, Jan. 19\nWhere: 191 Toole,\n191 E. Toole Ave.\nCost: $12-$20. This event is for ages 21 and up.\nQueer Speed Dating\nFind your next date or make a new friend at this queer speed dating event!\nWhen: 7-9:30 p.m. Friday, Jan. 19\nWhere: Bawker Bawker Cider House,\n400 N. Fourth Ave.\nCost: Free to participate with the purchase of one drink. This event is for ages 21 and up.\nSAVOR Food and Wine Festival\nSAACA hosts this annual festival in celebration of Southern Arizona's culinary arts. Walk the Tucson Botanical Gardens for tastings from more than 50 of our region's chefs, wineries, breweries and restaurants.\nWhen: Noon to 3 p.m. Saturday, Jan. 20\nWhere: Tucson Botanical Gardens,\nhttps://www.google.com/maps/place/Tucson+Botanical+Gardens/@32.248523,-110.908785,15z/data=!4m2!3m1!1s0x0:0x1ebe7fc3dd8c6453?sa=X&ved=2ahUKEwjz0ZjP_t-BAxW6NEQIHbqHCdkQ_BJ6BAgxEAA&ved=2ahUKEwjz0ZjP_t-BAxW6NEQIHbqHCdkQ_BJ6BAg6EAg\nCost: $115\nZoom Zoom at Children's Museum Tucson\nChildren's Museum Tucson's transportation-themed event is back!\nWhen: 10 a.m. to 2 p.m. Saturday, Jan. 20. The museum itself will be open 9 a.m. to 5 p.m. with pay-what-you-wish admission all day.\nCost: Free to attend\nDirty T Market\nKicking off in January, local spicy candy shop Dirty T Tamarindo will be hosting a monthly market featuring vendors, low riders, food trucks and games.\nWhen: 4-10 p.m. Saturday, Jan. 20\nWhere: Dirty T Tamarindo,\n1211 W. St Marys Road\nCost: Free to attend, bring money for food and shopping\nFamily Saturdays with Watershed Management Group\nHead to Watershed Management Group for Family Saturdays where you'll learn about bugs, birds and bats in the Sonoran Desert.\nWhen: 9 a.m. Saturday, Jan. 20\nWhere: Watershed Management Group,\n1137 N. Dodge Blvd.\nCost: Free to attend\nTanque Verde Market\nThis market brings local creatives to the east side! Find about two dozen vendors offering pottery, home decor, skin-care products, plants, clothing and more.\nWhen: 10 a.m. to 3 p.m. Saturday, Jan. 20\nWhere: Forty Niner Country Club,\n12000 E. Tanque Verde Road\nCost: Free to attend, bring money for shopping\nMake N Take at Pima Air and Space\nKids ages 6 and up will receive a quick-build model aircraft kit that they'll be able to put together, all while learning about the aircraft itself. Kids will also get to visit the aircraft they're set to build.\nWhen: 10 a.m. Saturday, Jan. 20\nWhere: Pima Air and Space Museum's administrative building north of the parking lot,\n6000 E. Valencia Road\nCost: $20 per child. An adult is required to be present with the child during class. Admission to the museum is not included and admission is not needed to participate in the class.\nFlow for the Soul with Flam Chen\nFlam Chen and In-Rave are hosting a flow night with DJs, vendors and flow art performances. Proceeds go to the All Souls Procession.\nWhen: 6-10 p.m. Saturday, Jan. 20\nWhere: MSA Annex,\n267 S. Avenida del Convento\nCost: $10\nDillinger Days\nA fire that broke out at Hotel Congress in 1934 led to the capture of the infamous Dillinger gang. Each year, the hotel puts on Dillinger Days with reenactments of the capture, vintage cars and live music.\nWhen: 10 a.m. Sunday, Jan. 21. There will also be a\nDillinger Speakeasy at 7 p.m. Saturday, Jan. 20.\nWhere: Hotel Congress,\n311 E. Congress St.\nCost: Dillinger Days are free to attend; the speakeasy is $19.06.\nFruit Cocktail Lounge\nHead downtown for an LGBTQ+ cocktail party and social at The Century Room at Hotel Congress! Enjoy cocktails, small plates and entertainment.\nWhen: 4 p.m. Sunday, Jan. 21\nWhere: The Century Room,\nhttps://www.google.com/maps/place/Hotel+Congress/@32.222248,-110.966648,15z/data=!4m2!3m1!1s0x0:0xdffb6a03465761fd?sa=X&ved=2ahUKEwixr9iz84L4AhXagY4IHV_XDlwQ_BJ6BAhpEAU\nCost: $10. This event is for ages 21 and up.\nFirst Avenue Flea\nThere's a new antique market in town — and it's indoors!\nWhen: 7 a.m. to 2 p.m. every third Sunday of the month.\nWhere:\n3239 N. First Ave.\nCost: Free to attend, bring money for shopping\nMinor Mutiny Mural Unveiling\nTucson's Museum of Contemporary Art is home to Minor Mutiny, a leadership program for teens. The group painted a mural at the Tucson Jewish Museum and Holocaust Center and will unveil it on Jan. 21.\nWhen: 2-3 p.m. Sunday, Jan. 21\nWhere: Tucson Jewish Museum and Holocaust Center,\n564 S. Stone Ave.\nCost: Free to attend\nTucson Fringe Festival\nThis 12th annual performing arts festival is back for another year, featuring more than two dozen shows. The festival is said to be unjuried and uncensored to ensure inclusivity.\nWhen: Jan. 24-28\nWhere: Three downtown venues, plus virtual performances\nCost: $25 for two shows, $55 for five shows\nCinema Tucsón: \"Tótem\"\nWatch a screening of \"Tótem,\" which follows seven-year-old Sol as she prepares for her father's birthday party. Called poignant and emotionally expansive, the film will be screened in Spanish with English subtitles. Cinema Tucsón is presented by Cinema Tropical and the University of Arizona Center for Latin American Studies.\nWhen: 7 p.m. Wednesday, Jan. 24\nWhere: Fox Tucson Theatre,\n17 W. Congress St.\nCost: $10\nNight at the Museum: Minis & Sip\nThe Mini Time Machine Museum of Miniatures is pairing miniatures with wine! Alongside wine and small snacks, you'll get to create your own mini bar cart.\nWhen: 5:30-8 p.m. Thursday, Jan. 25\nWhere: The Mini Time Machine Museum of Miniatures,\n4455 E. Camp Lowell Dr.\nCost: $40. This event is for ages 21 and up.\nFire Show at Sky Bar\nThe Cirque Roots Fire Troupe puts on a 20-minute fire show every fourth Friday, right outside of Sky Bar.\nWhen: 8:15 p.m. Friday, Jan. 26\nWhere: Sky Bar,\n536 N. Fourth Ave.\nCost: Free to attend\nTucson, Gem, Mineral & Fossil Showcase\nThe giant Tucson Gem, Mineral & Fossil Showcase is back for yet another winter season, bringing people from allover the world to shop the dozens of shows spread out across the city. Find jewelry, rocks, fossils and more.\nWhen: Jan. 27-Feb. 11\nWhere: Various locations across Tucson\nCost: Most shows are free to attend, bring money for shopping\nLa Encantada Fine Art Festival\nSAACA is hosting a fine art festival at La Encantada, featuring artists selling items that range from mixed media to paintings to sculptures. You'll also find live music and art demonstrations.\nWhen: 10 a.m. to 5 p.m. Saturday, Jan. 27; 11 a.m. to 4 p.m. Sunday, Jan. 28\nWhere: La Encantada Shopping Center,\nhttps://www.google.com/maps/place/La+Encantada/@32.3248317,-110.9296576,15z/data=!4m2!3m1!1s0x0:0x66d7a30348efe79f?sa=X&ved=2ahUKEwi3wv6npfP8AhU4EEQIHckuAUQQ_BJ6BAhLEAg\nCost: Free to attend, bring money for shopping\nRetro Game Show Night\nRetro Game Show Night, an evening of off-the-cuff comedy that pays homage to old TV game shows with a funky twist, returns with \"The Wheel of Misfortune.\"\nWhen: 7 p.m. Saturday, Jan. 27\nWhere: Club Congress,\nhttps://www.google.com/maps/place/Hotel+Congress/@32.222248,-110.966648,15z/data=!4m2!3m1!1s0x0:0xdffb6a03465761fd?sa=X&ved=2ahUKEwily8v7wtP3AhV_JEQIHWEaAJUQ_BJ6BAhfEAU\nCost: $19.06. This event is for ages 21 and up.\nA Day at the Alfie\nTo kick off the gem show, the Alfie Norville Gem & Mineral Museum is hosting a day of free admission and guest speakers.\nWhen: 10 a.m. to 6 p.m. Saturday, Jan. 27\nWhere: Alfie Norville Gem & Mineral Museum,\n115 N. Church Ave.\nCost: Free to attend, reserve seats online for presentations\nVisit the\nevent page for more information.\nPlant Vibes\nCome Jan. 27, The Boxyard will host an event that features a plant swap with Plantney, comedy with Lady Haha, music, cocktails and drag.\nWhen: Noon to 5 p.m. Saturday, Jan. 27\nWhere: The Boxyard,\n238 N. Fourth Ave.\nCost: Free to attend, bring money for food and shopping\nVisit the\nhttps://www.instagram.com/p/C1C_dIAv-ma/ for more information.\nLaser Shows at Flandrau\nFlandrau's laser shows for Taylor Swift and Prince are already sold out this month, but there are two more music-themed laser shows on the roster: Laser Foo Fighters and Laser Beastie Boys.\nWhen: Saturday, Jan. 27. 7-8 p.m. for Foo Fighters; 8:30-9:30 p.m. for Beastie Boys.\nWhere: Flandrau Science Center & Planetarium,\n1601 E. University Blvd.\nCost: $18.95 for laser shows and admission to science exhibits\nMetal Fest\nThe Rialto is hosting Metal Fest as part of its Local Love Presents series. The concert features a local lineup of musicians.\nWhen: 7 p.m. Saturday, Jan. 27\nWhere: Rialto Theatre,\n318 E. Congress St.\nCost: $5-$8\nFamily Funday: Find the Thief\nThe Presidio and Fort Lowell museums are hosting a Family Funday where attendees will use clues to find the thief of a necklace.\nWhen: 10 a.m. to 1 p.m. Saturday, Jan. 27\nWhere: Fort Lowell Museum,\n2900 N. Craycroft Road\nCost: $3\nVision Valley Fest\nThis rave, hosted by the folks behind the Visionary House Market, is taking place at Valley of the Moon with DJs across three stages, local vendors, food trucks and a silent disco.\nWhen: 2-10 p.m. Sunday, Jan. 28\nWhere: Valley of the Moon,\n2544 E. Allen Road\nCost: TBA",
    "highlightText": "",
    "highlightTitle": "",
    "highlightThreadTitle": "",
    "language": "english",
    "sentiment": "positive",
    "categories": [
        "Arts, Culture and Entertainment",
        "Lifestyle and Leisure"
    ],
    "external_links": [
        "https://tucsonpresidio.com/calendars/.",
        "https://www.google.com/maps/place/Surly+Wench+Pub/@32.2270928,-110.965383,15z/data=!4m2!3m1!1s0x0:0xa4880721d5e84fa6?sa=X&ved=2ahUKEwiBnYq8kIP4AhWPnI4IHflJAjYQ_BJ6BAhREAU",
        "https://www.google.com/maps/place/MSA+Annex/@32.2179642,-110.9843575,15z/data=!4m2!3m1!1s0x0:0x4a69b87a35e8d0f3?sa=X&ved=2ahUKEwjBoq7n_Kn5AhWYD0QIHfR9CmsQ_BJ6BAhnEAU",
        "https://www.google.com/maps/place/El+Jefe+Cat+Lounge/@32.2619471,-110.9444745,15z/data=!4m2!3m1!1s0x0:0x3ef869a289739ab4?sa=X&ved=2ahUKEwjEqdj64OH1AhUFJUQIHbwCCjcQ_BJ6BAgvEAU",
        "https://www.google.com/maps/place/Fort+Lowell+Museum/@32.2596871,-110.874732,15z/data=!4m2!3m1!1s0x0:0xfd70825fe363ef17?sa=X&ved=2ahUKEwiao56H7dOCAxWMIUQIHY0XCSMQ_BJ6BAg1EAA",
        "https://www.google.com/maps/place/Tohono+Chul+%7C+Gardens,+Galleries,+and+Bistro/@32.3394668,-110.9817266,15z/data=!4m2!3m1!1s0x0:0xb06e93a6c4c42332?sa=X&ved=2ahUKEwjZnrn-jYz_AhXRJkQIHfe1ADAQ_BJ6BAhBEAg",
        "https://www.google.com/maps/place/Bawker+Bawker+Cider+House/@32.2265426,-110.965433,15z/data=!4m2!3m1!1s0x0:0x8857334f0ddf6cf8?sa=X&ved=2ahUKEwj2nePm0pf5AhWtIDQIHUJtCFUQ_BJ6BAhTEAU",
        "https://www.google.com/maps/place/Safe+Shift+Greater+Tucson+Fire+Foundation+Estate+Sale+Thrift+Store/@32.2507151,-110.9309643,15z/data=!4m2!3m1!1s0x0:0x694a95b0ec3aeee2?sa=X&ved=2ahUKEwjI8sK7pLyAAxXfh-4BHce9CrYQ_BJ6BAgtEAA&ved=2ahUKEwjI8sK7pLyAAxXfh-4BHce9CrYQ_BJ6BAg4EAg",
        "https://www.google.com/maps/place/Flandrau+Science+Center+and+Planetarium/@32.2323378,-110.9478701,15z/data=!4m2!3m1!1s0x0:0x678b17dcc791ee45?sa=X&ved=2ahUKEwjHq7_b99OCAxV2DkQIHa5aC18Q_BJ6BAhAEAA",
        "https://www.google.com/maps/place/The+Rock/@32.2234705,-110.9561507,15z/data=!4m2!3m1!1s0x0:0x9a94a1adb49fe314?sa=X&ved=2ahUKEwix8dTAh_P8AhXaK0QIHcc_CpwQ_BJ6BAgtEAg",
        "https://www.google.com/maps/place/Rincon+Mountain+Visitor+Center/@32.1802194,-110.7362959,15z/data=!4m2!3m1!1s0x0:0x507bab96c4d5e1b7?sa=X&ved=2ahUKEwi9g8bSidX-AhWtBUQIHaZfCToQ_BJ6BAhTEAg",
        "https://www.google.com/maps/place/Tucson+Creative+Dance+Center/@32.2644601,-110.9484628,15z/data=!4m2!3m1!1s0x0:0x137d0705cc296a3a?sa=X&ved=2ahUKEwj37InjrKX_AhVOJkQIHS3fCcUQ_BJ6BAgzEAg",
        "https://www.google.com/maps/place/Valley+of+the+Moon/@32.275029,-110.933962,15z/data=!4m2!3m1!1s0x0:0x3d4aa1cc9c1c8b47?sa=X&ved=2ahUKEwj8nJCN_NqBAxW-J0QIHV1WB_4Q_BJ6BAhBEAA&ved=2ahUKEwj8nJCN_NqBAxW-J0QIHV1WB_4Q_BJ6BAhJEAg",
        "https://www.google.com/maps/place/Sky+Bar+Tucson/@32.22869,-110.965276,15z/data=!4m2!3m1!1s0x0:0xf1a88c4074c7e841?sa=X&ved=2ahUKEwjyyoTfkcb-AhV0M0QIHQqoDikQ_BJ6BAhLEAg",
        "https://www.google.com/maps/place/Yume+Japanese+Gardens+of+Tucson/@32.2472925,-110.9093907,15z/data=!4m2!3m1!1s0x0:0xb965ecaec1011875?sa=X&ved=2ahUKEwjFq-aazr-DAxVLh-4BHZfPD5wQ_BJ6BAhKEAA",
        "https://www.google.com/maps/place/The+Boxyard/@32.2247785,-110.9653886,15z/data=!4m2!3m1!1s0x0:0xa26a60b1ffcdaa43?sa=X&ved=2ahUKEwiq8_yx_r-DAxVaiO4BHaBtDoQQ_BJ6BAgwEAA",
        "https://www.google.com/maps/place/Joel+D.+Valdez+Main+Library/@32.2234441,-110.9720327,15z/data=!4m2!3m1!1s0x0:0xf024cea88d81085b?sa=X&ved=2ahUKEwj_5KDN8K2DAxVyHkQIHbbgADcQ_BJ6BAgSEAA",
        "https://www.google.com/maps/place/Snakes+%26+Lattes+Tucson/@32.2314203,-110.957003,15z/data=!4m2!3m1!1s0x0:0xfa87279f067dc007?sa=X&ved=2ahUKEwir2-C88YKBAxXUBEQIHQvzAVgQ_BJ6BAhBEAA&ved=2ahUKEwir2-C88YKBAxXUBEQIHQvzAVgQ_BJ6BAhYEAg",
        "https://www.google.com/maps/place/Libra+%26+Thorn/@32.2192667,-110.8233072,15z/data=!4m2!3m1!1s0x0:0x885c198c79278aee?sa=X&ved=2ahUKEwi0n4iHgsCDAxUgKEQIHWqGB9YQ_BJ6BAgyEAA",
        "https://www.google.com/maps/place/Crooked+Tooth+Brewing+Co./@32.2275798,-110.9677733,15z/data=!4m2!3m1!1s0x0:0x719780c60f150301?sa=X&ved=2ahUKEwi0yLPC1d35AhWnLkQIHfA5CeMQ_BJ6BAhrEAU",
        "https://www.google.com/maps/place/3239+N+1st+Ave,+Tucson,+AZ+85719/data=!4m2!3m1!1s0x86d6717d3cec0b21:0xa2462565d0a4a1c3?sa=X&ved=2ahUKEwiIoaWhiMSCAxXiLEQIHV5UBI4Q8gF6BAgPEAA",
        "https://www.google.com/maps/place/Dante",
        "https://www.google.com/maps/place/Monterey+Court/@32.2608043,-110.9807245,15z/data=!4m2!3m1!1s0x0:0x3ae29fe99a3f205e?sa=X&ved=2ahUKEwjAjKOrj8SCAxU5HUQIHareCuEQ_BJ6BAg0EAA",
        "https://www.google.com/maps/place/Morris+K.+Udall+Park/@32.246704,-110.836777,15z/data=!4m2!3m1!1s0x0:0x6de98f68b52234c9?sa=X&ved=2ahUKEwjOi8yxzbf2AhVmkWoFHXRnD_UQ_BJ6BAgzEAU",
        "https://www.google.com/maps/place/Bicycle+Inter-Community+Art+%26+Salvage/@32.2462558,-110.9707616,15z/data=!4m2!3m1!1s0x0:0xf345ecfca1e8eda2?sa=X&ved=2ahUKEwilzOe38df3AhU8D0QIHemlDsEQ_BJ6BAhNEAU",
        "https://www.google.com/maps/place/Mission+Garden/@32.2134891,-110.9870688,15z/data=!4m2!3m1!1s0x0:0xf654556da41c9841?sa=X&ved=2ahUKEwimnePclcn2AhUqD0QIHVD0Dp0Q_BJ6BAg1EAU",
        "https://www.eventbrite.com/e/a-day-at-the-alfie-tickets-774589787907?utm-campaign=social&utm-content=attendeeshare&utm-medium=discovery&utm-term=listing&utm-source=cp&aff=ebdsshcopyurl&fbclid=IwAR1IgClUG-P50uWqPm10QQq_TWW_6J-5qUIFCOPcbPNmPu2C3D7AlXRu_Xw",
        "https://www.wamotucson.org/artwalk?fbclid=IwAR1QFunFRynjWIeGn4Qwif4xmNdzHyNrvNeoUuFTobJ-kJYkNEe9mLnPuzs",
        "https://www.google.com/maps/place/St.+Philip",
        "https://www.google.com/maps/place/Hotel+Congress/@32.222248,-110.966648,15z/data=!4m2!3m1!1s0x0:0xdffb6a03465761fd?sa=X&ved=2ahUKEwily8v7wtP3AhV_JEQIHWEaAJUQ_BJ6BAhfEAU",
        "https://www.google.com/maps/place/Pima+Air+%26+Space+Museum/@32.1389616,-110.8687032,15z/data=!4m2!3m1!1s0x0:0x8e49b10f9b327453?sa=X&ved=2ahUKEwiJxunwxtz9AhWIPkQIHapOCqUQ_BJ6BAhMEAg",
        "https://www.google.com/maps/place/Button+Brew+House/@32.330685,-111.055401,15z/data=!4m2!3m1!1s0x0:0x5c04e6b41471e762?sa=X&ved=2ahUKEwiz0dfm96f2AhWNJkQIHeHsBAYQ_BJ6BAgyEAU",
        "https://www.google.com/maps/place/Tucson+Jewish+Museum+%26+Holocaust+Center/@32.2141373,-110.9702033,15z/data=!4m2!3m1!1s0x0:0xddcc3b07e44b291c?sa=X&ved=2ahUKEwjoheSugMCDAxVtIkQIHdPtBLkQ_BJ6BAg6EAA",
        "https://www.google.com/maps/place/Rialto+Theatre/@32.2217216,-110.9664535,15z/data=!4m2!3m1!1s0x0:0x689aac722585a581?sa=X&ved=2ahUKEwjq2JKTjdv_AhUfIEQIHeAvBW4Q_BJ6BAhMEAg",
        "https://www.google.com/maps/place/REVEL/@32.2236845,-110.9650459,15z/data=!4m2!3m1!1s0x0:0xc400e1065af62b12?sa=X&ved=2ahUKEwio-tmNg6D_AhUUKUQIHayWBLAQ_BJ6BAhDEAg",
        "https://www.google.com/maps/place/Town+of+Sahuarita-+Sahuarita+Lake+Park/@31.9692188,-110.9664209,15z/data=!4m2!3m1!1s0x0:0x1559b7569bcb12fd?sa=X&ved=2ahUKEwiii5iinaL8AhWfI0QIHTR_CVcQ_BJ6BAhSEAg",
        "https://www.google.com/maps/place/Tucson+Botanical+Gardens/@32.248523,-110.908785,15z/data=!4m2!3m1!1s0x0:0x1ebe7fc3dd8c6453?sa=X&ved=2ahUKEwjz0ZjP_t-BAxW6NEQIHbqHCdkQ_BJ6BAgxEAA&ved=2ahUKEwjz0ZjP_t-BAxW6NEQIHbqHCdkQ_BJ6BAg6EAg",
        "https://www.google.com/maps/place/E+Congress+St,+Tucson,+AZ+85701/@32.2221478,-110.9673707,20.04z/data=!4m5!3m4!1s0x86d670e18aadbe69:0x3417098bed72c5b9!8m2!3d32.2220402!4d-110.9681866",
        "https://www.google.com/maps/place/Reid+Park+Zoo/@32.2098547,-110.9207443,15z/data=!4m2!3m1!1s0x0:0x7cd6b3b4c7cb21a6?sa=X&ved=2ahUKEwigte_Ks8X7AhWJIkQIHWveBH8Q_BJ6BAhcEAg",
        "https://www.google.com/maps/place/The+Ninth+House/@32.2652352,-110.933622,15z/data=!4m2!3m1!1s0x0:0x147d7bef5d0aa52?sa=X&ved=2ahUKEwi4t5nD18GDAxWDIUQIHep5As0Q_BJ6BAgpEAA",
        "https://www.google.com/maps/place/University+of+Arizona+BookStores/@32.2326088,-110.9525788,15z/data=!4m2!3m1!1s0x0:0xcab36e5566489d76?sa=X&ved=2ahUKEwi3x4eOtqz8AhUuMEQIHaF1DlcQ_BJ6BAhIEAg",
        "https://www.google.com/maps/place/Mercado+San+Agustin/@32.2201355,-110.9856285,15z/data=!4m2!3m1!1s0x0:0x40b972c33497401f?sa=X&ved=2ahUKEwjtje746aT6AhXFKkQIHdF8CdUQ_BJ6BAhdEAU",
        "https://www.google.com/maps/place/Agua+Caliente+Regional+Park/@32.281403,-110.730285,15z/data=!4m2!3m1!1s0x0:0x8cc4eb5f0a628852?sa=X&ved=2ahUKEwiT_PqJyL-DAxWkh-4BHXP4AsUQ_BJ6BAg1EAA",
        "https://www.google.com/maps/place/Short+Rest+Tavern/@32.2889383,-110.9758812,15z/data=!4m2!3m1!1s0x0:0x637fd85dd16f4842?sa=X&ved=2ahUKEwiR5rTSkIz_AhWLIkQIHcc7CTEQ_BJ6BAgrEAg",
        "https://www.google.com/maps/place/The+Monica/@32.2218208,-110.970406,15z/data=!4m2!3m1!1s0x0:0x438edcc87b92132a?sa=X&ved=2ahUKEwjU9um12b-DAxUYIUQIHTQUBsgQ_BJ6BAgPEAA",
        "https://www.google.com/maps/place/Arizona-Sonora+Desert+Museum/@32.244013,-111.168174,15z/data=!4m2!3m1!1s0x0:0x11caa587c49ed11f?sa=X&ved=2ahUKEwizrKjQ9J6DAxVQIEQIHTGVCYMQ_BJ6BAgREAA",
        "https://www.google.com/maps/place/260+S+Church+Ave,+Tucson,+AZ+85701/data=!4m2!3m1!1s0x86d670e0a1050b3f:0x2190752dd233a61c?sa=X&ved=2ahUKEwjAueXQipb0AhXYITQIHUvaBcIQ8gF6BAgMEAE",
        "https://www.google.com/maps/place/Hotel+Congress/@32.222248,-110.966648,15z/data=!4m2!3m1!1s0x0:0xdffb6a03465761fd?sa=X&ved=2ahUKEwid0MyGs6L8AhVID0QIHQXkDlgQ_BJ6BAgqEAc",
        "https://www.google.com/maps/place/Hotel+Congress/@32.222248,-110.966648,15z/data=!4m2!3m1!1s0x0:0xdffb6a03465761fd?sa=X&ved=2ahUKEwixr9iz84L4AhXagY4IHV_XDlwQ_BJ6BAhpEAU",
        "https://www.google.com/maps/place/Tucson+Botanical+Gardens/@32.248523,-110.908785,15z/data=!4m2!3m1!1s0x0:0x1ebe7fc3dd8c6453?sa=X&ved=2ahUKEwjysMq_7pL7AhVHMUQIHQ9TDfsQ_BJ6BAhJEAU",
        "https://www.google.com/maps/place/Steam+Pump+Ranch/@32.4051836,-110.9504606,15z/data=!4m2!3m1!1s0x0:0x65bd58f4e685f1a?sa=X&ved=2ahUKEwjFw9S93db3AhXJK0QIHTM6CNAQ_BJ6BAhaEAU",
        "https://www.google.com/maps/place/Mercado+San+Agustin/@32.2201355,-110.9856285,15z/data=!4m2!3m1!1s0x0:0x40b972c33497401f?sa=X&ved=2ahUKEwiS_fr_--GBAxVjJUQIHf7WC1kQ_BJ6BAgyEAA&ved=2ahUKEwiS_fr_--GBAxVjJUQIHf7WC1kQ_BJ6BAhAEAg",
        "https://www.google.com/maps/place/The+Mini+Time+Machine+Museum+of+Miniatures/@32.2654613,-110.8956412,15z/data=!4m2!3m1!1s0x0:0x4a55b177db781250?sa=X&ved=2ahUKEwjt64jj-Z6CAxV9IEQIHXX4CrcQ_BJ6BAguEAA&ved=2ahUKEwjt64jj-Z6CAxV9IEQIHXX4CrcQ_BJ6BAhDEAg",
        "https://www.google.com/maps/place/Forty+Niner+Country+Club/@32.2502778,-110.7352778,15z/data=!4m2!3m1!1s0x0:0xd64e7c6d35e1217c?sa=X&ved=2ahUKEwiMvPeq5J6CAxXhJEQIHdzrD4wQ_BJ6BAgvEAA&ved=2ahUKEwiMvPeq5J6CAxXhJEQIHdzrD4wQ_BJ6BAhBEAg",
        "https://www.google.com/maps/place/Gather+A+Vintage+Market/@32.218493,-110.956564,15z/data=!4m2!3m1!1s0x0:0x3615ec1cc0675e67?sa=X&ved=2ahUKEwjsoMv3s-b5AhW8D0QIHUI9CJ0Q_BJ6BAhLEAU",
        "https://www.google.com/maps/place/The+University+of+Arizona+Alfie+Norville+Gem+%26+Mineral+Museum/@32.2234437,-110.9731568,15z/data=!4m2!3m1!1s0x0:0xaaca377208e8d894?sa=X&ved=2ahUKEwjUsvC2zL-DAxXtDkQIHWpVBIoQ_BJ6BAg9EAA",
        "https://www.google.com/maps/place/Creative+Kind/@32.3246058,-110.9302662,15z/data=!4m2!3m1!1s0x0:0x55b51db9bb08ed3b?sa=X&ved=2ahUKEwjR1fiY4J6CAxUIC0QIHaGiCMwQ_BJ6BAguEAA&ved=2ahUKEwjR1fiY4J6CAxUIC0QIHaGiCMwQ_BJ6BAg4EAg",
        "https://www.google.com/maps/place/The+Screening+Room/@32.2220875,-110.9690417,15z/data=!4m2!3m1!1s0x0:0x5fcc01f4ea5e50?sa=X&ved=2ahUKEwjDpov11JP_AhUbJ0QIHTpNBkwQ_BJ6BAgzEAg",
        "https://www.google.com/maps/place/Presidio+San+Agust%C3%ADn+del+Tucson+Museum/@32.224195,-110.9737738,15z/data=!4m2!3m1!1s0x0:0x399d152bfc2ed526?sa=X&ved=2ahUKEwjuyvig_L-DAxUQLUQIHbqhCvkQ_BJ6BAg6EAA",
        "https://www.instagram.com/p/C1C_dIAv-ma/",
        "https://dice.fm/event/2ybq6-dillinger-speakeasy-20th-jan-hotel-congress-tucson-tickets?_branch_match_id=1241442487555263218&_branch_referrer=H4sIAAAAAAAAA8soKSkottLXz8nMy9ZLyUxO1UvL1c8zS04xNTZOTko2NwUAV9plZCEAAAA%3D",
        "https://www.google.com/maps/place/Tucson+Museum+Of+Art/@32.2234364,-110.9754262,15z/data=!4m2!3m1!1s0x0:0x52a6359939e0f9fc?sa=X&ved=2ahUKEwjz65bj1IL2AhU4JUQIHbr7BtkQ_BJ6BAg0EAU",
        "https://www.google.com/maps/place/Watershed+Management+Group,+Inc./@32.2371597,-110.9141769,15z/data=!4m2!3m1!1s0x0:0x29bd189f028f41fc?sa=X&ved=2ahUKEwjVk-u7l8X3AhUsIEQIHYPPA-QQ_BJ6BAhaEAU",
        "https://www.google.com/maps/place/Fox+Tucson+Theatre/@32.2220224,-110.9716152,15z/data=!4m2!3m1!1s0x0:0x2893bf3ad4203f3f?sa=X&ved=2ahUKEwjCsbDFgcCDAxW5OkQIHYd8COMQ_BJ6BAg6EAA",
        "https://www.google.com/maps/place/4450+S+Houghton+Rd,+Tucson,+AZ+85730/data=!4m2!3m1!1s0x86d66658e73afe5b:0x7e5b673ba30a663e?sa=X&ved=2ahUKEwjNpsmN3sGDAxVGiO4BHYJ1AFYQ8gF6BAgQEAA",
        "https://www.google.com/maps/place/La+Encantada/@32.3248317,-110.9296576,15z/data=!4m2!3m1!1s0x0:0x66d7a30348efe79f?sa=X&ved=2ahUKEwi3wv6npfP8AhU4EEQIHckuAUQQ_BJ6BAhLEAg",
        "https://www.google.com/maps/place/Tucson+Convention+Center/@32.2178071,-110.9740303,15z/data=!4m2!3m1!1s0x0:0x6d21704396556f42?sa=X&ved=2ahUKEwjbg_3fk9v_AhVoJkQIHXQMCZYQ_BJ6BAhGEAg",
        "https://www.google.com/maps/place/Dirty+T+Tamarindo/@32.2292068,-110.9910515,15z/data=!4m2!3m1!1s0x0:0xaf3c3eb04ab5649f?sa=X&ved=2ahUKEwjN7tT6_L-DAxVhM0QIHfKGDPMQ_BJ6BAgzEAA",
        "https://www.google.com/maps/place/191+Toole/@32.225,-110.9691667,15z/data=!4m2!3m1!1s0x0:0x210ff9754734140d?sa=X&ved=2ahUKEwiNgPXuyb-DAxWcle4BHfyKDG8Q_BJ6BAgPEAA",
        "https://www.google.com/maps/place/Xerocraft+Makerspace/@32.227349,-110.9734614,15z/data=!4m2!3m1!1s0x0:0xde1bcf3c667aa967?sa=X&ved=2ahUKEwimkpjpotr_AhXjKEQIHYAMC6EQ_BJ6BAgzEAg",
        "https://google.com/maps/place/REVEL/@32.2236845,-110.9650459,15z/data=!4m2!3m1!1s0x0:0xc400e1065af62b12?sa=X&ved=2ahUKEwio-tmNg6D_AhUUKUQIHayWBLAQ_BJ6BAhDEAg",
        "https://www.google.com/maps/place/Watershed+Management+Group,+Inc./@32.2371597,-110.9141769,15z/data=!4m2!3m1!1s0x0:0x29bd189f028f41fc",
        "https://www.google.com/maps/place/Hotel+Congress/@32.222248,-110.966648,15z/data=!4m2!3m1!1s0x0:0xdffb6a03465761fd",
        "https://www.google.com/maps/place/Monterey+Court/@32.2608043,-110.9807245,15z/data=!4m2!3m1!1s0x0:0x3ae29fe99a3f205e",
        "https://www.google.com/maps/place/Mercado+San+Agustin/@32.2201355,-110.9856285,15z/data=!4m2!3m1!1s0x0:0x40b972c33497401f",
        "https://www.google.com/maps/place/Fort+Lowell+Museum/@32.2596871,-110.874732,15z/data=!4m2!3m1!1s0x0:0xfd70825fe363ef17",
        "https://www.google.com/maps/place/The+Mini+Time+Machine+Museum+of+Miniatures/@32.2654613,-110.8956412,15z/data=!4m2!3m1!1s0x0:0x4a55b177db781250",
        "https://google.com/maps/place/Monterey+Court/@32.2608043,-110.9807245,15z/data=!4m2!3m1!1s0x0:0x3ae29fe99a3f205e?sa=X&ved=2ahUKEwjAjKOrj8SCAxU5HUQIHareCuEQ_BJ6BAg0EAA",
        "https://google.com/maps/place/Reid+Park+Zoo/@32.2098547,-110.9207443,15z/data=!4m2!3m1!1s0x0:0x7cd6b3b4c7cb21a6?sa=X&ved=2ahUKEwigte_Ks8X7AhWJIkQIHWveBH8Q_BJ6BAhcEAg",
        "https://google.com/maps/place/4450+S+Houghton+Rd,+Tucson,+AZ+85730/data=!4m2!3m1!1s0x86d66658e73afe5b:0x7e5b673ba30a663e?sa=X&ved=2ahUKEwjNpsmN3sGDAxVGiO4BHYJ1AFYQ8gF6BAgQEAA",
        "https://google.com/maps/place/Joel+D.+Valdez+Main+Library/@32.2234441,-110.9720327,15z/data=!4m2!3m1!1s0x0:0xf024cea88d81085b?sa=X&ved=2ahUKEwj_5KDN8K2DAxVyHkQIHbbgADcQ_BJ6BAgSEAA",
        "https://wamotucson.org/artwalk?fbclid=IwAR1QFunFRynjWIeGn4Qwif4xmNdzHyNrvNeoUuFTobJ-kJYkNEe9mLnPuzs",
        "https://google.com/maps/place/The+Mini+Time+Machine+Museum+of+Miniatures/@32.2654613,-110.8956412,15z/data=!4m2!3m1!1s0x0:0x4a55b177db781250?sa=X&ved=2ahUKEwjt64jj-Z6CAxV9IEQIHXX4CrcQ_BJ6BAguEAA&ved=2ahUKEwjt64jj-Z6CAxV9IEQIHXX4CrcQ_BJ6BAhDEAg",
        "https://google.com/maps/place/St.+Philip",
        "https://google.com/maps/place/Yume+Japanese+Gardens+of+Tucson/@32.2472925,-110.9093907,15z/data=!4m2!3m1!1s0x0:0xb965ecaec1011875?sa=X&ved=2ahUKEwjFq-aazr-DAxVLh-4BHZfPD5wQ_BJ6BAhKEAA",
        "https://www.google.com/maps/place/Pima+Air+%26+Space+Museum/@32.1389616,-110.8687032,15z/data=!4m2!3m1!1s0x0:0x8e49b10f9b327453",
        "https://google.com/maps/place/Crooked+Tooth+Brewing+Co./@32.2275798,-110.9677733,15z/data=!4m2!3m1!1s0x0:0x719780c60f150301?sa=X&ved=2ahUKEwi0yLPC1d35AhWnLkQIHfA5CeMQ_BJ6BAhrEAU",
        "https://www.google.com/maps/place/MSA+Annex/@32.2179642,-110.9843575,15z/data=!4m2!3m1!1s0x0:0x4a69b87a35e8d0f3",
        "https://google.com/maps/place/Bicycle+Inter-Community+Art+%26+Salvage/@32.2462558,-110.9707616,15z/data=!4m2!3m1!1s0x0:0xf345ecfca1e8eda2?sa=X&ved=2ahUKEwilzOe38df3AhU8D0QIHemlDsEQ_BJ6BAhNEAU",
        "https://www.google.com/maps/place/Fox+Tucson+Theatre/@32.2220224,-110.9716152,15z/data=!4m2!3m1!1s0x0:0x2893bf3ad4203f3f",
        "https://google.com/maps/place/Safe+Shift+Greater+Tucson+Fire+Foundation+Estate+Sale+Thrift+Store/@32.2507151,-110.9309643,15z/data=!4m2!3m1!1s0x0:0x694a95b0ec3aeee2?sa=X&ved=2ahUKEwjI8sK7pLyAAxXfh-4BHce9CrYQ_BJ6BAgtEAA&ved=2ahUKEwjI8sK7pLyAAxXfh-4BHce9CrYQ_BJ6BAg4EAg",
        "https://google.com/maps/place/El+Jefe+Cat+Lounge/@32.2619471,-110.9444745,15z/data=!4m2!3m1!1s0x0:0x3ef869a289739ab4?sa=X&ved=2ahUKEwjEqdj64OH1AhUFJUQIHbwCCjcQ_BJ6BAgvEAU",
        "https://google.com/maps/place/Rincon+Mountain+Visitor+Center/@32.1802194,-110.7362959,15z/data=!4m2!3m1!1s0x0:0x507bab96c4d5e1b7?sa=X&ved=2ahUKEwi9g8bSidX-AhWtBUQIHaZfCToQ_BJ6BAhTEAg",
        "https://google.com/maps/place/Forty+Niner+Country+Club/@32.2502778,-110.7352778,15z/data=!4m2!3m1!1s0x0:0xd64e7c6d35e1217c?sa=X&ved=2ahUKEwiMvPeq5J6CAxXhJEQIHdzrD4wQ_BJ6BAgvEAA&ved=2ahUKEwiMvPeq5J6CAxXhJEQIHdzrD4wQ_BJ6BAhBEAg",
        "https://google.com/maps/place/Libra+%26+Thorn/@32.2192667,-110.8233072,15z/data=!4m2!3m1!1s0x0:0x885c198c79278aee?sa=X&ved=2ahUKEwi0n4iHgsCDAxUgKEQIHWqGB9YQ_BJ6BAgyEAA",
        "https://www.google.com/maps/place/Yume+Japanese+Gardens+of+Tucson/@32.2472925,-110.9093907,15z/data=!4m2!3m1!1s0x0:0xb965ecaec1011875",
        "https://google.com/maps/place/Gather+A+Vintage+Market/@32.218493,-110.956564,15z/data=!4m2!3m1!1s0x0:0x3615ec1cc0675e67?sa=X&ved=2ahUKEwjsoMv3s-b5AhW8D0QIHUI9CJ0Q_BJ6BAhLEAU",
        "https://google.com/maps/place/260+S+Church+Ave,+Tucson,+AZ+85701/data=!4m2!3m1!1s0x86d670e0a1050b3f:0x2190752dd233a61c?sa=X&ved=2ahUKEwjAueXQipb0AhXYITQIHUvaBcIQ8gF6BAgMEAE",
        "https://google.com/maps/place/The+Screening+Room/@32.2220875,-110.9690417,15z/data=!4m2!3m1!1s0x0:0x5fcc01f4ea5e50?sa=X&ved=2ahUKEwjDpov11JP_AhUbJ0QIHTpNBkwQ_BJ6BAgzEAg",
        "https://www.google.com/maps/place/Tucson+Botanical+Gardens/@32.248523,-110.908785,15z/data=!4m2!3m1!1s0x0:0x1ebe7fc3dd8c6453",
        "https://www.google.com/maps/place/Presidio+San+Agust%C3%ADn+del+Tucson+Museum/@32.224195,-110.9737738,15z/data=!4m2!3m1!1s0x0:0x399d152bfc2ed526",
        "https://www.google.com/maps/place/El+Jefe+Cat+Lounge/@32.2619471,-110.9444745,15z/data=!4m2!3m1!1s0x0:0x3ef869a289739ab4",
        "https://google.com/maps/place/Surly+Wench+Pub/@32.2270928,-110.965383,15z/data=!4m2!3m1!1s0x0:0xa4880721d5e84fa6?sa=X&ved=2ahUKEwiBnYq8kIP4AhWPnI4IHflJAjYQ_BJ6BAhREAU",
        "https://www.google.com/maps/place/Creative+Kind/@32.3246058,-110.9302662,15z/data=!4m2!3m1!1s0x0:0x55b51db9bb08ed3b",
        "https://google.com/maps/place/MSA+Annex/@32.2179642,-110.9843575,15z/data=!4m2!3m1!1s0x0:0x4a69b87a35e8d0f3?sa=X&ved=2ahUKEwjBoq7n_Kn5AhWYD0QIHfR9CmsQ_BJ6BAhnEAU",
        "https://www.google.com/maps/place/Xerocraft+Makerspace/@32.227349,-110.9734614,15z/data=!4m2!3m1!1s0x0:0xde1bcf3c667aa967",
        "https://google.com/maps/place/Presidio+San+Agust%C3%ADn+del+Tucson+Museum/@32.224195,-110.9737738,15z/data=!4m2!3m1!1s0x0:0x399d152bfc2ed526?sa=X&ved=2ahUKEwjuyvig_L-DAxUQLUQIHbqhCvkQ_BJ6BAg6EAA",
        "https://www.google.com/maps/place/Tucson+Convention+Center/@32.2178071,-110.9740303,15z/data=!4m2!3m1!1s0x0:0x6d21704396556f42",
        "https://www.google.com/maps/place/La+Encantada/@32.3248317,-110.9296576,15z/data=!4m2!3m1!1s0x0:0x66d7a30348efe79f",
        "https://www.google.com/maps/place/The+Screening+Room/@32.2220875,-110.9690417,15z/data=!4m2!3m1!1s0x0:0x5fcc01f4ea5e50",
        "https://www.google.com/maps/place/The+Ninth+House/@32.2652352,-110.933622,15z/data=!4m2!3m1!1s0x0:0x147d7bef5d0aa52",
        "https://www.google.com/maps/place/191+Toole/@32.225,-110.9691667,15z/data=!4m2!3m1!1s0x0:0x210ff9754734140d",
        "https://google.com/maps/place/Pima+Air+%26+Space+Museum/@32.1389616,-110.8687032,15z/data=!4m2!3m1!1s0x0:0x8e49b10f9b327453?sa=X&ved=2ahUKEwiJxunwxtz9AhWIPkQIHapOCqUQ_BJ6BAhMEAg",
        "https://www.google.com/maps/place/Tohono+Chul+%7C+Gardens,+Galleries,+and+Bistro/@32.3394668,-110.9817266,15z/data=!4m2!3m1!1s0x0:0xb06e93a6c4c42332",
        "https://www.google.com/maps/place/Rialto+Theatre/@32.2217216,-110.9664535,15z/data=!4m2!3m1!1s0x0:0x689aac722585a581",
        "https://www.google.com/maps/place/REVEL/@32.2236845,-110.9650459,15z/data=!4m2!3m1!1s0x0:0xc400e1065af62b12",
        "https://www.google.com/maps/place/Libra+%26+Thorn/@32.2192667,-110.8233072,15z/data=!4m2!3m1!1s0x0:0x885c198c79278aee",
        "https://google.com/maps/place/Town+of+Sahuarita-+Sahuarita+Lake+Park/@31.9692188,-110.9664209,15z/data=!4m2!3m1!1s0x0:0x1559b7569bcb12fd?sa=X&ved=2ahUKEwiii5iinaL8AhWfI0QIHTR_CVcQ_BJ6BAhSEAg",
        "https://www.google.com/maps/place/The+University+of+Arizona+Alfie+Norville+Gem+%26+Mineral+Museum/@32.2234437,-110.9731568,15z/data=!4m2!3m1!1s0x0:0xaaca377208e8d894",
        "https://www.eventbrite.com/e/a-day-at-the-alfie-tickets-774589787907",
        "https://www.google.com/maps/place/Bawker+Bawker+Cider+House/@32.2265426,-110.965433,15z/data=!4m2!3m1!1s0x0:0x8857334f0ddf6cf8",
        "https://www.google.com/maps/place/Dirty+T+Tamarindo/@32.2292068,-110.9910515,15z/data=!4m2!3m1!1s0x0:0xaf3c3eb04ab5649f",
        "https://www.google.com/maps/place/Button+Brew+House/@32.330685,-111.055401,15z/data=!4m2!3m1!1s0x0:0x5c04e6b41471e762",
        "https://google.com/maps/place/Tucson+Creative+Dance+Center/@32.2644601,-110.9484628,15z/data=!4m2!3m1!1s0x0:0x137d0705cc296a3a?sa=X&ved=2ahUKEwj37InjrKX_AhVOJkQIHS3fCcUQ_BJ6BAgzEAg",
        "https://google.com/maps/place/Creative+Kind/@32.3246058,-110.9302662,15z/data=!4m2!3m1!1s0x0:0x55b51db9bb08ed3b?sa=X&ved=2ahUKEwjR1fiY4J6CAxUIC0QIHaGiCMwQ_BJ6BAguEAA&ved=2ahUKEwjR1fiY4J6CAxUIC0QIHaGiCMwQ_BJ6BAg4EAg",
        "https://www.google.com/maps/place/3239+N+1st+Ave,+Tucson,+AZ+85719/data=!4m2!3m1!1s0x86d6717d3cec0b21:0xa2462565d0a4a1c3",
        "https://www.google.com/maps/place/Bicycle+Inter-Community+Art+%26+Salvage/@32.2462558,-110.9707616,15z/data=!4m2!3m1!1s0x0:0xf345ecfca1e8eda2",
        "https://www.google.com/maps/place/4450+S+Houghton+Rd,+Tucson,+AZ+85730/data=!4m2!3m1!1s0x86d66658e73afe5b:0x7e5b673ba30a663e",
        "https://google.com/maps/place/Arizona-Sonora+Desert+Museum/@32.244013,-111.168174,15z/data=!4m2!3m1!1s0x0:0x11caa587c49ed11f?sa=X&ved=2ahUKEwizrKjQ9J6DAxVQIEQIHTGVCYMQ_BJ6BAgREAA",
        "https://www.wamotucson.org/artwalk",
        "https://google.com/maps/place/The+Rock/@32.2234705,-110.9561507,15z/data=!4m2!3m1!1s0x0:0x9a94a1adb49fe314?sa=X&ved=2ahUKEwix8dTAh_P8AhXaK0QIHcc_CpwQ_BJ6BAgtEAg",
        "https://www.google.com/maps/place/Snakes+%26+Lattes+Tucson/@32.2314203,-110.957003,15z/data=!4m2!3m1!1s0x0:0xfa87279f067dc007",
        "https://www.google.com/maps/place/Sky+Bar+Tucson/@32.22869,-110.965276,15z/data=!4m2!3m1!1s0x0:0xf1a88c4074c7e841",
        "https://google.com/maps/place/Dirty+T+Tamarindo/@32.2292068,-110.9910515,15z/data=!4m2!3m1!1s0x0:0xaf3c3eb04ab5649f?sa=X&ved=2ahUKEwjN7tT6_L-DAxVhM0QIHfKGDPMQ_BJ6BAgzEAA",
        "https://www.google.com/maps/place/Agua+Caliente+Regional+Park/@32.281403,-110.730285,15z/data=!4m2!3m1!1s0x0:0x8cc4eb5f0a628852",
        "https://www.dice.fm/event/2ybq6-dillinger-speakeasy-20th-jan-hotel-congress-tucson-tickets?_branch_match_id=1241442487555263218&_branch_referrer=H4sIAAAAAAAAA8soKSkottLXz8nMy9ZLyUxO1UvL1c8zS04xNTZOTko2NwUAV9plZCEAAAA%3D",
        "https://google.com/maps/place/Tucson+Jewish+Museum+%26+Holocaust+Center/@32.2141373,-110.9702033,15z/data=!4m2!3m1!1s0x0:0xddcc3b07e44b291c?sa=X&ved=2ahUKEwjoheSugMCDAxVtIkQIHdPtBLkQ_BJ6BAg6EAA",
        "https://www.google.com/maps/place/Steam+Pump+Ranch/@32.4051836,-110.9504606,15z/data=!4m2!3m1!1s0x0:0x65bd58f4e685f1a",
        "https://google.com/maps/place/Agua+Caliente+Regional+Park/@32.281403,-110.730285,15z/data=!4m2!3m1!1s0x0:0x8cc4eb5f0a628852?sa=X&ved=2ahUKEwiT_PqJyL-DAxWkh-4BHXP4AsUQ_BJ6BAg1EAA",
        "https://google.com/maps/place/La+Encantada/@32.3248317,-110.9296576,15z/data=!4m2!3m1!1s0x0:0x66d7a30348efe79f?sa=X&ved=2ahUKEwi3wv6npfP8AhU4EEQIHckuAUQQ_BJ6BAhLEAg",
        "https://google.com/maps/place/Tucson+Botanical+Gardens/@32.248523,-110.908785,15z/data=!4m2!3m1!1s0x0:0x1ebe7fc3dd8c6453?sa=X&ved=2ahUKEwjysMq_7pL7AhVHMUQIHQ9TDfsQ_BJ6BAhJEAU",
        "https://google.com/maps/place/The+Boxyard/@32.2247785,-110.9653886,15z/data=!4m2!3m1!1s0x0:0xa26a60b1ffcdaa43?sa=X&ved=2ahUKEwiq8_yx_r-DAxVaiO4BHaBtDoQQ_BJ6BAgwEAA",
        "https://google.com/maps/place/Fox+Tucson+Theatre/@32.2220224,-110.9716152,15z/data=!4m2!3m1!1s0x0:0x2893bf3ad4203f3f?sa=X&ved=2ahUKEwjCsbDFgcCDAxW5OkQIHYd8COMQ_BJ6BAg6EAA",
        "https://google.com/maps/place/E+Congress+St,+Tucson,+AZ+85701/@32.2221478,-110.9673707,20.04z/data=!4m5!3m4!1s0x86d670e18aadbe69:0x3417098bed72c5b9!8m2!3d32.2220402!4d-110.9681866",
        "https://google.com/maps/place/Tucson+Botanical+Gardens/@32.248523,-110.908785,15z/data=!4m2!3m1!1s0x0:0x1ebe7fc3dd8c6453?sa=X&ved=2ahUKEwjz0ZjP_t-BAxW6NEQIHbqHCdkQ_BJ6BAgxEAA&ved=2ahUKEwjz0ZjP_t-BAxW6NEQIHbqHCdkQ_BJ6BAg6EAg",
        "https://google.com/maps/place/Hotel+Congress/@32.222248,-110.966648,15z/data=!4m2!3m1!1s0x0:0xdffb6a03465761fd?sa=X&ved=2ahUKEwily8v7wtP3AhV_JEQIHWEaAJUQ_BJ6BAhfEAU",
        "https://www.tucsonpresidio.com/calendars/.",
        "https://google.com/maps/place/The+Monica/@32.2218208,-110.970406,15z/data=!4m2!3m1!1s0x0:0x438edcc87b92132a?sa=X&ved=2ahUKEwjU9um12b-DAxUYIUQIHTQUBsgQ_BJ6BAgPEAA",
        "https://www.google.com/maps/place/Safe+Shift+Greater+Tucson+Fire+Foundation+Estate+Sale+Thrift+Store/@32.2507151,-110.9309643,15z/data=!4m2!3m1!1s0x0:0x694a95b0ec3aeee2",
        "https://google.com/maps/place/3239+N+1st+Ave,+Tucson,+AZ+85719/data=!4m2!3m1!1s0x86d6717d3cec0b21:0xa2462565d0a4a1c3?sa=X&ved=2ahUKEwiIoaWhiMSCAxXiLEQIHV5UBI4Q8gF6BAgPEAA",
        "https://www.google.com/maps/place/The+Monica/@32.2218208,-110.970406,15z/data=!4m2!3m1!1s0x0:0x438edcc87b92132a",
        "https://google.com/maps/place/Valley+of+the+Moon/@32.275029,-110.933962,15z/data=!4m2!3m1!1s0x0:0x3d4aa1cc9c1c8b47?sa=X&ved=2ahUKEwj8nJCN_NqBAxW-J0QIHV1WB_4Q_BJ6BAhBEAA&ved=2ahUKEwj8nJCN_NqBAxW-J0QIHV1WB_4Q_BJ6BAhJEAg",
        "https://google.com/maps/place/The+Ninth+House/@32.2652352,-110.933622,15z/data=!4m2!3m1!1s0x0:0x147d7bef5d0aa52?sa=X&ved=2ahUKEwi4t5nD18GDAxWDIUQIHep5As0Q_BJ6BAgpEAA",
        "https://www.google.com/maps/place/Short+Rest+Tavern/@32.2889383,-110.9758812,15z/data=!4m2!3m1!1s0x0:0x637fd85dd16f4842",
        "https://www.google.com/maps/place/Tucson+Jewish+Museum+%26+Holocaust+Center/@32.2141373,-110.9702033,15z/data=!4m2!3m1!1s0x0:0xddcc3b07e44b291c",
        "https://google.com/maps/place/Sky+Bar+Tucson/@32.22869,-110.965276,15z/data=!4m2!3m1!1s0x0:0xf1a88c4074c7e841?sa=X&ved=2ahUKEwjyyoTfkcb-AhV0M0QIHQqoDikQ_BJ6BAhLEAg",
        "https://www.google.com/maps/place/Rincon+Mountain+Visitor+Center/@32.1802194,-110.7362959,15z/data=!4m2!3m1!1s0x0:0x507bab96c4d5e1b7",
        "https://www.google.com/maps/place/Town+of+Sahuarita-+Sahuarita+Lake+Park/@31.9692188,-110.9664209,15z/data=!4m2!3m1!1s0x0:0x1559b7569bcb12fd",
        "https://google.com/maps/place/Mercado+San+Agustin/@32.2201355,-110.9856285,15z/data=!4m2!3m1!1s0x0:0x40b972c33497401f?sa=X&ved=2ahUKEwjtje746aT6AhXFKkQIHdF8CdUQ_BJ6BAhdEAU",
        "https://www.instagram.com/p/C1C_dIAv-ma",
        "https://www.google.com/maps/place/Gather+A+Vintage+Market/@32.218493,-110.956564,15z/data=!4m2!3m1!1s0x0:0x3615ec1cc0675e67",
        "https://google.com/maps/place/Xerocraft+Makerspace/@32.227349,-110.9734614,15z/data=!4m2!3m1!1s0x0:0xde1bcf3c667aa967?sa=X&ved=2ahUKEwimkpjpotr_AhXjKEQIHYAMC6EQ_BJ6BAgzEAg",
        "https://google.com/maps/place/University+of+Arizona+BookStores/@32.2326088,-110.9525788,15z/data=!4m2!3m1!1s0x0:0xcab36e5566489d76?sa=X&ved=2ahUKEwi3x4eOtqz8AhUuMEQIHaF1DlcQ_BJ6BAhIEAg",
        "https://www.google.com/maps/place/Arizona-Sonora+Desert+Museum/@32.244013,-111.168174,15z/data=!4m2!3m1!1s0x0:0x11caa587c49ed11f",
        "https://www.google.com/maps/place/University+of+Arizona+BookStores/@32.2326088,-110.9525788,15z/data=!4m2!3m1!1s0x0:0xcab36e5566489d76",
        "https://google.com/maps/place/Tucson+Museum+Of+Art/@32.2234364,-110.9754262,15z/data=!4m2!3m1!1s0x0:0x52a6359939e0f9fc?sa=X&ved=2ahUKEwjz65bj1IL2AhU4JUQIHbr7BtkQ_BJ6BAg0EAU",
        "https://google.com/maps/place/Tucson+Convention+Center/@32.2178071,-110.9740303,15z/data=!4m2!3m1!1s0x0:0x6d21704396556f42?sa=X&ved=2ahUKEwjbg_3fk9v_AhVoJkQIHXQMCZYQ_BJ6BAhGEAg",
        "https://www.google.com/maps/place/Reid+Park+Zoo/@32.2098547,-110.9207443,15z/data=!4m2!3m1!1s0x0:0x7cd6b3b4c7cb21a6",
        "https://google.com/maps/place/Fort+Lowell+Museum/@32.2596871,-110.874732,15z/data=!4m2!3m1!1s0x0:0xfd70825fe363ef17?sa=X&ved=2ahUKEwiao56H7dOCAxWMIUQIHY0XCSMQ_BJ6BAg1EAA",
        "https://dice.fm/event/2ybq6-dillinger-speakeasy-20th-jan-hotel-congress-tucson-tickets",
        "https://google.com/maps/place/Rialto+Theatre/@32.2217216,-110.9664535,15z/data=!4m2!3m1!1s0x0:0x689aac722585a581?sa=X&ved=2ahUKEwjq2JKTjdv_AhUfIEQIHeAvBW4Q_BJ6BAhMEAg",
        "https://eventbrite.com/e/a-day-at-the-alfie-tickets-774589787907?utm-campaign=social&utm-content=attendeeshare&utm-medium=discovery&utm-term=listing&utm-source=cp&aff=ebdsshcopyurl&fbclid=IwAR1IgClUG-P50uWqPm10QQq_TWW_6J-5qUIFCOPcbPNmPu2C3D7AlXRu_Xw",
        "https://google.com/maps/place/191+Toole/@32.225,-110.9691667,15z/data=!4m2!3m1!1s0x0:0x210ff9754734140d?sa=X&ved=2ahUKEwiNgPXuyb-DAxWcle4BHfyKDG8Q_BJ6BAgPEAA",
        "https://google.com/maps/place/Mission+Garden/@32.2134891,-110.9870688,15z/data=!4m2!3m1!1s0x0:0xf654556da41c9841?sa=X&ved=2ahUKEwimnePclcn2AhUqD0QIHVD0Dp0Q_BJ6BAg1EAU",
        "https://www.google.com/maps/place/260+S+Church+Ave,+Tucson,+AZ+85701/data=!4m2!3m1!1s0x86d670e0a1050b3f:0x2190752dd233a61c",
        "https://www.google.com/maps/place/Forty+Niner+Country+Club/@32.2502778,-110.7352778,15z/data=!4m2!3m1!1s0x0:0xd64e7c6d35e1217c",
        "https://google.com/maps/place/Morris+K.+Udall+Park/@32.246704,-110.836777,15z/data=!4m2!3m1!1s0x0:0x6de98f68b52234c9?sa=X&ved=2ahUKEwjOi8yxzbf2AhVmkWoFHXRnD_UQ_BJ6BAgzEAU",
        "https://google.com/maps/place/Hotel+Congress/@32.222248,-110.966648,15z/data=!4m2!3m1!1s0x0:0xdffb6a03465761fd?sa=X&ved=2ahUKEwid0MyGs6L8AhVID0QIHQXkDlgQ_BJ6BAgqEAc",
        "https://www.google.com/maps/place/The+Rock/@32.2234705,-110.9561507,15z/data=!4m2!3m1!1s0x0:0x9a94a1adb49fe314",
        "https://google.com/maps/place/Bawker+Bawker+Cider+House/@32.2265426,-110.965433,15z/data=!4m2!3m1!1s0x0:0x8857334f0ddf6cf8?sa=X&ved=2ahUKEwj2nePm0pf5AhWtIDQIHUJtCFUQ_BJ6BAhTEAU",
        "https://google.com/maps/place/Steam+Pump+Ranch/@32.4051836,-110.9504606,15z/data=!4m2!3m1!1s0x0:0x65bd58f4e685f1a?sa=X&ved=2ahUKEwjFw9S93db3AhXJK0QIHTM6CNAQ_BJ6BAhaEAU",
        "https://www.google.com/maps/place/The+Boxyard/@32.2247785,-110.9653886,15z/data=!4m2!3m1!1s0x0:0xa26a60b1ffcdaa43",
        "https://google.com/maps/place/Mercado+San+Agustin/@32.2201355,-110.9856285,15z/data=!4m2!3m1!1s0x0:0x40b972c33497401f?sa=X&ved=2ahUKEwiS_fr_--GBAxVjJUQIHf7WC1kQ_BJ6BAgyEAA&ved=2ahUKEwiS_fr_--GBAxVjJUQIHf7WC1kQ_BJ6BAhAEAg",
        "https://www.google.com/maps/place/Morris+K.+Udall+Park/@32.246704,-110.836777,15z/data=!4m2!3m1!1s0x0:0x6de98f68b52234c9",
        "https://www.google.com/maps/place/Surly+Wench+Pub/@32.2270928,-110.965383,15z/data=!4m2!3m1!1s0x0:0xa4880721d5e84fa6",
        "https://www.google.com/maps/place/Crooked+Tooth+Brewing+Co./@32.2275798,-110.9677733,15z/data=!4m2!3m1!1s0x0:0x719780c60f150301",
        "https://google.com/maps/place/Short+Rest+Tavern/@32.2889383,-110.9758812,15z/data=!4m2!3m1!1s0x0:0x637fd85dd16f4842?sa=X&ved=2ahUKEwiR5rTSkIz_AhWLIkQIHcc7CTEQ_BJ6BAgrEAg",
        "https://google.com/maps/place/Button+Brew+House/@32.330685,-111.055401,15z/data=!4m2!3m1!1s0x0:0x5c04e6b41471e762?sa=X&ved=2ahUKEwiz0dfm96f2AhWNJkQIHeHsBAYQ_BJ6BAgyEAU",
        "https://www.google.com/maps/place/Flandrau+Science+Center+and+Planetarium/@32.2323378,-110.9478701,15z/data=!4m2!3m1!1s0x0:0x678b17dcc791ee45",
        "https://google.com/maps/place/Watershed+Management+Group,+Inc./@32.2371597,-110.9141769,15z/data=!4m2!3m1!1s0x0:0x29bd189f028f41fc?sa=X&ved=2ahUKEwjVk-u7l8X3AhUsIEQIHYPPA-QQ_BJ6BAhaEAU",
        "https://google.com/maps/place/The+University+of+Arizona+Alfie+Norville+Gem+%26+Mineral+Museum/@32.2234437,-110.9731568,15z/data=!4m2!3m1!1s0x0:0xaaca377208e8d894?sa=X&ved=2ahUKEwjUsvC2zL-DAxXtDkQIHWpVBIoQ_BJ6BAg9EAA",
        "https://www.google.com/maps/place/Joel+D.+Valdez+Main+Library/@32.2234441,-110.9720327,15z/data=!4m2!3m1!1s0x0:0xf024cea88d81085b",
        "https://www.google.com/maps/place/Tucson+Museum+Of+Art/@32.2234364,-110.9754262,15z/data=!4m2!3m1!1s0x0:0x52a6359939e0f9fc",
        "https://google.com/maps/place/Dante",
        "https://google.com/maps/place/Snakes+%26+Lattes+Tucson/@32.2314203,-110.957003,15z/data=!4m2!3m1!1s0x0:0xfa87279f067dc007?sa=X&ved=2ahUKEwir2-C88YKBAxXUBEQIHQvzAVgQ_BJ6BAhBEAA&ved=2ahUKEwir2-C88YKBAxXUBEQIHQvzAVgQ_BJ6BAhYEAg",
        "https://www.google.com/maps/place/Mission+Garden/@32.2134891,-110.9870688,15z/data=!4m2!3m1!1s0x0:0xf654556da41c9841",
        "https://instagram.com/p/C1C_dIAv-ma/",
        "https://www.google.com/maps/place/Tucson+Creative+Dance+Center/@32.2644601,-110.9484628,15z/data=!4m2!3m1!1s0x0:0x137d0705cc296a3a",
        "https://google.com/maps/place/Tohono+Chul+%7C+Gardens,+Galleries,+and+Bistro/@32.3394668,-110.9817266,15z/data=!4m2!3m1!1s0x0:0xb06e93a6c4c42332?sa=X&ved=2ahUKEwjZnrn-jYz_AhXRJkQIHfe1ADAQ_BJ6BAhBEAg",
        "https://www.google.com/maps/place/Valley+of+the+Moon/@32.275029,-110.933962,15z/data=!4m2!3m1!1s0x0:0x3d4aa1cc9c1c8b47",
        "https://google.com/maps/place/Flandrau+Science+Center+and+Planetarium/@32.2323378,-110.9478701,15z/data=!4m2!3m1!1s0x0:0x678b17dcc791ee45?sa=X&ved=2ahUKEwjHq7_b99OCAxV2DkQIHa5aC18Q_BJ6BAhAEAA",
        "https://google.com/maps/place/Hotel+Congress/@32.222248,-110.966648,15z/data=!4m2!3m1!1s0x0:0xdffb6a03465761fd?sa=X&ved=2ahUKEwixr9iz84L4AhXagY4IHV_XDlwQ_BJ6BAhpEAU"
    ],
    "external_images": [],
    "entities": {
        "persons": [
            {
                "name": "dillinger days",
                "sentiment": "none"
            }
        ],
        "organizations": [
            {
                "name": "n. alvernon way cost",
                "sentiment": "none"
            },
            {
                "name": "tucson botanical gardens",
                "sentiment": "none"
            },
            {
                "name": "tucson holiday ice tucson",
                "sentiment": "none"
            }
        ],
        "locations": [
            {
                "name": "tucson",
                "sentiment": "none"
            },
            {
                "name": "tucson botanical gardens",
                "sentiment": "none"
            }
        ]
    },
    "rating": null,
    "crawled": "2024-01-06T00:04:14.596+02:00",
    "updated": "2024-01-06T00:04:14.596+02:00"
}