{
    "thread": {
        "uuid": "01ed50544bc38dae54b6f58a87e259fa642ed151",
        "url": "https://mvsnoticias.com/nuevo-leon/2024/1/5/actividades-para-disfrutar-el-dia-de-reyes-en-monterrey-621151.html",
        "site_full": "mvsnoticias.com",
        "site": "mvsnoticias.com",
        "site_section": "http://mvsnoticias.com/nuevo-leon",
        "site_categories": [
            "non_standard_content",
            "adult"
        ],
        "section_title": "Nuevo León - MVS Noticias",
        "title": "Actividades para disfrutar el Día de Reyes en Monterrey | MVS Noticias",
        "title_full": "Actividades para disfrutar el Día de Reyes en Monterrey | MVS Noticias",
        "published": "2024-01-05T23:23:00.000+02:00",
        "replies_count": 0,
        "participants_count": 1,
        "site_type": "news",
        "country": "MX",
        "main_image": "https://mvsnoticias.com/u/fotografias/m/2024/1/5/f1280x720-589537_721212_5050.jpg",
        "performance_score": 0,
        "domain_rank": 95028,
        "domain_rank_updated": "2024-01-02T12:06:57.000+02:00",
        "reach": null,
        "social": {
            "facebook": {
                "likes": 0,
                "comments": 0,
                "shares": 0
            },
            "gplus": {
                "shares": 0
            },
            "pinterest": {
                "shares": 0
            },
            "linkedin": {
                "shares": 0
            },
            "stumbledupon": {
                "shares": 0
            },
            "vk": {
                "shares": 0
            }
        }
    },
    "uuid": "01ed50544bc38dae54b6f58a87e259fa642ed151",
    "url": "https://mvsnoticias.com/nuevo-leon/2024/1/5/actividades-para-disfrutar-el-dia-de-reyes-en-monterrey-621151.html",
    "ord_in_thread": 0,
    "parent_url": null,
    "author": "Fabiola Zacarías",
    "published": "2024-01-05T23:23:00.000+02:00",
    "title": "Actividades para disfrutar el Día de Reyes en Monterrey | MVS Noticias",
    "text": "¡Celebra este Día de Reyes en Monterrey con emocionantes actividades para chicos y grandes! Melchor, Gaspar y Baltazar harán su visita especial a la ciudad, y aquí te compartimos algunas opciones para que disfrutes al máximo este fin de semana. Luztopía Sumérgete en la magia de [Luztopía](https://mvsnoticias.com/nuevo-leon/2023/11/7/cuanto-cuestan-como-comprar-boletos-para-luztopia-613542.html), que continúa iluminando el Parque Santa Lucía. Este Día de Reyes, podrás encontrarte con los tres Reyes Magos de una manera única, al estilo de Hollywood. Además de apreciar las espectaculares luces, podrás entregarles tu carta, tomarte fotos y saludarlos. Luztopía estará disponible hasta el domingo 7 de enero, en un horario de 17:00 a 23:00 horas. Galerías Monterrey: Foto con los Reyes Magos Si deseas vivir una experiencia cercana con Melchor, Gaspar y Baltazar, Galerías Monterrey te ofrece la oportunidad perfecta. Los Reyes Magos estarán paseando por la plaza, saludando a los más pequeños que deseen entregar sus cartas. ¡No te pierdas la oportunidad de capturar este momento mágico! Los horarios varían, comenzando el viernes de 15:00 a 21:00 y el sábado y domingo de 11:00 a 14:00 o de 15:30 a 20:00 horas. Te podría interesar Macro Rosca en la Macroplaza El Gobierno del Estado de Nuevo León presenta el esperado evento del [ Macro Rosca, ](https://mvsnoticias.com/nuevo-leon/2024/1/2/macro-rosca-en-nuevo-leon-cuando-donde-se-partira-la-rosca-620696.html)una deliciosa oportunidad para disfrutar de un trozo de rosca de reyes en la emblemática Macroplaza. Este evento se llevará a cabo el sábado 6 de enero de 2024, a las 16:00 horas. Además de saborear la tradicional rosca, esta celebración promete alegría con entrega de regalos y sorpresas para toda la familia. La Macro Rosca forma parte de las festividades continuas de la Macro Navidad, que se extienden hasta el 7 de enero de 2024. Atracciones de la Macro Navidad Pino Navideño Te podría interesar - Ubicación: Explanada del Museo de Historia Mexicana. - Permanencia: Hasta el 7 de enero. - Shows de video mapping diarios cada 30 minutos a partir de las 6:30 pm. Nacimiento Monumental - Ubicación: Exterior del Museo de Historia Mexicana. - Participación en la tradición de pedir posada en el pesebre. Pista de Hielo - La pista de hielo es de 900 metros cuadrados de diversión gratuita para hasta 250 personas simultáneamente. - Horario: Lunes a viernes de 3:00 a 9:00 pm, sábado y domingo de 12:00 a 9:00 pm. Tobogán de Hielo - Más de 60 metros de altura, un espacio inclusivo. - Horario: Lunes a viernes de 3:00 a 9:00 pm, sábado y domingo de 12:00 a 9:00 pm. Tren de Pasajeros - Dos estaciones: Explanada de los Héroes y Plaza Zaragoza. - Horario: Todos los días de 6:00 pm a 9:00 pm. La Casa de Santa Claus - Visita a Santa, entrega tu carta y lleva gratis la foto del recuerdo. - Horario: Lunes a domingo de 5:00 a 9:00 pm. Escenario Navideño - Más de 60 espectáculos artísticos para toda la familia. - Conciertos: Jueves a domingo de 5:00 a 9:00 pm. Bosque de los Sueños - Jardín hundido transformado en un bosque iluminado cada noche. - Espectáculo de nieve artificial cada hora. - Show: Lunes a domingo de 5:00 a 9:00 pm. ¡No te pierdas la oportunidad de hacer que este Día de Reyes sea inolvidable en Monterrey con estas emocionantes actividades!",
    "highlightText": "",
    "highlightTitle": "",
    "highlightThreadTitle": "",
    "language": "spanish",
    "sentiment": "positive",
    "categories": [
        "Lifestyle and Leisure",
        "Arts, Culture and Entertainment"
    ],
    "external_links": [],
    "external_images": [],
    "entities": {
        "persons": [],
        "organizations": [],
        "locations": []
    },
    "rating": null,
    "crawled": "2024-01-06T00:19:14.137+02:00",
    "updated": "2024-01-06T00:19:14.137+02:00"
}