{
    "thread": {
        "uuid": "68b4e5dd2a6fd77e3f6220f0228c9fa90cf49290",
        "url": "https://eldiariony.com/2024/01/05/david-spade-pago-9-5-millones-de-dolares-por-una-casa-recien-construida-en-cameo-highlands/",
        "site_full": "eldiariony.com",
        "site": "eldiariony.com",
        "site_section": "http://www.eldiariony.com/feed/",
        "site_categories": [
            "media"
        ],
        "section_title": "El Diario NY",
        "title": "David Spade pagó $9.5 millones de dólares por una casa recién construida en Cameo Highlands",
        "title_full": "David Spade pagó $9.5 millones de dólares por una casa recién construida en Cameo Highlands",
        "published": "2024-01-05T23:47:00.000+02:00",
        "replies_count": 0,
        "participants_count": 1,
        "site_type": "news",
        "country": "US",
        "main_image": "https://eldiariony.com/wp-content/uploads/sites/2/2024/01/GettyImages-1474704465.jpg?w=1200",
        "performance_score": 0,
        "domain_rank": 30150,
        "domain_rank_updated": "2024-01-02T12:06:49.000+02:00",
        "reach": null,
        "social": {
            "facebook": {
                "likes": 0,
                "comments": 0,
                "shares": 0
            },
            "gplus": {
                "shares": 0
            },
            "pinterest": {
                "shares": 0
            },
            "linkedin": {
                "shares": 0
            },
            "stumbledupon": {
                "shares": 0
            },
            "vk": {
                "shares": 0
            }
        }
    },
    "uuid": "68b4e5dd2a6fd77e3f6220f0228c9fa90cf49290",
    "url": "https://eldiariony.com/2024/01/05/david-spade-pago-9-5-millones-de-dolares-por-una-casa-recien-construida-en-cameo-highlands/",
    "ord_in_thread": 0,
    "parent_url": null,
    "author": "Carolyn Manrique",
    "published": "2024-01-05T23:47:00.000+02:00",
    "title": "David Spade pagó $9.5 millones de dólares por una casa recién construida en Cameo Highlands",
    "text": "David Spade pagó $9.5 millones de dólares por una casa recién construida en Cameo Highlands\nEl reconocido actor y comediante estadounidense David Spade ahora es dueño de una gran casa recién construida en Cameo Highlands, California. Por los momentos no se tienen fotos oficiales del lugar\nEl actor y comediante estadounidense David Spade ha iniciado el nuevo año con una gran propiedad recién construida en Cameo Highlands, Newport Beach, California.\nSpade invirtió $9.5 millones de dólares por la propiedad que nunca entró oficialmente al mercado de bienes raíces.\nSe desconoce cómo el actor llegó a la vivienda y cuál es el interés que tiene con el lugar. Hay que recordar que Spade compró una mansión de $14 millones de dólares hace un par de años en Hollywood Hills, California.\nAunque la propiedad no estuvo oficialmente en venta, sí contó con agentes especializados durante la negociación. Los vendedores estuvieron representados por Brenda McCroskey de Compass.\nMcCroskey escribió: “Estamos muy honrados de haber representado a los vendedores en la venta fuera de mercado de esta impresionante nueva construcción”.\nAdemás de que nunca entró al mercado de bienes raíces, esta propiedad se terminó de construir hace muy poco. El diseño del lugar estuvo a cargo del arquitecto local Mark Teale y su construcción estuvo a cargo de Nicholson Companies.\nLa casa principal tiene una extensión de 3,800 pies cuadrados distribuidos en una sola planta con cuatro dormitorios, cuatro baños completos, vestíbulo, sala de estar, sala principal, sala de cine, comedor, cocina, cuarto de lavado y otras comodidades.\nDel interior se tiene que mencionar su estilo moderno, diseño con paleta de colores suaves y grandes ventanales con vista al mar. Aunque desde el interior se tiene vista de la playa, esta propiedad no tiene acceso directo a ella, pero sí está muy cerca de Crystal Cove State Beach.\nEntre los grandes detalles de la vivienda está sus paneles solares de última generación.\nAl exterior hay áreas verdes con terraza, piscina, área de spa, comedor y otros espacios ideales para disfrutar al aire libre con familiares o amigos.\nSigue leyendo:\n•\nSteve Wynn saca del mercado el apartamento que pretendía vender por $90 millones de dólares\n•\nCaroline Wozniacki y David Lee piden $42.5 millones de dólares por ático en Miami\n•\nMatthew Stafford compró una casa vecina en Hidden Hills",
    "highlightText": "",
    "highlightTitle": "",
    "highlightThreadTitle": "",
    "language": "spanish",
    "sentiment": "positive",
    "categories": [
        "Lifestyle and Leisure",
        "Human Interest",
        "Arts, Culture and Entertainment"
    ],
    "external_links": [],
    "external_images": [],
    "entities": {
        "persons": [],
        "organizations": [],
        "locations": []
    },
    "rating": null,
    "crawled": "2024-01-06T00:22:54.449+02:00",
    "updated": "2024-01-06T00:22:54.449+02:00"
}