{
    "thread": {
        "uuid": "e585a81d22ea4b0709fe10d763d800be47064a8f",
        "url": "https://www.tricitynews.com/national-sports/la-lakers-mystique-was-alive-and-well-in-23-on-draftkings-sportsbook-in-ontario-8064135",
        "site_full": "www.tricitynews.com",
        "site": "tricitynews.com",
        "site_section": "https://www.tricitynews.com/rss",
        "site_categories": [
            "media"
        ],
        "section_title": "Tri-City News: tricitynews",
        "title": "L.A. Lakers mystique was alive and well in '23 on DraftKings' sportsbook in Ontario.",
        "title_full": "L.A. Lakers mystique was alive and well in '23 on DraftKings' sportsbook in Ontario.",
        "published": "2024-01-06T00:05:00.000+02:00",
        "replies_count": 0,
        "participants_count": 1,
        "site_type": "news",
        "country": "CA",
        "main_image": "https://www.vmcdn.ca/f/files/shared/feeds/cp/2024/01/20240105160156-65987b6089c192da8336f893jpeg.jpg;w=650;h=433;mode=crop",
        "performance_score": 0,
        "domain_rank": 76059,
        "domain_rank_updated": "2024-01-02T12:06:57.000+02:00",
        "reach": null,
        "social": {
            "facebook": {
                "likes": 0,
                "comments": 0,
                "shares": 0
            },
            "gplus": {
                "shares": 0
            },
            "pinterest": {
                "shares": 0
            },
            "linkedin": {
                "shares": 0
            },
            "stumbledupon": {
                "shares": 0
            },
            "vk": {
                "shares": 0
            }
        }
    },
    "uuid": "e585a81d22ea4b0709fe10d763d800be47064a8f",
    "url": "https://www.tricitynews.com/national-sports/la-lakers-mystique-was-alive-and-well-in-23-on-draftkings-sportsbook-in-ontario-8064135",
    "ord_in_thread": 0,
    "parent_url": null,
    "author": "Dan Ralph; The Canadian Press",
    "published": "2024-01-06T00:05:00.000+02:00",
    "title": "L.A. Lakers mystique was alive and well in '23 on DraftKings' sportsbook in Ontario.",
    "text": "TORONTO — The Los Angeles Lakers' mystique was alive and well with Ontario bettors. The Lakers, led by superstar LeBron James, were the second-most bet on team on DraftKings' Ontario sportsbook last year. Only the Toronto Blue Jays drew more action. \"The Lakers are a popular team, whether it's the U.S., Canada, Germany, Spain, it doesn't matter,\" said Johnny Avello, DraftKings' director of race and sports operations. \"The team has a big following and has for many years because of all the great players that go through their doors. \"You go anywhere and you'll see people wearing Lakers shirts.\" The Buffalo Bills -- popular in southern Ontario -- held down third spot. The Toronto Maple Leafs were the only other Canadian franchise to make the cut, standing eighth ahead of basketball's Phoenix Suns and football's New York Jets. The Jays (89-73) finished third in the American League East to qualify for the playoffs. However, they were swept 2-0 by the Minnesota Twins in the AL wildcard series. Toronto was the most-bet on World Series team, ahead of the Los Angeles Dodgers and Philadelphia Phillies. The champion Texas Rangers were fourth. Toronto slugger Vladimir Guerrero Jr. was the most bet-on player to win the AL MVP, ahead of New York's Aaron Judge and Texas's Corey Seager. But Anaheim's Shohei Ohtani, the fourth pick, was the runaway winner of the award before signing a mega 10-year, US$700-million free-agent deal with the Dodgers. Avello wasn't surprised to see the Jays atop the list. \"When you look at certain jurisdictions where we are, teams in that jurisdiction are bet on more than others,\" he said. \"So that's no surprise.\" The Toronto Raptors were the seventh-most bet on team to win the NBA crown. The Milwaukee Bucks, Suns and eventual-champion Denver Nuggets held the top three spots. No Raptors were listed as favourites for the NBA's outstanding player award but Hamilton's Shai Gilgeous-Alexander of the Oklahoma City Thunder, was the fourth most-bet on individual by handle. Denver's Nikola Jokic, Boston's Jayson Tatum and Dallas's Luka Doncic were the top-three picks. Toronto's Darko Rajakovic was fourth in betting for the NBA's top coach award. Former Raptors boss Nick Nurse, now with the Philadelphia 76ers, was tops. Last month, Gilgeous-Alexander was named The Canadian Press male athlete of the year. \"He is a tremendous player and has been for a few years now,\" Avello said. \"It's not unusual that he'd be bet up there because he's certainly one of your top players in the NBA.\" Surprisingly, the Cincinnati Bengals were the most bet-on NFL team to win the Super Bowl. Buffalo was second ahead of the San Francisco 49ers (12-4), who've clinched top spot in the NFC. Buffalo (10-6) can secure the AFC East for a fourth straight year with a road win Sunday over Miami. The Dolphins (11-5) have already clinched an NFL playoff spot. \"I found that (Cincinnati selection) to be a little surprising,\" Avello said. 'Buffalo has always been a top choice because it has had a good, competitive team over the last few years and there's also the proximity to Canada. \"But the Bengals have had a good team knocking on the door so I think this was about value . . . going for a double-digit underdog and trying to get a better price for your buck. I don't blame (bettors) because going into the season I thought Cincinnati would also contend for the title but unfortunately when you lose (quarterback) Joe Burrow and a couple of receivers . . . it was just a bad overall year for Cincinnati.\" Buffalo quarterback Josh Allen was the third pick for the NFL's most valuable player award behind San Francisco's Brock Purdy and Dallas's Dak Prescott. Lamar Jackson, who has led Baltimore (13-3) to top spot in the AFC and emerged as the favourite to win the honour for a second time, was initially ninth. Ontario bettors made the Maple Leafs the most bet-on team to win the Stanley Cup. Edmonton was No. 2 ahead of Las Vegas, last year's champion. Toronto last won the Stanley Cup in 1967. \"Toronto has been there, it has had great, outstanding regular-season records, it just hasn't been able to get far enough,\" Avello said. \"I think it (Leafs topping list) should be.\" The Vancouver Canucks were fifth, ahead of the Ottawa Senators (sixth). Rick Tocchet, in his first full season behind Vancouver's bench, was the top selection to win the Jack Adams Trophy as the NHL's top coach. The Canucks (24-11-3, 51 points) currently top the Pacific Conference. Peter Laviolette of the New York Rangers (26-10-1, 53 points) and Mike Sullivan of the Pittsburgh Penguins (19-14-4, 42 points) were the other top two candidates. \"Obviously it makes sense that (Tocchet) would get bet,\" Avello said. \"But (Laviolette) is also a good choice and value play. \"That was probably bet more toward the beginning of the year so I see that also as a very smart play by bettors.\" This report by The Canadian Press was first published Jan. 5, 2024. Dan Ralph, The Canadian Press",
    "highlightText": "",
    "highlightTitle": "",
    "highlightThreadTitle": "",
    "language": "english",
    "sentiment": "positive",
    "categories": [
        "Sport",
        "Arts, Culture and Entertainment",
        "Lifestyle and Leisure"
    ],
    "external_links": [],
    "external_images": [],
    "entities": {
        "persons": [
            {
                "name": "lebron james",
                "sentiment": "none"
            },
            {
                "name": "johnny avello",
                "sentiment": "none"
            }
        ],
        "organizations": [
            {
                "name": "lakers",
                "sentiment": "positive"
            },
            {
                "name": "l.a. lakers",
                "sentiment": "positive"
            },
            {
                "name": "los angeles lakers",
                "sentiment": "positive"
            },
            {
                "name": "the lakers",
                "sentiment": "none"
            },
            {
                "name": "toronto blue jays",
                "sentiment": "none"
            },
            {
                "name": "new york jets",
                "sentiment": "none"
            },
            {
                "name": "minnesota twins",
                "sentiment": "none"
            },
            {
                "name": "phoenix suns",
                "sentiment": "none"
            },
            {
                "name": "los angeles dodgers",
                "sentiment": "none"
            },
            {
                "name": "toronto maple leafs",
                "sentiment": "none"
            }
        ],
        "locations": [
            {
                "name": "toronto",
                "sentiment": "none"
            },
            {
                "name": "ontario",
                "sentiment": "none"
            },
            {
                "name": "canada",
                "sentiment": "none"
            },
            {
                "name": "u.s.",
                "sentiment": "none"
            },
            {
                "name": "germany",
                "sentiment": "none"
            },
            {
                "name": "toronto",
                "sentiment": "none"
            },
            {
                "name": "philadelphia",
                "sentiment": "none"
            },
            {
                "name": "spain",
                "sentiment": "none"
            }
        ]
    },
    "rating": null,
    "crawled": "2024-01-06T00:12:02.140+02:00",
    "updated": "2024-01-06T00:26:17.790+02:00"
}