{
    "thread": {
        "uuid": "65e1040d8b99d198e264bd59f2084109439861e3",
        "url": "https://www.saechsische.de/lokales/elbe-in-riesa-hochwasserwarnungen-und-pegelstaende-am-28-08-2025-DBRKRMBISRE3PHA6FDXTYOAEOY.html",
        "site_full": "www.saechsische.de",
        "site": "saechsische.de",
        "site_section": "https://www.saechsische.de/archiv",
        "site_categories": [
            "non_standard_content",
            "adult"
        ],
        "section_title": "SZ - Sächsische Zeitung - Aktuelle Nachrichten und Kommentare - SZ",
        "site_title": "Sächsische Zeitung - Aktuelle Nachrichten aus Sachsen &amp; Dresden",
        "title": "Elbe in Riesa: Hochwasserwarnungen und Pegelstände am 28.08.2025",
        "title_full": "Elbe in Riesa: Hochwasserwarnungen und Pegelstände am 28.08.2025",
        "published": "2025-08-28T07:10:00.000+03:00",
        "replies_count": 0,
        "participants_count": 1,
        "site_type": "news",
        "country": "DE",
        "main_image": "https://www.saechsische.de/resizer/v2/UV2VZREA5UZA5LZLAYWUBPMQ24.jpg?auth=f5fe468108540ba91989f2218167e381f55ce4ff42a022c4c49963c2562e282f&amp;quality=70&amp;width=1200&amp;height=630&amp;smart=true",
        "performance_score": 0,
        "domain_rank": 13669,
        "domain_rank_updated": "2025-06-03T00:00:00.000+03:00",
        "licensing_agency": [],
        "social": {
            "facebook": {
                "likes": 0,
                "comments": 0,
                "shares": 0
            },
            "vk": {
                "shares": 0
            }
        }
    },
    "uuid": "65e1040d8b99d198e264bd59f2084109439861e3",
    "url": "https://www.saechsische.de/lokales/elbe-in-riesa-hochwasserwarnungen-und-pegelstaende-am-28-08-2025-DBRKRMBISRE3PHA6FDXTYOAEOY.html",
    "ord_in_thread": 0,
    "author": "Kilian Haller",
    "published": "2025-08-28T07:10:00.000+03:00",
    "title": "Elbe in Riesa: Hochwasserwarnungen und Pegelstände am 28.08.2025",
    "text": "StartseiteIhre RegionElbe in Riesa: Hochwasserwarnungen und Pegelstände am 28.08.2025LiveAktuelle DatenDer Wasserstand der Elbe in Riesa am 28.08.2025Bildunterschrift anzeigenBildunterschrift verbergenQuelle: Daniel WagnerDas Hochwasser der Elbe kam der Stadt Riesa im September 2024 erneut sehr nahe. AnhörenApp öffnenWie steht es um den aktuellen Wasserstand der Elbe in Riesa? Besteht die Gefahr von Hochwasser oder Niedrigwasser? Wie sollten sich die Anwohner in solchen Situationen verhalten? Wir liefern Ihnen aktuelle Informationen in Echtzeit.Kilian Haller28.08.2025, 06:10 Uhr Riesa. Die Elbe zählt zu den bedeutendsten Flüssen Europas. Sie entspringt in Tschechien, durchfließt Ostdeutschland, Niedersachsen und Hamburg und mündet bei Brunsbüttel in die Nordsee. Bedeutende Städte entlang ihres Verlaufs sind Dresden, Dessau, Magdeburg und Wittenberge.Hochwasser-Warnungen: Wie ist die Lage in Sachsen?Loading...",
    "highlightText": "",
    "highlightTitle": "",
    "highlightThreadTitle": "",
    "language": "german",
    "sentiment": "negative",
    "categories": [
        "Weather",
        "Disaster and Accident"
    ],
    "topics": [
        "Weather->weather phenomena",
        "Weather->weather warning",
        "Disaster and Accident->emergency response",
        "Disaster and Accident->natural disaster"
    ],
    "ai_allow": true,
    "has_canonical": false,
    "breaking": false,
    "webz_reporter": false,
    "external_links": [],
    "external_images": [],
    "internal_images": [],
    "entities": {
        "persons": [
            {
                "name": "Daniel WagnerDas",
                "sentiment": "none"
            }
        ],
        "locations": [
            {
                "name": "Riesa",
                "sentiment": "none"
            },
            {
                "name": "Ostdeutschland",
                "sentiment": "none"
            },
            {
                "name": "Niedersachsen",
                "sentiment": "none"
            },
            {
                "name": "Brunsbüttel",
                "sentiment": "none"
            },
            {
                "name": "Tschechien",
                "sentiment": "none"
            },
            {
                "name": "Magdeburg",
                "sentiment": "none"
            },
            {
                "name": "Dresden",
                "sentiment": "none"
            },
            {
                "name": "Nordsee",
                "sentiment": "none"
            },
            {
                "name": "Hamburg",
                "sentiment": "none"
            },
            {
                "name": "Europas",
                "sentiment": "none"
            },
            {
                "name": "Dessau",
                "sentiment": "none"
            },
            {
                "name": "Elbe",
                "sentiment": "none"
            }
        ],
        "organizations": []
    },
    "syndication": {
        "syndicated": null,
        "syndicate_id": null,
        "first_syndicated": false
    },
    "trust": {
        "categories": [],
        "top_news": [],
        "bias": null,
        "source": {
            "type": null,
            "city": null,
            "state": null,
            "country": null,
            "domain_type": null,
            "agency": null,
            "organization_name": null
        }
    },
    "rating": null,
    "crawled": "2025-08-28T07:57:21.689+03:00",
    "updated": "2025-08-28T08:02:46.000+03:00"
}