{
    "thread": {
        "uuid": "b46927cfc5f9096c4b521919bc954424befb80fd",
        "url": "https://www.fx678.com/C/20250828/202508281420159093.html",
        "site_full": "www.fx678.com",
        "site": "fx678.com",
        "site_section": "http://kx.fx678.com",
        "site_categories": [],
        "section_title": "报道最新外汇资讯，外汇市场行情，环球国际外汇快讯—汇通财经网",
        "site_title": "汇通网--金融衍生品信息提供商",
        "title": "【油价周四走弱，夏季用车高峰临近尾声，市场聚焦需求前景博弈】 ⑴原油价格在周四出现下跌，结束了前一交易日的上涨态势。随着夏季驾车高峰即将落幕，投资者正重点权衡美国燃料需求可能下滑的预期，同时密切关注印度针对美国惩罚性关税将采取的回应措施。截至北京时间14：18，布伦特原油期货下跌33美分，跌幅达0.49%，报66.84美元；西德克萨斯中质油（WTI）期货下跌60美分，跌幅0.94%，收于63.55美元。 ⑵此前一日，这两大原油期货合约均实现上涨，核心驱动因素是美国能源信息署（EIA）发布的库存报告。报告显示，截至8月22日当周，美国原油库存减少240万桶，高于机构调查中分析师预期的减少190万桶。PhillipNova高级市场分析师PriyankaSachdeva表示：\"今日早盘油价出现回调，主要是交易商在重新评估昨日受EIA报告推动的上涨行情。\"她进一步补充：\"尽管美国原油库存确实再度下降，但相较于上周的大幅降幅，本周下降速度明显放缓，这在一定程度上削弱了市场的看涨势头。 ⑶IG市场分析师TonySycamore指出\"库存下降反映出，在美国劳工节长周末来临前，原油需求表现强劲，劳工节长周末通常标志着夏季驾车高峰的非正式结束，此后美国原油需求大概率将进入下行通道。市场关注焦点还包括美印贸易动态。美国前总统特朗普于周三将印度进口商品关税提高一倍，最高达50%，交易商正密切关注印度政府如何回应美国要求其停止购买俄罗斯石油的压力\"。Sycamore认为：\"预计至少在短期内，印度仍会继续从俄罗斯采购原油，这一情况应能限制新关税对全球原油供应的影响。\" ⑷此外，主要产油国取消部分自愿减产措施，导致市场供应持续增加，这对油价形成压制，同时也抵消了部分支撑因素--其中包括俄罗斯与乌克兰加强对彼此能源基础设施的攻击。乌克兰官员周三透露，俄罗斯在前一晚对乌克兰六个地区的能源及天然气运输基础设施发动大规模无人机袭击，造成超十万人断电。 ⑸值得注意的是，美国近期可能降息的前景对石油市场起到一定支撑作用，因降息有望提振经济活动，进而拉动石油需求。纽约联储总裁威廉姆斯在周三表示，美联储或在未来某个时间点实施降息，但决策者需参考即将公布的经济数据，才能判断9月16-17日的会议是否适合降息_外汇动态报道",
        "title_full": "【油价周四走弱，夏季用车高峰临近尾声，市场聚焦需求前景博弈】 ⑴原油价格在周四出现下跌，结束了前一交易日的上涨态势。随着夏季驾车高峰即将落幕，投资者正重点权衡美国燃料需求可能下滑的预期，同时密切关注印度针对美国惩罚性关税将采取的回应措施。截至北京时间14：18，布伦特原油期货下跌33美分，跌幅达0.49%，报66.84美元；西德克萨斯中质油（WTI）期货下跌60美分，跌幅0.94%，收于63.55美元。 ⑵此前一日，这两大原油期货合约均实现上涨，核心驱动因素是美国能源信息署（EIA）发布的库存报告。报告显示，截至8月22日当周，美国原油库存减少240万桶，高于机构调查中分析师预期的减少190万桶。PhillipNova高级市场分析师PriyankaSachdeva表示：\"今日早盘油价出现回调，主要是交易商在重新评估昨日受EIA报告推动的上涨行情。\"她进一步补充：\"尽管美国原油库存确实再度下降，但相较于上周的大幅降幅，本周下降速度明显放缓，这在一定程度上削弱了市场的看涨势头。 ⑶IG市场分析师TonySycamore指出\"库存下降反映出，在美国劳工节长周末来临前，原油需求表现强劲，劳工节长周末通常标志着夏季驾车高峰的非正式结束，此后美国原油需求大概率将进入下行通道。市场关注焦点还包括美印贸易动态。美国前总统特朗普于周三将印度进口商品关税提高一倍，最高达50%，交易商正密切关注印度政府如何回应美国要求其停止购买俄罗斯石油的压力\"。Sycamore认为：\"预计至少在短期内，印度仍会继续从俄罗斯采购原油，这一情况应能限制新关税对全球原油供应的影响。\" ⑷此外，主要产油国取消部分自愿减产措施，导致市场供应持续增加，这对油价形成压制，同时也抵消了部分支撑因素--其中包括俄罗斯与乌克兰加强对彼此能源基础设施的攻击。乌克兰官员周三透露，俄罗斯在前一晚对乌克兰六个地区的能源及天然气运输基础设施发动大规模无人机袭击，造成超十万人断电。 ⑸值得注意的是，美国近期可能降息的前景对石油市场起到一定支撑作用，因降息有望提振经济活动，进而拉动石油需求。纽约联储总裁威廉姆斯在周三表示，美联储或在未来某个时间点实施降息，但决策者需参考即将公布的经济数据，才能判断9月16-17日的会议是否适合降息_外汇动态报道",
        "published": "2025-08-28T03:00:00.000+03:00",
        "replies_count": 0,
        "participants_count": 0,
        "site_type": "news",
        "country": "CN",
        "main_image": "",
        "performance_score": 0,
        "domain_rank": 65805,
        "domain_rank_updated": "2025-06-03T00:00:00.000+03:00",
        "licensing_agency": [],
        "social": {
            "facebook": {
                "likes": 0,
                "comments": 0,
                "shares": 0
            },
            "vk": {
                "shares": 0
            }
        }
    },
    "uuid": "b46927cfc5f9096c4b521919bc954424befb80fd",
    "url": "https://www.fx678.com/C/20250828/202508281420159093.html",
    "ord_in_thread": 0,
    "author": null,
    "published": "2025-08-28T03:00:00.000+03:00",
    "title": "【油价周四走弱，夏季用车高峰临近尾声，市场聚焦需求前景博弈】 ⑴原油价格在周四出现下跌，结束了前一交易日的上涨态势。随着夏季驾车高峰即将落幕，投资者正重点权衡美国燃料需求可能下滑的预期，同时密切关注印度针对美国惩罚性关税将采取的回应措施。截至北京时间14：18，布伦特原油期货下跌33美分，跌幅达0.49%，报66.84美元；西德克萨斯中质油（WTI）期货下跌60美分，跌幅0.94%，收于63.55美元。 ⑵此前一日，这两大原油期货合约均实现上涨，核心驱动因素是美国能源信息署（EIA）发布的库存报告。报告显示，截至8月22日当周，美国原油库存减少240万桶，高于机构调查中分析师预期的减少190万桶。PhillipNova高级市场分析师PriyankaSachdeva表示：\"今日早盘油价出现回调，主要是交易商在重新评估昨日受EIA报告推动的上涨行情。\"她进一步补充：\"尽管美国原油库存确实再度下降，但相较于上周的大幅降幅，本周下降速度明显放缓，这在一定程度上削弱了市场的看涨势头。 ⑶IG市场分析师TonySycamore指出\"库存下降反映出，在美国劳工节长周末来临前，原油需求表现强劲，劳工节长周末通常标志着夏季驾车高峰的非正式结束，此后美国原油需求大概率将进入下行通道。市场关注焦点还包括美印贸易动态。美国前总统特朗普于周三将印度进口商品关税提高一倍，最高达50%，交易商正密切关注印度政府如何回应美国要求其停止购买俄罗斯石油的压力\"。Sycamore认为：\"预计至少在短期内，印度仍会继续从俄罗斯采购原油，这一情况应能限制新关税对全球原油供应的影响。\" ⑷此外，主要产油国取消部分自愿减产措施，导致市场供应持续增加，这对油价形成压制，同时也抵消了部分支撑因素--其中包括俄罗斯与乌克兰加强对彼此能源基础设施的攻击。乌克兰官员周三透露，俄罗斯在前一晚对乌克兰六个地区的能源及天然气运输基础设施发动大规模无人机袭击，造成超十万人断电。 ⑸值得注意的是，美国近期可能降息的前景对石油市场起到一定支撑作用，因降息有望提振经济活动，进而拉动石油需求。纽约联储总裁威廉姆斯在周三表示，美联储或在未来某个时间点实施降息，但决策者需参考即将公布的经济数据，才能判断9月16-17日的会议是否适合降息_外汇动态报道",
    "text": "2025-08-28 14:20:22\n汇通财经APP讯——【油价周四走弱，夏季用车高峰临近尾声，市场聚焦需求前景博弈】\n⑴\n⑵此前一日，这两大\n⑶IG市场分析师TonySycamore指出”库存下降反映出，在\n⑷此外，主要产油国取消部分自愿减产措施，导致市场供应持续增加，这对油价形成压制，同时也抵消了部分支撑因素——其中包括俄罗斯与乌克兰加强对彼此能源基础设施的攻击。乌克兰官员周三透露，俄罗斯在前一晚对乌克兰六个地区的能源及\n⑸值得注意的是，\n⑴\n原油价格在周四出现下跌，结束了前一交易日的上涨态势。随着夏季驾车高峰即将落幕，投资者正重点权衡美国燃料需求可能下滑的预期，同时密切关注印度针对美国惩罚性关税将采取的回应措施。截至北京时间14：18，期货下跌33美分，跌幅达0.49%，报66.84美元；西德克萨斯中质油（WTI）期货下跌60美分，跌幅0.94%，收于63.55美元。⑵此前一日，这两大\n原油期货合约均实现上涨，核心驱动因素是美国能源信息署（EIA）发布的库存报告。报告显示，截至8月22日当周，美国原油库存减少240万桶，高于机构调查中分析师预期的减少190万桶。PhillipNova高级市场分析师PriyankaSachdeva表示：“今日早盘油价出现回调，主要是交易商在重新评估昨日受EIA报告推动的上涨行情。”她进一步补充：“尽管美国原油库存确实再度下降，但相较于上周的大幅降幅，本周下降速度明显放缓，这在一定程度上削弱了市场的看涨势头。⑶IG市场分析师TonySycamore指出”库存下降反映出，在\n美国劳工节长周末来临前，原油需求表现强劲，劳工节长周末通常标志着夏季驾车高峰的非正式结束，此后美国原油需求大概率将进入下行通道。市场关注焦点还包括美印贸易动态。美国前总统特朗普于周三将印度进口商品关税提高一倍，最高达50%，交易商正密切关注印度政府如何回应美国要求其停止购买俄罗斯石油的压力”。Sycamore认为：“预计至少在短期内，印度仍会继续从俄罗斯采购原油，这一情况应能限制新关税对全球原油供应的影响。”⑷此外，主要产油国取消部分自愿减产措施，导致市场供应持续增加，这对油价形成压制，同时也抵消了部分支撑因素——其中包括俄罗斯与乌克兰加强对彼此能源基础设施的攻击。乌克兰官员周三透露，俄罗斯在前一晚对乌克兰六个地区的能源及\n天然气运输基础设施发动大规模无人机袭击，造成超十万人断电。⑸值得注意的是，\n美国近期可能降息的前景对石油市场起到一定支撑作用，因降息有望提振经济活动，进而拉动石油需求。纽约联储总裁威廉姆斯在周三表示，美联储或在未来某个时间点实施降息，但决策者需参考即将公布的经济数据，才能判断9月16-17日的会议是否适合降息行情\n|\n欧元美元英镑美元美元日元美元人民币\n|",
    "highlightText": "",
    "highlightTitle": "",
    "highlightThreadTitle": "",
    "language": "chinese",
    "sentiment": "negative",
    "categories": [
        "Economy, Business and Finance",
        "Weather"
    ],
    "topics": [
        "Economy, Business and Finance->commodity market",
        "Economy, Business and Finance->energy and resource"
    ],
    "ai_allow": true,
    "has_canonical": false,
    "breaking": null,
    "webz_reporter": false,
    "external_links": [],
    "external_images": [],
    "internal_images": [],
    "entities": {
        "persons": [],
        "locations": [],
        "organizations": []
    },
    "syndication": {
        "syndicated": null,
        "syndicate_id": null,
        "first_syndicated": false
    },
    "trust": {
        "categories": [],
        "top_news": [],
        "bias": null,
        "source": {
            "type": null,
            "city": null,
            "state": null,
            "country": null,
            "domain_type": null,
            "agency": null,
            "organization_name": null
        }
    },
    "rating": null,
    "crawled": "2025-08-28T09:54:46.148+03:00",
    "updated": "2025-08-28T09:57:23.000+03:00"
}