{
    "thread": {
        "uuid": "222b4f4587f451dbccd49900c5fe871abf23e00e",
        "url": "http://sc.stock.cnfol.com/gushiyaowen/20250828/31588596.shtml",
        "site_full": "sc.stock.cnfol.com",
        "site": "cnfol.com",
        "site_section": "http://stock.cnfol.com",
        "site_categories": [
            "financial_news",
            "finance",
            "stocks"
        ],
        "section_title": "股票频道_中金在线",
        "site_title": null,
        "title": "异动快报：科新发展（600234）8月28日14点18分触及跌停板_股市要闻_市场_中金在线",
        "title_full": "异动快报：科新发展（600234）8月28日14点18分触及跌停板_股市要闻_市场_中金在线",
        "published": "2025-08-28T09:45:00.000+03:00",
        "replies_count": 0,
        "participants_count": 0,
        "site_type": "news",
        "country": "CN",
        "main_image": "",
        "performance_score": 0,
        "domain_rank": 10644,
        "domain_rank_updated": "2025-06-03T00:00:00.000+03:00",
        "licensing_agency": [],
        "social": {
            "facebook": {
                "likes": 0,
                "comments": 0,
                "shares": 0
            },
            "vk": {
                "shares": 0
            }
        }
    },
    "uuid": "222b4f4587f451dbccd49900c5fe871abf23e00e",
    "url": "http://sc.stock.cnfol.com/gushiyaowen/20250828/31588596.shtml",
    "ord_in_thread": 0,
    "author": null,
    "published": "2025-08-28T09:45:00.000+03:00",
    "title": "异动快报：科新发展（600234）8月28日14点18分触及跌停板_股市要闻_市场_中金在线",
    "text": "证券之星8月28日盘中消息，14点18分科新发展(600234)触及跌停板。目前价格9.07，下跌10.02%。其所属行业装修装饰目前下跌。领涨股为ST柯利达。该股为字节跳动概念股，装修装饰概念热股。\n8月28日的资金流向数据方面，主力资金净流入277.06万元，占总成交额3.16%，游资资金净流入124.58万元，占总成交额1.42%，散户资金净流出401.65万元，占总成交额4.58%。\n近5日资金流向一览见下表：\n科新发展主要指标及行业内排名如下：\n为证券之星据公开信息整理，由AI算法生成(网信算备310104345710301240019号)，不构成投资建议。",
    "highlightText": "",
    "highlightTitle": "",
    "highlightThreadTitle": "",
    "language": "chinese",
    "sentiment": "negative",
    "categories": [
        "Weather",
        "Social Issue",
        "Human Interest"
    ],
    "topics": [
        "Social Issue->demographics",
        "Human Interest->human mishap"
    ],
    "ai_allow": true,
    "has_canonical": false,
    "breaking": false,
    "webz_reporter": false,
    "external_links": [],
    "external_images": [],
    "internal_images": [],
    "entities": {
        "persons": [],
        "locations": [],
        "organizations": []
    },
    "syndication": {
        "syndicated": null,
        "syndicate_id": null,
        "first_syndicated": false
    },
    "trust": {
        "categories": [],
        "top_news": [],
        "bias": null,
        "source": {
            "type": null,
            "city": null,
            "state": null,
            "country": null,
            "domain_type": null,
            "agency": null,
            "organization_name": null
        }
    },
    "rating": null,
    "crawled": "2025-08-28T09:54:12.393+03:00",
    "updated": "2025-08-28T09:58:45.000+03:00"
}