{
    "thread": {
        "uuid": "621d7ad723e1a6ae207117405355e4286cd22a0e",
        "url": "https://fedpress.ru/news/74/society/3397447",
        "site_full": "fedpress.ru",
        "site": "fedpress.ru",
        "site_section": "http://fedpress.ru/feed/rss",
        "site_categories": [
            "media",
            "top_news_ru",
            "top_news"
        ],
        "section_title": "РИА «ФедералПресс»",
        "site_title": "Главные новости России | ФедералПресс",
        "title": "В Челябинске последние летние выходные будут дождливыми и прохладным",
        "title_full": "В Челябинске последние летние выходные будут дождливыми и прохладным",
        "published": "2025-08-28T08:32:00.000+03:00",
        "replies_count": 0,
        "participants_count": 1,
        "site_type": "news",
        "country": "RU",
        "main_image": "https://img2.fedpress.ru/thumbs/600x360-facebook/2025/08/3119/cc72055e6725a2195ba35b8f1173c68f.jpg",
        "performance_score": 0,
        "domain_rank": 15651,
        "domain_rank_updated": "2025-06-03T00:00:00.000+03:00",
        "licensing_agency": [],
        "social": {
            "facebook": {
                "likes": 0,
                "comments": 0,
                "shares": 0
            },
            "vk": {
                "shares": 0
            }
        }
    },
    "uuid": "621d7ad723e1a6ae207117405355e4286cd22a0e",
    "url": "https://fedpress.ru/news/74/society/3397447",
    "ord_in_thread": 0,
    "author": "Алина Юнусова",
    "published": "2025-08-28T08:32:00.000+03:00",
    "title": "В Челябинске последние летние выходные будут дождливыми и прохладным",
    "text": "ЧЕЛЯБИНСК, 28 августа, ФедералПресс. Синоптики прогнозируют дождливую и пасмурную погоду в Челябинске в последние выходные лета.\n«В субботу ночью в Челябинске, 30 августа, пройдет дождь, а днем будет пасмурно. В воскресенье, 31 августа, днем и вечером пройдут дожди. Дневные температуры воздуха в последние выходные августа будут колебаться от 13 до 15 градусов тепла», – сообщают синоптики.\nРанее метеорологи предупреждали о значительных перепадах температур в регионе - от +7 градусов ночью до +30 днем.\nФото: ФедералПресс / Антон Федулов",
    "highlightText": "",
    "highlightTitle": "",
    "highlightThreadTitle": "",
    "language": "russian",
    "sentiment": "negative",
    "categories": [
        "Weather",
        "Social Issue"
    ],
    "topics": [
        "Weather->weather forecast",
        "Social Issue->demographics"
    ],
    "ai_allow": true,
    "has_canonical": false,
    "breaking": true,
    "webz_reporter": false,
    "external_links": [],
    "external_images": [],
    "internal_images": [],
    "entities": {
        "persons": [],
        "locations": [],
        "organizations": []
    },
    "syndication": {
        "syndicated": null,
        "syndicate_id": null,
        "first_syndicated": false
    },
    "trust": {
        "categories": [],
        "top_news": [
            "top_news_ru",
            "top_news"
        ],
        "bias": null,
        "source": {
            "type": null,
            "city": null,
            "state": null,
            "country": null,
            "domain_type": null,
            "agency": null,
            "organization_name": null
        }
    },
    "rating": null,
    "crawled": "2025-08-28T08:40:13.019+03:00",
    "updated": "2025-08-29T09:08:06.000+03:00"
}