{
    "thread": {
        "uuid": "56d8c99592ecb6607159aa53ef78451845fce5b0",
        "url": "https://www.sueddeutsche.de/bayern/wettervorhersage-wetterdienst-rechnet-mit-starkregen-in-bayern-dpa.urn-newsml-dpa-com-20090101-250828-930-964946",
        "site_full": "www.sueddeutsche.de",
        "site": "sueddeutsche.de",
        "site_section": "https://sueddeutsche.de",
        "site_categories": [
            "media",
            "top_news_de",
            "top_news_ch",
            "top_news_at",
            "top_news"
        ],
        "section_title": "Aktuelle Nachrichten und Kommentare - SZ.de",
        "site_title": "Aktuelle Nachrichten und Kommentare - SZ.de",
        "title": "Wetterdienst rechnet mit Starkregen in Bayern",
        "title_full": "Wetterdienst rechnet mit Starkregen in Bayern",
        "published": "2025-08-28T08:17:00.000+03:00",
        "replies_count": 0,
        "participants_count": 0,
        "site_type": "news",
        "country": "DE",
        "main_image": "https://www.sueddeutsche.de/2025/08/28/f47278e7-8701-4acf-88b5-649918e63e18.jpg?q=60&amp;fm=webp&amp;width=1200&amp;rect=undefined%2Cundefined%2Cundefined%2Cundefined",
        "performance_score": 0,
        "domain_rank": 1135,
        "domain_rank_updated": "2025-06-03T00:00:00.000+03:00",
        "licensing_agency": [],
        "social": {
            "facebook": {
                "likes": 0,
                "comments": 0,
                "shares": 0
            },
            "vk": {
                "shares": 0
            }
        }
    },
    "uuid": "56d8c99592ecb6607159aa53ef78451845fce5b0",
    "url": "https://www.sueddeutsche.de/bayern/wettervorhersage-wetterdienst-rechnet-mit-starkregen-in-bayern-dpa.urn-newsml-dpa-com-20090101-250828-930-964946",
    "ord_in_thread": 0,
    "author": null,
    "published": "2025-08-28T08:17:00.000+03:00",
    "title": "Wetterdienst rechnet mit Starkregen in Bayern",
    "text": "München (dpa/lby) - Zum Ende des Augusts sollten die Menschen in Bayern lieber auf Regenschirm und Jacke statt Sonnenbrille setzen. Laut dem Deutschen Wetterdienst (DWD) wird es auch in den kommenden Tagen nass im Freistaat.\nIm Laufe des Tages sollen die Schauer vom Westen über das ganze Land ziehen. Dabei ist vor allem in Unterfranken zunächst mit Starkregen zu rechnen. Laut Prognose sollen zwischen 20 und 35 Liter Regen innerhalb weniger Stunden fallen - lokal seien auch bis zu 50 Liter möglich. Im Laufe der Nacht werden ähnliche Regenmengen südlich der Donau erwartet. Zu Gewittern kommt es aber nur vereinzelt. Die Temperaturen erreichen Höchstwerte von 18 Grad im Allgäu und bis zu 27 Grad an der unteren Donau.\nAm Freitag wird es kälter und die Höchsttemperaturen liegen zwischen 18 und 24 Grad. Laut DWD lässt der Regen nach. Am Nachmittag seien vor allem im Südosten einzelne Schauer oder Gewitter möglich, hieß es. Auch am Samstag soll es immer wieder einzelne Schauer geben.\n© dpa-infocom, dpa:250828-930-964946/1",
    "highlightText": "",
    "highlightTitle": "",
    "highlightThreadTitle": "",
    "language": "german",
    "sentiment": "negative",
    "categories": [
        "Weather",
        "Environment"
    ],
    "topics": [
        "Weather->weather warning",
        "Environment->environmental pollution",
        "Environment->climate change",
        "Environment->water"
    ],
    "ai_allow": true,
    "has_canonical": false,
    "breaking": null,
    "webz_reporter": false,
    "external_links": [],
    "external_images": [],
    "internal_images": [],
    "entities": {
        "persons": [],
        "locations": [
            {
                "name": "München",
                "sentiment": "none"
            },
            {
                "name": "Bayern",
                "sentiment": "none"
            },
            {
                "name": "Unterfranken",
                "sentiment": "none"
            },
            {
                "name": "Allgäu",
                "sentiment": "none"
            },
            {
                "name": "Donau",
                "sentiment": "none"
            }
        ],
        "organizations": [
            {
                "name": "dpa",
                "sentiment": "negative",
                "tickers": [
                    {
                        "ticker": "DPA",
                        "exchange": "LON"
                    }
                ]
            },
            {
                "name": "Deutschen Wetterdienst",
                "sentiment": "none",
                "tickers": [
                    {
                        "ticker": null,
                        "exchange": null
                    }
                ]
            },
            {
                "name": "DWD",
                "sentiment": "none",
                "tickers": [
                    {
                        "ticker": null,
                        "exchange": null
                    }
                ]
            }
        ]
    },
    "syndication": {
        "syndicated": null,
        "syndicate_id": null,
        "first_syndicated": false
    },
    "trust": {
        "categories": [
            "trusted_news"
        ],
        "top_news": [
            "top_news_de",
            "top_news_ch",
            "top_news_at",
            "top_news"
        ],
        "bias": "center",
        "source": {
            "type": null,
            "city": null,
            "state": null,
            "country": null,
            "domain_type": null,
            "agency": null,
            "organization_name": null
        }
    },
    "rating": null,
    "crawled": "2025-08-28T09:34:28.567+03:00",
    "updated": "2025-08-29T10:09:00.000+03:00"
}