{
    "thread": {
        "uuid": "753e79dcf9eeb1394609428c5b97a6cdd714ad27",
        "url": "https://fedpress.ru/news/65/incidents/3397430",
        "site_full": "fedpress.ru",
        "site": "fedpress.ru",
        "site_section": "https://fedpress.ru/news/78/society/3359787",
        "site_categories": [
            "media",
            "top_news_ru",
            "top_news"
        ],
        "section_title": "Каких учителей не хватает в школах Петербурга | Санкт-Петербург | ФедералПресс",
        "site_title": "Главные новости России | ФедералПресс",
        "title": "Порывы ветра до 35 м/с: группу туристов эвакуировали с маршрута из-за шторма на Курилах | Сахалинская область | ФедералПресс",
        "title_full": "Порывы ветра до 35 м/с: группу туристов эвакуировали с маршрута из-за шторма на Курилах | Сахалинская область | ФедералПресс",
        "published": "2025-08-28T07:28:00.000+03:00",
        "replies_count": 0,
        "participants_count": 1,
        "site_type": "news",
        "country": "RU",
        "main_image": "https://img2.fedpress.ru/thumbs/600x360-facebook/2025/08/3123/da751141a8ef0177c0a623e9e431b33b.jpg",
        "performance_score": 0,
        "domain_rank": 15651,
        "domain_rank_updated": "2025-06-03T00:00:00.000+03:00",
        "licensing_agency": [],
        "social": {
            "facebook": {
                "likes": 0,
                "comments": 0,
                "shares": 0
            },
            "vk": {
                "shares": 0
            }
        }
    },
    "uuid": "753e79dcf9eeb1394609428c5b97a6cdd714ad27",
    "url": "https://fedpress.ru/news/65/incidents/3397430",
    "ord_in_thread": 0,
    "author": "Яна Лазарева",
    "published": "2025-08-28T07:28:00.000+03:00",
    "title": "Порывы ветра до 35 м/с: группу туристов эвакуировали с маршрута из-за шторма на Курилах | Сахалинская область | ФедералПресс",
    "text": "КУРИЛЬСК, 28 августа, ФедералПресс. Штормовой ветер с порывами до 35 м/с обрушился на Курильские острова, создав чрезвычайную ситуацию. Из-за сложных погодных условий организована эвакуация туристов с опасных маршрутов, повреждены здания и нарушено энергоснабжение. Спасательные службы переведены в режим повышенной готовности.\n«Эвакуировали и разместили в ПВР группу туристов из района Черный камень. Группа была зарегистрирована в областном МЧС и находилась под постоянным контролем. Встретился с очередной группой туристов, которые пережидают непогоду в одном из хозяйственных помещений в Курильске с разрешения собственника. В районе сейчас сильный ветер с порывами до 35 метров в секунду», –[рассказал]в своем телеграм-канале глава Курильского муниципального округа Константин Истомин.\nВ настоящее время энергетики фиксируют нарушения в работе электросетей. До нормализации метеоусловий энергоснабжение будет обеспечиваться резервными источниками, после чего бригады приступят к полномасштабным ремонтным работам.\nКроме того, сильный ветер привел к повреждениям фасадов жилых домов в Курильске и кровли технического сооружения в селе Горное. Ремонтно-восстановительные работы будут начаты немедленно после улучшения погодных условий. Мониторинг гидрологической обстановки осуществляется в круглосуточном режиме.\nРанее в результате мощного циклона, обрушившегося на Сахалинскую область, Невельский район столкнулся с масштабным подтоплением. Наиболее сложная ситуация сложилась в селе Колхозное, где паводковые воды затопили улицы, повредили автомобильный мост и блокировали подъезды к нескольким десяткам домов.\nФото: unsplash.com",
    "highlightText": "",
    "highlightTitle": "",
    "highlightThreadTitle": "",
    "language": "russian",
    "sentiment": "negative",
    "categories": [
        "Weather"
    ],
    "topics": [
        "Weather->weather warning",
        "Weather->weather phenomena"
    ],
    "ai_allow": true,
    "has_canonical": false,
    "breaking": true,
    "webz_reporter": false,
    "external_links": [],
    "external_images": [],
    "internal_images": [],
    "entities": {
        "persons": [],
        "locations": [],
        "organizations": []
    },
    "syndication": {
        "syndicated": null,
        "syndicate_id": null,
        "first_syndicated": false
    },
    "trust": {
        "categories": [],
        "top_news": [
            "top_news_ru",
            "top_news"
        ],
        "bias": null,
        "source": {
            "type": null,
            "city": null,
            "state": null,
            "country": null,
            "domain_type": null,
            "agency": null,
            "organization_name": null
        }
    },
    "rating": null,
    "crawled": "2025-08-28T08:04:45.744+03:00",
    "updated": "2025-08-29T09:08:55.000+03:00"
}