{
    "thread": {
        "uuid": "cba8841fd0023194be64bd4fa8710836e52f9c6f",
        "url": "https://www.lalsace.fr/environnement/2025/08/28/orages-et-pluie-le-var-et-les-bouches-du-rhone-places-en-alerte-orange",
        "site_full": "www.lalsace.fr",
        "site": "lalsace.fr",
        "site_section": "https://www.lalsace.fr/france-monde",
        "site_categories": [
            "media",
            "top_news_fr",
            "top_news"
        ],
        "section_title": "Info France - Monde : actualités, météo, faits divers, culture et sport",
        "site_title": "L'Alsace - toute l'info avec le quotidien l'Alsace",
        "title": "Météo. Orages et pluie : le Var et les Bouches-du-Rhône placés en alerte orange",
        "title_full": "Météo. Orages et pluie : le Var et les Bouches-du-Rhône placés en alerte orange",
        "published": "2025-08-28T08:26:00.000+03:00",
        "replies_count": 0,
        "participants_count": 1,
        "site_type": "news",
        "country": "FR",
        "main_image": "https://cdn-s-www.lalsace.fr/images/A9747D59-6624-4050-BD67-ABF63D8977B3/FB1200/photo-1756358700.jpg",
        "performance_score": 0,
        "domain_rank": 20561,
        "domain_rank_updated": "2025-06-03T00:00:00.000+03:00",
        "licensing_agency": [],
        "social": {
            "facebook": {
                "likes": 0,
                "comments": 0,
                "shares": 0
            },
            "vk": {
                "shares": 0
            }
        }
    },
    "uuid": "cba8841fd0023194be64bd4fa8710836e52f9c6f",
    "url": "https://www.lalsace.fr/environnement/2025/08/28/orages-et-pluie-le-var-et-les-bouches-du-rhone-places-en-alerte-orange",
    "ord_in_thread": 0,
    "author": "La rédaction avec AFP",
    "published": "2025-08-28T08:26:00.000+03:00",
    "title": "Météo. Orages et pluie : le Var et les Bouches-du-Rhône placés en alerte orange",
    "text": "Météo Orages et pluie : le Var et les Bouches-du-Rhône placés en alerte orange\nDes fortes pluies et rafales de vent sont attendus dans les deux départements du Sud-Est, ce jeudi, selon Météo-France.\nMétéo-France a placé les départements du Var et des Bouches-du-Rhône jusqu'à 12h pour de violents orages, a indiqué le prévisionniste jeudi matin.\nDe fortes pluies sont attendues avec des cumuls pouvant atteindre 80 mm en peu de temps et des « rafales de vents de 70 à 80 km/h », détaille Météo-France. Elles pourront être accompagnées de chutes de grêle. Météo-France précise qu'il « n'est pas exclu que de forts orages remontent en soirée sur la Corse », et prévient d'un risque de « violentes rafales » à surveiller.\nMercredi, 28 départements des Pyrénées jusqu'au Bas-Rhin avaient été en vigilance orange pour de violents orages, tandis qu'une quadragénaire est décédée après avoir été atteinte la veille par la chute d'un arbre dans une tempête en Bourgogne.",
    "highlightText": "",
    "highlightTitle": "",
    "highlightThreadTitle": "",
    "language": "french",
    "sentiment": "negative",
    "categories": [
        "Weather",
        "Disaster and Accident",
        "Environment"
    ],
    "topics": [
        "Weather->weather warning",
        "Disaster and Accident->natural disaster",
        "Environment->environmental pollution",
        "Environment->climate change"
    ],
    "ai_allow": true,
    "has_canonical": true,
    "breaking": true,
    "webz_reporter": false,
    "external_links": [],
    "external_images": [],
    "internal_images": [],
    "entities": {
        "persons": [],
        "locations": [],
        "organizations": []
    },
    "syndication": {
        "syndicated": null,
        "syndicate_id": null,
        "first_syndicated": false
    },
    "trust": {
        "categories": [],
        "top_news": [
            "top_news_fr",
            "top_news"
        ],
        "bias": null,
        "source": {
            "type": null,
            "city": null,
            "state": null,
            "country": null,
            "domain_type": null,
            "agency": null,
            "organization_name": null
        }
    },
    "rating": null,
    "crawled": "2025-08-28T08:46:47.665+03:00",
    "updated": "2025-08-28T08:52:59.000+03:00"
}