{
    "thread": {
        "uuid": "060e5efc1352dd3d57ef2710ba6f2be87fb5c653",
        "url": "https://tass.ru/ural-news/24890111",
        "site_full": "tass.ru",
        "site": "tass.ru",
        "site_section": "https://tass.ru/search",
        "site_categories": [
            "media",
            "top_news_ru",
            "top_news"
        ],
        "section_title": "Поиск - ТАСС",
        "site_title": "Новости в России и мире - ТАСС",
        "title": "В Ханты-Мансийске за сутки выпало около четверти месячной нормы осадков",
        "title_full": "В Ханты-Мансийске за сутки выпало около четверти месячной нормы осадков",
        "published": "2025-08-28T06:29:00.000+03:00",
        "replies_count": 0,
        "participants_count": 0,
        "site_type": "news",
        "country": "RU",
        "main_image": "https://cdn-storage-media.tass.ru/thumb/ru/ural-news/24890111?u=2025-08-28T05:29:11.482316",
        "performance_score": 0,
        "domain_rank": 1661,
        "domain_rank_updated": "2025-06-03T00:00:00.000+03:00",
        "licensing_agency": [],
        "social": {
            "facebook": {
                "likes": 0,
                "comments": 0,
                "shares": 0
            },
            "vk": {
                "shares": 0
            }
        }
    },
    "uuid": "060e5efc1352dd3d57ef2710ba6f2be87fb5c653",
    "url": "https://tass.ru/ural-news/24890111",
    "ord_in_thread": 0,
    "author": null,
    "published": "2025-08-28T06:29:00.000+03:00",
    "title": "В Ханты-Мансийске за сутки выпало около четверти месячной нормы осадков",
    "text": "ХАНТЫ-МАНСИЙСК, 28 августа. /ТАСС/. Дожди и сильные дожди прошли в городе Ханты-Мансийске Ханты-Мансийского автономного округа - Югры 27 августа, за сутки выпало около четверти месячной нормы осадков. Об этом сообщили ТАСС в отделе метеопрогнозов Ханты-Мансийского ЦГМС.\nКак передает корреспондент ТАСС, в Ханты-Мансийске в ночь с 26 на 27 августа и утром и в течение дня 27 августа прошли дожди с грозами и ливни, был частично подтоплен ряд дорог, образовались лужи. В настоящее время дожди в городе продолжаются.\n\"За минувший день - с 8 утра до 20 часов вечера - в Ханты-Мансийске выпало 8 мм осадков\", - сказала собеседница агентства.\nПри этом, за утро ночь и утро 27 августа в Ханты-Мансийске выпало 22 мм осадков в ходе дождей, при месячной норме в августе - 84 мм.\nРанее в Югре синоптики сообщали, что в регионе ожидаются переменная облачность, кратковременный дождь, порывы ветра до 15-20 м/с, температура днем - до плюс 25 градусов, местами - до плюс 30 градусов. 27-29 августа в Югре прогнозируются кратковременный, местами сильный дождь, гроза, ветер порывами до 15-18 м/с, температура днем до 26-29 градусов.",
    "highlightText": "",
    "highlightTitle": "",
    "highlightThreadTitle": "",
    "language": "russian",
    "sentiment": "negative",
    "categories": [
        "Weather"
    ],
    "topics": [
        "Weather->weather phenomena",
        "Weather->weather statistic"
    ],
    "ai_allow": true,
    "has_canonical": false,
    "breaking": null,
    "webz_reporter": false,
    "external_links": [],
    "external_images": [],
    "internal_images": [],
    "entities": {
        "persons": [],
        "locations": [],
        "organizations": []
    },
    "syndication": {
        "syndicated": null,
        "syndicate_id": null,
        "first_syndicated": false
    },
    "trust": {
        "categories": [],
        "top_news": [
            "top_news_ru",
            "top_news"
        ],
        "bias": null,
        "source": {
            "type": null,
            "city": null,
            "state": null,
            "country": null,
            "domain_type": null,
            "agency": null,
            "organization_name": null
        }
    },
    "rating": null,
    "crawled": "2025-08-28T08:35:28.706+03:00",
    "updated": "2025-08-28T08:40:35.000+03:00"
}