{
    "thread": {
        "uuid": "1369d1202c2b1f1f8546db81c8592fb17b9faca8",
        "url": "https://www.cnbctv18.com/india/environment/yamuna-river-above-danger-mark-in-delhi-relief-camps-set-up-mayur-vihar-imd-rain-forecast-thunderstorms-19660229.htm",
        "site_full": "www.cnbctv18.com",
        "site": "cnbctv18.com",
        "site_section": "https://www.cnbctv18.com/latest-news",
        "site_categories": [
            "media",
            "financial_news",
            "finance"
        ],
        "section_title": "Latest News: Check Latest Business News, India News &amp; Stock Market Updates | CNBC TV18",
        "site_title": "Today Business News: Read Business News, Live Stock &amp; Share Market News Economy &amp; Finance News, Sensex, and NIFTY Updates | CNBCTV18",
        "title": "Yamuna above danger mark in Delhi, relief camps set up; IMD predicts more rain for 4-5 days",
        "title_full": "Yamuna above danger mark in Delhi, relief camps set up; IMD predicts more rain for 4-5 days",
        "published": "2025-08-28T09:33:00.000+03:00",
        "replies_count": 0,
        "participants_count": 1,
        "site_type": "news",
        "country": "IN",
        "main_image": "https://images.cnbctv18.com/uploads/2025/08/untitled-design-2025-08-28t115434668-2025-08-029656b5e743405c5100e8e11bca5c40.jpg?im=FitAndFill,width=500,height=300",
        "performance_score": 0,
        "domain_rank": 5185,
        "domain_rank_updated": "2025-06-03T00:00:00.000+03:00",
        "licensing_agency": [],
        "social": {
            "facebook": {
                "likes": 0,
                "comments": 0,
                "shares": 0
            },
            "vk": {
                "shares": 0
            }
        }
    },
    "uuid": "1369d1202c2b1f1f8546db81c8592fb17b9faca8",
    "url": "https://www.cnbctv18.com/india/environment/yamuna-river-above-danger-mark-in-delhi-relief-camps-set-up-mayur-vihar-imd-rain-forecast-thunderstorms-19660229.htm",
    "ord_in_thread": 0,
    "author": "@CNBCTV18Live",
    "published": "2025-08-28T09:33:00.000+03:00",
    "title": "Yamuna above danger mark in Delhi, relief camps set up; IMD predicts more rain for 4-5 days",
    "text": "3 Min Read\n(Photo Credit : Yamuna River flows above danger level mark in Delhi on August 28, 2025. A temple submerged as water level continues to rise. (PTI Images) )\nThe water level in the Yamuna River has been increasing continuously due to heavy rains in Delhi, and it crossed the danger mark of 205.33 metres on the night of Wednesday, August 27. Authorities set up relief camps to prepare for potential flood in the city.\nThe water level was recorded at 205.45 m at the Old Railway Bridge on Yamuna River on Thursday, August 28, officials said, reported news agency PTI.\nThe Central Water Commission advised the officials to take necessary action in their respective regions. The flood situation is being monitored continuously, they said.\nThe officials concerned also reasoned that the water level is rising due to \"high volumes of water released from the Wazirabad and Hathnikund barrages every hour,\" as per PTI.\nThe Hathnikund barrage in Haryana is releasing around 36,536 cusecs of water while Wazirabad is releasing 58,290 cusecs of water every hour, according to the flood control department.\nRead more:\nIt normally takes 48-50 hours for the water released from the barrages to reach Delhi.\nFlood relief camps in Mayur Vihar\nThe authorities have ramped up efforts to mitigate the potential flood situation in the city, by setting up relief camps and making people aware about the safety precautions.\nA flood relief camp has been set up in Delhi's Mayur Vihar by the District Magistrate.\n\"These tenants are set up for living... People living inside their homes near the river will come out and live in these tents when the flood comes,\" Ashok, a local resident was quoted as saying by news agency ANI.\nThe people are evacuated from the nearby areas of Yamuna at 206 m mark. The warning mark for the city is 204.5 m, while the danger mark is 205.33 m\nIMD forecasts rains for next 4-5 days\nThe India Meteorological Department (IMD) forecast active monsoon conditions to prevail over Delhi during next four to five days.\nRead more:\nThe IMD Delhi Cente said that the city is likely to witness a generally cloudy sky on August 28 with a possibility of very light to light rain along with thundershowers at a few places towards afternoon or evening.\nThere is a possibility of very light to light rain during subsequent five days, the IMD noted in its weather bulletin.\nThe water level was recorded at 205.45 m at the Old Railway Bridge on Yamuna River on Thursday, August 28, officials said, reported news agency PTI.\nThe Central Water Commission advised the officials to take necessary action in their respective regions. The flood situation is being monitored continuously, they said.\n[#WATCH]| Yamuna river swells and flows above the danger mark in Delhi.\nVisuals from the Old Yamuna Bridge.[pic.twitter.com/OdqMZve99l]\n— ANI (@ANI)[August 28, 2025]\nThe officials concerned also reasoned that the water level is rising due to \"high volumes of water released from the Wazirabad and Hathnikund barrages every hour,\" as per PTI.\nThe Hathnikund barrage in Haryana is releasing around 36,536 cusecs of water while Wazirabad is releasing 58,290 cusecs of water every hour, according to the flood control department.\nRead more:\nJammu and Kashmir sees Sun after three days of heavy rainfall, IMD forecasts moderate showersIt normally takes 48-50 hours for the water released from the barrages to reach Delhi.\n[#WATCH]| Yamuna river swells and flows above the danger mark in Delhi.\nDrone visuals from Loha Pul.[pic.twitter.com/ePoDkHZY8v]\n— ANI (@ANI)[August 28, 2025]\nFlood relief camps in Mayur Vihar\nThe authorities have ramped up efforts to mitigate the potential flood situation in the city, by setting up relief camps and making people aware about the safety precautions.\nA flood relief camp has been set up in Delhi's Mayur Vihar by the District Magistrate.\n[#WATCH]| Flood relief camps have been set up by the District Magistrate (East) in the Mayur Vihar area in Delhi.[pic.twitter.com/w42LEHA1RF]\n— ANI (@ANI)[August 28, 2025]\n\"These tenants are set up for living... People living inside their homes near the river will come out and live in these tents when the flood comes,\" Ashok, a local resident was quoted as saying by news agency ANI.\nThe people are evacuated from the nearby areas of Yamuna at 206 m mark. The warning mark for the city is 204.5 m, while the danger mark is 205.33 m\nIMD forecasts rains for next 4-5 days\nThe India Meteorological Department (IMD) forecast active monsoon conditions to prevail over Delhi during next four to five days.\nRead more:\nIndia can get 25% tariff relief tomorrow if it stops buying Russian oil, says Trump's trade advisorThe IMD Delhi Cente said that the city is likely to witness a generally cloudy sky on August 28 with a possibility of very light to light rain along with thundershowers at a few places towards afternoon or evening.\nThere is a possibility of very light to light rain during subsequent five days, the IMD noted in its weather bulletin.\nCheck out our in-depth",
    "highlightText": "",
    "highlightTitle": "",
    "highlightThreadTitle": "",
    "language": "english",
    "sentiment": "negative",
    "categories": [
        "Weather",
        "Social Issue",
        "Politics"
    ],
    "topics": null,
    "ai_allow": true,
    "has_canonical": false,
    "breaking": false,
    "webz_reporter": false,
    "external_links": [],
    "external_images": [],
    "internal_images": [],
    "entities": {
        "persons": [],
        "locations": [
            {
                "name": "Yamuna",
                "sentiment": "none"
            },
            {
                "name": "Old Railway Bridge",
                "sentiment": "none"
            },
            {
                "name": "Haryana",
                "sentiment": "none"
            }
        ],
        "organizations": [
            {
                "name": "Central Water Commission",
                "sentiment": "none",
                "tickers": [
                    {
                        "ticker": null,
                        "exchange": null
                    }
                ]
            },
            {
                "name": "PTI",
                "sentiment": "none",
                "tickers": [
                    {
                        "ticker": null,
                        "exchange": null
                    }
                ]
            }
        ]
    },
    "syndication": {
        "syndicated": false,
        "syndicate_id": null,
        "first_syndicated": false
    },
    "trust": {
        "categories": [],
        "top_news": [],
        "bias": null,
        "source": {
            "type": null,
            "city": null,
            "state": null,
            "country": null,
            "domain_type": null,
            "agency": null,
            "organization_name": null
        }
    },
    "rating": null,
    "crawled": "2025-08-28T09:38:41.291+03:00",
    "updated": "2025-08-28T09:43:39.000+03:00"
}