{
    "thread": {
        "uuid": "98770a78daacfdadd6a49f80b43901bd195ef22d",
        "url": "https://wapa.pe:443/espectaculos-y-tv/farandula/2025/04/30/papa-tony-succar-llora-desgarradoramente-increible-sorpresa-su-familia-gastan-1082430",
        "site_full": "wapa.pe",
        "site": "wapa.pe",
        "site_section": "https://www.wapa.pe",
        "site_categories": [
            "media",
            "top_news_pe",
            "top_news"
        ],
        "section_title": "Wapa - Noticias en vivo, famosos, TV, horóscopo, novelas, moda y más",
        "site_title": "Wapa - Noticias en vivo, famosos, TV, horóscopo, novelas, moda y más",
        "title": "Papá de Tony Succar llora desgarradoramente con increíble sorpresa de su familia: \"¿Por qué gastan?\"",
        "title_full": "Papá de Tony Succar llora desgarradoramente con increíble sorpresa de su familia: \"¿Por qué gastan?\"",
        "published": "2025-05-01T00:14:00.000+03:00",
        "replies_count": 0,
        "participants_count": 1,
        "site_type": "news",
        "country": "PE",
        "main_image": "https://imgmedia.wapa.pe/1200x630/wapa/original/2025/04/30/6812928c836c72ee9901b7f2.webp",
        "performance_score": 0,
        "domain_rank": 109430,
        "domain_rank_updated": "2025-04-22T00:00:00.000+03:00",
        "licensing_agency": [],
        "social": {
            "facebook": {
                "likes": 0,
                "comments": 0,
                "shares": 0
            },
            "vk": {
                "shares": 0
            }
        }
    },
    "uuid": "98770a78daacfdadd6a49f80b43901bd195ef22d",
    "url": "https://wapa.pe:443/espectaculos-y-tv/farandula/2025/04/30/papa-tony-succar-llora-desgarradoramente-increible-sorpresa-su-familia-gastan-1082430",
    "ord_in_thread": 0,
    "author": "Omar Moller",
    "published": "2025-05-01T00:14:00.000+03:00",
    "title": "Papá de Tony Succar llora desgarradoramente con increíble sorpresa de su familia: \"¿Por qué gastan?\"",
    "text": "Papá de Tony Succar llora desgarradoramente con increíble sorpresa de su familia: “¿Por qué gastan?”\nÚnete al canal de Whatsapp de Wapa\nAntonio Succar, reconocido por ser el padre del músico Tony Succar y esposo de la cantante Mimy Succar, es también considerado el pilar fundamental de su familia. En diversas ocasiones, el exjurado de La Voz Perú ha compartido que su padre trabajó arduamente para sacar adelante a su hogar, llegando incluso a aceptar empleos poco dignos con tal de sostener a los suyos.\nPor su parte, Mimy Succar ha resaltado que su esposo siempre confió en su talento, motivándola constantemente a no abandonar sus sueños.\nRecientemente, Tony Succar compartió un emotivo video en su cuenta de Instagram donde mostró la sorpresa que su familia preparó para su padre. En la publicación, el artista expresó todo su cariño y admiración por él.\n“Cuando un padre ama y se sacrifica tanto por uno, la gratitud es infinita. Nos sentimos tan afortunados de poder regalarle su primer carro nuevo a papá. Que lo disfrutes, pa! Aunque parece que mi mamá ya se adueñó del carro jajajajaja (vean hasta el final).”, escribió Tony.\nEn el video se observa cómo Antonio Succar recibe primero un pequeño obsequio sin imaginar que se trataba de las llaves de un auto nuevo, estacionado justo detrás de él. Al descubrirlo, se mostró profundamente emocionado y, con lágrimas en los ojos, agradeció a sus hijos. Conmovido pero con su característico humor, exclamó: “¿Por qué gastan, oye?”, mientras sus hijos le demostraban su cariño.\n“Te lo mereces, pa. Siempre nos ha dado carro nuevo, menos tú, carro viejo hasta las huev...”, comentó Tony, a lo que Antonio respondió entre risas: “No desprecien mis carros”.\nLuego, Tony le dedicó una carta que había escrito tiempo atrás, en la que le expresaba lo importante que siempre ha sido como padre. Su voz se quebró al leerle que este regalo era una muestra de amor que había querido hacer desde hace mucho.\nAntonio también confesó que, desde que llegó a Estados Unidos hace 33 años, nunca había tenido un auto nuevo, ya que todos sus vehículos habían sido de segunda mano.\nEl momento más divertido llegó cuando toda la familia coincidió en que, seguramente, sería Mimy Succar quien terminaría usando el nuevo carro. Y así fue: al final del video se le ve al volante, cumpliendo lo que todos anticiparon.",
    "highlightText": "",
    "highlightTitle": "",
    "highlightThreadTitle": "",
    "language": "spanish",
    "sentiment": "negative",
    "categories": [
        "Human Interest",
        "Lifestyle and Leisure"
    ],
    "topics": [
        "Human Interest->human mishap",
        "Lifestyle and Leisure->party",
        "Lifestyle and Leisure->mental wellbeing",
        "Lifestyle and Leisure->lifestyle"
    ],
    "ai_allow": true,
    "has_canonical": false,
    "breaking": false,
    "webz_reporter": false,
    "external_links": [
        "https://whatsapp.com/channel/0029Va74JgYIXnlju3agk203",
        "https://www.whatsapp.com/channel/0029Va74JgYIXnlju3agk203"
    ],
    "entities": {
        "persons": [
            {
                "name": "Tony Succar",
                "sentiment": "none"
            },
            {
                "name": "Mimy Succar",
                "sentiment": "none"
            }
        ],
        "locations": [
            {
                "name": "La Voz",
                "sentiment": "none"
            }
        ],
        "organizations": []
    },
    "syndication": {
        "syndicated": null,
        "syndicate_id": null,
        "first_syndicated": false
    },
    "trust": {
        "categories": [],
        "bias": null,
        "source": {
            "type": null,
            "city": null,
            "state": null,
            "country": null,
            "domain_type": null,
            "agency": null,
            "organization_name": null
        }
    },
    "rating": null,
    "crawled": "2025-05-01T01:45:21.777+03:00",
    "updated": "2025-04-30T22:50:50.000+00:00"
}