{
    "thread": {
        "uuid": "560e04ca7d4e8eaf1b5df9079afdeb5a0f12f9f4",
        "url": "https://flipboard.com/topic/mojavedesert/-/a-Gp6SonFISxKK3lzOoLPGIQ%3Aa%3A3199521-%2F0",
        "site_full": "flipboard.com",
        "site": "flipboard.com",
        "site_section": "https://flipboard.com/topic/mojavedesert",
        "site_categories": [
            "family_and_parenting",
            "eldercare"
        ],
        "section_title": "Discover More in Mojave Desert on Flipboard",
        "site_title": "Flipboard: Your Social Magazine",
        "title": "Princess Diana Thought This Suggestion Prince Charles Made Before Their Engagement Was \"Most Improper\" | Flipboard",
        "title_full": "Princess Diana Thought This Suggestion Prince Charles Made Before Their Engagement Was \"Most Improper\" | Flipboard",
        "published": "2025-05-01T00:03:00.000+03:00",
        "replies_count": 0,
        "participants_count": 1,
        "site_type": "news",
        "country": "US",
        "main_image": "https://cdn.mos.cms.futurecdn.net/Z9H3z3ZawB9Rn52Lib8cLo.jpg",
        "performance_score": 0,
        "domain_rank": 1240,
        "domain_rank_updated": "2025-04-22T00:00:00.000+03:00",
        "licensing_agency": [],
        "social": {
            "facebook": {
                "likes": 0,
                "comments": 0,
                "shares": 0
            },
            "vk": {
                "shares": 0
            }
        }
    },
    "uuid": "560e04ca7d4e8eaf1b5df9079afdeb5a0f12f9f4",
    "url": "https://flipboard.com/topic/mojavedesert/-/a-Gp6SonFISxKK3lzOoLPGIQ%3Aa%3A3199521-%2F0",
    "ord_in_thread": 0,
    "author": "Marie Claire - By Kristin Contino",
    "published": "2025-05-01T00:03:00.000+03:00",
    "title": "Princess Diana Thought This Suggestion Prince Charles Made Before Their Engagement Was \"Most Improper\" | Flipboard",
    "text": "Princess Diana Thought This Suggestion Prince Charles Made Before Their Engagement Was \"Most Improper\" *Clutches pearls* Before the bells of St. Paul's Cathedral rang out or a certain sapphire engagement ring was given, Lady Diana Spencer was slowly getting to know Prince Charles. The early stages of their royal courtship were marked by a few polite outings—they met only 13 times before getting …\nMarie Claire - By Kristin Contino • 56m",
    "highlightText": "",
    "highlightTitle": "",
    "highlightThreadTitle": "",
    "language": "english",
    "sentiment": "negative",
    "categories": [
        "Human Interest",
        "Politics",
        "Lifestyle and Leisure"
    ],
    "topics": [
        "Human Interest->royalty",
        "Politics->heads of state",
        "Politics->political candidates",
        "Politics->political development",
        "Lifestyle and Leisure->lifestyle"
    ],
    "ai_allow": true,
    "has_canonical": false,
    "breaking": false,
    "webz_reporter": false,
    "external_links": [],
    "entities": {
        "persons": [
            {
                "name": "Charles",
                "sentiment": "negative"
            },
            {
                "name": "Diana",
                "sentiment": "negative"
            },
            {
                "name": "Kristin Contino",
                "sentiment": "none"
            }
        ],
        "locations": [],
        "organizations": [
            {
                "name": "St. Paul's Cathedral",
                "sentiment": "none",
                "tickers": []
            }
        ]
    },
    "syndication": {
        "syndicated": false,
        "syndicate_id": null,
        "first_syndicated": false
    },
    "trust": {
        "categories": [],
        "bias": null,
        "source": {
            "type": null,
            "city": null,
            "state": null,
            "country": null,
            "domain_type": null,
            "agency": null,
            "organization_name": null
        }
    },
    "rating": null,
    "crawled": "2025-05-01T01:01:39.938+03:00",
    "updated": "2025-04-30T22:06:56.000+00:00"
}