{
    "thread": {
        "uuid": "3693a16fa99c5c60fa486a51fe630fa69b566124",
        "url": "https://www.pnp.ru/in-world/rossiyskie-turisty-stali-rezhe-ezdit-v-turciyu.html",
        "site_full": "www.pnp.ru",
        "site": "pnp.ru",
        "site_section": "https://www.pnp.ru",
        "site_categories": [
            "media",
            "law_government_and_politics",
            "legal_issues"
        ],
        "section_title": "Парламентская газета: Государственная Дума, Совет Федерации, законы | Парламентская газета",
        "site_title": "Парламентская газета: Государственная Дума, Совет Федерации, законы | Парламентская газета",
        "title": "Российские туристы стали реже ездить в Турцию",
        "title_full": "Российские туристы стали реже ездить в Турцию",
        "published": "2025-05-01T00:55:00.000+03:00",
        "replies_count": 0,
        "participants_count": 1,
        "site_type": "news",
        "country": "RU",
        "main_image": "https://www.pnp.ru/upload/entities/2025/05/01/00/article/detailPicture/30/ee/c2/d9/e7c08c32be6f230d4013e5145774e85a.jpg",
        "performance_score": 0,
        "domain_rank": 13555,
        "domain_rank_updated": "2025-04-22T00:00:00.000+03:00",
        "licensing_agency": [],
        "social": {
            "facebook": {
                "likes": 0,
                "comments": 0,
                "shares": 0
            },
            "vk": {
                "shares": 0
            }
        }
    },
    "uuid": "3693a16fa99c5c60fa486a51fe630fa69b566124",
    "url": "https://www.pnp.ru/in-world/rossiyskie-turisty-stali-rezhe-ezdit-v-turciyu.html",
    "ord_in_thread": 0,
    "author": "Руслан Грудцинов",
    "published": "2025-05-01T00:55:00.000+03:00",
    "title": "Российские туристы стали реже ездить в Турцию",
    "text": "Российские туристы стали реже ездить в Турцию\nЧуть более 600 тысяч россиян посетили Турцию в первом квартале 2025 года, что почти на 12 процентов меньше, чем в прошлом году, пишет РИА Новости со ссылкой на турецкое министерство культуры и туризма.\nВ январе страну посетили 203 тысячи россиян, в феврале — более 167 тысяч, в марте — почти 230 тысяч. Таким образом, за первый квартал 2025 года в Турцию прибыло 601 332 россиянина, что на 11,85 процента меньше, чем в первом квартале 2024 года, и на 22,1 процента меньше, чем в 2023 году.\nРоссияне остаются в пятерке лидеров по числу приезжающих в Турцию туристов. По итогам марта они опустились на третье место, пропустив впереди себя граждан Ирана и Германии, а по итогам квартала — на второе место, уступая только иранцам.\nИз стран СНГ в Турцию за первый квартал прибыло на 9,7 процента меньше туристов, чем в прошлом году.\nВ 2024 году Россия стала лидером по числу туристов в Турции, страну посетили более 6,7 миллиона россиян. Абсолютный рекорд россияне установили в 2019 году, когда их приехало в Турцию более 7 миллионов человек.\nНесмотря на снижение числа туристов, доходы Турции от туризма за первый квартал 2025 года достигли рекордных 9,5 миллиарда долларов. Количество иностранных туристов составило более 6,6 миллиона, что на 5 процентов меньше, чем в первом квартале 2024 года.\nЧитайте также:",
    "highlightText": "",
    "highlightTitle": "",
    "highlightThreadTitle": "",
    "language": "russian",
    "sentiment": "negative",
    "categories": [
        "Lifestyle and Leisure",
        "Economy, Business and Finance"
    ],
    "topics": [
        "Lifestyle and Leisure->travel and tourism",
        "Economy, Business and Finance->financial and economic news",
        "Economy, Business and Finance->tourism and leisure industry"
    ],
    "ai_allow": true,
    "has_canonical": false,
    "breaking": false,
    "webz_reporter": false,
    "external_links": [],
    "entities": {
        "persons": [],
        "locations": [],
        "organizations": []
    },
    "syndication": {
        "syndicated": null,
        "syndicate_id": null,
        "first_syndicated": false
    },
    "trust": {
        "categories": [],
        "bias": null,
        "source": {
            "type": null,
            "city": null,
            "state": null,
            "country": null,
            "domain_type": null,
            "agency": null,
            "organization_name": null
        }
    },
    "rating": null,
    "crawled": "2025-05-01T01:01:51.032+03:00",
    "updated": "2025-04-30T22:06:02.000+00:00"
}