{
    "thread": {
        "uuid": "496246b005ec807b375fb636d3776f7e61bc11cd",
        "url": "https://www.primerahora.com/entretenimiento/cine-tv/notas/lupillo-rivera-abandona-la-casa-de-los-famosos-all-stars",
        "site_full": "www.primerahora.com",
        "site": "primerahora.com",
        "site_section": "https://www.primerahora.com/entretenimiento",
        "site_categories": [
            "media",
            "law_government_and_politics",
            "politics"
        ],
        "section_title": "Entretenimiento - Primera Hora",
        "site_title": "Noticias, fotos y videos de Puerto Rico - Primera Hora",
        "title": "Lupillo Rivera abandona \"La casa de los famosos All-Stars\"",
        "title_full": "Lupillo Rivera abandona \"La casa de los famosos All-Stars\"",
        "published": "2025-05-01T02:12:00.000+03:00",
        "replies_count": 0,
        "participants_count": 1,
        "site_type": "news",
        "country": "PR",
        "main_image": "https://www.primerahora.com/resizer/v2/NDDK2J2VPFDHBLG3BEIGAROEIE.jpg?auth=65097ad6e5f45feb76cae289b2215beeaab4c84adee54409c7a8f8db6dc67d4a&amp;quality=75&amp;width=1200&amp;height=717&amp;focal=552%2C213",
        "performance_score": 0,
        "domain_rank": 21807,
        "domain_rank_updated": "2025-04-22T00:00:00.000+03:00",
        "licensing_agency": [],
        "social": {
            "facebook": {
                "likes": 0,
                "comments": 0,
                "shares": 0
            },
            "vk": {
                "shares": 0
            }
        }
    },
    "uuid": "496246b005ec807b375fb636d3776f7e61bc11cd",
    "url": "https://www.primerahora.com/entretenimiento/cine-tv/notas/lupillo-rivera-abandona-la-casa-de-los-famosos-all-stars",
    "ord_in_thread": 0,
    "author": "/autor/primera-hora/",
    "published": "2025-05-01T02:12:00.000+03:00",
    "title": "Lupillo Rivera abandona \"La casa de los famosos All-Stars\"",
    "text": "Lupillo Rivera abandona “La casa de los famosos All-Stars”\nDebido a una situación médica “crítica”.\nPUBLICIDAD\nTras 86 días de convivencia, Lupillo Rivera decidió esta noche abandonar -de manera voluntaria- el reality show “La casa de los famosos All-Stars” de Telemundo.\n“Por una situación médica, una situación crítica, no voy a poder continuar aquí en La casa de los famosos. Me la he pasado bien con ustedes. Me la he pasado mal. Les pido disculpas a cada uno de ustedes... Me encanta este juego, me encanta ganar, me encanta perder, me encanta discutir, me encanta poner las cosas en jaque. Los voy a extrañar mucho, mis amigos y mi cuarto les pido una disculpa. No está a mi alcance, necesito atender esta situación. Simplemente les deseo lo mejor”, manifestó entre lágrimas el llamado “estratega” del reality show.\n“De todo corazón, les digo, que gane el mejor”, concluyó diciendo, para luego despedirse de sus compañeros y salir de la sala.\nMás temprano, la producción del programa había adelantado a través de las redes sociales que un participante abandonaría el reality.\n“¡SE VA UN ALL-STARS! Explotó la bomba y hoy veremos partir a uno de los titanes antes de lo esperado ¿LUPILLO o NIURKA? Uno de ellos dos abandona la casa ¿Qué pasó?”, leía el mensaje publicado en la cuenta oficial de “La Jefa”.\n¡SE VA UN ALL-STARS! Explotó la bomba y hoy veremos partir a uno de los titanes antes de lo esperado ¿LUPILLO o NIURKA? Uno de ellos dos abandona la casa ¿Qué pasó? Los detalles esta noche solo por Telemundo\n— La Jefa (@LaJefaTLMD)[#LcdlfallStars][April 30, 2025]\nHasta esta tarde, 11 habitantes continuaban en el programa compitiendo por el gran premio de $200,000. El pasado lunes, el actor argentino Diego Soldano se convirtió en el más reciente eliminado.\n“La casa de los famosos: All-Stars”, conducido por Jimena Gállego y Javier Poza, se emite de lunes a viernes a las 7:00 p.m. (martes a las 11:30 p.m.) por Telemundo Puerto Rico y domingos a las 7:00 p.m. por Punto 2.",
    "highlightText": "",
    "highlightTitle": "",
    "highlightThreadTitle": "",
    "language": "spanish",
    "sentiment": "negative",
    "categories": [
        "Human Interest",
        "Lifestyle and Leisure"
    ],
    "topics": [
        "Human Interest->human mishap",
        "Lifestyle and Leisure->lifestyle",
        "Lifestyle and Leisure->party"
    ],
    "ai_allow": true,
    "has_canonical": false,
    "breaking": false,
    "webz_reporter": false,
    "external_links": [],
    "entities": {
        "persons": [
            {
                "name": "Lupillo Rivera",
                "sentiment": "negative"
            }
        ],
        "locations": [],
        "organizations": []
    },
    "syndication": {
        "syndicated": null,
        "syndicate_id": null,
        "first_syndicated": false
    },
    "trust": {
        "categories": [],
        "bias": null,
        "source": {
            "type": null,
            "city": null,
            "state": null,
            "country": null,
            "domain_type": null,
            "agency": null,
            "organization_name": null
        }
    },
    "rating": null,
    "crawled": "2025-05-01T04:43:52.410+03:00",
    "updated": "2025-05-01T01:48:07.000+00:00"
}