{
    "thread": {
        "uuid": "96afd707443eb411bfc534aa07bdfbd053b5533c",
        "url": "https://flipboard.com/topic/gillingham/-/a-wRi4xqI6QyamcNyh3cfj-A%3Aa%3A2848079825-%2F0",
        "site_full": "flipboard.com",
        "site": "flipboard.com",
        "site_section": "https://flipboard.com/topic/gillingham",
        "site_categories": [
            "family_and_parenting",
            "eldercare"
        ],
        "section_title": "Discover More in Gillingham on Flipboard",
        "site_title": "Flipboard: Your Social Magazine",
        "title": "Major brewery shuts after 40 years as owner issues statement | Flipboard",
        "title_full": "Major brewery shuts after 40 years as owner issues statement | Flipboard",
        "published": "2025-05-01T00:27:00.000+03:00",
        "replies_count": 0,
        "participants_count": 1,
        "site_type": "news",
        "country": "US",
        "main_image": "https://ic-cdn.flipboard.com/express.co.uk/f96cb31a0b0ca0e416cd4a4c8f9fc6e9b524b846/_medium.jpeg",
        "performance_score": 0,
        "domain_rank": 1240,
        "domain_rank_updated": "2025-04-22T00:00:00.000+03:00",
        "licensing_agency": [],
        "social": {
            "facebook": {
                "likes": 0,
                "comments": 0,
                "shares": 0
            },
            "vk": {
                "shares": 0
            }
        }
    },
    "uuid": "96afd707443eb411bfc534aa07bdfbd053b5533c",
    "url": "https://flipboard.com/topic/gillingham/-/a-wRi4xqI6QyamcNyh3cfj-A%3Aa%3A2848079825-%2F0",
    "ord_in_thread": 0,
    "author": "express.co.uk - Lauran O'Toole",
    "published": "2025-05-01T00:27:00.000+03:00",
    "title": "Major brewery shuts after 40 years as owner issues statement | Flipboard",
    "text": "Major brewery shuts after 40 years as owner issues statement It's the end of an era for a major UK brewery. A major brewery that supplies beers across the country has been forced to close after more than 40 …\nexpress.co.uk - Lauran O'Toole • 1h",
    "highlightText": "",
    "highlightTitle": "",
    "highlightThreadTitle": "",
    "language": "english",
    "sentiment": "negative",
    "categories": [
        "Economy, Business and Finance",
        "Lifestyle and Leisure"
    ],
    "topics": [
        "Economy, Business and Finance->business restructuring",
        "Economy, Business and Finance->corporate news and profiles",
        "Economy, Business and Finance->manufacturing and engineering",
        "Lifestyle and Leisure->organic food",
        "Lifestyle and Leisure->lifestyle"
    ],
    "ai_allow": true,
    "has_canonical": false,
    "breaking": false,
    "webz_reporter": false,
    "external_links": [],
    "entities": {
        "persons": [],
        "locations": [],
        "organizations": []
    },
    "syndication": {
        "syndicated": false,
        "syndicate_id": null,
        "first_syndicated": false
    },
    "trust": {
        "categories": [],
        "bias": null,
        "source": {
            "type": null,
            "city": null,
            "state": null,
            "country": null,
            "domain_type": null,
            "agency": null,
            "organization_name": null
        }
    },
    "rating": null,
    "crawled": "2025-05-01T01:48:12.963+03:00",
    "updated": "2025-04-30T22:50:44.000+00:00"
}