{
    "thread": {
        "uuid": "f75d55151611bc69358a32df4897c96e5291ad5c",
        "url": "https://en.pressbee.net/show3896826.html",
        "site_full": "en.pressbee.net",
        "site": "pressbee.net",
        "site_section": "https://en.pressbee.net/rss.php",
        "site_categories": [],
        "section_title": "PressBee",
        "site_title": null,
        "title": "Olly Murs Reacts to His 'Before & After' Photos Sparking a Viral Debate: 'It's Very Disappointing'",
        "title_full": "Olly Murs Reacts to His 'Before & After' Photos Sparking a Viral Debate: 'It's Very Disappointing'",
        "published": "2025-05-01T03:03:30.305+03:00",
        "replies_count": 0,
        "participants_count": 1,
        "site_type": "news",
        "country": "EG",
        "main_image": "https://www.billboard.com/wp-content/uploads/2025/04/olly-murs-2024-billboard-1548.jpg?w=1024",
        "performance_score": 0,
        "domain_rank": 95507,
        "domain_rank_updated": "2025-04-22T00:00:00.000+03:00",
        "licensing_agency": [],
        "social": {
            "facebook": {
                "likes": 0,
                "comments": 0,
                "shares": 0
            },
            "vk": {
                "shares": 0
            }
        }
    },
    "uuid": "f75d55151611bc69358a32df4897c96e5291ad5c",
    "url": "https://en.pressbee.net/show3896826.html",
    "ord_in_thread": 0,
    "author": "billboard",
    "published": "2025-05-01T03:03:30.305+03:00",
    "title": "Olly Murs Reacts to His 'Before & After' Photos Sparking a Viral Debate: 'It's Very Disappointing'",
    "text": "Following before-and-after photos of Olly Murs‘ fitness journey going viral this week, the British pop star is reacting to what he calls “very disappointing” coverage of his body transformation.\nIt seemingly started when a poll on X (formerly Twitter) asked users if they preferred the “before” or “after” version of Murs’ body, and whether they were male or female. The results showed that the majority of women voters thought the “before” looked better, while men voters chose the “after.”\nAfter days of social-media debate (which seemed to dismiss the fact that only Murs needs to be happy with his own physique), the singer/songwriter and TV host weighed in on the chatter, sharing a photo on Instagram of a Daily Mail headline that read: “Bad luck, Olly! Women prefer your ‘huggable dad bod’ to the muscles you got in the gym.”\n“I wouldn’t normally comment on stuff like this but from what I’ve seen I just want to say that this journey at the start of the year was for many personal reasons and not one of them was to spark a debate and divide opinions,” Murs wrote in the caption. “So it’s very disappointing to see this kind of reporting!”\nHe ended with a message to his supporters and anyone else on their own fitness journey: “Big Love to everyone who’s been kind and to anyone out there improving themselves and making adjustments to their wellbeing. Love to you all, keep it up! ignore the noise!”\nOne of Murs’ fans decided to flip the narrative by providing her own “before & after” moment on X. “Thought I’d do my own Olly Murs comparison post since that’s all that’s on my feed right now… 15 years in the game..5 albums out of 7 went to number 1 and STILL selling out arenas ! you deserve every single bit of success @ollymurs.”\nThe “before” moment she shared was Murs’ audition on season 6 of the U.K.’s X Factor in 2009 — where the then-25-year-old declared his dream of becoming a “pop star” and finished as the runner-up — and the “after” is his Official Charts Company stats, which include five U.K. No. 1 albums and four U.K. No. 1 singles. In the U.S., Murs has scored two Billboard Hot 100 hits, including the top 40 hit “Troublemaker,” featuring Flo Rida, which peaked at No. 25 in 2013 and hit the Pop Airplay top 10.\nIn addition to his music career, Murs has found success as a TV personality, appearing as a coach on The Voice UK from 2018 to 2023.\nFind Murs’ response to the online debate below.\nView this post on Instagram\nA post shared by Olly Murs (@ollymurs)\nthought I’d do my own Olly Murs comparison post since that’s all that’s on my feed right now…15 years in the game..5 albums out of 7 went to number 1 and STILL selling out arenas ! you deserve every single bit of success @ollymurs ?❤️ pic.twitter.com/ALaAgpoAj6\n— antonia✨ (@antonia_704) April 29, 2025 Read More Details\nFinally We wish PressBee provided you with enough information of ( Olly Murs Reacts to His ‘Before & After’ Photos Sparking a Viral Debate: ‘It’s Very Disappointing’ )\nAlso on site :",
    "highlightText": "",
    "highlightTitle": "",
    "highlightThreadTitle": "",
    "language": "english",
    "sentiment": "negative",
    "categories": [
        "Human Interest",
        "Lifestyle and Leisure"
    ],
    "topics": [
        "Human Interest->celebrity",
        "Lifestyle and Leisure->exercise and fitness",
        "Lifestyle and Leisure->wellness"
    ],
    "ai_allow": true,
    "has_canonical": false,
    "breaking": false,
    "webz_reporter": false,
    "external_links": [
        "https://www.billboard.com/music/pop/olly-murs-before-after-photos-online-debate-reaction-1235959605",
        "https://billboard.com/music/pop/olly-murs-before-after-photos-online-debate-reaction-1235959605"
    ],
    "entities": {
        "persons": [
            {
                "name": "Olly Murs",
                "sentiment": "negative"
            }
        ],
        "locations": [],
        "organizations": [
            {
                "name": "Twitter",
                "sentiment": "none",
                "tickers": []
            }
        ]
    },
    "syndication": {
        "syndicated": false,
        "syndicate_id": "f75d55151611bc69358a32df4897c96e5291ad5c",
        "first_syndicated": true
    },
    "trust": {
        "categories": [],
        "bias": null,
        "source": {
            "type": null,
            "city": null,
            "state": null,
            "country": null,
            "domain_type": null,
            "agency": null,
            "organization_name": null
        }
    },
    "rating": null,
    "crawled": "2025-05-01T03:03:30.305+03:00",
    "updated": "2025-05-01T00:07:20.000+00:00"
}