{
    "thread": {
        "uuid": "e9a68dcafbf6c00f67d01b5e86864f160dd5c9ea",
        "url": "https://www.record.com.mx/box/oficial-pelea-de-canelo-vs-scull-no-se-podra-ver-en-mexico",
        "site_full": "www.record.com.mx",
        "site": "record.com.mx",
        "site_section": "https://record.com.mx/contra/danna-vazquez-vs-anahi-la-publirrelacionista-habla-de-la-traicion-de-la-cantante",
        "site_categories": [
            "world_soccer",
            "sports"
        ],
        "section_title": "Danna Vázquez vs Anahí: La publirrelacionista habla de la ‘traición’ de la cantante",
        "site_title": "RÉCORD | El deporte nuestra pasión",
        "title": "¡Oficial! Pelea de Canelo vs Scull no se podrá ver en México",
        "title_full": "¡Oficial! Pelea de Canelo vs Scull no se podrá ver en México",
        "published": "2025-05-01T02:18:00.000+03:00",
        "replies_count": 0,
        "participants_count": 1,
        "site_type": "news",
        "country": "MX",
        "main_image": "https://www.record.com.mx/sites/default/files/articulos/2025/04/30/oficial-pelea-de-canelo-vs-scull-no-se-podra-ver-en-mexico.webp",
        "performance_score": 0,
        "domain_rank": 40733,
        "domain_rank_updated": "2025-04-22T00:00:00.000+03:00",
        "licensing_agency": [],
        "social": {
            "facebook": {
                "likes": 0,
                "comments": 0,
                "shares": 0
            },
            "vk": {
                "shares": 0
            }
        }
    },
    "uuid": "e9a68dcafbf6c00f67d01b5e86864f160dd5c9ea",
    "url": "https://www.record.com.mx/box/oficial-pelea-de-canelo-vs-scull-no-se-podra-ver-en-mexico",
    "ord_in_thread": 0,
    "author": "@record_mexico",
    "published": "2025-05-01T02:18:00.000+03:00",
    "title": "¡Oficial! Pelea de Canelo vs Scull no se podrá ver en México",
    "text": "Siguen las malas noticias para los aficionados de Saúl 'Canelo' Álvarez. A tan solo tres días de su combate ante William Scull en Arabia Saudita, RÉCORD pudo confirmar que la pelea no podrá ser vista en vivo de ninguna forma en territorio mexicano.\nDFP tag: DN_Intext_Center_BTF_1\nAunque cadenas como TV Azteca, ESPN y Televisa transmitirán el combate, lo harán en diferido, con un retraso superior a las dos horas. La única plataforma con derechos globales de transmisión en vivo es DAZN, pero esta misma confirmó a RÉCORD que la función no estará disponible para México. Esto deja a los seguidores del tapatío sin ninguna alternativa para ver la pelea en tiempo real.\nEl golpe es aún más duro considerando que Canelo accedió a pelear a una hora poco usual, las 6:00 de la mañana en Riyadh (21:00 horas de la CDMX), precisamente para favorecer al público de este lado del continente. Sin embargo, no logró asegurar un acuerdo que beneficiara a sus paisanos.\nLos aficionados no solo deberán esperar más de dos horas y media para ver el combate en diferido, sino que ni siquiera cuentan con una opción de pago para acceder a la transmisión en vivo.\nAunque la propia plataforma DAZN publicó una nota asegurando que la pelea estaría disponible en vivo para México, a tan solo tres días del combate, el evento sigue sin aparecer como opción de pago en su servicio. Desde la misma plataforma respondieron a RÉCORD que la transmisión no estará disponible en territorio mexicano.\nDe confirmarse, esta sería la primera ocasión en la que una pelea de Saúl “Canelo” Álvarez no podrá verse en vivo en su propio país, lo que contrasta con el historial del tapatío, quien siempre procuró que sus combates estuvieran al alcance del público mexicano, incluso a través de televisión abierta.\nTAMBIÉN TE PUEDE INTERESAR: CMB entregará cinturón conmemorativo a ganador de Canelo vs Scull",
    "highlightText": "",
    "highlightTitle": "",
    "highlightThreadTitle": "",
    "language": "spanish",
    "sentiment": "negative",
    "categories": [
        "Sport",
        "Lifestyle and Leisure"
    ],
    "topics": [
        "Sport->boxing",
        "Sport->sport event",
        "Lifestyle and Leisure->party",
        "Lifestyle and Leisure->game",
        "Lifestyle and Leisure->leisure"
    ],
    "ai_allow": true,
    "has_canonical": false,
    "breaking": false,
    "webz_reporter": false,
    "external_links": [],
    "entities": {
        "persons": [
            {
                "name": "Álvarez",
                "sentiment": "negative"
            },
            {
                "name": "William Scull",
                "sentiment": "none"
            },
            {
                "name": "Canelo",
                "sentiment": "none"
            }
        ],
        "locations": [
            {
                "name": "Riyadh",
                "sentiment": "none"
            }
        ],
        "organizations": [
            {
                "name": "& TV",
                "sentiment": "none",
                "tickers": [
                    {
                        "ticker": "TV",
                        "exchange": "NYSE"
                    }
                ]
            },
            {
                "name": "ESPN",
                "sentiment": "none",
                "tickers": [
                    {
                        "ticker": "ESPN",
                        "exchange": "CVE"
                    }
                ]
            }
        ]
    },
    "syndication": {
        "syndicated": null,
        "syndicate_id": null,
        "first_syndicated": false
    },
    "trust": {
        "categories": [],
        "bias": null,
        "source": {
            "type": null,
            "city": null,
            "state": null,
            "country": null,
            "domain_type": null,
            "agency": null,
            "organization_name": null
        }
    },
    "rating": null,
    "crawled": "2025-05-01T02:45:44.839+03:00",
    "updated": "2025-04-30T23:51:49.000+00:00"
}