{
    "thread": {
        "uuid": "25c1764850ca853b79afb32c951d6fde99fbfbba",
        "url": "https://forums.somethingawful.com/showthread.php?threadid=4062478&pagenumber=82",
        "site_full": "forums.somethingawful.com",
        "site": "somethingawful.com",
        "site_section": "https://forums.somethingawful.com/forumdisplay.php?forumid=27",
        "site_categories": [],
        "section_title": "VEGETA - The Something Awful Forums",
        "site_title": null,
        "title": "The Officially IK-Sanctioned VTuber Thread - The Something Awful Forums",
        "title_full": "The Officially IK-Sanctioned VTuber Thread - The Something Awful Forums",
        "published": "2025-05-01T04:37:00.000+03:00",
        "replies_count": 2,
        "participants_count": 3,
        "site_type": "news",
        "country": "US",
        "main_image": "https://fi.somethingawful.com/images/logo.png",
        "performance_score": 0,
        "domain_rank": 7696,
        "domain_rank_updated": "2025-04-22T00:00:00.000+03:00",
        "licensing_agency": [],
        "social": {
            "facebook": {
                "likes": 0,
                "comments": 0,
                "shares": 0
            },
            "vk": {
                "shares": 0
            }
        }
    },
    "uuid": "25c1764850ca853b79afb32c951d6fde99fbfbba",
    "url": "https://forums.somethingawful.com/showthread.php?threadid=4062478&pagenumber=82",
    "ord_in_thread": 0,
    "author": "Jen X",
    "published": "2025-05-01T04:37:00.000+03:00",
    "title": "The Officially IK-Sanctioned VTuber Thread - The Something Awful Forums",
    "text": "drat",
    "highlightText": "",
    "highlightTitle": "",
    "highlightThreadTitle": "",
    "language": "english",
    "sentiment": "negative",
    "categories": [
        "Lifestyle and Leisure"
    ],
    "topics": [
        "Lifestyle and Leisure->gaming and lottery",
        "Lifestyle and Leisure->leisure"
    ],
    "ai_allow": true,
    "has_canonical": false,
    "breaking": false,
    "webz_reporter": false,
    "external_links": [],
    "entities": {
        "persons": [],
        "locations": [],
        "organizations": []
    },
    "syndication": {
        "syndicated": false,
        "syndicate_id": null,
        "first_syndicated": false
    },
    "trust": {
        "categories": [],
        "bias": null,
        "source": {
            "type": null,
            "city": null,
            "state": null,
            "country": null,
            "domain_type": null,
            "agency": null,
            "organization_name": null
        }
    },
    "rating": null,
    "crawled": "2025-05-01T04:40:35.734+03:00",
    "updated": "2025-05-01T01:43:47.000+00:00"
}