{
    "thread": {
        "uuid": "1a561f702444a5ffb0e009417b60a985d9d2e1ea",
        "url": "https://www.thegamer.com/assassins-creed-shadows-fans-fatigued-valhalla",
        "site_full": "www.thegamer.com",
        "site": "thegamer.com",
        "site_section": "https://news.google.com/search?q=by%20when%3A1h&hl=en-US&gl=US&ceid=US%3Aen",
        "site_categories": [
            "hobbies_and_interests",
            "video_and_computer_games"
        ],
        "section_title": "Google News - Search",
        "site_title": "TheGamer - The Leading Source for Gaming News, Reviews, and Interviews",
        "title": "Assassin's Creed Shadows Is Following Valhalla's Footsteps By Making Fans Feel Fatigued",
        "title_full": "Assassin's Creed Shadows Is Following Valhalla's Footsteps By Making Fans Feel Fatigued",
        "published": "2025-05-01T04:30:00.000+03:00",
        "replies_count": 0,
        "participants_count": 1,
        "site_type": "news",
        "country": "US",
        "main_image": "https://static1.thegamerimages.com/wordpress/wp-content/uploads/2025/02/assassin-s-creed-shadows-naoe-yasuke-sunset-silhoutte.jpg",
        "performance_score": 0,
        "domain_rank": 5363,
        "domain_rank_updated": "2025-04-22T00:00:00.000+03:00",
        "licensing_agency": [],
        "social": {
            "facebook": {
                "likes": 0,
                "comments": 0,
                "shares": 0
            },
            "vk": {
                "shares": 0
            }
        }
    },
    "uuid": "1a561f702444a5ffb0e009417b60a985d9d2e1ea",
    "url": "https://www.thegamer.com/assassins-creed-shadows-fans-fatigued-valhalla",
    "ord_in_thread": 0,
    "author": "Joshua Robertson",
    "published": "2025-05-01T04:30:00.000+03:00",
    "title": "Assassin's Creed Shadows Is Following Valhalla's Footsteps By Making Fans Feel Fatigued",
    "text": "Summary\n- Assassin's Creed fatigue is starting to set in for Shadows players, with many struggling to make it through the full game.\n- Map clearing, quest overload, and a lack of notable events in the story are once again contributing to the fatigue that is often seen in the series these days.\n- Others recommend turning on guided exploration an instant assassinations, taking breaks, and doing only what you enjoy to combat fatigue.\nAssassin's Creed games are pretty big, and that causes a problem that is almost unique to the series - fatigue. It may be down to the sheer length of Assassin's Creed games, how much there is to do in them, or the checklist-style nature of the modern games in the series running its course long before people roll the final credits.\nThere were some Assassin's Creed fans who hoped that maybe Assassin's Creed Shadows would buck that trend, myself included, but with just over a month gone after the game's release, that classic fatigue is beginning to kick in for a lot of people.\nAssassin's Creed Shadows Is Following Valhalla's Footsteps By Making Fans Feel Fatigued\nA Reddit user called Jymboh is one such person that has been hit with Assassin's Creed fatigue recently, who called it the \"Valhalla syndrome\" and, because of it, claimed they couldn't keep playing Shadows anymore. In their post, they admit that the world was able to \"seduce me and maintain my attention\", but that the map clearing a story had everything feeling \"messy\".\nRelated\nGhost of Yotei Is The Revenge Story Assassin's Creed Shadows Should Have Been\nFrom a single trailer alone, I'm already more invested in Atsu's pursuit of revenge.\nAnother user called ContributionOk7429 describes \"getting fatigued\" in the middle of Act 2, disappointed that \"nothing notable\" happens in that part of the game. Caesar_TP says that the game starts feeling like \"meaningless slop\" to them, mostly down to all the markers and quests thrown at them, and a lot of people are still disappointed that Ubisoft has seemingly stopped making linear stories.\nOther players recommend turning on guided exploration, instant assassinations, and auto QTEs to try and make the game faster and less like a chore, while Garrett_DB urges players to only do what they want to and take breaks to start and curb the fatigue a bit. It's sad to see this happen to another Assassin's Creed game yet again, but it's difficult to expect anything else from Ubisoft these days.\nYour comment has not been saved\nAssassin's Creed Shadows\n-\nOpenCritic Reviews - Top Critic Avg: 82/100 Critics Rec: 83%\n- Released\n- March 20, 2025\n- ESRB\n- Mature 17+ // Blood and Gore, Intense Violence, Language\n- Developer(s)\n- Ubisoft Quebec\n- Publisher(s)\n-\nUbisoft - Engine\n- AnvilNext",
    "highlightText": "",
    "highlightTitle": "",
    "highlightThreadTitle": "",
    "language": "english",
    "sentiment": "negative",
    "categories": [
        "Arts, Culture and Entertainment",
        "Lifestyle and Leisure"
    ],
    "topics": [
        "Arts, Culture and Entertainment->arts and entertainment",
        "Arts, Culture and Entertainment->series",
        "Lifestyle and Leisure->game",
        "Lifestyle and Leisure->leisure",
        "Lifestyle and Leisure->gaming and lottery"
    ],
    "ai_allow": true,
    "has_canonical": false,
    "breaking": true,
    "webz_reporter": false,
    "external_links": [
        "https://opencritic.com/game/16792/assassins-creed-shadows",
        "https://www.opencritic.com/game/16792/assassins-creed-shadows"
    ],
    "entities": {
        "persons": [],
        "locations": [
            {
                "name": "Valhalla",
                "sentiment": "none"
            }
        ],
        "organizations": []
    },
    "syndication": {
        "syndicated": false,
        "syndicate_id": null,
        "first_syndicated": false
    },
    "trust": {
        "categories": [],
        "bias": null,
        "source": {
            "type": null,
            "city": null,
            "state": null,
            "country": null,
            "domain_type": null,
            "agency": null,
            "organization_name": null
        }
    },
    "rating": null,
    "crawled": "2025-05-01T04:39:21.629+03:00",
    "updated": "2025-05-01T01:47:04.000+00:00"
}