{
    "thread": {
        "uuid": "901938a7e3a9c77dbb56acc6f5c3d26cb2614cd1",
        "url": "https://enviroliteracy.org/can-fish-eat-fries",
        "site_full": "enviroliteracy.org",
        "site": "enviroliteracy.org",
        "site_section": "https://www.enviroliteracy.org",
        "site_categories": [],
        "section_title": "The Environmental Literacy Council",
        "site_title": "The Environmental Literacy Council",
        "title": "Can fish eat fries?",
        "title_full": "Can fish eat fries?",
        "published": "2025-05-01T03:40:00.000+03:00",
        "replies_count": 0,
        "participants_count": 1,
        "site_type": "news",
        "country": "US",
        "main_image": "",
        "performance_score": 0,
        "domain_rank": 95266,
        "domain_rank_updated": "2025-04-22T00:00:00.000+03:00",
        "licensing_agency": [],
        "social": {
            "facebook": {
                "likes": 0,
                "comments": 0,
                "shares": 0
            },
            "vk": {
                "shares": 0
            }
        }
    },
    "uuid": "901938a7e3a9c77dbb56acc6f5c3d26cb2614cd1",
    "url": "https://enviroliteracy.org/can-fish-eat-fries",
    "ord_in_thread": 0,
    "author": "Enviroliteracy Team",
    "published": "2025-05-01T03:40:00.000+03:00",
    "title": "Can fish eat fries?",
    "text": "Can Fish Eat Fries? A Deep Dive into Fishy Diets The short answer is no, fish should not eat fries . While a rogue fry might not immediately kill a fish, regularly feeding them fries is detrimental to their health. Fish have specific nutritional needs, and french fries simply don’t meet them. They are high in unhealthy fats, salt, and carbohydrates while lacking the essential vitamins, minerals, and proteins fish need to thrive. Think of it like feeding a human exclusively candy bars – it might provide temporary energy, but it will lead to serious health problems in the long run.\nThe Problem with Fries: A Nutritional Nightmare for Fish Fries are primarily composed of potatoes, which are mostly starch. While some fish, like certain species of plecos, can benefit from small amounts of vegetables, the form and preparation of french fries are the issue. Here’s a breakdown of why fries are bad news for your aquatic friends:\nHigh in Unhealthy Fats: Fries are deep-fried, absorbing a significant amount of oil. This excessive fat can lead to fatty liver disease in fish, hindering their ability to properly metabolize nutrients. Excessive Salt Content: Fish are extremely sensitive to salt levels in their environment. While they need some minerals, fries contain far too much salt, which can disrupt their osmotic balance and lead to organ damage. Lack of Essential Nutrients: Fries offer virtually no vitamins, minerals, or proteins that fish need for growth, development, and immune function. They’re empty calories at best. Digestive Issues: The high starch content and processed nature of fries can be difficult for fish to digest, leading to bloating, constipation, and other digestive problems . Water Quality Degradation: Uneaten fries quickly decompose in the aquarium, releasing harmful ammonia and nitrates into the water. This can create a toxic environment for your fish, leading to illness and even death. Understanding Fish Dietary Needs Fish have diverse dietary needs based on their species. Some are herbivores (plant-eaters), some are carnivores (meat-eaters), and others are omnivores (eating both plants and meat). Providing a balanced diet tailored to the specific needs of your fish is crucial for their health and longevity. Commercial fish foods are formulated to meet these needs, offering a combination of proteins, fats, carbohydrates, vitamins, and minerals.\nBefore offering any unconventional food to your fish, research their specific dietary requirements. Some fish might benefit from small amounts of blanched vegetables like zucchini or cucumber, but even these should be offered in moderation and as a supplement to their regular diet. Learn more about ecosystems with resources from The Environmental Literacy Council .\nWhat To Feed Your Fish Instead of Fries Instead of reaching for the french fries, opt for these healthy alternatives:\nHigh-Quality Flake or Pellet Food: Choose a food specifically formulated for your fish species. Frozen Foods: Brine shrimp, bloodworms, and daphnia are excellent sources of protein and essential nutrients. Thaw them before feeding. Live Foods: Offer a variety of live foods like blackworms, mosquito larvae, or fruit flies (depending on the fish) for a stimulating and nutritious meal. Blanched Vegetables: Some fish enjoy blanched vegetables like zucchini, spinach, or cucumber. Offer them in small quantities and remove any uneaten portions after a few hours. Repashy Gel Food: These gel foods offer a balanced and nutritious diet and are easy to prepare. FAQs: French Fries and Fish 1. Will fish eat french fries? Yes, some fish will eat french fries if offered. However, just because they eat them doesn’t mean it’s good for them. Many fish are opportunistic feeders and will consume anything that seems edible.\n2. Do fish eat potatoes? Certain species of fish, particularly those that graze on algae, may benefit from small amounts of well-cooked potatoes. However, potatoes should never be fried or seasoned.\n3. Can catfish eat french fries? While some anglers use french fries as bait for catfish, it doesn’t mean they’re healthy for them. It’s best to avoid feeding catfish fries.\n4. Can I feed chips to my fish? No, chips are just as bad as fries. They are high in unhealthy fats, salt, and lack essential nutrients.\n5. What do fry eat if I can’t feed them? If you run out of fry-specific food, you can crush flake food into a fine powder or offer microworms. Baby brine shrimp are also an excellent option.\n6. What is a fish’s favorite food? This varies depending on the species. However, live and frozen foods are generally highly palatable and nutritious for many fish.\n7. Can I give my cat a McDonald’s fry? No, you should never feed your cat French fries. They are not a healthy choice and could make your cat feel unwell.\n8. Can fish eat rice? Yes, boiled rice can be a supplemental part of a fish’s diet. It should be soft, well-cooked, and broken down into tiny, manageable pieces.\n9. Can koi fish eat fries? No. Don’t feed koi fish anything high in carbohydrates.\n10. Can animals eat fries? Potatoes fried in oil, such as French fries or potato chips, or potatoes loaded up with butter or salt, are not healthy for pets.\n11. Can fish eat lettuce? Yes, romaine lettuce can be a good supplemental snack for fish.\n12. Will baby fish survive in my tank? Most adult fish will eat babies (fry) within a day or whenever they find them. You’ll have to move them if you wish them to survive and grow to adults.\n13. What can I feed my fish if I run out of food? In the aquarium, hobbyists can provide fresh vegetables like sliced zucchini, cucumber, romaine lettuce, sweet potato, peas, and spinach. These can be attached to the inside wall of the tank using specially designed clips.\n14. How do I know what kind of food my fish needs? Research the specific species of fish you own or plan to own. Understanding their natural diet and habitat will help you choose the appropriate food and provide a healthy environment.\n15. Where can I learn more about fish care and responsible aquarium keeping? Consult reputable online resources, aquarium supply stores, and local aquarium clubs for information and advice. The well being of fish is a reflection of enviroliteracy.org.\nConclusion: Happy Fish, Healthy Fish Ultimately, the best way to ensure the health and well-being of your fish is to provide them with a balanced diet that meets their specific nutritional needs. Avoid feeding them processed foods like french fries, and instead, opt for high-quality commercial fish food, live foods, and blanched vegetables in moderation. By making informed choices about your fish’s diet, you can help them thrive and enjoy a long and healthy life.",
    "highlightText": "",
    "highlightTitle": "",
    "highlightThreadTitle": "",
    "language": "english",
    "sentiment": "negative",
    "categories": [
        "Environment",
        "Lifestyle and Leisure"
    ],
    "topics": [
        "Environment->animal",
        "Lifestyle and Leisure->organic food",
        "Lifestyle and Leisure->lifestyle"
    ],
    "ai_allow": true,
    "has_canonical": false,
    "breaking": false,
    "webz_reporter": false,
    "external_links": [],
    "entities": {
        "persons": [],
        "locations": [],
        "organizations": []
    },
    "syndication": {
        "syndicated": false,
        "syndicate_id": null,
        "first_syndicated": false
    },
    "trust": {
        "categories": [],
        "bias": null,
        "source": {
            "type": null,
            "city": null,
            "state": null,
            "country": null,
            "domain_type": null,
            "agency": null,
            "organization_name": null
        }
    },
    "rating": null,
    "crawled": "2025-05-01T04:37:52.513+03:00",
    "updated": "2025-05-01T01:43:22.000+00:00"
}