{
    "thread": {
        "uuid": "ca70f8c4948f7e74aed3239e9642a13c6fee588b",
        "url": "https://www.zazoom.it/2025-04-30/luca-bizzarri-sono-un-fallimento-dal-punto-di-vista-umano-il-lavoro-e-la-mia-vita/16878968",
        "site_full": "www.zazoom.it",
        "site": "zazoom.it",
        "site_section": "https://www.zazoom.it",
        "site_categories": [
            "media",
            "television",
            "entertainment"
        ],
        "section_title": "Zazoom Social News - Ultime News",
        "site_title": "Zazoom Social News - Ultime News",
        "title": "Luca Bizzarri | Sono un fallimento dal punto di vista umano Il lavoro? È la mia vita",
        "title_full": "Luca Bizzarri | Sono un fallimento dal punto di vista umano Il lavoro? È la mia vita",
        "published": "2025-05-01T01:11:45.335+03:00",
        "replies_count": 0,
        "participants_count": 1,
        "site_type": "news",
        "country": "IT",
        "main_image": "https://images2-gazzanet.gazzettaobjects.it/_bFRw2sNdlrRF5Mt4osyQQI6Vl0=/1200x627/smart/www.golssip.it/assets/uploads/202504/8b5e6eab635f41394a9642a588d2f577.jpg",
        "performance_score": 0,
        "domain_rank": 151655,
        "domain_rank_updated": "2025-04-22T00:00:00.000+03:00",
        "licensing_agency": [],
        "social": {
            "facebook": {
                "likes": 0,
                "comments": 0,
                "shares": 0
            },
            "vk": {
                "shares": 0
            }
        }
    },
    "uuid": "ca70f8c4948f7e74aed3239e9642a13c6fee588b",
    "url": "https://www.zazoom.it/2025-04-30/luca-bizzarri-sono-un-fallimento-dal-punto-di-vista-umano-il-lavoro-e-la-mia-vita/16878968",
    "ord_in_thread": 0,
    "author": "@zazoomblog",
    "published": "2025-05-01T01:11:45.335+03:00",
    "title": "Luca Bizzarri | Sono un fallimento dal punto di vista umano Il lavoro? È la mia vita",
    "text": "Luca Bizzarri | Sono un fallimento dal punto di vista umano Il lavoro? È la mia vita\nGolssip.it\nGolssip.it - Luca Bizzarri: “Sono un fallimento dal punto di vista umano. Il lavoro? È la mia vita”\nAggiornamenti pubblicati da altri media\n“Non ho una compagna, non ho figli né famiglia. Sono un fallimento dal punto di vista umano. Il lavoro? È la mia vita, ho solo quello”: lo sfogo di Luca Bizzarri -\nLuca Bizzarri, protagonista a teatro con “Il medico dei maiali”, ha rilasciato un’intervista a Il Corriere della Sera in cui ha parlato degli esordi della sua carriera e del successo fino all’ossessione che ha sviluppato nei confronti del suo lavoro, a discapito della sfera privata.\nParlando del suo personaggio ne “Il medico dei maiali”, Luca Bizzarri l’ha descritto mitomane: “Un po’ la caratteristica dei nostri tempi. 🔗ilfattoquotidiano.it\nLuca Bizzarri: “Non ho famiglia, sono un fallimento dal punto di vista umano. Il lavoro? È la mia vita” -\n(Adnkronos) – Luca Bizzarri si è lasciato andare ad alcune confessioni sulla sua vita privata. Il comico, protagonista della pièce teatrale 'Il medico dei maiali', ha rilasciato un'intervista al Corriere della Sera in cui ha parlato degli esordi della sua carriera e del successo, arrivato alla fine degli anni '90, fino all'ossessione che ha sviluppato […]\nL'articolo Luca Bizzarri: “Non ho famiglia, sono un fallimento dal punto di vista umano. 🔗.com\nLuca Bizzarri: “Non ho famiglia, sono un fallimento dal punto di vista umano. Il lavoro? È la mia vita” - (Adnkronos) – Luca Bizzarri si è lasciato andare ad alcune confessioni sulla sua vita privata. Il comico, protagonista della pièce teatrale 'Il medico dei maiali', ha rilasciato un'intervista al Corriere della Sera in cui ha parlato degli esordi della sua carriera e del successo, arrivato alla fine degli anni '90, fino all'ossessione che ha sviluppato […] 🔗periodicodaily.com\nCosa riportano altre fonti\nLuca Bizzarri: «Dal punto di vista umano sono un fallimento. Non ho una compagna, non ho figli né famiglia. La mia vita è il mio lavoro; Luca Bizzarri si racconta: dall'ossessione per il lavoro al segreto del successo; Luca Bizzarri: «Umanamente sono un fallimento: non ho figli, né una compagna, né una famiglia. Ho solo il mio; Luca Bizzarri, lo sfogo: Sono un fallimento | .it. 🔗Aggiornamenti pubblicati da altri media\nLuca Bizzarri: «Dal punto di vista umano sono un fallimento. Non ho una compagna, non ho figli né famiglia. La mia vita è il mio lavoro» - Il conduttore e attore si racconta senza filtri: niente figli, nessuna famiglia, solo il lavoro. «Dal punto di vista umano sono un fallimento», dice. Ma proprio lì, nel suo mestiere, ha trovato libert ... 🔗vanityfair.it\nLuca Bizzarri: «Umanamente sono un fallimento: non ho figli, né una compagna, né una famiglia. Ho solo il mio lavoro» - «Ho fatto ciò che era giusto facessi. Adesso mi sento libero». Luca Bizzarri, volto noto della comicità italiana, oggi si guarda alle spalle e tira le somme: la carriera, ... 🔗msn.com\nLuca Bizzarri: «Dal punto di vista umano sono un fallimento, niente figli, niente famiglia, vivo soltanto per il mio lavoro» - «La mia vita è il mio lavoro. Credo sia il motivo per cui sono riuscito ad avere un minimo di successo. La satira? Sono arrivato a un punto in cui sento di poter scegliere». L'attore sarà a Torino con ... 🔗msn.com",
    "highlightText": "",
    "highlightTitle": "",
    "highlightThreadTitle": "",
    "language": "italian",
    "sentiment": "negative",
    "categories": [
        "Human Interest",
        "Lifestyle and Leisure"
    ],
    "topics": [
        "Human Interest->celebrity",
        "Lifestyle and Leisure->lifestyle"
    ],
    "ai_allow": true,
    "has_canonical": false,
    "breaking": false,
    "webz_reporter": false,
    "external_links": [],
    "entities": {
        "persons": [],
        "locations": [],
        "organizations": []
    },
    "syndication": {
        "syndicated": null,
        "syndicate_id": null,
        "first_syndicated": false
    },
    "trust": {
        "categories": [],
        "bias": null,
        "source": {
            "type": null,
            "city": null,
            "state": null,
            "country": null,
            "domain_type": null,
            "agency": null,
            "organization_name": null
        }
    },
    "rating": null,
    "crawled": "2025-05-01T01:11:45.335+03:00",
    "updated": "2025-04-30T22:14:58.000+00:00"
}