{
    "thread": {
        "uuid": "8044e97bc2feef3bf95ba5d4bcbb44b48016e8e5",
        "url": "https://www.bluesnews.com/s/283815/evil-dead-the-game-delisted",
        "site_full": "www.bluesnews.com",
        "site": "bluesnews.com",
        "site_section": "https://bluesnews.com/news/atom.xml",
        "site_categories": [
            "media",
            "hobbies_and_interests",
            "video_and_computer_games"
        ],
        "section_title": "Blue&#39;s News",
        "site_title": "Blue's News - All the carnage that's fit to post!",
        "title": "Evil Dead: The Game Delisted",
        "title_full": "Evil Dead: The Game Delisted",
        "published": "2025-05-01T02:37:00.000+03:00",
        "replies_count": 0,
        "participants_count": 0,
        "site_type": "news",
        "country": "US",
        "main_image": "",
        "performance_score": 0,
        "domain_rank": 41094,
        "domain_rank_updated": "2025-04-22T00:00:00.000+03:00",
        "licensing_agency": [],
        "social": {
            "facebook": {
                "likes": 0,
                "comments": 0,
                "shares": 0
            },
            "vk": {
                "shares": 0
            }
        }
    },
    "uuid": "8044e97bc2feef3bf95ba5d4bcbb44b48016e8e5",
    "url": "https://www.bluesnews.com/s/283815/evil-dead-the-game-delisted",
    "ord_in_thread": 0,
    "author": null,
    "published": "2025-05-01T02:37:00.000+03:00",
    "title": "Evil Dead: The Game Delisted",
    "text": "Evil Dead: The Game is no longer available for purchase for PC, as the\nPvPvE multiplayer game based on the Evil Dead movies and shows is no longer for\nsale on\nSteam, while its Epic\nGames Store Listing is just gone without a trace. Its Epic launch came\nless than three years ago and it\narrived on Steam\nbarely two\nyears ago as a Game of the Year Edition (showing how quickly pride can turn\nto shame). Development on the game\nended\nin 2023, and it seems logical that this news is because a licensing deal\nexpired. And though no longer sold, the game can still be played by those who\nown it already, so it's surprising it was pulled with no advance notice from\nSaber Interactive. A\nterse update offers thanks to players, including \"those who have recently\njoined us,\" while offering no apologies or refunds:\nWe can confirm we've begun the process of removing the game from digital storefronts. Anyone who has purchased the game will still be able to play it as we plan to keep our servers online for everyone.\nWe want to extend a sincere thank you to our community, to those who have been part of the game from the very beginning, and those who have recently joined us. We appreciate all of your support.",
    "highlightText": "",
    "highlightTitle": "",
    "highlightThreadTitle": "",
    "language": "english",
    "sentiment": "negative",
    "categories": [
        "Lifestyle and Leisure",
        "Science and Technology"
    ],
    "topics": [
        "Lifestyle and Leisure->gaming and lottery",
        "Lifestyle and Leisure->game",
        "Science and Technology->technology and engineering",
        "Science and Technology->information technology and computer science"
    ],
    "ai_allow": true,
    "has_canonical": false,
    "breaking": false,
    "webz_reporter": false,
    "external_links": [
        "https://store.epicgames.com/en-US/not-found",
        "https://store.steampowered.com/app/1493750/Evil_Dead_The_Game/",
        "https://store.steampowered.com/news/app/1493750/view/501697399294526021",
        "https://store.steampowered.com/app/1493750/Evil_Dead_The_Game",
        "https://www.store.steampowered.com/news/app/1493750/view/501697399294526021",
        "https://www.store.epicgames.com/en-US/not-found",
        "https://www.store.steampowered.com/app/1493750/Evil_Dead_The_Game/"
    ],
    "entities": {
        "persons": [],
        "locations": [],
        "organizations": []
    },
    "syndication": {
        "syndicated": false,
        "syndicate_id": null,
        "first_syndicated": false
    },
    "trust": {
        "categories": [],
        "bias": null,
        "source": {
            "type": null,
            "city": null,
            "state": null,
            "country": null,
            "domain_type": null,
            "agency": null,
            "organization_name": null
        }
    },
    "rating": null,
    "crawled": "2025-05-01T04:33:59.810+03:00",
    "updated": "2025-05-01T01:36:23.000+00:00"
}