{
    "thread": {
        "uuid": "b7b421d363a588585baa9273ffc0434db1f7224a",
        "url": "https://flipboard.com/topic/sauna/-/a-KDSwP38iSTm7QbR15af7cw%3Aa%3A3785711570-%2F0",
        "site_full": "flipboard.com",
        "site": "flipboard.com",
        "site_section": "https://flipboard.com/topic/sauna",
        "site_categories": [
            "family_and_parenting",
            "eldercare"
        ],
        "section_title": "Discover More in Saunas on Flipboard",
        "site_title": "Flipboard: Your Social Magazine",
        "title": "What Reform gets wrong about Britain | Flipboard",
        "title_full": "What Reform gets wrong about Britain | Flipboard",
        "published": "2025-05-01T02:00:00.000+03:00",
        "replies_count": 0,
        "participants_count": 1,
        "site_type": "news",
        "country": "US",
        "main_image": "https://ic-cdn.flipboard.com/unherd.com/b1d7587ba0e23413cad95384305c40dd760c56ca/_medium.jpeg",
        "performance_score": 0,
        "domain_rank": 1240,
        "domain_rank_updated": "2025-04-22T00:00:00.000+03:00",
        "licensing_agency": [],
        "social": {
            "facebook": {
                "likes": 0,
                "comments": 0,
                "shares": 0
            },
            "vk": {
                "shares": 0
            }
        }
    },
    "uuid": "b7b421d363a588585baa9273ffc0434db1f7224a",
    "url": "https://flipboard.com/topic/sauna/-/a-KDSwP38iSTm7QbR15af7cw%3Aa%3A3785711570-%2F0",
    "ord_in_thread": 0,
    "author": "unherd.com - Chris Clarke",
    "published": "2025-05-01T02:00:00.000+03:00",
    "title": "What Reform gets wrong about Britain | Flipboard",
    "text": "What Reform gets wrong about Britain In 1987, the first gay kiss on EastEnders ‚Äî a mild peck on the forehead ‚Äî led to a furious backlash and calls for censorship. This year, as the …\nunherd.com - Chris Clarke • 45m",
    "highlightText": "",
    "highlightTitle": "",
    "highlightThreadTitle": "",
    "language": "english",
    "sentiment": "negative",
    "categories": [
        "Social Issue",
        "Lifestyle and Leisure"
    ],
    "topics": [
        "Social Issue->lgbtq",
        "Social Issue->social condition",
        "Social Issue->discrimination",
        "Lifestyle and Leisure->lifestyle"
    ],
    "ai_allow": true,
    "has_canonical": false,
    "breaking": false,
    "webz_reporter": false,
    "external_links": [],
    "entities": {
        "persons": [
            {
                "name": "Chris Clarke",
                "sentiment": "none"
            }
        ],
        "locations": [],
        "organizations": []
    },
    "syndication": {
        "syndicated": false,
        "syndicate_id": null,
        "first_syndicated": false
    },
    "trust": {
        "categories": [],
        "bias": null,
        "source": {
            "type": null,
            "city": null,
            "state": null,
            "country": null,
            "domain_type": null,
            "agency": null,
            "organization_name": null
        }
    },
    "rating": null,
    "crawled": "2025-05-01T02:46:09.776+03:00",
    "updated": "2025-04-30T23:53:21.000+00:00"
}