{
    "thread": {
        "uuid": "ed29d553216dc6526b67ed130efa6d9f4dc89ccf",
        "url": "https://article.wn.com/view/2025/07/31/Massive_Institutional_ETH_Purchase_Mysterious_Wallet_Snaps_U/",
        "site_full": "article.wn.com",
        "site": "wn.com",
        "site_section": "https://wn.com/blockchain",
        "site_categories": [
            "media"
        ],
        "section_title": "World News - Blockchain",
        "site_title": "World News",
        "title": "Massive Institutional ETH Purchase: Mysterious Wallet Snaps Up $152M from Galaxy Digital - Worldnews.com",
        "title_full": "Massive Institutional ETH Purchase: Mysterious Wallet Snaps Up $152M from Galaxy Digital - Worldnews.com",
        "published": "2025-07-31T03:00:00.000+03:00",
        "replies_count": 0,
        "participants_count": 0,
        "site_type": "news",
        "country": "US",
        "main_image": "",
        "performance_score": 0,
        "domain_rank": 3835,
        "domain_rank_updated": "2025-06-03T00:00:00.000+03:00",
        "licensing_agency": [],
        "social": {
            "facebook": {
                "likes": 0,
                "comments": 0,
                "shares": 0
            },
            "vk": {
                "shares": 0
            }
        }
    },
    "uuid": "ed29d553216dc6526b67ed130efa6d9f4dc89ccf",
    "url": "https://article.wn.com/view/2025/07/31/Massive_Institutional_ETH_Purchase_Mysterious_Wallet_Snaps_U/",
    "ord_in_thread": 0,
    "author": null,
    "published": "2025-07-31T03:00:00.000+03:00",
    "title": "Massive Institutional ETH Purchase: Mysterious Wallet Snaps Up $152M from Galaxy Digital - Worldnews.com",
    "text": "The cryptocurrency world is buzzing once again, and this time, it’s all about a colossal transaction that has piqued the interest of market observers and enthusiasts alike. Imagine a hidden giant quietly making its move in the digital realm, acquiring a staggering sum of one of the most prominent cryptocurrencies. This is",
    "highlightText": "",
    "highlightTitle": "",
    "highlightThreadTitle": "",
    "language": "english",
    "sentiment": "positive",
    "categories": [
        "Economy, Business and Finance",
        "Science and Technology",
        "Human Interest"
    ],
    "topics": [
        "Economy, Business and Finance->investment and opinion pieces",
        "Economy, Business and Finance->financial service",
        "Economy, Business and Finance->business strategy and marketing",
        "Science and Technology->technology and engineering",
        "Science and Technology->scientific innovation"
    ],
    "ai_allow": true,
    "has_canonical": false,
    "breaking": null,
    "webz_reporter": false,
    "external_links": [],
    "external_images": [],
    "internal_images": [],
    "entities": {
        "persons": [],
        "locations": [],
        "organizations": []
    },
    "syndication": {
        "syndicated": false,
        "syndicate_id": null,
        "first_syndicated": false
    },
    "trust": {
        "categories": [
            "trusted_news"
        ],
        "top_news": [],
        "bias": "center",
        "source": {
            "type": null,
            "city": null,
            "state": null,
            "country": null,
            "domain_type": null,
            "agency": null,
            "organization_name": null
        }
    },
    "rating": null,
    "crawled": "2025-07-31T07:43:10.717+03:00",
    "updated": "2025-07-31T07:46:26.000+03:00"
}