{
    "thread": {
        "uuid": "a64a24a541786c4772f3af8aac1e2bea4361b40b",
        "url": "https://www.elnacional.cat/ca/consum/mes-pantalla-mes-bateria-mes-camera-menys-diners-aixi-es-mobil-esta-convencent-tothom_1461180_102.html",
        "site_full": "www.elnacional.cat",
        "site": "elnacional.cat",
        "site_section": "https://elnacional.cat",
        "site_categories": [
            "travel",
            "national_parks",
            "top_news_es",
            "top_news"
        ],
        "section_title": "El Nacional.cat - Última hora política i econòmica de Catalunya, Espanya i internacional",
        "site_title": "El Nacional.cat - Última hora política i econòmica de Catalunya, Espanya i internacional",
        "title": "Més pantalla, més bateria i més càmera per menys diners: així és el mòbil que està convencent tothom",
        "title_full": "Més pantalla, més bateria i més càmera per menys diners: així és el mòbil que està convencent tothom",
        "published": "2025-07-31T06:30:00.000+03:00",
        "replies_count": 0,
        "participants_count": 1,
        "site_type": "news",
        "country": "ES",
        "main_image": "https://www.elnacional.cat/uploads/s1/53/90/70/72/portada-elnacional-2025-07-30t172753-292-social_elnacional.jpeg",
        "performance_score": 0,
        "domain_rank": 13192,
        "domain_rank_updated": "2025-06-03T00:00:00.000+03:00",
        "licensing_agency": [],
        "social": {
            "facebook": {
                "likes": 0,
                "comments": 0,
                "shares": 0
            },
            "vk": {
                "shares": 0
            }
        }
    },
    "uuid": "a64a24a541786c4772f3af8aac1e2bea4361b40b",
    "url": "https://www.elnacional.cat/ca/consum/mes-pantalla-mes-bateria-mes-camera-menys-diners-aixi-es-mobil-esta-convencent-tothom_1461180_102.html",
    "ord_in_thread": 0,
    "author": "ElNacional.cat",
    "published": "2025-07-31T06:30:00.000+03:00",
    "title": "Més pantalla, més bateria i més càmera per menys diners: així és el mòbil que està convencent tothom",
    "text": "Amb la seva pantalla gran de 6,78 polzades, tres càmeres principals i una bateria de més de 5.000 mAh, aquest dispositiu de Nubia s’està guanyant la confiança de molts usuaris exigents. El model Z60S Pro 5G destaca pel seu rendiment equilibrat, una interfície fluïda i prestacions dignes de la gamma alta, però amb un preu molt més competitiu. Ara mateix el pots aconseguir per 375,99 €, amb una rebaixa gens habitual de 462 € sobre el preu original.\nUn 55% de descompte per un dels mòbils més complets del moment\nEl Nubia Z60S Pro 5G és un dels telèfons intel·ligents més complets dins la seva franja de preu. El seu processador Snapdragon 8 Gen 2 —el mateix que equipen alguns models de gamma alta— garanteix un rendiment potent, amb una gestió molt eficient dels recursos i una fluïdesa impecable tant en jocs com en aplicacions exigents.\nLa pantalla AMOLED de 6,78 polzades i 120 Hz ofereix una experiència visual molt agradable, ideal per veure sèries, jugar o llegir contingut amb una gran qualitat d’imatge. A més, ve equipat amb el sistema MyOS 14, una interfície pròpia de Nubia basada en Android, que destaca per la seva estabilitat i simplicitat.\nAmb un disseny prim i modern, el Z60S Pro també incorpora NFC per fer pagaments sense contacte, reconeixement facial i sensor d’empremta integrat sota la pantalla. És un dispositiu pensat per a usuaris que volen tot en un mòbil: velocitat, autonomia, qualitat de pantalla i bones càmeres, però sense haver de pagar un preu alt.\nIdeal per a qui busca rendiment, càmera i autonomia en un sol dispositiu\nAquest model és perfecte per a persones que fan servir intensament el mòbil durant el dia: feina, continguts audiovisuals, fotografia i xarxes socials. La bateria de 5.100 mAh supera la jornada completa sense problemes, fins i tot amb un ús intens, i es pot carregar de forma ràpida.\nPel que fa a les càmeres, incorpora un sistema triple amb sensors de 50 + 50 + 8 megapíxels, que ofereixen una bona qualitat tant en fotografies de dia com de nit. Fa bones captures amb poca llum, manté els colors naturals i enfoca amb precisió. No és un mòbil pensat per substituir una càmera professional, però sí que és més que suficient per a l’ús quotidià, viatges i contingut per a xarxes.\nTambé val la pena destacar el seu sistema operatiu, amb una gestió neta i fluida, i sense aplicacions innecessàries que sovint trobem en altres marques. Això fa que l’experiència d’ús sigui molt més àgil, sense alentiments ni notificacions intrusives.\nUn preu difícil de repetir per un dispositiu amb característiques de gamma alta\nLa rebaixa actual situa aquest Nubia Z60S Pro 5G en una posició molt atractiva dins el mercat. Ara mateix el pots tenir per 375,99 €, quan el seu preu original era de 838 €. És una diferència de 462 €, que el converteix en una opció realment competitiva si busques un mòbil nou amb prestacions altes.\nNo és habitual trobar un telèfon amb un processador com el Snapdragon 8 Gen 2, pantalla AMOLED de 120 Hz, 5G, triple càmera i bateria de més de 5.000 mAh per menys de 400 €. Per això, molts usuaris l’estan considerant una alternativa intel·ligent a marques més conegudes però molt més cares.\nSigui per renovar un mòbil antic, per tenir un segon terminal amb garanties o per fer un regal ben trobat, aquest dispositiu pot ser una opció molt encertada. Sobretot ara, amb aquesta oferta tan destacada.\nAquest article pot incloure enllaços d’afiliació. Si compres a través d’ells, a ElNacional.cat podríem rebre una petita comissió. Això no afecta el preu que pagues ni condiciona la nostra opinió.",
    "highlightText": "",
    "highlightTitle": "",
    "highlightThreadTitle": "",
    "language": "catalan",
    "sentiment": "positive",
    "categories": [
        "Economy, Business and Finance",
        "Lifestyle and Leisure",
        "Science and Technology"
    ],
    "topics": [
        "Economy, Business and Finance->consumer goods",
        "Economy, Business and Finance->products and services",
        "Lifestyle and Leisure->lifestyle",
        "Science and Technology->technology and engineering",
        "Science and Technology->biomedical science",
        "Science and Technology->scientific innovation"
    ],
    "ai_allow": true,
    "has_canonical": false,
    "breaking": null,
    "webz_reporter": false,
    "external_links": [
        "https://redirect.prd.themonetise.es/short/326a46cc7ba742f0a9e940f8f15f4220?puqs=1",
        "https://www.redirect.prd.themonetise.es/short/326a46cc7ba742f0a9e940f8f15f4220?puqs=1",
        "https://redirect.prd.themonetise.es/short/326a46cc7ba742f0a9e940f8f15f4220"
    ],
    "external_images": [],
    "internal_images": [],
    "entities": {
        "persons": [],
        "locations": [],
        "organizations": []
    },
    "syndication": {
        "syndicated": null,
        "syndicate_id": null,
        "first_syndicated": false
    },
    "trust": {
        "categories": [],
        "top_news": [
            "top_news_es",
            "top_news"
        ],
        "bias": null,
        "source": {
            "type": null,
            "city": null,
            "state": null,
            "country": null,
            "domain_type": null,
            "agency": null,
            "organization_name": null
        }
    },
    "rating": null,
    "crawled": "2025-07-31T07:37:52.776+03:00",
    "updated": "2025-08-01T08:07:00.000+03:00"
}