{
    "thread": {
        "uuid": "0c423dcfb7cb10cecf880dc8da130d2049faf2ae",
        "url": "https://finance.sina.com.cn/money/fund/aiassistant/etfwp/2025-07-31/doc-infiiuaa5972287.shtml",
        "site_full": "finance.sina.com.cn",
        "site": "sina.com.cn",
        "site_section": "https://finance.sina.cn",
        "site_categories": [
            "tech",
            "top_news_hk",
            "top_news_sg",
            "top_news_tw",
            "top_news"
        ],
        "section_title": "新浪财经_金融信息服务商",
        "site_title": null,
        "title": "信息技术ETF（562560）涨0.77%，半日成交额35.01万元|信息技术_新浪财经_新浪网",
        "title_full": "信息技术ETF（562560）涨0.77%，半日成交额35.01万元|信息技术_新浪财经_新浪网",
        "published": "2025-07-31T06:34:00.000+03:00",
        "replies_count": 0,
        "participants_count": 1,
        "site_type": "news",
        "country": "CN",
        "main_image": "",
        "performance_score": 0,
        "domain_rank": 236,
        "domain_rank_updated": "2025-06-03T00:00:00.000+03:00",
        "licensing_agency": [],
        "social": {
            "facebook": {
                "likes": 0,
                "comments": 0,
                "shares": 0
            },
            "vk": {
                "shares": 0
            }
        }
    },
    "uuid": "0c423dcfb7cb10cecf880dc8da130d2049faf2ae",
    "url": "https://finance.sina.com.cn/money/fund/aiassistant/etfwp/2025-07-31/doc-infiiuaa5972287.shtml",
    "ord_in_thread": 0,
    "author": "小浪财讯",
    "published": "2025-07-31T06:34:00.000+03:00",
    "title": "信息技术ETF（562560）涨0.77%，半日成交额35.01万元|信息技术_新浪财经_新浪网",
    "text": "7月31日，截止午间收盘，信息技术ETF（562560）涨0.77%，报1.447元，成交额35.01万元。信息技术ETF（562560）重仓股方面， 立讯精密 截止午盘跌0.77%， 中芯国际 跌0.61%， 京东方A 跌0.49%， 北方华创 跌3.18%， 海光信息 跌0.83%， 寒武纪 涨3.11%， 科大讯飞 涨2.87%， 豪威集团 跌1.48%， 海康威视 跌0.70%， 中科曙光 涨0.38%。\n信息技术ETF（562560）业绩比较基准为中证全指 收益率，管理人为华夏基金管理有限公司，基金经理为鲁亚运，成立（2024-03-27）以来回报为44.03%，近一个月回报为7.04%。\n风险提示：市场有风险，投资需谨慎。本文为AI大模型自动发布，任何在本文出现的信息（包括但不限于个股、评论、预测、图表、指标、理论、任何形式的表述等）均只作为参考，不构成个人投资建议。\nMACD金叉信号形成，这些股涨势不错！",
    "highlightText": "",
    "highlightTitle": "",
    "highlightThreadTitle": "",
    "language": "chinese",
    "sentiment": "positive",
    "categories": [
        "Economy, Business and Finance",
        "Science and Technology",
        "Social Issue"
    ],
    "topics": [
        "Economy, Business and Finance->debt market",
        "Economy, Business and Finance->financial service",
        "Economy, Business and Finance->business reporting and performance",
        "Science and Technology->economics",
        "Science and Technology->technology and engineering",
        "Science and Technology->information technology and computer science",
        "Social Issue->social networking",
        "Social Issue->population and census",
        "Social Issue->social services"
    ],
    "ai_allow": true,
    "has_canonical": false,
    "breaking": null,
    "webz_reporter": false,
    "external_links": [
        "https://finance.sina.cn/app/sfa_macd.shtml?source=pccj",
        "https://www.finance.sina.cn/app/sfa_macd.shtml?source=pccj",
        "https://finance.sina.cn/app/sfa_macd.shtml"
    ],
    "external_images": [],
    "internal_images": [],
    "entities": {
        "persons": [],
        "locations": [],
        "organizations": []
    },
    "syndication": {
        "syndicated": null,
        "syndicate_id": null,
        "first_syndicated": false
    },
    "trust": {
        "categories": [],
        "top_news": [
            "top_news_hk",
            "top_news_sg",
            "top_news_tw",
            "top_news"
        ],
        "bias": null,
        "source": {
            "type": null,
            "city": null,
            "state": null,
            "country": null,
            "domain_type": null,
            "agency": null,
            "organization_name": null
        }
    },
    "rating": null,
    "crawled": "2025-07-31T07:37:15.469+03:00",
    "updated": "2025-08-01T08:08:12.000+03:00"
}