{
    "thread": {
        "uuid": "142b13cbf397af47ce7da21ecd8b8ac0d1a84917",
        "url": "http://news.lznews.cn/health/jkxw/202507/t20250723_16248165.html",
        "site_full": "news.lznews.cn",
        "site": "lznews.cn",
        "site_section": "https://news.lznews.cn/health/jkxw",
        "site_categories": [],
        "section_title": "健康_鲁中网",
        "site_title": null,
        "title": "张店区中医院：自体血穴位疗法--过敏性鼻炎患者的创新治疗选择_ 健康_鲁中网",
        "title_full": "张店区中医院：自体血穴位疗法--过敏性鼻炎患者的创新治疗选择_ 健康_鲁中网",
        "published": "2025-07-23T03:00:00.000+03:00",
        "replies_count": 0,
        "participants_count": 0,
        "site_type": "news",
        "country": "CN",
        "main_image": "",
        "performance_score": 0,
        "domain_rank": 198458,
        "domain_rank_updated": "2025-06-03T00:00:00.000+03:00",
        "licensing_agency": [],
        "social": {
            "facebook": {
                "likes": 0,
                "comments": 0,
                "shares": 0
            },
            "vk": {
                "shares": 0
            }
        }
    },
    "uuid": "142b13cbf397af47ce7da21ecd8b8ac0d1a84917",
    "url": "http://news.lznews.cn/health/jkxw/202507/t20250723_16248165.html",
    "ord_in_thread": 0,
    "author": null,
    "published": "2025-07-23T03:00:00.000+03:00",
    "title": "张店区中医院：自体血穴位疗法--过敏性鼻炎患者的创新治疗选择_ 健康_鲁中网",
    "text": "来源：鲁中网\n2025-07-23 11:10:30\n过敏性鼻炎是一种常见的鼻黏膜慢性炎症性疾病，表现为阵发性喷嚏、清水样鼻涕、鼻痒和鼻塞等症状，严重影响患者的生活质量。传统治疗方法虽有一定效果，但部分患者仍反复发作。针灸康复科近期采用自体血穴位注射疗法治疗顽固性过敏性鼻炎，取得了显著疗效。以下是典型病例分享：\n慢性过敏性鼻炎5年患者\n基本信息：来女士，35岁，过敏性鼻炎病史5年\n主诉：晨起连续打喷嚏10-20个，流大量清水样鼻涕，鼻塞鼻痒，伴眼痒流泪\n治疗方案：\n- 采用自体血穴位注射疗法\n- 方法：抽取患者静脉血5ml，立即注射于相应穴位，每穴注射1.25ml\n- 疗程：隔天1次，5次为一疗程\n治疗效果：\n- 第一次治疗后：晨起喷嚏减少至5-8个，鼻涕量明显减少\n- 第二次治疗后：鼻塞改善，夜间可经鼻呼吸，眼痒症状消失\n- 疗程结束后：症状基本控制，随访3个月仅轻微复发1次，症状较前减轻80%\n患者反馈：\"再也不用每天早晨打喷嚏打到头晕了，包里也不用随时备着纸巾，生活质量大大提高！\"\n治疗优势\n1. 疗效持久：通过调节免疫功能，减少复发，临床研究显示有效率可达70-92.3%\n2. 副作用小：相比长期使用激素或免疫抑制剂更安全\n3. 整体调理：改善过敏体质，而非仅控制症状\n4. 联合治疗：可与中药、针灸等其他中医疗法配合使用\n适宜人群\n1. 过敏性鼻炎反复发作患者\n2. 对常规抗组胺药物治疗效果不佳者\n3. 希望减少药物依赖的患者\n4. 伴有哮喘等其他过敏性疾病患者\n专家提醒：\n自体血穴位疗法作为过敏性鼻炎的辅助治疗手段，对多数患者效果显著，但需注意以下几点：\n1. 治疗前需专业医生评估适应证\n2. 注射后48小时内避免针孔接触水\n3. 治疗期间忌食辛辣刺激食物\n4. 严重凝血功能障碍患者不宜采用此疗法（通讯员 张宁）\n责编：王雨萌\n审核：王陆见\n责编：王陆见",
    "highlightText": "",
    "highlightTitle": "",
    "highlightThreadTitle": "",
    "language": "chinese",
    "sentiment": "positive",
    "categories": [
        "Health",
        "Science and Technology",
        "Human Interest"
    ],
    "topics": [
        "Health->health treatment and procedure",
        "Health->medical condition",
        "Health->therapy",
        "Science and Technology->scientific innovation",
        "Science and Technology->medical research",
        "Science and Technology->biomedical science",
        "Human Interest->ceremony"
    ],
    "ai_allow": true,
    "has_canonical": false,
    "breaking": null,
    "webz_reporter": false,
    "external_links": [],
    "external_images": [],
    "internal_images": [],
    "entities": {
        "persons": [],
        "locations": [],
        "organizations": []
    },
    "syndication": {
        "syndicated": null,
        "syndicate_id": null,
        "first_syndicated": false
    },
    "trust": {
        "categories": [],
        "top_news": [],
        "bias": null,
        "source": {
            "type": null,
            "city": null,
            "state": null,
            "country": null,
            "domain_type": null,
            "agency": null,
            "organization_name": null
        }
    },
    "rating": null,
    "crawled": "2025-07-31T07:46:27.285+03:00",
    "updated": "2025-07-31T07:51:17.000+03:00"
}