{
    "thread": {
        "uuid": "775b2186b35e58d05b07ab3c9efab43b421a6725",
        "url": "https://www.cna.com.tw/news/ait/202507310119.aspx",
        "site_full": "www.cna.com.tw",
        "site": "cna.com.tw",
        "site_section": "https://www.cna.com.tw:443",
        "site_categories": [
            "media",
            "top_news_tw",
            "top_news"
        ],
        "section_title": "\r\n\t中央社 CNA\r\n",
        "site_title": "中央社 CNA",
        "title": "印度與NASA合作 首度發射雷達成像衛星監控天災",
        "title_full": "印度與NASA合作 首度發射雷達成像衛星監控天災",
        "published": "2025-07-31T07:05:00.000+03:00",
        "replies_count": 0,
        "participants_count": 1,
        "site_type": "news",
        "country": "TW",
        "main_image": "https://imgcdn.cna.com.tw/www/images/pic_fb.jpg",
        "performance_score": 0,
        "domain_rank": 9377,
        "domain_rank_updated": "2025-06-03T00:00:00.000+03:00",
        "licensing_agency": [],
        "social": {
            "facebook": {
                "likes": 0,
                "comments": 0,
                "shares": 0
            },
            "vk": {
                "shares": 0
            }
        }
    },
    "uuid": "775b2186b35e58d05b07ab3c9efab43b421a6725",
    "url": "https://www.cna.com.tw/news/ait/202507310119.aspx",
    "ord_in_thread": 0,
    "author": "中央通訊社",
    "published": "2025-07-31T07:05:00.000+03:00",
    "title": "印度與NASA合作 首度發射雷達成像衛星監控天災",
    "text": "印度與NASA合作 首度發射雷達成像衛星監控天災\n2025/7/31 12:05\n（中央社班加羅爾31日綜合外電報導）印度昨天發射一枚與美國國家航空暨太空總署（NASA）合作打造、價值15億美元的雷達成像衛星，藉此提升對氣候變遷與天然災害的全球監測能力。\n路透社報導，NASA和印度太空研究組織（ISRO）首度展開這類合作，攜手研發這枚「合成孔徑雷達」（Synthetic Aperture Radar）衛星。\n一枚中型火箭昨天下午5時40分（台灣時間30日晚間8時10分）從印度達萬太空中心（Satish Dhawan Space Centre）搭載衛星升空，象徵太空合作的重大里程碑，也進一步提升印度在低成本、高效益衛星任務方面的地位。\nNASA和ISRO表示，這是世界第一枚使用兩種雷達頻段，即NASA提供L頻段和ISRO研發S頻段的雷達成像衛星，以追蹤地表細微變化，包括小至1公分的移動。\n這枚衛星大小和重量相當於一輛滿載皮卡車，被部署至距離地表約747公里的近極地太陽同步軌道。\n這枚衛星將透過240公里寬的雷達掃描範圍，每12天對地球進行觀測，為科學家和災害應變機構提供數據資料，以監控從喜馬拉雅山脈冰川退卻到南美洲潛在山崩區等。\n這枚衛星預計將運作至少5年，蒐集到的資料將免費開放給全球使用者，以促進環境研究與災害應變的透明度與可及性。\n印度正致力於躋身全球太空強權之列，近期成功執行「月球飛船三號」（Chandrayaan-3）登月任務，並聚焦於首項載人太空任務加岡揚計畫（Gaganyaan）。\n印度曾表示計劃在2035年前建置自己的太空站，並與其他國家合作，將太空人送上月球，作為拓展其太空商業與科學活動更宏大願景的一環。（譯者：李佩珊/核稿：劉文瑜）1140731\n本網站之文字、圖片及影音，非經授權，不得轉載、公開播送或公開傳輸及利用。",
    "highlightText": "",
    "highlightTitle": "",
    "highlightThreadTitle": "",
    "language": "chinese",
    "sentiment": "positive",
    "categories": [
        "Science and Technology",
        "Environment",
        "Politics"
    ],
    "topics": null,
    "ai_allow": true,
    "has_canonical": false,
    "breaking": true,
    "webz_reporter": false,
    "external_links": [],
    "external_images": [],
    "internal_images": [],
    "entities": {
        "persons": [],
        "locations": [],
        "organizations": []
    },
    "syndication": {
        "syndicated": null,
        "syndicate_id": null,
        "first_syndicated": false
    },
    "trust": {
        "categories": [],
        "top_news": [
            "top_news_tw",
            "top_news"
        ],
        "bias": null,
        "source": {
            "type": null,
            "city": null,
            "state": null,
            "country": null,
            "domain_type": null,
            "agency": null,
            "organization_name": null
        }
    },
    "rating": null,
    "crawled": "2025-07-31T07:36:58.018+03:00",
    "updated": "2025-08-01T08:04:46.000+03:00"
}