{
    "thread": {
        "uuid": "367ca6127e500ac68cd2260f7d0132612ff406a1",
        "url": "https://sg.news.yahoo.com/singapore-fitspo-of-the-week-wendy-yeo-running-first-thing-really-proud-000037098.html",
        "site_full": "sg.news.yahoo.com",
        "site": "yahoo.com",
        "site_section": "https://sg.yahoo.com",
        "site_categories": [
            "media"
        ],
        "section_title": "Yahoo Singapore | News, Finance and Lifestyle",
        "title": "Singapore #Fitspo of the Week: Wendy Yeo",
        "title_full": "Singapore #Fitspo of the Week: Wendy Yeo",
        "published": "2023-12-25T02:00:00.000+02:00",
        "replies_count": 0,
        "participants_count": 1,
        "site_type": "news",
        "country": "US",
        "main_image": "https://s.yimg.com/os/creatr-uploaded-images/2023-12/c7021aa0-a23e-11ee-96ff-9c3b62594275",
        "performance_score": 0,
        "domain_rank": 37,
        "domain_rank_updated": "2023-12-19T12:06:12.000+02:00",
        "reach": null,
        "social": {
            "facebook": {
                "likes": 0,
                "comments": 0,
                "shares": 0
            },
            "gplus": {
                "shares": 0
            },
            "pinterest": {
                "shares": 0
            },
            "linkedin": {
                "shares": 0
            },
            "stumbledupon": {
                "shares": 0
            },
            "vk": {
                "shares": 0
            }
        }
    },
    "uuid": "367ca6127e500ac68cd2260f7d0132612ff406a1",
    "url": "https://sg.news.yahoo.com/singapore-fitspo-of-the-week-wendy-yeo-running-first-thing-really-proud-000037098.html",
    "ord_in_thread": 0,
    "parent_url": null,
    "author": "AFP News",
    "published": "2023-12-25T02:00:00.000+02:00",
    "title": "Singapore #Fitspo of the Week: Wendy Yeo",
    "text": "Fit To Post Sports Singapore #Fitspo of the Week Wendy Yeo: 'Running was the first thing that I ever got to feel really proud of' Be inspired by the success stories of fitness influencers, celebrities, models and trainers in Singapore Read full article Cheryl Tay · Contributor 25 December 2023 at 2:00 am · 10-min read Singapore #Fitspo of the Week Wendy Yeo is a finance admin manager. (PHOTO: Cheryl Tay)\nLife goes beyond the digits on the scale and your body is capable of so much more! Yahoo’s #Fitspo of the Week series is dedicated to inspirational men and women in Singapore leading healthy and active lifestyles. Have someone to recommend? Hit Cheryl up on Instagram or Facebook!\nName: Wendy Yeo ( @angelrun.diary )\nAge: 40+\nHeight: 1.68m\nWeight: 53.5kg\nOccupation: Finance admin manager\nStatus: Married with two daughters\nFood: Since February this year, I started to be more mindful about what I eat as I wanted to have a healthier lifestyle, look and feel better. I track my food macros daily and try to consume more high protein food. I also avoid most processed food if I can. This diet works very well for me so far.\nExercise: I adopt a very disciplined exercise routine for myself. Every week, I run twice, work out in the gym twice and do home workouts twice. I also make sure I clock at least 8,000 to 10,000 steps per day.\nQ: When you were younger, were you active in sports?\nA: I would say I was. I was part of the volleyball school team and also played a lot of ball games like netball and table tennis in secondary school. I hated running when I was younger though.\nWhat did you get into as you got older?\nSince my 30s, I enjoy trying out different kinds of fitness. Besides running, I did Barre, Pilates, boxing and spinning – and I enjoyed all of them.\nCurrently, I go to the gym twice a week and I feel that strength training has really helped me in my running and other areas of my life, so I am sticking to gym workouts for now.\nWendy took up running in order to be healthy enough to take care of her daughters. (PHOTO: Cheryl Tay) How did you get into running?\nI spent a large part of my 20s battling vertigo and weak health. When I had my daughters in my 30s, I decided I need to be healthy in order to take good care of them and be a good role model. So I started looking for exercise to do, like badminton or squash because ball sports were the only things I knew from secondary school. Unfortunately, I couldn’t find any friends to join me.\nFeeling really frustrated one day, I decided to try running because I could do this alone. I put on a very old pair of running shoes and went to the running track near my workplace and ran five rounds around the track. It was the most painful and difficult run I ever did. However, I felt really good about myself.\nStory continues I continued to run even though the first attempt was tough. As time went by, running became easier and I also made friends at the track and also from running clubs. Running friends inspired me to join races in order to motivate me to run more often. I became very motivated as there was a goal to achieve at every race. Running became a platform for me to release my stress, frustration as well as to help me relax.\nYour running journey has taken you to many places.\nI used to do at least one overseas race a year from 2015 to 2019. I had done races in Japan, Taiwan, Malaysia and Hong Kong. If not for the COVID-19 pandemic, I would have gone to Australia for a race in May 2020. Every overseas race brought new memories, giving me different kinds of learning experiences and built me to become a stronger runner and person.\nMy first overseas race in Penang was for a 25km run and I did not study the route well before I signed up. In the end, I needed to run up Penang Hill, with no traffic control on the roads from the organiser. It was a scary and tough experience but completing it before the cutoff time was an achievement to me.\nThen I went on to Hong Kong for a half-marathon during winter. It was my first winter run and I did not know how to prepare for it. I ended up not dressing correctly for the race and I was not prepared for the slopes in Hong Kong either. I did not do well for the race but it was a memorable first winter run for me.\nThe next year I went Taipei for a half-marathon in winter again. I thought I would be more well prepared since I had done a winter run before. Unfortunately, that year there was a drastic change in weather. It was zero degrees on race day, bitter cold and difficult. I managed to complete the race just a few minutes before the cut off time.\nFollowing my desire to run a full marathon overseas, I ventured to Japan next. Nagoya Marathon was my dream as it was a women’s run and the medal was a Tiffany & Co pendant! Unfortunately, halfway through my marathon training, I got badly injured. I had to visit the physiotherapist many times in the lead up to the race. I was so worried that I would not be able to run. But I DID IT and ended up with a completion time way below the cutoff time. The weather was good, the route was great and the supporters from Japan was simply great. It still stirs my heart every time I recall this race. I cried with joy when I reached the end point and received my medal.\nI did another marathon in Kyoto the following year. I simply love running in Japan. The supporters were so amazing and supportive. As we ran past some of the houses, the supporters came out and offered us fruits. I also did another Taipei half-marathon the same year.\nAll the overseas marathons I’ve done are very dear to me and I will hold these memories close to my heart.\nWendy used to go for at least one overseas running event every year from 2015 to 2019. (PHOTO: Cheryl Tay) How has running helped you cope with your personal struggles?\nI struggled a lot growing up, as a person who lacked self-confidence and had low self-esteem. I also found it hard to trust people. All these were due to the bullying experiences I had in primary school as I was a poor student and I had hearing issues. It also did not help that I had a brother who topped his studies and was the pride of my parents.\nThese struggles affected me at work as well, as I often felt I wasn’t good enough and rejected new opportunities. Thus, I was unable to make much progress in the initial years of my career, though I was really a hardworking person. This made me withdraw even more from people as I felt my work was not being appreciated.\nRunning was the first thing that I ever got to feel really proud of myself for, especially upon completion of a race. It was also through running that I started to open up to more people, especially those who run with me. When they slowed down their pace to run with me or waited for me to complete my race, it really touched me a lot.\nI still have these personal struggles from time to time, but I can overcome them much better now. Most of the time, I just try my best to focus on the positive side instead of the negative. It is not easy, but it can be done!\nYou suffered injuries in the last few years that affected your running.\nInitially, I didn’t cope and manage my injury well. As running was so important to me, I continued to run even when I was injured. After each injury, I went to see the physiotherapist and each time I was asked to stay off running for a few weeks. However, I was very impatient. Before making a full recovery, I would go back to running and got injured again.\nThis continued for the next few years until the Circuit Breaker. Due to the COVID-19 pandemic, I ran less and seemed to get better. I thought I had finally recovered, only to find myself injured again during a long run in December 2021.\nThat was kind of the last straw for me and I stopped running altogether after that injury. I did continue to exercise by doing workouts like Pilates and spin. However, I felt myself get weaker and weaker until one day I fell down during a workout and I realised something was not right for me.\nActing on a friend’s advice, I decided to seek professional help and go to the gym for strength training. After I felt stronger from the gym workouts under the eyes of a trainer, I slowly got back to running. I re-started really slow, like a new runner. I ran at a pace of 9 min/km for 3km and gradually moved up. I am happy to say, I am finally able to run pain free and sustain well for much longer distances now.\nWendy used to be too impatient in coming back from running injuries. (PHOTO: Cheryl Tay) What are your goals in running now?\nAs I just got back to running comfortably (without any pain and injuries) in June this year, I am taking it slow and learning to appreciate the incremental progress in my runs. My running goals right now are to complete three half-marathon races this year in top form and condition. I hope to do better and stronger with each race.\nWhen you were younger, did you experience any incidents that made you feel insecure about yourself?\nDuring primary school, there was this girl who always bullied me. She gathered all the classmates in my class to outcast me and they would laugh at my poor academic results and my looks. I was always alone in class and I hated going to school. I was unable to confide in my parents as I would be scolded instead. I felt so insecure and alone as I felt there was no one in this world to go to.\nThings did get better when I went to secondary school and met better classmates and friends. However, when my teacher discovered I was having some hearing issues and an ENT specialist confirmed it, I became even more insecure.\nI viewed life very negatively and I never dared to venture into new opportunities, only staying within very safe boundaries until a much later part of my life.\nWhen did you feel the least confident about yourself?\nI was the least confident when I was in my 20s, when a serious vertigo attack caused my hearing to deteriorate further. At that point, I just attained my degree and thought things were getting better for me. When I lost more of my hearing, I felt like a failure and sank into depression and thought badly of myself.\nIt was only when I completed my first marathon that I became more confident. Running a marathon was tough, but when I adjusted my mindset and gave myself more chance, I achieved a lot of things. So when my then-director gave me an opportunity to work on a new project and it was a big success, I was overjoyed. From then onwards, I always work with a “I can do it” mindset.\nDo you get any comments about your body?\nIn secondary school, my nickname used to be “Olive Oyl”, the girlfriend of Popeye. That was because I was thin and tall like her. I did not mind at first until one day my classmates told me Olive Oyl was flat like a bamboo stick, then I realised that was what they thought about me. Somehow at that point, I was able to ignore the comment and subsequently it was forgotten as I did not react to the comment.\nSingapore #Fitspo of the Week: Wendy Yeo. (PHOTO: Cheryl Tay) TRENDING Otters break into Bukit Timah residence for the second time, kill 10 arowana worth $1,000 each but leave them uneaten Yahoo News Singapore · 2-min read Singapore #Fitspo of the Week Jay Ding: 'I treat my self-doubt as the flu, as I know it will go away' Fit To Post Sports · 9-min read Chinese research vessel heads to Maldives, could concern India Reuters · 2-min read Medvedev into Australian Open quarters, qualifier upsets Azarenka AFP News · 3-min read Strike on busy market kills dozens in Russian-held Donetsk AFP News · 3-min read",
    "highlightText": "",
    "highlightTitle": "",
    "highlightThreadTitle": "",
    "language": "english",
    "sentiment": "positive",
    "categories": [
        "Human Interest",
        "Health",
        "Lifestyle and Leisure"
    ],
    "external_links": [
        "https://www.instagram.com/cheryltaysg",
        "https://www.facebook.com/cheryltaysg",
        "https://cheryltay.sg/",
        "https://s.yimg.com/ny/api/res/1.2/6prekvvOqge1Vhhs4IUFpQ--/YXBwaWQ9aGlnaGxhbmRlcjt3PTgwO2g9ODA-/https://s.yimg.com/os/creatr-uploaded-images/2022-08/5795b420-1945-11ed-bf7f-667afa3a55b0",
        "https://s.yimg.com/ny/api/res/1.2/bAk8HsBdYToX5oA63i9I7Q--/YXBwaWQ9aGlnaGxhbmRlcjt3PTk2MDtoPTY0MA--/https://s.yimg.com/os/creatr-uploaded-images/2023-12/fe4506c0-a23f-11ee-affe-bef27aace428",
        "https://s.yimg.com/os/creatr-uploaded-images/2021-03/ea1b0d00-7deb-11eb-baba-d0cd26098fd0",
        "https://www.instagram.com/angelrun.diary",
        "https://s.yimg.com/uu/api/res/1.2/Rc2Yi3D0ccPODBxy6YJXXA--~B/Zmk9c3RyaW07aD0yMjQ7cT04MDt3PTIyNDthcHBpZD15dGFjaHlvbg--/https://media.zenfs.com/en/afp.com.sg/e619b134e81ae1464167781da3b8d0b6",
        "https://s.yimg.com/ny/api/res/1.2/rj.D4xQkjOVgYGZbhFpDUQ--/YXBwaWQ9aGlnaGxhbmRlcjt3PTk2MDtoPTY0MA--/https://s.yimg.com/os/creatr-uploaded-images/2023-12/c7021aa0-a23e-11ee-96ff-9c3b62594275",
        "https://s.yimg.com/os/creatr-uploaded-images/2023-12/c7021aa0-a23e-11ee-96ff-9c3b62594275",
        "https://s.yimg.com/uu/api/res/1.2/k9ThfgeustaRormy3W.Uzg--~B/Zmk9c3RyaW07aD0yMjQ7cT04MDt3PTIyNDthcHBpZD15dGFjaHlvbg--/https://media.zenfs.com/en/afp.com.sg/7c75ed78aa132167a083b74c94ed5be6",
        "https://www.facebook.com/dialog/feed?app_id=458584288257241&link=https%3A%2F%2Fsg.news.yahoo.com%2Fsingapore-fitspo-of-the-week-wendy-yeo-running-first-thing-really-proud-000037098.html%3Fsoc_src%3Dsocial-sh%26soc_trk%3Dfb%26tsrc%3Dfb",
        "https://s.yimg.com/uu/api/res/1.2/VWV9gHB3Ijxlhby5Imgc1A--~B/Zmk9c3RyaW07aD0yMjQ7cT04MDt3PTIyNDthcHBpZD15dGFjaHlvbg--/https://s.yimg.com/os/creatr-uploaded-images/2023-12/63e00e50-a1fd-11ee-9eeb-94be95ac342b",
        "https://s.yimg.com/uu/api/res/1.2/HTmSZfN3PCXOWVRm02cNnA--~B/Zmk9c3RyaW07aD0yMjQ7cT04MDt3PTIyNDthcHBpZD15dGFjaHlvbg--/https://media.zenfs.com/en/afp.com.sg/077752aa3f7a1707b4902705adce5772",
        "https://s.yimg.com/uu/api/res/1.2/LU7.hGzV1yUyYzv7BE_6HQ--~B/Zmk9c3RyaW07aD0yMjQ7cT04MDt3PTIyNDthcHBpZD15dGFjaHlvbg--/https://media.zenfs.com/en/afp.com.sg/8573d8c7d4b7afea03d5bc1e28ce78b1",
        "https://twitter.com/intent/tweet?text=Singapore%20%23Fitspo%20of%20the%20Week%20Wendy%20Yeo%3A%20",
        "https://s.yimg.com/ny/api/res/1.2/9_mt64HJlCoQpgbb9wBilw--/YXBwaWQ9aGlnaGxhbmRlcjt3PTk2MDtoPTYwNg--/https://s.yimg.com/os/creatr-uploaded-images/2023-12/e71b00d0-a23f-11ee-8d62-1304342a93f5",
        "https://s.yimg.com/ny/api/res/1.2/ciIaSncCaP2N7OU0PQX7_Q--/YXBwaWQ9aGlnaGxhbmRlcjt3PTk2MDtoPTY0MA--/https://s.yimg.com/os/creatr-uploaded-images/2023-12/9940bc60-a23f-11ee-af5a-a245e68f9b3e",
        "https://s.yimg.com/ny/api/res/1.2/roYeRuytdWZy5PVC3QGJNw--/YXBwaWQ9aGlnaGxhbmRlcjt3PTExODtoPTQ4/https://s.yimg.com/os/creatr-uploaded-images/2021-03/ea1b0d00-7deb-11eb-baba-d0cd26098fd0",
        "https://s.yimg.com/ny/api/res/1.2/.lnkSHFr_WKfCLNQ3.RCEw--/YXBwaWQ9aGlnaGxhbmRlcjt3PTk2MDtoPTY0MA--/https://s.yimg.com/os/creatr-uploaded-images/2023-12/041b2030-a23f-11ee-979f-5090835eae02",
        "https://instagram.com/angelrun.diary",
        "https://www.s.yimg.com/ny/api/res/1.2/.lnkSHFr_WKfCLNQ3.RCEw--/YXBwaWQ9aGlnaGxhbmRlcjt3PTk2MDtoPTY0MA--/https://www.s.yimg.com/os/creatr-uploaded-images/2023-12/041b2030-a23f-11ee-979f-5090835eae02",
        "https://facebook.com/dialog/feed?app_id=458584288257241&link=https%3A%2F%2Fsg.news.yahoo.com%2Fsingapore-fitspo-of-the-week-wendy-yeo-running-first-thing-really-proud-000037098.html%3Fsoc_src%3Dsocial-sh%26soc_trk%3Dfb%26tsrc%3Dfb",
        "https://www.s.yimg.com/os/creatr-uploaded-images/2023-12/c7021aa0-a23e-11ee-96ff-9c3b62594275",
        "https://www.s.yimg.com/uu/api/res/1.2/VWV9gHB3Ijxlhby5Imgc1A--~B/Zmk9c3RyaW07aD0yMjQ7cT04MDt3PTIyNDthcHBpZD15dGFjaHlvbg--/https://www.s.yimg.com/os/creatr-uploaded-images/2023-12/63e00e50-a1fd-11ee-9eeb-94be95ac342b",
        "https://facebook.com/cheryltaysg",
        "https://www.twitter.com/intent/tweet?text=Singapore%20%23Fitspo%20of%20the%20Week%20Wendy%20Yeo%3A%20",
        "https://www.s.yimg.com/ny/api/res/1.2/ciIaSncCaP2N7OU0PQX7_Q--/YXBwaWQ9aGlnaGxhbmRlcjt3PTk2MDtoPTY0MA--/https://www.s.yimg.com/os/creatr-uploaded-images/2023-12/9940bc60-a23f-11ee-af5a-a245e68f9b3e",
        "https://www.s.yimg.com/os/creatr-uploaded-images/2021-03/ea1b0d00-7deb-11eb-baba-d0cd26098fd0",
        "https://www.cheryltay.sg/",
        "https://www.s.yimg.com/ny/api/res/1.2/9_mt64HJlCoQpgbb9wBilw--/YXBwaWQ9aGlnaGxhbmRlcjt3PTk2MDtoPTYwNg--/https://www.s.yimg.com/os/creatr-uploaded-images/2023-12/e71b00d0-a23f-11ee-8d62-1304342a93f5",
        "https://twitter.com/intent/tweet",
        "https://www.facebook.com/dialog/feed",
        "https://instagram.com/cheryltaysg",
        "https://www.s.yimg.com/ny/api/res/1.2/roYeRuytdWZy5PVC3QGJNw--/YXBwaWQ9aGlnaGxhbmRlcjt3PTExODtoPTQ4/https://www.s.yimg.com/os/creatr-uploaded-images/2021-03/ea1b0d00-7deb-11eb-baba-d0cd26098fd0",
        "https://www.s.yimg.com/uu/api/res/1.2/HTmSZfN3PCXOWVRm02cNnA--~B/Zmk9c3RyaW07aD0yMjQ7cT04MDt3PTIyNDthcHBpZD15dGFjaHlvbg--/https://www.media.zenfs.com/en/afp.com.sg/077752aa3f7a1707b4902705adce5772",
        "https://www.s.yimg.com/ny/api/res/1.2/6prekvvOqge1Vhhs4IUFpQ--/YXBwaWQ9aGlnaGxhbmRlcjt3PTgwO2g9ODA-/https://www.s.yimg.com/os/creatr-uploaded-images/2022-08/5795b420-1945-11ed-bf7f-667afa3a55b0",
        "https://www.s.yimg.com/ny/api/res/1.2/bAk8HsBdYToX5oA63i9I7Q--/YXBwaWQ9aGlnaGxhbmRlcjt3PTk2MDtoPTY0MA--/https://www.s.yimg.com/os/creatr-uploaded-images/2023-12/fe4506c0-a23f-11ee-affe-bef27aace428",
        "https://www.s.yimg.com/uu/api/res/1.2/Rc2Yi3D0ccPODBxy6YJXXA--~B/Zmk9c3RyaW07aD0yMjQ7cT04MDt3PTIyNDthcHBpZD15dGFjaHlvbg--/https://www.media.zenfs.com/en/afp.com.sg/e619b134e81ae1464167781da3b8d0b6",
        "https://www.s.yimg.com/ny/api/res/1.2/rj.D4xQkjOVgYGZbhFpDUQ--/YXBwaWQ9aGlnaGxhbmRlcjt3PTk2MDtoPTY0MA--/https://www.s.yimg.com/os/creatr-uploaded-images/2023-12/c7021aa0-a23e-11ee-96ff-9c3b62594275",
        "https://www.s.yimg.com/uu/api/res/1.2/LU7.hGzV1yUyYzv7BE_6HQ--~B/Zmk9c3RyaW07aD0yMjQ7cT04MDt3PTIyNDthcHBpZD15dGFjaHlvbg--/https://www.media.zenfs.com/en/afp.com.sg/8573d8c7d4b7afea03d5bc1e28ce78b1",
        "https://www.s.yimg.com/uu/api/res/1.2/k9ThfgeustaRormy3W.Uzg--~B/Zmk9c3RyaW07aD0yMjQ7cT04MDt3PTIyNDthcHBpZD15dGFjaHlvbg--/https://www.media.zenfs.com/en/afp.com.sg/7c75ed78aa132167a083b74c94ed5be6",
        "https://cheryltay.sg"
    ],
    "external_images": [],
    "entities": {
        "persons": [
            {
                "name": "wendy yeo",
                "sentiment": "negative"
            },
            {
                "name": "cheryl",
                "sentiment": "none"
            },
            {
                "name": "cheryl tay",
                "sentiment": "none"
            }
        ],
        "organizations": [],
        "locations": [
            {
                "name": "singapore",
                "sentiment": "none"
            },
            {
                "name": "singapore read",
                "sentiment": "none"
            }
        ]
    },
    "rating": null,
    "crawled": "2023-12-25T03:20:36.161+02:00",
    "updated": "2024-01-23T01:58:39.479+02:00"
}