{
    "thread": {
        "uuid": "50b1f46915fb7691098f5e13268e7337bcadcb6d",
        "url": "https://www.zocalo.com.mx/feliz-navidad-a-coahuila-manolo/",
        "site_full": "www.zocalo.com.mx",
        "site": "zocalo.com.mx",
        "site_section": "https://www.zocalo.com.mx/category/nacional/",
        "site_categories": [
            "non_standard_content",
            "adult"
        ],
        "section_title": "Nacional &#8211; Periódico Zócalo | Noticias de Saltillo, Torreón,  Piedras Negras, Monclova, Acuña",
        "title": "“Feliz Navidad a todos los coahuilenses”: Manolo y su familia envían buenos deseos – Periódico Zócalo | Noticias de Saltillo, Torreón, Piedras Negras, Monclova, Acuña",
        "title_full": "“Feliz Navidad a todos los coahuilenses”: Manolo y su familia envían buenos deseos – Periódico Zócalo | Noticias de Saltillo, Torreón, Piedras Negras, Monclova, Acuña",
        "published": "2023-12-25T01:18:00.000+02:00",
        "replies_count": 0,
        "participants_count": 1,
        "site_type": "news",
        "country": "MX",
        "main_image": "https://www.zocalo.com.mx/wp-content/uploads/2023/12/manolo-5.png",
        "performance_score": 0,
        "domain_rank": 59904,
        "domain_rank_updated": "2023-12-19T12:06:16.000+02:00",
        "reach": null,
        "social": {
            "facebook": {
                "likes": 0,
                "comments": 0,
                "shares": 0
            },
            "gplus": {
                "shares": 0
            },
            "pinterest": {
                "shares": 0
            },
            "linkedin": {
                "shares": 0
            },
            "stumbledupon": {
                "shares": 0
            },
            "vk": {
                "shares": 0
            }
        }
    },
    "uuid": "50b1f46915fb7691098f5e13268e7337bcadcb6d",
    "url": "https://www.zocalo.com.mx/feliz-navidad-a-coahuila-manolo/",
    "ord_in_thread": 0,
    "parent_url": null,
    "author": "Grupo Zócalo",
    "published": "2023-12-25T01:18:00.000+02:00",
    "title": "“Feliz Navidad a todos los coahuilenses”: Manolo y su familia envían buenos deseos – Periódico Zócalo | Noticias de Saltillo, Torreón, Piedras Negras, Monclova, Acuña",
    "text": "Saltillo, Coahuila.- El gobernador Manolo Jiménez Salinas, su esposa Paola Rodríguez López y sus hijos Manolo, Santiago, Catalina y Cordelia desearon a todas las familias coahuilenses que esta Navidad tengan dicha, amor y esperanza, y que la paz que representa esta celebración se mantenga por siempre en los corazones de cada coahuilense.\nA través de un video en redes, el gobernador y su familia se dirigieron a la población coahuilense para desearles una muy Feliz Navidad.\nAdemás, durante la mañana del 24 de diciembre, en vísperas de la Nochebuena, en familia visitaron a las personas adultas mayores del asilo el Ropero del Pobre para convivir con ellas en estas fechas especiales.\nManolo Jiménez señaló que la riqueza y grandeza de Coahuila es gracias al esfuerzo de todas las personas que desde hace muchos años han trabajado por esta tierra bendita, y refrendó su compromiso de velar por todos los sectores de la población, en especial de los más vulnerables, de la mano de su esposa Paola. El gobernador @manolojim , envío un mensaje navideño 🪅 en compañía de su familia a todos los coahuilenses #Saltillo #coahuila\npic.twitter.com/o9wt8zHAcA\n— Periódico Zócalo (@PeriodicoZocalo) December 24, 2023\n“ Gracias por toda esa experiencia y esfuerzo que han dado por Coahuila, ahora nos toca a nosotros apoyarlos, y mi esposa Paola y yo tenemos un gran compromiso con ustedes para retribuirles tantito de lo mucho que nos han dado, también tenemos la responsabilidad de cuidar de nuestras niñas, niños, adolescentes y jóvenes, y vamos a trabajar para que vivan seguros y tengan las oportunidades que se merecen”, dijo.",
    "highlightText": "",
    "highlightTitle": "",
    "highlightThreadTitle": "",
    "language": "spanish",
    "sentiment": "positive",
    "categories": [
        "Lifestyle and Leisure",
        "Health",
        "Human Interest"
    ],
    "external_links": [
        "https://twitter.com/hashtag/Saltillo?src=hash&ref_src=twsrc%5Etfw",
        "https://twitter.com/hashtag/coahuila?src=hash&ref_src=twsrc%5Etfw",
        "https://twitter.com/PeriodicoZocalo/status/1739052033129541857?ref_src=twsrc%5Etfw",
        "https://t.co/o9wt8zHAcA",
        "https://twitter.com/manolojim?ref_src=twsrc%5Etfw",
        "https://twitter.com/hashtag/Saltillo",
        "https://twitter.com/manolojim",
        "https://twitter.com/hashtag/coahuila",
        "https://www.twitter.com/hashtag/Saltillo?src=hash&ref_src=twsrc%5Etfw",
        "https://www.twitter.com/PeriodicoZocalo/status/1739052033129541857?ref_src=twsrc%5Etfw",
        "https://www.t.co/o9wt8zHAcA",
        "https://www.twitter.com/hashtag/coahuila?src=hash&ref_src=twsrc%5Etfw",
        "https://twitter.com/PeriodicoZocalo/status/1739052033129541857",
        "https://www.twitter.com/manolojim?ref_src=twsrc%5Etfw"
    ],
    "external_images": [],
    "entities": {
        "persons": [],
        "organizations": [],
        "locations": []
    },
    "rating": null,
    "crawled": "2023-12-25T02:14:34.705+02:00",
    "updated": "2023-12-25T02:14:34.705+02:00"
}