{
    "thread": {
        "uuid": "c95f59d1131326517ab515bd37d2af4f7345b957",
        "url": "https://finance.yahoo.com/news/veris-limiteds-asx-vrs-fundamentals-010907637.html",
        "site_full": "finance.yahoo.com",
        "site": "yahoo.com",
        "site_section": "https://ca.sports.yahoo.com/rss",
        "site_categories": [
            "investing",
            "financial_news",
            "finance",
            "stocks"
        ],
        "section_title": "Yahoo Canada Sports - Sports News, Scores, Rumours, Fantasy Games, and more",
        "title": "Veris Limited's (ASX:VRS) Fundamentals Look Pretty Strong: Could The Market Be Wrong About The Stock?",
        "title_full": "Veris Limited's (ASX:VRS) Fundamentals Look Pretty Strong: Could The Market Be Wrong About The Stock?",
        "published": "2023-12-25T02:00:00.000+02:00",
        "replies_count": 0,
        "participants_count": 1,
        "site_type": "news",
        "country": "US",
        "main_image": "https://media.zenfs.com/en/simply_wall_st__316/58df37cadd48c6619bbe022c72dae85c",
        "performance_score": 0,
        "domain_rank": 37,
        "domain_rank_updated": "2023-12-19T12:06:12.000+02:00",
        "reach": null,
        "social": {
            "facebook": {
                "likes": 0,
                "comments": 0,
                "shares": 0
            },
            "gplus": {
                "shares": 0
            },
            "pinterest": {
                "shares": 0
            },
            "linkedin": {
                "shares": 0
            },
            "stumbledupon": {
                "shares": 0
            },
            "vk": {
                "shares": 0
            }
        }
    },
    "uuid": "c95f59d1131326517ab515bd37d2af4f7345b957",
    "url": "https://finance.yahoo.com/news/veris-limiteds-asx-vrs-fundamentals-010907637.html",
    "ord_in_thread": 0,
    "parent_url": null,
    "author": "Business Insider",
    "published": "2023-12-25T02:00:00.000+02:00",
    "title": "Veris Limited's (ASX:VRS) Fundamentals Look Pretty Strong: Could The Market Be Wrong About The Stock?",
    "text": "Simply Wall St. Veris Limited's (ASX:VRS) Fundamentals Look Pretty Strong: Could The Market Be Wrong About The Stock? Read full article editorial-team@simplywallst.com (Simply Wall St) December 25, 2023 at 3:09 a.m. · 3 min read It is hard to get excited after looking at Veris' (ASX:VRS) recent performance, when its stock has declined 11% over the past three months. However, the company's fundamentals look pretty decent, and long-term financials are usually aligned with future market price movements. Specifically, we decided to study Veris' ROE in this article.\nROE or return on equity is a useful tool to assess how effectively a company can generate returns on the investment it received from its shareholders. In short, ROE shows the profit each dollar generates with respect to its shareholder investments.\nCheck out our latest analysis for Veris\nHow Do You Calculate Return On Equity? The formula for ROE is:\nReturn on Equity = Net Profit (from continuing operations) ÷ Shareholders' Equity\nSo, based on the above formula, the ROE for Veris is:\n3.7% = AU$1.1m ÷ AU$29m (Based on the trailing twelve months to June 2023).\nThe 'return' is the amount earned after tax over the last twelve months. So, this means that for every A$1 of its shareholder's investments, the company generates a profit of A$0.04.\nWhy Is ROE Important For Earnings Growth? So far, we've learned that ROE is a measure of a company's profitability. Based on how much of its profits the company chooses to reinvest or \"retain\", we are then able to evaluate a company's future ability to generate profits. Generally speaking, other things being equal, firms with a high return on equity and profit retention, have a higher growth rate than firms that don’t share these attributes.\nVeris' Earnings Growth And 3.7% ROE It is quite clear that Veris' ROE is rather low. Even when compared to the industry average of 16%, the ROE figure is pretty disappointing. Despite this, surprisingly, Veris saw an exceptional 50% net income growth over the past five years. Therefore, there could be other reasons behind this growth. For instance, the company has a low payout ratio or is being managed efficiently.\nWe then compared Veris' net income growth with the industry and we're pleased to see that the company's growth figure is higher when compared with the industry which has a growth rate of 8.7% in the same 5-year period.\nStory continues ASX:VRS Past Earnings Growth December 25th 2023 Earnings growth is an important metric to consider when valuing a stock. It’s important for an investor to know whether the market has priced in the company's expected earnings growth (or decline). Doing so will help them establish if the stock's future looks promising or ominous. One good indicator of expected earnings growth is the P/E ratio which determines the price the market is willing to pay for a stock based on its earnings prospects. So, you may want to check if Veris is trading on a high P/E or a low P/E, relative to its industry.\nIs Veris Making Efficient Use Of Its Profits? Veris has a significant three-year median payout ratio of 73%, meaning the company only retains 27% of its income. This implies that the company has been able to achieve high earnings growth despite returning most of its profits to shareholders.\nBesides, Veris has been paying dividends over a period of seven years. This shows that the company is committed to sharing profits with its shareholders.\nSummary Overall, we feel that Veris certainly does have some positive factors to consider. Namely, its high earnings growth. We do however feel that the earnings growth number could have been even higher, had the company been reinvesting more of its earnings and paid out less dividends. Up till now, we've only made a short study of the company's growth data. To gain further insights into Veris' past profit growth, check out this visualization of past earnings, revenue and cash flows.\nHave feedback on this article? Concerned about the content? Get in touch with us directly. Alternatively, email editorial-team (at) simplywallst.com.\nThis article by Simply Wall St is general in nature. We provide commentary based on historical data and analyst forecasts only using an unbiased methodology and our articles are not intended to be financial advice. It does not constitute a recommendation to buy or sell any stock, and does not take account of your objectives, or your financial situation. We aim to bring you long-term focused analysis driven by fundamental data. Note that our analysis may not factor in the latest price-sensitive company announcements or qualitative material. Simply Wall St has no position in any stocks mentioned.\nTRENDING 1. The Sad Truth About Claiming CPP Benefits at Age 60 2. Avoiding Dividend Traps: Tips for Canadian Investors 3. Inflation and interest rates to drive housing market direction in 2024, say industry veterans 4. More Canadians to feel pinch of high rates in 2024, making way for lower inflation 5. The Top Stock I’d Buy With $10,000 Right Now",
    "highlightText": "",
    "highlightTitle": "",
    "highlightThreadTitle": "",
    "language": "english",
    "sentiment": "positive",
    "categories": [
        "Health",
        "Science and Technology",
        "Economy, Business and Finance"
    ],
    "external_links": [
        "https://media.zenfs.com/en/simply_wall_st__316/58df37cadd48c6619bbe022c72dae85c",
        "https://s.yimg.com/os/creatr-uploaded-images/2021-03/7d6207c0-7d34-11eb-bbee-858baefb8682",
        "https://feedback.simplywall.st/article/MjgwMzc1OTozYzljNWFmMDY2MjUzNTBi",
        "https://s.yimg.com/ny/api/res/1.2/jjGhj5cf2i7IrvH2GrwJtQ--/YXBwaWQ9aGlnaGxhbmRlcjt3PTk2MDtoPTM5MQ--/https://media.zenfs.com/en/simply_wall_st__316/d585473a03eff60c7adebafc7b1b81b4",
        "https://simplywall.st/",
        "https://s.yimg.com/ny/api/res/1.2/NUA2o3431PKjKDe430Ho5A--/YXBwaWQ9aGlnaGxhbmRlcjt3PTIwODtoPTQ4/https://s.yimg.com/os/creatr-uploaded-images/2021-03/7d6207c0-7d34-11eb-bbee-858baefb8682",
        "https://www.simplywall.st/",
        "https://www.s.yimg.com/os/creatr-uploaded-images/2021-03/7d6207c0-7d34-11eb-bbee-858baefb8682",
        "https://www.s.yimg.com/ny/api/res/1.2/jjGhj5cf2i7IrvH2GrwJtQ--/YXBwaWQ9aGlnaGxhbmRlcjt3PTk2MDtoPTM5MQ--/https://www.media.zenfs.com/en/simply_wall_st__316/d585473a03eff60c7adebafc7b1b81b4",
        "https://www.feedback.simplywall.st/article/MjgwMzc1OTozYzljNWFmMDY2MjUzNTBi",
        "https://www.s.yimg.com/ny/api/res/1.2/NUA2o3431PKjKDe430Ho5A--/YXBwaWQ9aGlnaGxhbmRlcjt3PTIwODtoPTQ4/https://www.s.yimg.com/os/creatr-uploaded-images/2021-03/7d6207c0-7d34-11eb-bbee-858baefb8682",
        "https://www.media.zenfs.com/en/simply_wall_st__316/58df37cadd48c6619bbe022c72dae85c",
        "https://simplywall.st"
    ],
    "external_images": [],
    "entities": {
        "persons": [
            {
                "name": "veris",
                "sentiment": "none"
            }
        ],
        "organizations": [
            {
                "name": "veris limited",
                "sentiment": "negative"
            },
            {
                "name": "vrs",
                "sentiment": "negative"
            },
            {
                "name": "simply wall st. veris limited",
                "sentiment": "negative"
            },
            {
                "name": "asx",
                "sentiment": "none"
            },
            {
                "name": "roe",
                "sentiment": "none"
            }
        ],
        "locations": []
    },
    "rating": null,
    "crawled": "2023-12-25T03:30:37.091+02:00",
    "updated": "2023-12-25T03:30:37.091+02:00"
}