{
    "thread": {
        "uuid": "b59a7c00a7b8f0bcfd48302abac89dace85d9157",
        "url": "https://cnnespanol.cnn.com/2023/12/24/mujer-dos-uteros-embarazada-gemelos-trax/",
        "site_full": "cnnespanol.cnn.com",
        "site": "cnn.com",
        "site_section": "http://news.google.com/news?cf=all&ned=es&hl=es&topic=t&source=uds&output=rss",
        "site_categories": [
            "media"
        ],
        "section_title": "Noticias destacadas - Google Noticias",
        "title": "Mujer que estaba embarazada en cada uno de sus dos úteros da a luz a gemelas - CNN en Español",
        "title_full": "Mujer que estaba embarazada en cada uno de sus dos úteros da a luz a gemelas - CNN en Español",
        "published": "2023-12-24T23:13:00.000+02:00",
        "replies_count": 0,
        "participants_count": 1,
        "site_type": "news",
        "country": "US",
        "main_image": "https://cnnespanol.cnn.com/wp-content/uploads/2023/12/mujerdosuterosgemelasnacen.jpg?quality=100&strip=info",
        "performance_score": 0,
        "domain_rank": 75,
        "domain_rank_updated": "2023-12-19T12:06:12.000+02:00",
        "reach": null,
        "social": {
            "facebook": {
                "likes": 79,
                "comments": 1,
                "shares": 8
            },
            "gplus": {
                "shares": 0
            },
            "pinterest": {
                "shares": 0
            },
            "linkedin": {
                "shares": 0
            },
            "stumbledupon": {
                "shares": 0
            },
            "vk": {
                "shares": 0
            }
        }
    },
    "uuid": "b59a7c00a7b8f0bcfd48302abac89dace85d9157",
    "url": "https://cnnespanol.cnn.com/2023/12/24/mujer-dos-uteros-embarazada-gemelos-trax/",
    "ord_in_thread": 0,
    "parent_url": null,
    "author": "CNNEE",
    "published": "2023-12-24T23:13:00.000+02:00",
    "title": "Mujer que estaba embarazada en cada uno de sus dos úteros da a luz a gemelas - CNN en Español",
    "text": "Noticias de salud\nMujer que estaba embarazada en cada uno de sus dos úteros da a luz a gemelas\n(CNN) -- Una mujer de Alabama que tiene dos úteros (una extraña condición) dio a luz a gemelos después de quedar embarazada a principios de este año en ambos úteros.\nDespués de 20 horas combinadas de trabajo de parto, Kelsey Hatcher dio a luz a su tercer y cuarto hijo, un par de gemelos inusuales, el martes y miércoles de la semana pasada, según un comunicado de prensa del Hospital de Birmingham de la Universidad de Alabama.\nHatcher fue inducida a las 39 semanas y durante todo el trabajo de parto tuvo el doble de seguimiento, el doble de registros y se le asignaron dos enfermeras de parto, según el comunicado.\nEl consumo de marihuana durante el embarazo podría ocasionar riesgos en la salud de los bebés, según estudio\nLa bebé A, Roxi, nació por vía vaginal a las 7:45 p. m. del 19 de diciembre.\n\"Hubo una ovación de todos en la sala cuando nació el primer bebé, pero quedaba otro bebé\", dijo Shweta Patel, obstetra de Hatcher, en el comunicado de prensa. \"Kelsey estaba esencialmente trabajando en el útero izquierdo mientras simultáneamente se sometía a la cirugía de proceso posparto en el derecho”.\nMientras tenía contracciones con el bebé B, Hatcher ya estaba amamantando al bebé A, señaló Patel.\nY casi 10 horas después, Baby B, Rebel, nació por cesárea a las 6:10 am del 20 de diciembre.\n“Después de un viaje tan largo y loco, significó mucho ver a mis dos hijas juntas por primera vez”, dijo Hatcher.\nSegún los médicos, las niñas son técnicamente gemelas a pesar de tener dos cumpleaños diferentes y estar en dos úteros durante el embarazo.\n\"Creo que es seguro llamar a las niñas gemelas fraternales\", dijo Richard O. Davis, profesor de la División de Medicina Materno-Fetal de la UAB y médico que cogestionó el embarazo de Hatcher.\n“Al final del día, eran dos bebés en un mismo vientre al mismo tiempo. Simplemente tenían apartamentos diferentes”, añadió Davis.\nHatcher se enteró de que nació con dos úteros, una condición llamada didelfo uterino, cuando tenía 17 años y unas semanas después de este embarazo fue cuando descubrió que estaba embarazada en ambos úteros, dice el comunicado.\nLos estudios de casos estiman que las posibilidades de un embarazo como este (una mujer con dos úteros que lleva un bebé en cada uno al mismo tiempo) son de alrededor de 1 entre 2.000 millones en la población general, aunque es imposible saberlo con certeza con algo tan poco frecuente.\n\"Nunca en nuestros sueños más locos podríamos haber planeado un embarazo y un parto como este, pero traer a nuestras dos niñas sanas a este mundo de manera segura siempre fue el objetivo, y la UAB nos ayudó a lograrlo\", dijo Hatcher, \"Parece apropiado que tengan dos cumpleaños. Ambas tenían sus propias “casas” y ahora ambas tienen sus propias historias de nacimiento únicas”.\nCarma Hassan de CNN contribuyó a este informe.",
    "highlightText": "",
    "highlightTitle": "",
    "highlightThreadTitle": "",
    "language": "spanish",
    "sentiment": "positive",
    "categories": [
        "Human Interest",
        "Health"
    ],
    "external_links": [],
    "external_images": [],
    "entities": {
        "persons": [],
        "organizations": [],
        "locations": []
    },
    "rating": null,
    "crawled": "2023-12-25T00:24:48.580+02:00",
    "updated": "2023-12-25T00:24:48.580+02:00"
}