{
    "thread": {
        "uuid": "0f0cf7fe46a15afdf340a3b6bdcc80eccad12108",
        "url": "https://qualityserv-triangulate.ampedpages.com/don-t-fall-to-dental-labs-blindly-read-this-article-51534664",
        "site_full": "qualityserv-triangulate.ampedpages.com",
        "site": "ampedpages.com",
        "site_section": "https://ampedpages.com/rss-homepage.php?1",
        "site_categories": [],
        "section_title": "ampedpages.com RSS feed",
        "title": "Don't Fall to Dental Labs Blindly, Read This Article",
        "title_full": "Don't Fall to Dental Labs Blindly, Read This Article",
        "published": "2023-12-25T00:44:00.000+02:00",
        "replies_count": 0,
        "participants_count": 1,
        "site_type": "news",
        "country": "TR",
        "main_image": "",
        "performance_score": 0,
        "domain_rank": 6478,
        "domain_rank_updated": "2023-12-19T12:06:12.000+02:00",
        "reach": null,
        "social": {
            "facebook": {
                "likes": 0,
                "comments": 0,
                "shares": 0
            },
            "gplus": {
                "shares": 0
            },
            "pinterest": {
                "shares": 0
            },
            "linkedin": {
                "shares": 0
            },
            "stumbledupon": {
                "shares": 0
            },
            "vk": {
                "shares": 0
            }
        }
    },
    "uuid": "0f0cf7fe46a15afdf340a3b6bdcc80eccad12108",
    "url": "https://qualityserv-triangulate.ampedpages.com/don-t-fall-to-dental-labs-blindly-read-this-article-51534664",
    "ord_in_thread": 0,
    "parent_url": null,
    "author": "Qualityserv-Triangulate Ampedpages Com",
    "published": "2023-12-25T00:44:00.000+02:00",
    "title": "Don't Fall to Dental Labs Blindly, Read This Article",
    "text": "Exploring the Excellence of India's Top Dental Labs\nThe realm of dental health care in India has actually seen a substantial change for many years, with dental laboratories playing a vital role in this development. These facilities are the backbone of dental care, bridging the gap between dental technology and patient care. In this thorough exploration, we explore what makes some dental labs stick out as the very best in India, focusing on the aspects that set them apart in regards to quality, innovation, and service.\nThe Role of Dental Labs in Modern Dentistry\nDental labs are more than just support systems for dental centers; they are integral components of the total dental care procedure. These labs specialize in creating a variety of dental products like crowns, bridges, dentures, and orthodontic devices. The precision and quality of these products directly impact the effectiveness of dental treatments.\nKey Features of Top Dental Labs in India\nCutting-edge Technology\nThe best dental labs in India are characterized by their adoption of advanced innovation. From digital impressions to computer-aided design (CAD) and computer-aided manufacturing (CAM), these labs utilize the most recent developments to guarantee high precision and accuracy in their products.\nKnowledgeable Technicians\nThe backbone of any dental lab is its team of competent service technicians. In leading Indian labs, these professionals are not just trained in traditional techniques but are also proficient at managing innovative devices and software application, ensuring that they can cater to the diverse needs of clients and dental professionals.\nQuality Materials\nThe choice of materials in dental lab products is vital for sturdiness and biocompatibility. India's leading dental labs source premium materials, making sure that the final products are not only aesthetically pleasing but also long-lasting and\nDental Labs safe for patients.\nPersonalization and Patient Comfort\nOne of the hallmarks of the best laboratories is their capability to supply personalized services. Comprehending that each patient has distinct dental needs, these labs provide customized products that make sure convenience and effectiveness.\nTurnaround Time\nIn the fast-paced world of dental care, turnaround time is important. Top dental labs in India are known for their efficient processes, which guarantee that dental products are delivered in a timely manner without compromising on quality.\nCompliance and Standards\nAdherence to global requirements and policies is a non-negotiable aspect of leading dental labs. This commitment to compliance ensures that every product fulfills the greatest standards of safety and effectiveness.\nThe Impact of Quality Dental Labs on Patient Care\nThe contribution of premium dental labs exceeds the technical aspects of dental care. They play an essential role in client self-confidence and fulfillment. When dental prosthetics are made with precision and care, clients experience much better treatment outcomes, causing enhanced oral health and wellness.\nThe Future of Dental Labs in India\nThe future of dental labs in India looks appealing with constant innovations and a growing focus on research and development. The combination of brand-new technologies like 3D printing and AI-driven diagnostics is set to change the method dental labs operate, more boosting the quality of dental care in the nation.\nConclusion\nIn conclusion, the best dental labs in India are identified by their commitment to quality, development, and patient-centric services. As they continue to accept new innovations and refine their procedures, these labs are not just supporting dental practices however are also playing an essential role ahead of time dental healthcare in India. For anyone seeking top-notch dental lab services, comprehending these elements is essential in making an educated option.\nArticle Tags: Best Dental Labs In India, Dental Labs.",
    "highlightText": "",
    "highlightTitle": "",
    "highlightThreadTitle": "",
    "language": "english",
    "sentiment": "positive",
    "categories": [
        "Economy, Business and Finance",
        "Health"
    ],
    "external_links": [
        "https://highquality-linked.bloguetechno.com/how-much-do-you-know-about-dental-labs-59457873",
        "https://www.highquality-linked.bloguetechno.com/how-much-do-you-know-about-dental-labs-59457873"
    ],
    "external_images": [],
    "entities": {
        "persons": [],
        "organizations": [
            {
                "name": "dental labs blindly",
                "sentiment": "negative"
            },
            {
                "name": "excellence of india's top dental labs",
                "sentiment": "neutral"
            }
        ],
        "locations": [
            {
                "name": "india",
                "sentiment": "none"
            }
        ]
    },
    "rating": null,
    "crawled": "2023-12-25T03:58:40.109+02:00",
    "updated": "2023-12-25T03:58:40.109+02:00"
}