{
    "thread": {
        "uuid": "5b6adb755574a9ada647dc20fd53cd9753e077da",
        "url": "https://httpswwwchangwon-ymassage55432.pages10.com/%EC%B6%9C%EC%9E%A5%EC%95%88%EB%A7%88%EC%9E%98%ED%95%98%EB%8A%94-%EC%97%85%EC%B2%B4-%EB%AA%85%EC%A7%80%EC%B6%9C%EC%9E%A5%EC%95%88%EB%A7%88-%EC%9E%AC%EC%9D%B4%EC%9A%A9-100-restorative-massage-59695328",
        "site_full": "httpswwwchangwon-ymassage55432.pages10.com",
        "site": "pages10.com",
        "site_section": "https://pages10.com/rss-homepage.php?1",
        "site_categories": [],
        "section_title": "pages10.com RSS feed",
        "title": "ì¶œìž¥ì•ˆë§ˆìž˜í•˜ëŠ” ì—…ì²´ ëª…ì§€ì¶œìž¥ì•ˆë§ˆ ìž¬ì´ìš© 100% Restorative massage",
        "title_full": "ì¶œìž¥ì•ˆë§ˆìž˜í•˜ëŠ” ì—…ì²´ ëª…ì§€ì¶œìž¥ì•ˆë§ˆ ìž¬ì´ìš© 100% Restorative massage",
        "published": "2023-12-24T22:00:00.000+02:00",
        "replies_count": 0,
        "participants_count": 1,
        "site_type": "news",
        "country": "IN",
        "main_image": "",
        "performance_score": 0,
        "domain_rank": 6244,
        "domain_rank_updated": "2023-12-19T12:06:12.000+02:00",
        "reach": null,
        "social": {
            "facebook": {
                "likes": 0,
                "comments": 0,
                "shares": 0
            },
            "gplus": {
                "shares": 0
            },
            "pinterest": {
                "shares": 0
            },
            "linkedin": {
                "shares": 0
            },
            "stumbledupon": {
                "shares": 0
            },
            "vk": {
                "shares": 0
            }
        }
    },
    "uuid": "5b6adb755574a9ada647dc20fd53cd9753e077da",
    "url": "https://httpswwwchangwon-ymassage55432.pages10.com/%EC%B6%9C%EC%9E%A5%EC%95%88%EB%A7%88%EC%9E%98%ED%95%98%EB%8A%94-%EC%97%85%EC%B2%B4-%EB%AA%85%EC%A7%80%EC%B6%9C%EC%9E%A5%EC%95%88%EB%A7%88-%EC%9E%AC%EC%9D%B4%EC%9A%A9-100-restorative-massage-59695328",
    "ord_in_thread": 0,
    "parent_url": null,
    "author": "Httpswwwchangwon-Ymassage",
    "published": "2023-12-24T22:00:00.000+02:00",
    "title": "ì¶œìž¥ì•ˆë§ˆìž˜í•˜ëŠ” ì—…ì²´ ëª…ì§€ì¶œìž¥ì•ˆë§ˆ ìž¬ì´ìš© 100% Restorative massage",
    "text": "You will find handful of points nowadays that sense as great as a therapeutic massage! In case you have at any time obtained a specialist massage therapy, you understand just how relaxing they may sense. Your anxieties and cares manage to melt off. This short article will describe some tips and ideas with this calming encounter.\nThe use of restorative massage oils truly does help usher from the added sensation and sensation. This assists minimize stress and stress inside the muscle groups. Technique is a thing, and getting the right restorative massage oils really does perform additional trick. Kneading the essential oil in the epidermis as you deeply cells massage is merely wonderful.\nOne of the more essential things to consider when you are offering your massage to a person is to make sure that the planet is up to par. Keep things cozy and use bathroom towels to soften the area that this person you happen to be massaging will likely be being untruthful on the top of.\nWhile you are giving your therapeutic massage, try to have audio taking part in in the room. This audio should be really comforting and calm, with out a lot of words. Audio therapies will help ease the muscles to enable you to increase the total encounter and support your entire technique through the restorative massage that you give.\nWhenever your toes injured, you hurt throughout. Reduce the anguish with a great feet restorative massage you can do by yourself or a person is capable of doing it for yourself. Cerebrovascular event your feet along with your thumb in the base of the back heel in your foot. This movements should go backwards and forwards throughout your feet concurrently.\nWhen supplying a massage, it is very important that you employ essential oil or lotion. Therapeutic massage skin oils can raise the moves of your delicate muscle. Using oil will minimize the pinching and tugging feel on the skin. Massage oils are available in many different varieties. They include aromatherapy and provide lubrication and nutrients.\nWhile giving a massage, your movements must be gradual to obtain a calming, peaceful reply. Help your thumbs when using these to massage tense muscle tissue. Deal with your excess fat in order to avoid exhaustion.\nYou must do a belly restorative massage pursuing each meal. Utilizing one or the two hands, begin rubbing your abdominal area employing clockwise rounded motions. The clockwise movement is identical course that the food digests naturally inside your digestive tract. This can help with digestive system preventing gasoline and intestinal irritation.\nAre you presently uncertain where you should be paying attention on your own-massages? The place where the discomfort are at! Begin with the spots which can be aching and radiate outward. If another part of discomfort emerges, massage this too. When it halts sensation very good, then you could stop the restorative massage, if you would like.\nIt may be easy to reduce stomach aches by rubbing your stomach. Once you massage your belly, use both hands and massage in a clockwise course. This will help in the digestive function approach. Make sure you are as delicate as you can. Prevent putting lots of tension on your tummy until digestive function is completed.\nBe sure that when you use massage therapy oils on someone throughout a restorative massage, give them the ability to shower area away when you're carried out. The shower area will clean the oils apart and provide a soothing result. This is also essential to your skin layer, simply because it stops pores from acquiring blocked and blemishes from taking place.\nAn incredible massage to alleviate strained shoulder blades can be a bear hug. To start, go across your biceps and triceps around your chest. Get your shoulder joint with both fingers. Then, pull a shoulder and release it about three occasions. Do that for each of them. Next, transfer straight down your forearms, contracting and issuing them till you reach your wrists.\nCalming music is important when you are giving a massage. Music tends to relax the recipient of the massage. As they relax, their muscle groups will launch their tension. This makes the massage more effective, plus your hands and wrists will release individuals restricted muscle groups.\nDon't overlook to suggestion your masseuse. As a massage therapist is actually a services employee, gratuities comprise a huge element of their earnings. Attempt to tip a place close to 20 percent depending on the assistance you acquired.\nRespiration is one of the most critical facets of getting a massage. Try and inhale as normally as you possibly can, even when you feel feelings which you have never ever sensed in your lifetime. The body may ultimately get used to the massage, when your respiration style ought to stay the same through the entire method.\nFor those who have not went to get a restorative massage since you believe that that it is expensive, it's really not. Price ranges of massages can be very high-priced, but there are lots of locations where give excellent massages on an inexpensive selling price. Colleges who have massage therapy plans also typically provide significantly discounted massages preformed through the college students.\nA bit of good therapeutic massage is gentle and functions in your issue location with diligence. Complicated strategies may be awesome, but the purpose of a restorative massage is generally to slow-moving the entire body and relax the muscle groups. You have to plan your strokes and be sure that they're easy to ensure the area is offered enhanced comfort that this desires.\nIf you suffer from anxiousness, check with your personal doctor if regular massage therapy may help. This procedure has been utilized for many years to ease the body and loosen up your mind. Only if for the 60 minutes weekly, you should be able to escape from your stress, anxiety and soreness that nervousness brings about you.\nUse a system rock and roll or a bamboo tool so you can apply pressure more effectively. Keeping one of these brilliant items within your hands will provide you with much more power, but you may also use the item directly on the tense muscle. Make sure you apply certain gas or other sort of lubricant.\nAcquiring a therapeutic massage is really a real joy worth suffering from. Experiencing all of your current pressure just diminish away from your body is an extraordinary sensing. Despite the fact that it can be a bit high-priced, we believe you are going to concur that it is really worth the expense for that serenity that this gives you!\nCouple of things in daily life will take you away to la-los angeles property quicker than the usual fantastic massage therapy. We must have those to loosen up, unwind and simplicity stress in our tough-worked well muscles! Read more about how including massages into your hectic agenda may benefit you in both body and mind. You won't become the identical after looking at!\nIf you expertise persistent ache inside your muscles, get a book that describes bring about things, or go to a massage therapist who are able to instruct you on neuromuscular treatment. Trigger factors or tiny knots usually happen in restricted muscles. These knots could cause pain to happen during the body. Guides on experienced massages and induce point treatment method could help you get rid of these details.\nOne simple approach to give you a massage therapy is to apply a \"raking\" technique. This is achieved by scattering your fingers and making use of your hands. Start in the shoulder joint place then move your fingertips within a raking motion along the rear. Be sure the fingers shift over the back not on top of the backbone. Although 1 hand movements up transfer other 1 down in switching action.\nIf you're acquiring a complete massage, ensure the massage therapist relies on a restorative massage oil. These oils really are a should if they intend on digging strong in your ligaments and muscle tissues with out triggering irritation. These fats make their hands and wrists slippery, which helps reduce friction and lowers the likelihood of obtaining skin area burns up.\nIn case your baby is having a tricky time resting, give restorative massage a test. Restorative massage is soothing and straightforward for almost any mother or father to perform. Just sleep the infant on the lap and rub the rear, hands, legs and neck gently. You may even work with a tiny oils to create the massage therapy more enjoyable.\nWhen you are supplying a massage, do not use the identical cerebrovascular event time and time again. This may create the whole practical experience mundane, as you wish to incorporate all the transform throughout the session as you possibly can. Change your method, the stroke and the way tough you push about the rear, throat and thighs.\nSwedish massage treatment is easily the most frequently supplied type accessible. Some individuals consider this to merely become a standard therapeutic massage. The strokes are extended and sleek, carried out a kneading movement, typically in sectors. The masseuse will often use oil along the way. It is not way too strenuous and rather pleasurable.\nIf your kid is struggling with colic, a gentle therapeutic massage may reduce some of their struggling. A little comfortable some lavender newborn lotion and lightly massage your newborns again, thighs and legs, hands and wrists and ft. This will assist relax your kids leading them to be much less choosy should they be struggling with tummy cramps brought on by colic.\nA fantastic place to start having a therapeutic massage is the back again. Once you begin in your partner's back, you are going to give themselves a comprehensive relaxation which is a lot more favorable to massaging the remainder of the physique. The more rapidly you can get their entire entire body to chill out, the greater number of beneficial the entire massage therapy will likely be.\nOnce you have a person you are giving a massage to, request whether or not they are comfy. The final thing that you simply would like is someone that does not feel secure when you are providing a therapeutic massage. In addition, they are extremely restricted and hard to therapeutic massage should they be stressed.\nAs soon as your toes are sore after having a lengthy time, think about getting some reflexology. This treatment utilizes pressure on specific areas of the ft . that happen to be associated with your body organs, the same as in chinese medicine. It triggers not just your feet to feel awesome, and also will help equilibrium your techniques and gives you quite\nmore a lot of relaxing.\nIf rubbing is totally new to you or maybe you don't determine what to have, consider using a Swedish or deep muscle therapeutic massage. There are many types from which to choose, and a few might not be as good as other folks. Those two cover the two comes to an end of the array in therapeutic massage.\nTry not to go over 45 a few minutes when you are supplying a massage therapy. Remember you are pushing on someone's physique for a long period of your energy if you are kneading. For that reason, if you do it for too much time it is possible to lead to some bruising and pain, which you should avoid.\nJust before getting a therapeutic massage, inform your masseuse of all the trouble spots you have. In the event you don't you could possibly wind up spending 50 % of your restorative massage time on areas that require a lot less work to feel happy! This communication will provide your counselor a course of action for that limited time there exists offered.\nDid you know you may have wonderful self-therapeutic massage instruments around the house? Why not lay over a tennis golf ball to get a tender spot face up? A moving pin is fantastic for the bottom of the feet. Go walking all around your house and you might be blown away by every one of the great resources you locate!\nShould you suffer from health concerns such as hypertension or are expecting a baby, articulate up before getting your massage. Generally, a massage therapy is still risk-free, although the strategy will probably need to be adjusted. An expert massage therapist can help you get the rest you are searching for although leftover risk-free should you be ready to communicate up.\nWill not forget to use new restorative massage tactics when seeing the day spa. Some health spas supply massages where by popular gemstones are employed, other individuals pair massages using a delicious chocolate cover or seaweed. These methods can enhance the entire expertise, benefiting your own muscles, pores and skin and mind. Take into account them if you are searching for any real pampering expertise.\nIf you appreciate delicate massages, ask for a Swedish massage therapy. This type of restorative massage makes use of extended, mild strokes. This has been identified as by far the most relaxing sort of therapeutic massage readily available. This massage delicately massages the shallow layers of muscle tissue contributing to rest and peace of mind. This particular therapeutic massage is excellent for those unfamiliar with massage therapy.\nYou must now be completely certain that massages can definitely do a whole lot for you personally, especially when you're really busy and suffer from aches and pains. Consider exactly what a standard massage therapy can help you with and spread out the word to aid others. Why not take advantage of such a quick and easy remedy to a lot of problems?\n출장안마잘하는 업체 명지출장안마 재이용 100% Restorative massage\nYou will find handful of points nowadays that sense as great as a therapeutic massage! In case you have at any time obtained a specialist massage therapy, you understand just how relaxing they may sense. Your anxieties and cares manage to melt off. This short article will describe some tips and ideas with this calming encounter.",
    "highlightText": "",
    "highlightTitle": "",
    "highlightThreadTitle": "",
    "language": "english",
    "sentiment": "positive",
    "categories": [
        "Lifestyle and Leisure",
        "Health"
    ],
    "external_links": [
        "https://ziondcbyu.spintheblog.com/23800689/안마-잘하는곳-기장출장-재이용-1위-massage",
        "https://www.ziondcbyu.spintheblog.com/23800689/안마-잘하는곳-기장출장-재이용-1위-massage"
    ],
    "external_images": [],
    "entities": {
        "persons": [],
        "organizations": [],
        "locations": []
    },
    "rating": null,
    "crawled": "2023-12-25T03:30:17.799+02:00",
    "updated": "2023-12-25T03:30:17.799+02:00"
}