{
    "thread": {
        "uuid": "659ebcfa9d6035ac8c79d316c4443c2c4cb57733",
        "url": "https://www.chilevision.cl/noticias/nacional/advierten-posibles-consecuencias-por-megaproyecto-en-desierto-de-atacama",
        "site_full": "www.chilevision.cl",
        "site": "chilevision.cl",
        "site_section": "https://chvnoticias.cl",
        "site_categories": [
            "media"
        ],
        "section_title": "CHV Noticias - Chilevisión",
        "title": "\"Daño irreparable\": Advierten posibles consecuencias para la observación astronómica por megaproyecto en el desierto de Atacama - Chilevisión",
        "title_full": "\"Daño irreparable\": Advierten posibles consecuencias para la observación astronómica por megaproyecto en el desierto de Atacama - Chilevisión",
        "published": "2025-01-10T01:54:00.000+02:00",
        "replies_count": 0,
        "participants_count": 1,
        "site_type": "news",
        "country": "CL",
        "main_image": "https://www.chilevision.cl/chilevision/site/artic/20250109/imag/foto_0000000120250109204322/eso.jpg",
        "performance_score": 0,
        "domain_rank": 56107,
        "domain_rank_updated": "2025-01-06T23:00:00.000+02:00",
        "social": {
            "facebook": {
                "likes": 0,
                "comments": 0,
                "shares": 0
            },
            "vk": {
                "shares": 0
            }
        }
    },
    "uuid": "659ebcfa9d6035ac8c79d316c4443c2c4cb57733",
    "url": "https://www.chilevision.cl/noticias/nacional/advierten-posibles-consecuencias-por-megaproyecto-en-desierto-de-atacama",
    "ord_in_thread": 0,
    "parent_url": null,
    "author": "chilevision.cl",
    "published": "2025-01-10T01:54:00.000+02:00",
    "title": "\"Daño irreparable\": Advierten posibles consecuencias para la observación astronómica por megaproyecto en el desierto de Atacama - Chilevisión",
    "text": "Se trata de un proyecto que se emplazaría a solo 10 kilómetros del observatorio Paranal y que, de acuerdo al director general de ESO, contaminaría \"los cielos más prístinos del mundo\".",
    "highlightText": "",
    "highlightTitle": "",
    "highlightThreadTitle": "",
    "language": "spanish",
    "sentiment": "negative",
    "categories": [
        "Science and Technology",
        "Environment"
    ],
    "topics": [
        "Science and Technology->natural science",
        "Science and Technology->astronomy",
        "Science and Technology->scientific exploration",
        "Environment->nature",
        "Environment->environmental pollution",
        "Environment->conservation"
    ],
    "ai_allow": true,
    "has_canonical": false,
    "breaking": null,
    "webz_reporter": false,
    "external_links": [],
    "external_images": [],
    "entities": {
        "persons": [],
        "organizations": [],
        "locations": []
    },
    "syndication": {
        "syndicated": null,
        "syndicate_id": null,
        "first_syndicated": false
    },
    "rating": null,
    "crawled": "2025-01-10T02:37:50.751+02:00",
    "updated": "2025-01-10T02:37:50.751+02:00"
}