{
    "thread": {
        "uuid": "b346221afda47e85e502336aae176b455aead4fd",
        "url": "https://zap.aeiou.pt/ovo-com-energia-nuclear-farsa-652568",
        "site_full": "zap.aeiou.pt",
        "site": "aeiou.pt",
        "site_section": "https://www.aeiou.pt",
        "site_categories": [
            "media",
            "top_news_pt",
            "top_news"
        ],
        "section_title": "AEIOU.pt",
        "title": "O \"ovo\" com energia nuclear que ia ser revolucionário é, afinal, uma farsa",
        "title_full": "O \"ovo\" com energia nuclear que ia ser revolucionário é, afinal, uma farsa",
        "published": "2025-01-09T15:50:00.000+02:00",
        "replies_count": 0,
        "participants_count": 1,
        "site_type": "news",
        "country": "PT",
        "main_image": "",
        "performance_score": 0,
        "domain_rank": 59446,
        "domain_rank_updated": "2025-01-06T23:00:00.000+02:00",
        "social": {
            "facebook": {
                "likes": 0,
                "comments": 0,
                "shares": 0
            },
            "vk": {
                "shares": 0
            }
        }
    },
    "uuid": "b346221afda47e85e502336aae176b455aead4fd",
    "url": "https://zap.aeiou.pt/ovo-com-energia-nuclear-farsa-652568",
    "ord_in_thread": 0,
    "parent_url": null,
    "author": "Susana Valente",
    "published": "2025-01-09T15:50:00.000+02:00",
    "title": "O \"ovo\" com energia nuclear que ia ser revolucionário é, afinal, uma farsa",
    "text": "O “Enron Egg”, ou “Ovo Enron”, foi anunciado como um suposto micro reator nuclear revolucionário que poderia dar energia a uma casa durante 10 anos. Mas, afinal, é uma paródia. Este produto inovador era para ser a solução mais económica e sustentável do mercado para as famílias. O “ovo” mágico movido a energia nuclear teria sido desenvolvido pela Enron, uma empresa de energia americana que já não existe depois de ter ido à falência em 2001. Durante vários anos, a empresa sediada em Houston, Texas, dominou o mercado da energia, chegando a divulgar lucros líquidos da ordem dos 100 mil",
    "highlightText": "",
    "highlightTitle": "",
    "highlightThreadTitle": "",
    "language": "portuguese",
    "sentiment": "negative",
    "categories": [
        "Science and Technology",
        "Social Issue",
        "Human Interest"
    ],
    "topics": [
        "Science and Technology->technology and engineering",
        "Science and Technology->scientific innovation",
        "Social Issue->social problem",
        "Social Issue->ethics",
        "Social Issue->social networking"
    ],
    "ai_allow": true,
    "has_canonical": false,
    "breaking": null,
    "webz_reporter": false,
    "external_links": [],
    "external_images": [],
    "entities": {
        "persons": [],
        "organizations": [],
        "locations": []
    },
    "syndication": {
        "syndicated": null,
        "syndicate_id": null,
        "first_syndicated": false
    },
    "rating": null,
    "crawled": "2025-01-10T00:19:17.515+02:00",
    "updated": "2025-01-10T00:19:17.515+02:00"
}