{
    "thread": {
        "uuid": "6e1121bb411e76b22324ea808d0e9bc5970cc4e8",
        "url": "https://www.newsbreak.com/the-sacramento-bee-1592486/3753142377994-automatic-braking-sensors-on-cars-may-not-actually-notice-pedestrians-wearing-safety-gear",
        "site_full": "www.newsbreak.com",
        "site": "newsbreak.com",
        "site_section": "https://www.newsbreak.com/the-sacramento-bee-1592486",
        "site_categories": [
            "under_construction"
        ],
        "section_title": "The Sacramento Bee&#x27;s Home Page | NewsBreak",
        "title": "Automatic braking sensors on cars may not actually notice pedestrians wearing safety gear - NewsBreak",
        "title_full": "Automatic braking sensors on cars may not actually notice pedestrians wearing safety gear - NewsBreak",
        "published": "2025-01-10T04:03:00.000+02:00",
        "replies_count": 0,
        "participants_count": 0,
        "site_type": "news",
        "country": "US",
        "main_image": "https://img.particlenews.com/img/id/2ed2X1_0y1kygob00",
        "performance_score": 0,
        "domain_rank": 3611,
        "domain_rank_updated": "2025-01-06T23:00:00.000+02:00",
        "social": {
            "facebook": {
                "likes": 0,
                "comments": 0,
                "shares": 0
            },
            "vk": {
                "shares": 0
            }
        }
    },
    "uuid": "6e1121bb411e76b22324ea808d0e9bc5970cc4e8",
    "url": "https://www.newsbreak.com/the-sacramento-bee-1592486/3753142377994-automatic-braking-sensors-on-cars-may-not-actually-notice-pedestrians-wearing-safety-gear",
    "ord_in_thread": 0,
    "parent_url": null,
    "author": null,
    "published": "2025-01-10T04:03:00.000+02:00",
    "title": "Automatic braking sensors on cars may not actually notice pedestrians wearing safety gear - NewsBreak",
    "text": "By Ariane Lange ,\n6 hours ago\nA new study from the Insurance Institute for Highway Safety suggests that automated crash prevention systems may fail to detect pedestrians wearing high-visibility clothing that makes them stand out to human drivers.\nNationwide, most fatal pedestrian crashes occur at night. In Sacramento, 20 pedestrians and cyclists were killed in collisions last year , and a significant majority of the crashes occurred at night.\nThe Insurance Institute for Highway Safety looked at three 2023 small SUV models that include automatic emergency braking. For the study published this month, an adult pedestrian mannequin in a crosswalk wore reflective strips similar to what construction workers wear for visibility. The institute had previously rated two of the models for nighttime crash prevention using pedestrian mannequins that wore dark clothing.\nTwo of the vehicle models that the 2025 study tested hit the mannequin as it moved across the lab crosswalk in almost every scenario, though often they slowed down from their 25 mph starting speed. In all but one trial, the Subaru Forester did not hit the mannequin, and it slowed significantly before that collision.\nIn 2018, when the Sacramento City Council adopted the Vision Zero Action Plan, then-Mayor Darrell Steinberg raised technology as a potential solution to curb severe and fatal crashes.\n“All the energy and interest that we are generating in the city around autonomous vehicles — is technology part of the answer here, too, to improve pedestrian safety?” Steinberg asked. He then said that if a technology solution would not be timely, that he wanted to investigate how to step up police enforcement.\nAdvocates have increasingly pressured the city to move in a different direction over the past year, urging the council to fund infrastructure projects that force drivers to slow down. The council will soon vote on whether to declare a state of emergency over pedestrian and cyclist safety .\nIsaac Gonzalez, the founder of Slow Down Sacramento and the vice chair of the city’s Active Transportation Commission, has said that he’d often asked what pedestrians can do to reduce the danger they face. High-visibility clothing is a frequent suggestion, but Gonzalez always points to vehicle speed as the problem.\nWhen collisions occur at slower speeds, pedestrians are far less likely to be injured or killed.",
    "highlightText": "",
    "highlightTitle": "",
    "highlightThreadTitle": "",
    "language": "english",
    "sentiment": "negative",
    "categories": [
        "Science and Technology",
        "Health",
        "Social Issue"
    ],
    "topics": [
        "Science and Technology->technology and engineering",
        "Science and Technology->biomedical science",
        "Science and Technology->scientific research",
        "Health->health care approach",
        "Health->injury"
    ],
    "ai_allow": true,
    "has_canonical": true,
    "breaking": null,
    "webz_reporter": false,
    "external_links": [
        "https://www.sacbee.com/news/local/article298063278.html",
        "https://www.sacbee.com/news/local/article297383264.html",
        "https://www.sacbee.com/news/local/article295438429.html",
        "https://www.iihs.org/news/detail/high-visibility-clothing-may-thwart-pedestrian-crash-prevention-sensors",
        "https://t.news.sacbee.com/webApp/mccSignUp?newsletter=sacbee_consumersafety_newsletter",
        "https://sacbee.com/news/local/article295438429.html",
        "https://www.t.news.sacbee.com/webApp/mccSignUp?newsletter=sacbee_consumersafety_newsletter",
        "https://t.news.sacbee.com/webApp/mccSignUp",
        "https://iihs.org/news/detail/high-visibility-clothing-may-thwart-pedestrian-crash-prevention-sensors",
        "https://sacbee.com/news/local/article298063278.html",
        "https://sacbee.com/news/local/article297383264.html"
    ],
    "external_images": [],
    "entities": {
        "persons": [
            {
                "name": "Ariane Lange",
                "sentiment": "negative"
            }
        ],
        "organizations": [
            {
                "name": "Insurance Institute for Highway Safety",
                "sentiment": "negative"
            }
        ],
        "locations": []
    },
    "syndication": {
        "syndicated": false,
        "syndicate_id": "6e1121bb411e76b22324ea808d0e9bc5970cc4e8",
        "first_syndicated": true
    },
    "rating": null,
    "crawled": "2025-01-10T05:06:08.293+02:00",
    "updated": "2025-01-10T05:06:08.293+02:00"
}