{
    "thread": {
        "uuid": "39b75e1edb9197ab5a4aafef22d4021a137ce566",
        "url": "https://www.abs-cbn.com/news/health-science/2025/1/9/china-reports-5-cases-of-new-mpox-strain-0632",
        "site_full": "www.abs-cbn.com",
        "site": "abs-cbn.com",
        "site_section": "https://news.abs-cbn.com/feed",
        "site_categories": [
            "baseball",
            "sports"
        ],
        "section_title": "Push.com.ph",
        "title": "China reports 5 cases of new mpox strain",
        "title_full": "China reports 5 cases of new mpox strain",
        "published": "2025-01-09T16:34:00.000+02:00",
        "replies_count": 0,
        "participants_count": 1,
        "site_type": "news",
        "country": "PH",
        "main_image": "https://od2-image-api.abs-cbn.com/prod/20250109220128/4505b31b995007b204e673ea954fe765a50b54b08bc46355618b39da6f4867c2.jpg?w=1200&amp;h=800",
        "performance_score": 0,
        "domain_rank": 4568,
        "domain_rank_updated": "2025-01-06T23:00:00.000+02:00",
        "social": {
            "facebook": {
                "likes": 1,
                "comments": 1,
                "shares": 1
            },
            "vk": {
                "shares": 0
            }
        }
    },
    "uuid": "39b75e1edb9197ab5a4aafef22d4021a137ce566",
    "url": "https://www.abs-cbn.com/news/health-science/2025/1/9/china-reports-5-cases-of-new-mpox-strain-0632",
    "ord_in_thread": 0,
    "parent_url": null,
    "author": "Agence France-Presse",
    "published": "2025-01-09T16:34:00.000+02:00",
    "title": "China reports 5 cases of new mpox strain",
    "text": "China reports 5 cases of new mpox strain | ABS-CBN\nHealth & Science\nChina reports 5 cases of new mpox strain\nChina reports 5 cases of new mpox strain\nAgence France-Presse\nPublished Jan 10, 2025 06:32 AM PHT\n|\nUpdated Jan 10, 2025 06:34 AM PHT\nADVERTISEMENT",
    "highlightText": "",
    "highlightTitle": "",
    "highlightThreadTitle": "",
    "language": "english",
    "sentiment": "negative",
    "categories": [
        "Health",
        "Science and Technology",
        "Social Issue"
    ],
    "topics": [
        "Health->communicable disease",
        "Science and Technology->biomedical science",
        "Science and Technology->medical research",
        "Social Issue->population and census",
        "Social Issue->social services"
    ],
    "ai_allow": true,
    "has_canonical": false,
    "breaking": null,
    "webz_reporter": false,
    "external_links": [],
    "external_images": [],
    "entities": {
        "persons": [],
        "organizations": [
            {
                "name": "ABS-CBN\nHealth & Science\nChina",
                "sentiment": "neutral"
            }
        ],
        "locations": []
    },
    "syndication": {
        "syndicated": false,
        "syndicate_id": null,
        "first_syndicated": false
    },
    "rating": null,
    "crawled": "2025-01-10T01:35:02.188+02:00",
    "updated": "2025-01-10T01:35:02.188+02:00"
}