{
    "thread": {
        "uuid": "7301b341c28b79d5006aeb29508888e475dc44d6",
        "url": "https://www.stockwatch.com/News/Item/Z-C!NEXE-3656897/C/NEXE",
        "site_full": "www.stockwatch.com",
        "site": "stockwatch.com",
        "site_section": "https://stockwatch.com",
        "site_categories": [
            "investing",
            "financial_news",
            "finance"
        ],
        "section_title": "\r\n\tStockwatch\r\n",
        "site_title": null,
        "title": "Mr. Ash Guglani reports NEXE INNOVATIONS SECURES FOURTH PART",
        "title_full": "Mr. Ash Guglani reports NEXE INNOVATIONS SECURES FOURTH PART",
        "published": "2025-02-28T00:30:08.337+02:00",
        "replies_count": 0,
        "participants_count": 0,
        "site_type": "news",
        "country": "CA",
        "main_image": "",
        "performance_score": 0,
        "domain_rank": 128122,
        "domain_rank_updated": "2025-02-24T23:00:00.000+02:00",
        "social": {
            "facebook": {
                "likes": 0,
                "comments": 0,
                "shares": 0
            },
            "vk": {
                "shares": 0
            }
        }
    },
    "uuid": "7301b341c28b79d5006aeb29508888e475dc44d6",
    "url": "https://www.stockwatch.com/News/Item/Z-C!NEXE-3656897/C/NEXE",
    "ord_in_thread": 0,
    "parent_url": null,
    "author": null,
    "published": "2025-02-28T00:30:08.337+02:00",
    "title": "Mr. Ash Guglani reports NEXE INNOVATIONS SECURES FOURTH PART",
    "text": "Mr. Ash Guglani reports\nNEXE INNOVATIONS SECURES FOURTH PARTNERSHIP, EXPANDING ITS AUDIENCE IN CANADA AND THE UNITED STATES\nNexe Innovations Inc. has secured a fourth partnership with a North American distributor specializing in retail, office coffee services (OCS) and hospitality sectors.\nThe company believes that this new partnership represents a significant milestone for Nexe, as this partner was among the first to capitalize on the multibillion-dollar single-serve coffee market following the expiration of the K-Cup patent in 2013 in both Canada and the United States. Now, it is strengthening its commitment to sustainability, by selecting Nexe's BPI-certified compostable coffee pod to drive its next wave of eco-friendly innovation. The company's new partner currently represents several recognized brands with over 50 product stock-keeping units (SKUs). The first order is for over 150,000 pods across six SKUs across three brands.\nMomentum continues: fourth major deal in four months\nThis collaboration represents Nexe's fourth major partnership in the last four months, which Nexe believes demonstrates a growing demand for sustainable single-serve coffee solutions. The initial rollout of six SKUs across three brands, reflect in the company's view its partner's confidence in its innovative technology and its partner's commitment to delivering eco-friendly coffee options at scale. The pods are being delivered to three locations in Canada and the U.S.\n\"With decades of experience in the coffee industry and a diverse brand portfolio, our new partner brings invaluable expertise to this collaboration,\" said Ash Guglani, president of Nexe Innovations. \"We believe that partnering with an established leader in the single-serve coffee industry highlights the demand for our BPI-certified compostable coffee pod and reflects the growth trajectory of our business. This strategic relationship is expected to support our efforts to strengthen our position in the sustainable coffee market.\"\nNexe and this partner will continue to refine product development and ramp up commercialization efforts in the coming months. Shareholders can expect further updates as the company pursues this exciting new collaboration.\nAbout Nexe Innovations Inc.\nNexe Innovations is focused on providing innovative compostable material solutions and packaging to the B2B (business-to-business) segment to help businesses achieve their sustainability goals. Nexe Innovations has developed a proprietary and patented compostable material that can withstand heat, pressure and water. Its flagship product, the Nexe pod, a BPI-certified compostable coffee pod, showcases the material's durability and is an ideal substitute for plastic. The Nexe pod is compatible with major coffee brewing machines and is manufactured at Nexe's vertically integrated facility based in North America.\nWe seek Safe Harbor.\n© 2025 Canjex Publishing Ltd. All rights reserved.",
    "highlightText": "",
    "highlightTitle": "",
    "highlightThreadTitle": "",
    "language": "english",
    "sentiment": "positive",
    "categories": [
        "Economy, Business and Finance",
        "Science and Technology",
        "Lifestyle and Leisure"
    ],
    "topics": [
        "Economy, Business and Finance->business service",
        "Economy, Business and Finance->corporate news and profiles",
        "Science and Technology->scientific innovation",
        "Lifestyle and Leisure->lifestyle"
    ],
    "ai_allow": true,
    "has_canonical": false,
    "breaking": false,
    "webz_reporter": false,
    "external_links": [],
    "external_images": [],
    "entities": {
        "persons": [
            {
                "name": "Ash Guglani",
                "sentiment": "none"
            }
        ],
        "organizations": [
            {
                "name": "UNITED STATES\nNexe Innovations Inc.",
                "sentiment": "none"
            }
        ],
        "locations": []
    },
    "syndication": {
        "syndicated": false,
        "syndicate_id": null,
        "first_syndicated": false
    },
    "trust": null,
    "rating": null,
    "crawled": "2025-02-28T00:30:08.337+02:00",
    "updated": "2025-02-28T00:30:08.337+02:00"
}