{
    "thread": {
        "uuid": "6c4e382f85aa3f505591692b9d96ed7d57c34b13",
        "url": "https://www.edweek.org/technology/how-playing-minecraft-can-help-students-learn-coding-skills/2025/02",
        "site_full": "www.edweek.org",
        "site": "edweek.org",
        "site_section": "https://www.edweek.org/index.rss",
        "site_categories": [
            "_education",
            "7_12_education",
            "media",
            "special_education",
            "education",
            "k_6_educators"
        ],
        "section_title": "Education Week - K-12 education news and information",
        "site_title": null,
        "title": "How Playing Minecraft Can Help Students Learn Coding Skills",
        "title_full": "How Playing Minecraft Can Help Students Learn Coding Skills",
        "published": "2025-02-28T00:23:00.000+02:00",
        "replies_count": 0,
        "participants_count": 1,
        "site_type": "news",
        "country": "US",
        "main_image": "https://epe.brightspotcdn.com/dims4/default/d4d86d6/2147483647/strip/true/crop/3000x2000+0+0/resize/945x630!/quality/90/?url=https%3A%2F%2Fepe-brightspot.s3.us-east-1.amazonaws.com%2F6b%2F16%2F72cc77e74b0098e096632d7a90a4%2Fgaming-coding-022025-537289644.jpg",
        "performance_score": 0,
        "domain_rank": 2349,
        "domain_rank_updated": "2025-02-24T23:00:00.000+02:00",
        "social": {
            "facebook": {
                "likes": 0,
                "comments": 0,
                "shares": 0
            },
            "vk": {
                "shares": 0
            }
        }
    },
    "uuid": "6c4e382f85aa3f505591692b9d96ed7d57c34b13",
    "url": "https://www.edweek.org/technology/how-playing-minecraft-can-help-students-learn-coding-skills/2025/02",
    "ord_in_thread": 0,
    "parent_url": null,
    "author": "Alyson Klein",
    "published": "2025-02-28T00:23:00.000+02:00",
    "title": "How Playing Minecraft Can Help Students Learn Coding Skills",
    "text": "Gamifying learning is all the rage these days , especially when it comes to ed-tech platforms. But the effect that approach has on learning can range significantly, experts say.\nSome products hook students with authentic, fun, highly interactive embedded games in which kids are also learning key skills.\nOthers simply have students answer math or reading questions to move around a digital game board or through a virtual landscape. They are not highly interactive or as fun as the others.",
    "highlightText": "",
    "highlightTitle": "",
    "highlightThreadTitle": "",
    "language": "english",
    "sentiment": "positive",
    "categories": [
        "Education",
        "Science and Technology"
    ],
    "topics": [
        "Education->students",
        "Education->online and remote learning",
        "Education->teachers",
        "Science and Technology->social sciences",
        "Science and Technology->technology and engineering"
    ],
    "ai_allow": true,
    "has_canonical": false,
    "breaking": false,
    "webz_reporter": false,
    "external_links": [],
    "external_images": [],
    "entities": {
        "persons": [],
        "organizations": [],
        "locations": []
    },
    "syndication": {
        "syndicated": false,
        "syndicate_id": null,
        "first_syndicated": false
    },
    "trust": null,
    "rating": null,
    "crawled": "2025-02-28T00:35:54.173+02:00",
    "updated": "2025-02-28T00:35:54.173+02:00"
}