{
    "thread": {
        "uuid": "37f12cc6cf1daf45d0275afd3d6fce8b22ab5d87",
        "url": "https://comicbook.com/gaming/news/ufc-5-update-iasmin-lucindo-patch-notes",
        "site_full": "comicbook.com",
        "site": "comicbook.com",
        "site_section": "https://comicbook.com/the-walking-dead/news",
        "site_categories": [
            "hobbies_and_interests",
            "comic_books"
        ],
        "section_title": "The Walking Dead Archives - ComicBook.com",
        "site_title": null,
        "title": "UFC 5 Update Adds New Fighter Iasmin Lucindo",
        "title_full": "UFC 5 Update Adds New Fighter Iasmin Lucindo",
        "published": "2025-02-27T23:56:00.000+02:00",
        "replies_count": 0,
        "participants_count": 1,
        "site_type": "news",
        "country": "US",
        "main_image": "https://comicbook.com/wp-content/uploads/sites/4/2025/02/ufc5.jpg?resize=2000,1125",
        "performance_score": 0,
        "domain_rank": 3034,
        "domain_rank_updated": "2025-02-24T23:00:00.000+02:00",
        "social": {
            "facebook": {
                "likes": 0,
                "comments": 0,
                "shares": 0
            },
            "vk": {
                "shares": 0
            }
        }
    },
    "uuid": "37f12cc6cf1daf45d0275afd3d6fce8b22ab5d87",
    "url": "https://comicbook.com/gaming/news/ufc-5-update-iasmin-lucindo-patch-notes",
    "ord_in_thread": 0,
    "parent_url": null,
    "author": "Michael Ruiz",
    "published": "2025-02-27T23:56:00.000+02:00",
    "title": "UFC 5 Update Adds New Fighter Iasmin Lucindo",
    "text": "Since Electronic Arts released its mixed martial arts fighting game UFC 5 in 2023, the developer has continued to support it with updates for almost two years. This includes adding the typical bug fixes or gameplay improvements, as well as adding brand new content like additional roster fighters and Alter Egos to the popular game. In fact, the company launched a new UFC 5 update today which implemented some improvements to gameplay, fixed some pesky issues, and added brand new content for UFC fans to enjoy.\nVideos by ComicBook.com\nSimply titled “Patch 1.20,” the most exciting additions implemented with this new UFC 5 update are the new fighters. Specifically, Brazilian strawweight Iasmin Lucindo, and English middleweight Michael “Venom” Page are now part of the game’s ever-growing roster. New assorted vanity rewards have also been added. Additionally, Electronic Arts revealed through the patch notes that more Alter Egos are scheduled to release on March 4th. In terms of general fixes, players can expect a more stable experience as the developers have fixed some rare crashes, and a bug that would cause hair to behave unnaturally.\nHere is are Electronic Arts’ official patch notes for today’s UFC 5 update which is now live for players around the world to enjoy:\nUFC 5 Update 1.20 Patch Notes\nGeneral\n- New fighters\n- Iasmin Lucindo\n- Michael “Venom” Page (Middleweight)\n- Additional Alter Egos coming March 4th\n- New assorted vanity rewards added\nGameplay\n- Fixed a rare bad state that prevented fighters from blocking after some clinch sequences.\n- Fixed a camera issue after the Outside Trip from Muay Thai Clinch.\n- Added Max Holloway’s unique switch stance combo to his 90s Alter Ego.\nBugs\n- Fixed some Challenge Board challenges not tracking correctly\n- Fixed some rare crashes\n- Fixed an issue occasionally causing hair to behave in unintended ways during matches\n- Fixed an issue that could rarely cause unintended purchases in the store when pressing multiple inputs",
    "highlightText": "",
    "highlightTitle": "",
    "highlightThreadTitle": "",
    "language": "english",
    "sentiment": "positive",
    "categories": [
        "Sport",
        "Science and Technology"
    ],
    "topics": [
        "Sport->sport event",
        "Sport->esports",
        "Sport->martial arts",
        "Science and Technology->social sciences",
        "Science and Technology->technology and engineering"
    ],
    "ai_allow": true,
    "has_canonical": false,
    "breaking": false,
    "webz_reporter": false,
    "external_links": [
        "https://www.ea.com/games/ufc/ufc-5/news/ufc-5-patch-notes-18",
        "https://ea.com/games/ufc/ufc-5/news/ufc-5-patch-notes-18"
    ],
    "external_images": [],
    "entities": {
        "persons": [
            {
                "name": "Iasmin Lucindo",
                "sentiment": "none"
            }
        ],
        "organizations": [
            {
                "name": "Electronic Arts",
                "sentiment": "none"
            },
            {
                "name": "UFC",
                "sentiment": "none"
            }
        ],
        "locations": []
    },
    "syndication": {
        "syndicated": false,
        "syndicate_id": "37f12cc6cf1daf45d0275afd3d6fce8b22ab5d87",
        "first_syndicated": true
    },
    "trust": null,
    "rating": null,
    "crawled": "2025-02-28T00:10:54.931+02:00",
    "updated": "2025-03-15T22:20:07.761+02:00"
}