{
    "thread": {
        "uuid": "f964094f32627da521e98bb853aecda2f2d4e4b1",
        "url": "https://www.aroged.com/2025/02/27/dredge-got-to-mobile-devices-on-ios-and-android",
        "site_full": "www.aroged.com",
        "site": "aroged.com",
        "site_section": "https://aroged.com",
        "site_categories": [
            "tech"
        ],
        "section_title": "Aroged | News, Today&#039;s News Headlines, Breaking News Around World",
        "site_title": null,
        "title": "Dredge got to mobile devices on iOS and Android - Aroged",
        "title_full": "Dredge got to mobile devices on iOS and Android - Aroged",
        "published": "2025-02-28T00:03:00.000+02:00",
        "replies_count": 0,
        "participants_count": 1,
        "site_type": "news",
        "country": "IN",
        "main_image": "https://www.aroged.com/wp-content/uploads/2025/02/Dredge-got-to-mobile-devices-on-iOS-and-Android.jpeg",
        "performance_score": 0,
        "domain_rank": 148965,
        "domain_rank_updated": "2025-02-24T23:00:00.000+02:00",
        "social": {
            "facebook": {
                "likes": 0,
                "comments": 0,
                "shares": 0
            },
            "vk": {
                "shares": 0
            }
        }
    },
    "uuid": "f964094f32627da521e98bb853aecda2f2d4e4b1",
    "url": "https://www.aroged.com/2025/02/27/dredge-got-to-mobile-devices-on-ios-and-android",
    "ord_in_thread": 0,
    "parent_url": null,
    "author": "@Thearoged",
    "published": "2025-02-28T00:03:00.000+02:00",
    "title": "Dredge got to mobile devices on iOS and Android - Aroged",
    "text": "Black Salt Games has announced that Dredge has become available on iOS and Android from today: the game can be downloaded for free from the App Store and Google Play, and you can try it before you decide whether to purchase a full version.\nThe development team has reduced the price of the game exactly twice to launch, that is, now its unlock on iOS will cost 14.99 euros, and on Android – a little cheaper – 12.99 euros.\nIn addition to the Dredge basic campaign, the mobile version also gives access to its two additions, namely The Pale Reach and The Iron Rig, which add new scenarios and cost 4.99 and 9.99 euros, respectively.\nThe developers published a video demonstrating the sensory system for managing the mobile version of the game, which looks rather honed.",
    "highlightText": "",
    "highlightTitle": "",
    "highlightThreadTitle": "",
    "language": "english",
    "sentiment": "positive",
    "categories": [
        "Science and Technology",
        "Economy, Business and Finance",
        "Lifestyle and Leisure"
    ],
    "topics": [
        "Science and Technology->technology and engineering",
        "Economy, Business and Finance->computing and information technology",
        "Economy, Business and Finance->products and services",
        "Economy, Business and Finance->media and entertainment industry",
        "Lifestyle and Leisure->game",
        "Lifestyle and Leisure->gaming and lottery"
    ],
    "ai_allow": true,
    "has_canonical": false,
    "breaking": false,
    "webz_reporter": false,
    "external_links": [],
    "external_images": [],
    "entities": {
        "persons": [],
        "organizations": [],
        "locations": []
    },
    "syndication": {
        "syndicated": false,
        "syndicate_id": null,
        "first_syndicated": false
    },
    "trust": null,
    "rating": null,
    "crawled": "2025-02-28T00:17:48.267+02:00",
    "updated": "2025-02-28T00:17:48.267+02:00"
}