{
    "thread": {
        "uuid": "5a1e70e5a7d4703b18fc98991e97172c7207e473",
        "url": "https://www.thespec.com/globenewswire/microbix-hosts-ontario-premier-doug-ford-team/article_10df844c-e458-5fca-a6c1-f7ec2f1f5c08.html",
        "site_full": "www.thespec.com",
        "site": "thespec.com",
        "site_section": "http://www.simcoe.com/search/?f=rss&amp;t=article&amp;l=50&amp;s=start_time&amp;sd=desc&amp;k%5b%5d=%23topstory",
        "site_categories": [
            "media",
            "top_news_ca",
            "top_news"
        ],
        "section_title": "www.simcoe.com - RSS Results",
        "site_title": null,
        "title": "Microbix Hosts Ontario Premier Doug Ford & Team",
        "title_full": "Microbix Hosts Ontario Premier Doug Ford & Team",
        "published": "2025-02-27T22:04:00.000+02:00",
        "replies_count": 0,
        "participants_count": 1,
        "site_type": "news",
        "country": "CA",
        "main_image": "https://bloximages.chicago2.vip.townnews.com/thespec.com/content/tncms/custom/image/ff156378-fbf6-11ed-81e7-334810335cd3.png?resize=600%2C600",
        "performance_score": 0,
        "domain_rank": 8540,
        "domain_rank_updated": "2025-02-24T23:00:00.000+02:00",
        "social": {
            "facebook": {
                "likes": 0,
                "comments": 0,
                "shares": 0
            },
            "vk": {
                "shares": 0
            }
        }
    },
    "uuid": "5a1e70e5a7d4703b18fc98991e97172c7207e473",
    "url": "https://www.thespec.com/globenewswire/microbix-hosts-ontario-premier-doug-ford-team/article_10df844c-e458-5fca-a6c1-f7ec2f1f5c08.html",
    "ord_in_thread": 0,
    "parent_url": null,
    "author": "user",
    "published": "2025-02-27T22:04:00.000+02:00",
    "title": "Microbix Hosts Ontario Premier Doug Ford & Team",
    "text": "MISSISSAUGA, Ontario, Feb. 27, 2025 (GLOBE NEWSWIRE) — Microbix Biosystems Inc. (TSX: MBX, OTCQX: MBXBF, Microbix®), a proudly Ontario Made life sciences innovator, manufacturer, and exporter, was pleased to host Government of Ontario candidates Premier Doug Ford (Etobicoke North riding) and local MPP Deepak Anand (Mississauga-Malton riding). During their site visit on the morning of February 27 — Ontario’s Provincial Election Day — our team had great conversations about how next-generation diagnostic tests can improve health outcomes for patients while also reducing healthcare costs.\nMicrobix’s CEO, Cameron Groome, commented, “We are very pleased for Microbix to be recognized by candidates Premier Ford and MPP Anand as a leading Ontario-based life sciences company. Our team is developing and manufacturing innovative new products right here in Ontario that are exported and used worldwide to help ensure accurate diagnosis of diseases in a timely manner. It is a privilege to share our insights with senior government leaders in order to benefit Ontario’s economy, patients, and taxpayers.”",
    "highlightText": "",
    "highlightTitle": "",
    "highlightThreadTitle": "",
    "language": "english",
    "sentiment": "positive",
    "categories": [
        "Economy, Business and Finance",
        "Science and Technology",
        "Politics"
    ],
    "topics": [
        "Economy, Business and Finance->healthcare industry",
        "Economy, Business and Finance->business governance",
        "Science and Technology->biotechnology",
        "Science and Technology->biomedical science",
        "Science and Technology->medical research",
        "Politics->government",
        "Politics->political candidates",
        "Politics->local government and authority"
    ],
    "ai_allow": false,
    "has_canonical": false,
    "breaking": false,
    "webz_reporter": false,
    "external_links": [],
    "external_images": [],
    "entities": {
        "persons": [],
        "organizations": [],
        "locations": []
    },
    "syndication": {
        "syndicated": false,
        "syndicate_id": "5a1e70e5a7d4703b18fc98991e97172c7207e473",
        "first_syndicated": true
    },
    "trust": null,
    "rating": null,
    "crawled": "2025-02-28T00:00:33.274+02:00",
    "updated": "2025-02-28T00:00:33.274+02:00"
}