{
    "thread": {
        "uuid": "cbb43e605d5443c48247b04a7e957da1335631e3",
        "url": "http://www.psuv.org.ve/temas/noticias/vietnam-continua-expansion-lazos-bilaterales-venezuela",
        "site_full": "www.psuv.org.ve",
        "site": "psuv.org.ve",
        "site_section": "http://www.psuv.org.ve/feed",
        "site_categories": [
            "tennis",
            "sports"
        ],
        "section_title": "PSUV",
        "site_title": null,
        "title": "Vietnam continúa expansión de lazos bilaterales con Venezuela",
        "title_full": "Vietnam continúa expansión de lazos bilaterales con Venezuela",
        "published": "2025-04-17T00:48:00.000+03:00",
        "replies_count": 0,
        "participants_count": 1,
        "site_type": "news",
        "country": "VE",
        "main_image": "",
        "performance_score": 0,
        "domain_rank": 157982,
        "domain_rank_updated": "2025-04-15T00:00:00.000+03:00",
        "licensing_agency": [],
        "social": {
            "facebook": {
                "likes": 0,
                "comments": 0,
                "shares": 0
            },
            "vk": {
                "shares": 0
            }
        }
    },
    "uuid": "cbb43e605d5443c48247b04a7e957da1335631e3",
    "url": "http://www.psuv.org.ve/temas/noticias/vietnam-continua-expansion-lazos-bilaterales-venezuela",
    "ord_in_thread": 0,
    "author": "PSUV",
    "published": "2025-04-17T00:48:00.000+03:00",
    "title": "Vietnam continúa expansión de lazos bilaterales con Venezuela",
    "text": "Noticias\nPara revisar y ampliar las relaciones bilaterales entre Venezuela y Vietnam, el ministro del Poder Popular para las Relaciones Exteriores, Yván Gil, mantuvo recientemente una reunión para dialogar con el embajador del país asiático en Caracas, Vu Trung My, así lo anunció desde su canal de Telegram.\n«Ha sido un verdadero honor dialogar con el embajador de Vietnam, Vu Trung My.», indicó Gil mediante la publicación digital. «Durante nuestra conversación, revisamos los 35 años de relaciones bilaterales y manifestamos nuestro interés compartido en fortalecer la cooperación, especialmente en lo que respecta a oportunidades de inversión y crecimiento en nuestros sectores agrícolas», añadió.\nPreviamente, Trung My sostuvo un encuentro con la vicepresidenta Ejecutiva, Delcy Rodríguez, para pactar proyectos estratégicos de cooperación bilateral. Durante la reunión, ambos representantes exploraron el mapa de cooperación conjunto y establecieron perspectivas concretas para reforzar la relación entre las dos naciones.\nCaracas y Hanói establecieron vínculos diplomáticos el 8 de diciembre de 1989, y ambos comparten embajadas en sus respectivas capitales. Vietnam, reconocido por su exitosa renovación económica que lo ha posicionado entre las principales 35 economías del mundo, se perfila como un aliado estratégico para Venezuela. Los esfuerzos conjuntos están orientados a impulsar avances en sectores prioritarios como energía, agricultura, industria, cultura y turismo.\nVTV",
    "highlightText": "",
    "highlightTitle": "",
    "highlightThreadTitle": "",
    "language": "spanish",
    "sentiment": "positive",
    "categories": [
        "Politics",
        "Social Issue",
        "Economy, Business and Finance"
    ],
    "topics": [
        "Politics->government",
        "Politics->political development",
        "Politics->international relations",
        "Social Issue->immigration",
        "Social Issue->communities",
        "Social Issue->diversity, equity and inclusion",
        "Economy, Business and Finance->foreign exchange market",
        "Economy, Business and Finance->economy",
        "Economy, Business and Finance->business governance"
    ],
    "ai_allow": true,
    "has_canonical": false,
    "breaking": false,
    "webz_reporter": false,
    "external_links": [],
    "entities": {
        "persons": [
            {
                "name": "Delcy Rodríguez",
                "sentiment": "none"
            },
            {
                "name": "Yván Gil",
                "sentiment": "none"
            }
        ],
        "locations": [],
        "organizations": [
            {
                "name": "Poder Popular",
                "sentiment": "none",
                "tickers": []
            },
            {
                "name": "Ejecutiva",
                "sentiment": "none",
                "tickers": []
            }
        ]
    },
    "syndication": {
        "syndicated": null,
        "syndicate_id": null,
        "first_syndicated": false
    },
    "trust": {
        "categories": [],
        "bias": null,
        "source": {
            "type": null,
            "city": null,
            "state": null,
            "country": null,
            "domain_type": null,
            "agency": null,
            "organization_name": null
        }
    },
    "rating": null,
    "crawled": "2025-04-17T01:03:37.641+03:00",
    "updated": "2025-04-17T01:03:37.641+03:00"
}