{
    "thread": {
        "uuid": "9188def8159a2f049d8148b885f451410b0a21f8",
        "url": "https://flipboard.com/topic/janetmcteer/saturday-april-12-evening-cable-news-ratings-cnn-gets-real-boost-from-bill-mah/a-G-qTw7BoT4uSEDdXt2LdAg%3Aa%3A1884234579-ecfa90f6a4%2Fadweek.com",
        "site_full": "flipboard.com",
        "site": "flipboard.com",
        "site_section": "https://flipboard.com/topic/janetmcteer",
        "site_categories": [
            "family_and_parenting",
            "eldercare"
        ],
        "section_title": "Discover More in Janet McTeer on Flipboard",
        "site_title": "Flipboard: Your Social Magazine",
        "title": "Saturday, April 12 Evening Cable News Ratings: CNN Gets Real Boost From Bill Maher | Flipboard",
        "title_full": "Saturday, April 12 Evening Cable News Ratings: CNN Gets Real Boost From Bill Maher | Flipboard",
        "published": "2025-04-17T00:04:00.000+03:00",
        "replies_count": 0,
        "participants_count": 1,
        "site_type": "news",
        "country": "US",
        "main_image": "https://ic-cdn.flipboard.com/adweek.com/c1e16fa8b88e8cb86676bb2090f905fd77faa07f/_medium.jpeg",
        "performance_score": 0,
        "domain_rank": 1236,
        "domain_rank_updated": "2025-04-15T00:00:00.000+03:00",
        "licensing_agency": [],
        "social": {
            "facebook": {
                "likes": 0,
                "comments": 0,
                "shares": 0
            },
            "vk": {
                "shares": 0
            }
        }
    },
    "uuid": "9188def8159a2f049d8148b885f451410b0a21f8",
    "url": "https://flipboard.com/topic/janetmcteer/saturday-april-12-evening-cable-news-ratings-cnn-gets-real-boost-from-bill-mah/a-G-qTw7BoT4uSEDdXt2LdAg%3Aa%3A1884234579-ecfa90f6a4%2Fadweek.com",
    "ord_in_thread": 0,
    "author": "Adweek - Mark Mwachiro",
    "published": "2025-04-17T00:04:00.000+03:00",
    "title": "Saturday, April 12 Evening Cable News Ratings: CNN Gets Real Boost From Bill Maher | Flipboard",
    "text": "Saturday, April 12 Evening Cable News Ratings: CNN Gets Real Boost From Bill Maher CNN’s encore presentation of HBO’s Real Time with Bill Maher had a surge in total viewers and the Adults 25-54 demo as viewers tuned in to watch Maher …\nAdweek - Mark Mwachiro • 45m",
    "highlightText": "",
    "highlightTitle": "",
    "highlightThreadTitle": "",
    "language": "english",
    "sentiment": "positive",
    "categories": [
        "Politics"
    ],
    "topics": [
        "Politics->freedom of the press",
        "Politics->political campaigns",
        "Politics->political candidates"
    ],
    "ai_allow": true,
    "has_canonical": false,
    "breaking": false,
    "webz_reporter": false,
    "external_links": [],
    "entities": {
        "persons": [
            {
                "name": "Bill Maher",
                "sentiment": "negative"
            }
        ],
        "locations": [],
        "organizations": [
            {
                "name": "CNN",
                "sentiment": "negative",
                "tickers": []
            },
            {
                "name": "HBO",
                "sentiment": "none",
                "tickers": []
            }
        ]
    },
    "syndication": {
        "syndicated": false,
        "syndicate_id": null,
        "first_syndicated": false
    },
    "trust": {
        "categories": [],
        "bias": null,
        "source": {
            "type": null,
            "city": null,
            "state": null,
            "country": null,
            "domain_type": null,
            "agency": null,
            "organization_name": null
        }
    },
    "rating": null,
    "crawled": "2025-04-17T00:52:28.419+03:00",
    "updated": "2025-04-17T00:52:28.419+03:00"
}