{
    "thread": {
        "uuid": "cb2ed45c4cfe7c8fbe9294fae889365a3bff738c",
        "url": "https://www.waff.com/2025/04/16/city-huntsville-announces-improvements-south-derrick-street-camp",
        "site_full": "www.waff.com",
        "site": "waff.com",
        "site_section": "https://www.waff.com/programming",
        "site_categories": [
            "media"
        ],
        "section_title": "Programming",
        "site_title": "WAFF | Alabama News, Weather, Sports | Huntsville, Alabama",
        "title": "City of Huntsville announces improvements to South Derrick Street Camp",
        "title_full": "City of Huntsville announces improvements to South Derrick Street Camp",
        "published": "2025-04-17T00:25:00.000+03:00",
        "replies_count": 0,
        "participants_count": 1,
        "site_type": "news",
        "country": "US",
        "main_image": "https://gray-waff-prod.gtv-cdn.com/resizer/v2/FRAB4UTT6ZEXXBBXBMX4LK3FLA.jpg?auth=1c41766cde35b59b0e75ec3628c9d42721923d3cb314244cbbe072e9a67f441f&amp;width=1200&amp;height=600&amp;smart=true",
        "performance_score": 0,
        "domain_rank": 19183,
        "domain_rank_updated": "2025-04-15T00:00:00.000+03:00",
        "licensing_agency": [],
        "social": {
            "facebook": {
                "likes": 0,
                "comments": 0,
                "shares": 0
            },
            "vk": {
                "shares": 0
            }
        }
    },
    "uuid": "cb2ed45c4cfe7c8fbe9294fae889365a3bff738c",
    "url": "https://www.waff.com/2025/04/16/city-huntsville-announces-improvements-south-derrick-street-camp",
    "ord_in_thread": 0,
    "author": "@waff48",
    "published": "2025-04-17T00:25:00.000+03:00",
    "title": "City of Huntsville announces improvements to South Derrick Street Camp",
    "text": "City of Huntsville announces improvements to South Derrick Street Camp\nHUNTSVILLE, Ala. (\nWAFF) - The City of Huntsville announced improvements to the South Derrick Street Camp on Wednesday. The camp had to be shut down and cleared out last year because of a fire.\nOver the past few months, the city has been making improvements to the lot, hoping to prevent problems in the future.\nImprovements include:\n- Removing debris, clearing brush and disposing of illegally dumped concrete\n- Pouring a hard-surface pad, which replaces the previous dirt lot to offer a more stable and sanitary surface\n- Creating a 12’x12’ grid system with 84 individual spaces to provide more structured living areas\n- Equipping each space with a 10’x10’ tent attached to a platform to keep occupants’ belongings off the ground\n- Installing a metal privacy fence around the camp’s perimeter to enhance security\n- Creating new entryways for emergency vehicle access\nWAFF 48 is told people will be able to start coming back in a gradual process starting next week.\nCity leaders said there will be rules enforced on the property designed to keep everyone safe.\n“The goal of these new community standards is to ensure safety and sanitary conditions in the camp,” said Community Development Manager Scott Erwin. “These guidelines were developed in consideration of the concerns raised by occupants and in coordination with CoC providers.”\nThe city says the camp is meant to be a temporary place for people to get help. They’ll be paired with organizations that can assist them in getting into more permanent shelter.\nClick Here to Subscribe on YouTube: Watch the latest WAFF 48 news, sports & weather videos on our YouTube channel!\nCopyright 2025 WAFF. All rights reserved.",
    "highlightText": "",
    "highlightTitle": "",
    "highlightThreadTitle": "",
    "language": "english",
    "sentiment": "positive",
    "categories": [
        "Social Issue",
        "Politics",
        "Human Interest"
    ],
    "topics": [
        "Social Issue->fraternal and community group",
        "Social Issue->social services",
        "Social Issue->social condition",
        "Politics->local government and authority",
        "Politics->government policy",
        "Human Interest->high society"
    ],
    "ai_allow": true,
    "has_canonical": false,
    "breaking": false,
    "webz_reporter": false,
    "external_links": [
        "https://www.youtube.com/@waff48news",
        "https://youtube.com/@waff48news"
    ],
    "entities": {
        "persons": [],
        "locations": [
            {
                "name": "South Derrick Street Camp City",
                "sentiment": "none"
            }
        ],
        "organizations": [
            {
                "name": "WAFF",
                "sentiment": "none",
                "tickers": []
            }
        ]
    },
    "syndication": {
        "syndicated": false,
        "syndicate_id": null,
        "first_syndicated": false
    },
    "trust": {
        "categories": [],
        "bias": null,
        "source": {
            "type": null,
            "city": null,
            "state": null,
            "country": null,
            "domain_type": null,
            "agency": null,
            "organization_name": null
        }
    },
    "rating": null,
    "crawled": "2025-04-17T00:37:51.774+03:00",
    "updated": "2025-04-17T00:37:51.774+03:00"
}