{
    "thread": {
        "uuid": "3e0741af43be7b0ca80cf384e5df08bbdd4eb1db",
        "url": "https://larepublica.pe/datos-estados-unidos/2025/04/16/ley-firmada-por-gavin-newsom-en-california-que-permitira-a-ciertos-residentes-obtener-licencia-remunerada-lrtmus-1353936",
        "site_full": "larepublica.pe",
        "site": "larepublica.pe",
        "site_section": "https://larepublica.pe/rss.xml",
        "site_categories": [
            "media",
            "top_news_co",
            "top_news_cl",
            "top_news_pe",
            "top_news_mx",
            "top_news_ve",
            "top_news"
        ],
        "section_title": "Últimas noticias del Perú y el Mundo por La República",
        "site_title": "Últimas noticias de última hora del Perú y el mundo en La República",
        "title": "Ley firmada por Gavin Newsom en California que permitirá a ciertos residentes obtener licencia remunerada",
        "title_full": "Ley firmada por Gavin Newsom en California que permitirá a ciertos residentes obtener licencia remunerada",
        "published": "2025-04-17T00:05:00.000+03:00",
        "replies_count": 0,
        "participants_count": 1,
        "site_type": "news",
        "country": "PE",
        "main_image": "https://imgmedia.larepublica.pe/1200x630/larepublica/original/2025/04/16/68001b8f924a0971d709ba0a.jpg",
        "performance_score": 0,
        "domain_rank": 7080,
        "domain_rank_updated": "2025-04-15T00:00:00.000+03:00",
        "licensing_agency": [],
        "social": {
            "facebook": {
                "likes": 0,
                "comments": 0,
                "shares": 0
            },
            "vk": {
                "shares": 0
            }
        }
    },
    "uuid": "3e0741af43be7b0ca80cf384e5df08bbdd4eb1db",
    "url": "https://larepublica.pe/datos-estados-unidos/2025/04/16/ley-firmada-por-gavin-newsom-en-california-que-permitira-a-ciertos-residentes-obtener-licencia-remunerada-lrtmus-1353936",
    "ord_in_thread": 0,
    "author": "Richard Pimentel",
    "published": "2025-04-17T00:05:00.000+03:00",
    "title": "Ley firmada por Gavin Newsom en California que permitirá a ciertos residentes obtener licencia remunerada",
    "text": "Ley firmada por Gavin Newsom en California que permitirá a ciertos residentes obtener licencia remunerada\nEl gobernador Gavin Newsom firma la AB 2123, que pocos conocen y que transforma el acceso a la licencia familiar remunerada (PFL) en California, beneficiando a los cuidadores de familiares gravemente enfermos.\nEl gobernador Gavin Newsom aprobó la AB 2123, una legislación que transforma el acceso a la licencia familiar remunerada (PFL) en California. La ley, impulsada por la asambleísta Diane Papan, exime a los trabajadores de usar hasta dos semanas de su tiempo de vacaciones antes de recibir los beneficios del PFL.\nEste cambio ofrece un respaldo concreto a los cuidadores de Estados Unidos, especialmente aquellos que deben atender a familiares con enfermedades graves como la ELA. Al eliminar esta exigencia, se protege a quienes viven de sueldo a sueldo y se facilita el uso del tiempo libre remunerado sin afectar sus derechos laborales.\nPUEDES VER:\n[Gavin Newsom presenta nueva demanda contra Trump por aranceles que afectan gravemente a la economía de California]\n¿Cuál es el principal cambio que introduce la ley AB 2123 para los cuidadores?\nLa AB 2123, firmada por Gavin Newsom, modifica un aspecto clave de la política de licencia familiar remunerada (PFL): ya no obliga a los trabajadores a consumir previamente hasta dos semanas de su tiempo de vacaciones antes de acceder a los beneficios del programa. Esta modificación permite que los empleados con responsabilidades de cuidado tomen hasta ocho semanas de licencia sin que eso implique perder sus días de descanso.\nGracias a esta reforma, los empleados podrán enfocarse en brindar el cuidado necesario sin comprometer su bienestar laboral o económico. Además, este avance fortalece el papel de los cuidadores dentro del sistema de salud de California, al reconocer su aporte indispensable. Con esta medida, se prioriza el equilibrio entre vida laboral y familiar, y se ofrece mayor apoyo a las familias que dependen de un solo ingreso o viven de sueldo a sueldo, brindándoles mayor seguridad y estabilidad en momentos de crisis.4o\nPUEDES VER:\n[Ley SB4-C firmada por Ron DeSantis afectaría a este grupo de inmigrantes en Florida si Corte Suprema la aprueba el 18 de abril]\n¿A partir de cuándo entró en vigor esta ley?\nLa AB 2123 entró en vigor el 1 de enero de 2025. La nueva normativa se alinea con los valores que Gavin Newsom ha promovido durante su mandato, centrados en la equidad, la justicia social y el fortalecimiento del tejido familiar en California. A través del Departamento de Desarrollo del Empleo de California, los solicitantes podrán acceder al beneficio mediante el mismo proceso vigente, sin tener que cumplir nuevos requisitos o realizar trámites adicionales.\nEl impulso de esta legislación representa una victoria significativa para las organizaciones defensoras de derechos laborales y familiares. Según la Red ALS, esta ley constituye un paso esencial para garantizar que nadie tenga que elegir entre el bienestar de un ser querido y la estabilidad laboral. En un país donde las reformas sociales muchas veces enfrentan obstáculos ideológicos, la AB 2123 ofrece un modelo replicable para otras jurisdicciones que buscan ampliar el acceso a beneficios justos y necesarios.",
    "highlightText": "",
    "highlightTitle": "",
    "highlightThreadTitle": "",
    "language": "spanish",
    "sentiment": "positive",
    "categories": [
        "Politics",
        "Economy, Business and Finance",
        "Social Issue"
    ],
    "topics": [
        "Politics->civil rights",
        "Politics->political process",
        "Politics->government policy",
        "Economy, Business and Finance->business governance",
        "Economy, Business and Finance->human resources",
        "Social Issue->social services",
        "Social Issue->social condition"
    ],
    "ai_allow": true,
    "has_canonical": false,
    "breaking": true,
    "webz_reporter": false,
    "external_links": [],
    "entities": {
        "persons": [
            {
                "name": "Gavin Newsom",
                "sentiment": "negative"
            },
            {
                "name": "Diane Papan",
                "sentiment": "none"
            }
        ],
        "locations": [],
        "organizations": [
            {
                "name": "PFL",
                "sentiment": "none",
                "tickers": []
            }
        ]
    },
    "syndication": {
        "syndicated": null,
        "syndicate_id": null,
        "first_syndicated": false
    },
    "trust": {
        "categories": [],
        "bias": null,
        "source": {
            "type": null,
            "city": null,
            "state": null,
            "country": null,
            "domain_type": null,
            "agency": null,
            "organization_name": null
        }
    },
    "rating": null,
    "crawled": "2025-04-17T00:10:53.697+03:00",
    "updated": "2025-04-17T00:10:53.697+03:00"
}