{
    "thread": {
        "uuid": "8f3d11092c01923c2d4e848a5ed37599848f6728",
        "url": "https://www.eleconomista.com.mx/internacionales/tribunal-desbloquea-fondos-retenidos-trump-destinados-energia-limpia-20250416-755340.html",
        "site_full": "www.eleconomista.com.mx",
        "site": "eleconomista.com.mx",
        "site_section": "https://eleconomista.com.mx/internacionales",
        "site_categories": [
            "media",
            "top_news_pe",
            "top_news_mx",
            "top_news"
        ],
        "section_title": "Geopolítica",
        "site_title": "El Economista | Periódico especializado en economía, finanzas y negocios",
        "title": "Tribunal desbloquea fondos retenidos por Trump destinados a energía limpia",
        "title_full": "Tribunal desbloquea fondos retenidos por Trump destinados a energía limpia",
        "published": "2025-04-17T00:47:00.000+03:00",
        "replies_count": 0,
        "participants_count": 1,
        "site_type": "news",
        "country": "MX",
        "main_image": "https://imagenes.eleconomista.com.mx/files/image_1200_600/uploads/2023/03/04/66e45061303cd.jpeg",
        "performance_score": 0,
        "domain_rank": 6691,
        "domain_rank_updated": "2025-04-15T00:00:00.000+03:00",
        "licensing_agency": [],
        "social": {
            "facebook": {
                "likes": 1,
                "comments": 0,
                "shares": 2
            },
            "vk": {
                "shares": 0
            }
        }
    },
    "uuid": "8f3d11092c01923c2d4e848a5ed37599848f6728",
    "url": "https://www.eleconomista.com.mx/internacionales/tribunal-desbloquea-fondos-retenidos-trump-destinados-energia-limpia-20250416-755340.html",
    "ord_in_thread": 0,
    "author": "@eleconomista",
    "published": "2025-04-17T00:47:00.000+03:00",
    "title": "Tribunal desbloquea fondos retenidos por Trump destinados a energía limpia",
    "text": "Geopolítica\nLectura 2:00 min\nTribunal desbloquea fondos retenidos por Trump destinados a energía limpia\nLa jueza McElroy aceptó la solicitud antes de una futura decisión del gobierno sobre el fondo del tema.\nUna jueza federal de Estados Unidos ordenó que se reanude de forma inmediata el financiamiento de miles de millones de dólares para la transición energética y la acción climática que congeló el gobierno de Donald Trump.\nEn su decisión emitida el martes, la jueza Mary McElroy del estado de Rhode Island consideró que si bien el presidente puede aplicar su programa ampliamente, las agencias federales \"no tienen un poder absoluto de bloquear indefinidamente dos leyes adoptadas por el Congreso bajo la administración precedente\" del demócrata Joe Biden.\nTras volver a la Casa Blanca el 20 de enero, Trump decretó la suspensión temporal de la distribución de recursos provenientes de dos leyes adoptadas por el gobierno de Biden -la Ley de Reducción de la Inflación y la Ley de Inversión en Infraestructuras y Empleo- mientras revisaba si estaban conforme a las políticas de la nueva administración.\nA mediados de marzo varias organizaciones sin fines de lucro impugnaron ante la justicia la suspensión de millones de dólares de recursos destinados a proyectos de infraestructura, energía, agricultura, clima y vivienda a través de todo el país.\nLos fondos provienen principalmente de los departamentos de Agricultura y de Energía así como de la agencia para protección del medio ambiente EPA, cuyas acciones son \"arbitrarias\" y sobrepasan sus poderes, según los demandantes. La jueza McElroy aceptó la solicitud antes de una futura decisión del gobierno sobre el fondo del tema.",
    "highlightText": "",
    "highlightTitle": "",
    "highlightThreadTitle": "",
    "language": "spanish",
    "sentiment": "positive",
    "categories": [
        "Politics",
        "Environment",
        "Economy, Business and Finance"
    ],
    "topics": [
        "Politics->government policy",
        "Politics->international relations",
        "Politics->political development",
        "Environment->energy resources",
        "Economy, Business and Finance->energy and resource"
    ],
    "ai_allow": true,
    "has_canonical": false,
    "breaking": true,
    "webz_reporter": false,
    "external_links": [],
    "entities": {
        "persons": [
            {
                "name": "Mary McElroy",
                "sentiment": "none"
            },
            {
                "name": "Joe Biden",
                "sentiment": "none"
            }
        ],
        "locations": [],
        "organizations": [
            {
                "name": "Congreso",
                "sentiment": "none",
                "tickers": []
            }
        ]
    },
    "syndication": {
        "syndicated": null,
        "syndicate_id": null,
        "first_syndicated": false
    },
    "trust": {
        "categories": [],
        "bias": null,
        "source": {
            "type": null,
            "city": null,
            "state": null,
            "country": null,
            "domain_type": null,
            "agency": null,
            "organization_name": null
        }
    },
    "rating": null,
    "crawled": "2025-04-17T01:06:27.651+03:00",
    "updated": "2025-04-17T01:06:27.651+03:00"
}