{
    "thread": {
        "uuid": "4f694342051ecf0f9fff94d19f0c5060bb6ae5f6",
        "url": "https://galego.laopinioncoruna.es/galicia/2025/07/03/sanidade-detecta-incumplimientos-45-negocios-119305733.html",
        "site_full": "galego.laopinioncoruna.es",
        "site": "laopinioncoruna.es",
        "site_section": "https://galego.laopinioncoruna.es/ocio/cine/criticas",
        "site_categories": [
            "top_news_es",
            "top_news"
        ],
        "section_title": "Críticas Cine | Noticias de Críticas Cine - A Opinión da Coruña",
        "site_title": "La Opinión A Coruña, noticias de A Coruña, Galicia, España y el mundo",
        "title": "Sanidade detecta incumplimientos en el 45% de negocios alimentarios",
        "title_full": "Sanidade detecta incumplimientos en el 45% de negocios alimentarios",
        "published": "2025-07-03T07:01:00.000+03:00",
        "replies_count": 0,
        "participants_count": 1,
        "site_type": "news",
        "country": "ES",
        "main_image": "https://www.laopinioncoruna.es/cds-statics/assets/img/logos/logo-regionales-la-opinion-a-corunaOG_.png",
        "performance_score": 0,
        "domain_rank": 41883,
        "domain_rank_updated": "2025-06-03T00:00:00.000+03:00",
        "licensing_agency": [],
        "social": {
            "facebook": {
                "likes": 0,
                "comments": 0,
                "shares": 0
            },
            "vk": {
                "shares": 0
            }
        }
    },
    "uuid": "4f694342051ecf0f9fff94d19f0c5060bb6ae5f6",
    "url": "https://galego.laopinioncoruna.es/galicia/2025/07/03/sanidade-detecta-incumplimientos-45-negocios-119305733.html",
    "ord_in_thread": 0,
    "author": "C. Villar",
    "published": "2025-07-03T07:01:00.000+03:00",
    "title": "Sanidade detecta incumplimientos en el 45% de negocios alimentarios",
    "text": "Sanidade detecta incumplimientos en el 45% de negocios alimentarios\nLa higiene se asocia a la mayor parte de las irregularidades detectadas en unos 4.800 establecimientos | En 160 casos se procedió a la retirada del producto del mercado\nC. Villar\nFabricantes, envasadores, almacenistas, comerciantes polo miúdo, hipermercados, restaurantes ou xeaderías teñen en común a delicada materia prima coa que traballan, os alimentos, e están sometidos en Galicia a un servizo de control e supervisión do que se encarga a Consellería de Sanidade. A intensificación da actividade fiscalizadora do seu persoal traduciuse nun 9,4 por cento máis de inspeccións realizadas nun ano, ata as corenta de media cada día e, na mesma medida, de negocios examinados, máis de 200 de media por semana. Todo ese labor saldouse con deteccións de incumprimentos en case a metade dos establecementos.\nSegundo datos facilitados pola Consellería de Sanidade a este diario, a Xunta realizou ao longo do ano 2023 —o último do que ofrece datos— un total de 15.059 inspeccións de establecementos alimentarios nas que o seu persoal pasou revista a ata 10.762 negocios diferentes. Deles, en case un 45 por cento —4.813 en concreto, un 7% máis— «se detectaron incumprimentos».\nAs inobservancias que analizan os inspectores poden abarcar distintos aspectos: de tipo operacional (como funciona no seu día a día o local), estrutural, de produto ou de información ao consumidor. Desde o departamento sanitario autonómico indican que durante 2023 «a maior parte» dos incumprimentos detectados polo persoal de Inspección Veterinaria de Saúde Pública teñen que ver con «medidas de hixiene». De feito, na listaxe de comprobacións que manexan os inspectores, saliéntanse especialmente estes requisitos.\nAs irregularidades achadas poden acabar en sanción, pero antes Sanidade advirte das deficiencias e insta á súa corrección. Así, en 2023, detallan desde a Consellería, realizáronse 861 requirimentos de corrección do incumprimento. Aínda que a Xunta elevou a presión das súas inspeccións e puxo máis negocios baixo a lupa, as propostas de apertura de expediente por infraccións rebaixáronse nunha cuarta parte con respecto ás contabilizadas un ano antes: foron 359 fronte ás 489 de 2022, cando xa se notou un descenso en relación as 531 de 2021.\nNon é inusual que a Xunta decrete a suspensión de actividade do negocio analizado, unha decisión que tomou en 106 casos en 2023 e ademais en 160 ocasións apunta que se realizaron retiradas de produtos do mercado.\nAínda que os datos de inspeccións de 2024 están a ser aínda recompilados, a Consellería de Sanidade dispón xa de exemplos de infraccións leves detectados durante o ano pasado e cita incumprimentos «por condicións hixiénico-sanitarias» —con sancións de ata 1.200 euros— ou deficiencias administrativas relacionadas coa inscrición nos rexistros sanitarios —penalizados con sancións de ata 600 euros, salvo que requiran autorización administrativa—.\nA diferenza de 2023, no que non se rexistrou en Galicia ningunha sanción grave —que pode supor entre 20.001 e 600.000 euros de penalización—, en 2024 sancionouse a un establecemento por «comercialización de alimentos sen identificación e utilizando unha marca sanitaria falsa». Ese expediente, engade Sanidade, finalizou cunha sanción de 20.001 euros, con dedución do 20% por recoñecemento de responsabilidade e pronto pago.\nRRSS WhatsApp\nRRSS Facebook\nRRSS Twitter\nRRSS email\nCopiar URL)\nNoticia gardada no teu perfil",
    "highlightText": "",
    "highlightTitle": "",
    "highlightThreadTitle": "",
    "language": "spanish",
    "sentiment": "negative",
    "categories": [
        "Health",
        "Social Issue"
    ],
    "topics": [
        "Health->government health care",
        "Health->health facility",
        "Health->health organisation",
        "Social Issue->social services",
        "Social Issue->social problem",
        "Social Issue->public housing"
    ],
    "ai_allow": true,
    "has_canonical": false,
    "breaking": true,
    "webz_reporter": false,
    "external_links": [
        "https://www.facebook.com/sharer/sharer.php?u=https://www.laopinioncoruna.es/galicia/2025/07/03/sanidade-detecta-incumplimientos-45-negocios-119305733.html%3Futm_source%3Dfacebook%26utm_medium%3Dsocial%26utm_campaign%3Dbtn-share",
        "https://api.whatsapp.com/send?text=Sanidade%20detecta%20incumplimientos%20en%20el%2045%25%20de%20negocios%20alimentarios%20https://www.laopinioncoruna.es/galicia/2025/07/03/sanidade-detecta-incumplimientos-45-negocios-119305733.html%3Futm_source%3Dwhatsapp%26utm_medium%3Dsocial%26utm_campaign%3Dbtn-share",
        "https://twitter.com/intent/tweet?original_referer=https://www.laopinioncoruna.es/galicia/2025/07/03/sanidade-detecta-incumplimientos-45-negocios-119305733.html&text=Sanidade%20detecta%20incumplimientos%20en%20el%2045%25%20de%20negocios%20alimentarios%20%20https://www.laopinioncoruna.es/galicia/2025/07/03/sanidade-detecta-incumplimientos-45-negocios-119305733.html%3Futm_source%3Dtwitter%26utm_medium%3Dsocial%26utm_campaign%3Dbtn-share%20a%20trav%C3%A9s%20de%20%40laopinioncoruna",
        "https://facebook.com/sharer/sharer.php?u=https://laopinioncoruna.es/galicia/2025/07/03/sanidade-detecta-incumplimientos-45-negocios-119305733.html%3Futm_source%3Dfacebook%26utm_medium%3Dsocial%26utm_campaign%3Dbtn-share",
        "https://www.facebook.com/sharer/sharer.php",
        "https://twitter.com/intent/tweet?original_referer=https://laopinioncoruna.es/galicia/2025/07/03/sanidade-detecta-incumplimientos-45-negocios-119305733.html&text=Sanidade%20detecta%20incumplimientos%20en%20el%2045%25%20de%20negocios%20alimentarios%20%20https://laopinioncoruna.es/galicia/2025/07/03/sanidade-detecta-incumplimientos-45-negocios-119305733.html%3Futm_source%3Dtwitter%26utm_medium%3Dsocial%26utm_campaign%3Dbtn-share%20a%20trav%C3%A9s%20de%20%40laopinioncoruna",
        "https://api.whatsapp.com/send?text=Sanidade%20detecta%20incumplimientos%20en%20el%2045%25%20de%20negocios%20alimentarios%20https://laopinioncoruna.es/galicia/2025/07/03/sanidade-detecta-incumplimientos-45-negocios-119305733.html%3Futm_source%3Dwhatsapp%26utm_medium%3Dsocial%26utm_campaign%3Dbtn-share",
        "https://api.whatsapp.com/send",
        "https://twitter.com/intent/tweet"
    ],
    "entities": {
        "persons": [],
        "locations": [
            {
                "name": "Galicia",
                "sentiment": "none"
            }
        ],
        "organizations": [
            {
                "name": "citi",
                "sentiment": "none",
                "tickers": [
                    {
                        "ticker": "C",
                        "exchange": "NYSE"
                    }
                ]
            }
        ]
    },
    "syndication": {
        "syndicated": null,
        "syndicate_id": null,
        "first_syndicated": false
    },
    "trust": {
        "categories": [],
        "top_news": [
            "top_news_es",
            "top_news"
        ],
        "bias": null
    },
    "rating": null,
    "crawled": "2025-07-03T07:54:59.327+03:00",
    "updated": "2025-07-03T04:59:08.000+00:00"
}