{
    "thread": {
        "uuid": "66552e5a17bcc3a91df59e8ac3791d4f0b5c13f6",
        "url": "https://www.wetterauer-zeitung.de/ratgeber/gesundheit/kehlkopfkrebs-zwei-zentrale-risikofaktoren-die-vermeidbar-sind-zr-93813017.html",
        "site_full": "www.wetterauer-zeitung.de",
        "site": "wetterauer-zeitung.de",
        "site_section": "https://wetterauer-zeitung.de",
        "site_categories": [
            "media"
        ],
        "section_title": "Home | Wetterauer Zeitung",
        "site_title": "Home | Wetterauer Zeitung",
        "title": "Kehlkopfkrebs: Zwei zentrale Risikofaktoren, die vermeidbar sind",
        "title_full": "Kehlkopfkrebs: Zwei zentrale Risikofaktoren, die vermeidbar sind",
        "published": "2025-07-03T06:40:00.000+03:00",
        "replies_count": 0,
        "participants_count": 1,
        "site_type": "news",
        "country": "DE",
        "main_image": "",
        "performance_score": 0,
        "domain_rank": 154102,
        "domain_rank_updated": "2025-06-03T00:00:00.000+03:00",
        "licensing_agency": [],
        "social": {
            "facebook": {
                "likes": 0,
                "comments": 0,
                "shares": 0
            },
            "vk": {
                "shares": 0
            }
        }
    },
    "uuid": "66552e5a17bcc3a91df59e8ac3791d4f0b5c13f6",
    "url": "https://www.wetterauer-zeitung.de/ratgeber/gesundheit/kehlkopfkrebs-zwei-zentrale-risikofaktoren-die-vermeidbar-sind-zr-93813017.html",
    "ord_in_thread": 0,
    "author": "Judith Braun",
    "published": "2025-07-03T06:40:00.000+03:00",
    "title": "Kehlkopfkrebs: Zwei zentrale Risikofaktoren, die vermeidbar sind",
    "text": "Kehlkopfkrebs: Zwei zentrale Risikofaktoren, die vermeidbar sind\nMänner erkranken häufiger an Kehlkopfkrebs, wobei zwei bedeutende Risikofaktoren im Fokus stehen. Frühe Warnsignale sollten nicht unterschätzt werden.\nFrankfurt – In Deutschland erkranken jährlich etwa 3.600 Männer und 500 Frauen an Kehlkopfkrebs, auch Larynxkarzinom genannt. Die Deutsche Krebsgesellschaft gibt an, dass die Betroffenen im Durchschnitt 68 Jahre alt sind, wobei Männer häufiger betroffen sind als Frauen. Tumore entwickeln sich meist im Bereich der Stimmlippen und können bei frühzeitiger Erkennung oft erfolgreich therapiert werden. Zudem sind die beiden Hauptrisikofaktoren vermeidbar und somit das Risiko, an Kehlkopfkrebs zu erkranken, reduzierbar.\nZwei vermeidbare Risikofaktoren begünstigen die Entwicklung von Kehlkopfkrebs\nTabak- und Alkoholkonsum gelten als die Hauptursachen für Kehlkopfkrebs. Der Tabakkonsum steht in direktem Zusammenhang mit der Wahrscheinlichkeit, an dieser Krankheit zu erkranken, wobei sowohl die Intensität als auch die Dauer des Konsums eine Rolle spielen. Dies berichtet die Deutsche Krebsgesellschaft.\nEin weiterer wesentlicher Risikofaktor ist der übermäßige Konsum von Alkohol. Besonders gefährlich wird es, wenn beide Faktoren zusammenkommen. Das Robert-Koch-Institut (RKI) weist darauf hin, dass die Kombination aus langjährigem Rauchen und regelmäßigem, starkem Alkoholkonsum besonders schädlich ist.\nKehlkopfkrebs: Weitere Risikofaktoren, die man kennen sollte\nNeben den Hauptursachen gibt es weitere Faktoren, die das Risiko für Kehlkopfkrebs erhöhen können. Berufliche Exposition gegenüber Schadstoffen wie Asbest und schwefelsäurehaltigen Gasen (Aerosolen) zählt dazu, wie netdoktor.de berichtet. Auch bestimmte Virusinfektionen, insbesondere mit humanen Papillomaviren (HPV), können zur Entstehung von Kehlkopfkrebs beitragen, so die Apotheken Umschau.\nKehlkopfkrebs lässt sich jedoch vermeiden. Durch den Verzicht auf Rauchen und die Reduzierung oder den vollständigen Verzicht auf Alkohol können Betroffene ihr persönliches Risiko erheblich senken. Frühe Warnzeichen von Kehlkopfkrebs wie anhaltende Heiserkeit, dauerhaftes Halskratzen, Räusperzwang und chronischer Husten sollten ernst genommen und zeitnah von einem Arzt untersucht werden. Bei rechtzeitiger Diagnose und Behandlung sind die Heilungschancen bei Kehlkopfkrebs deutlich besser als in fortgeschrittenen Stadien. (jbr)",
    "highlightText": "",
    "highlightTitle": "",
    "highlightThreadTitle": "",
    "language": "german",
    "sentiment": "negative",
    "categories": [
        "Health",
        "Social Issue"
    ],
    "topics": [
        "Health->cancer",
        "Health->health organisation",
        "Health->medical condition",
        "Social Issue->men",
        "Social Issue->social services",
        "Social Issue->disabilities"
    ],
    "ai_allow": true,
    "has_canonical": false,
    "breaking": false,
    "webz_reporter": false,
    "external_links": [
        "https://www.24vita.de/nachrichten-mix/die-drei-haeufigsten-krebsarten-bei-frauen-und-maennern-93508316.html",
        "https://www.24vita.de/praevention/entscheidende-krebs-risikofaktoren-die-man-vermeiden-kann-93379297.html",
        "https://www.fr.de/ratgeber/gesundheit/kehlkopfkrebs-alarmzeichen-drei-fruehe-symptome-sollten-sie-kennen-93740503.html",
        "https://www.24vita.de/krankheiten/",
        "https://24vita.de/krankheiten/",
        "https://www.24vita.de/krankheiten",
        "https://24vita.de/nachrichten-mix/die-drei-haeufigsten-krebsarten-bei-frauen-und-maennern-93508316.html",
        "https://24vita.de/praevention/entscheidende-krebs-risikofaktoren-die-man-vermeiden-kann-93379297.html",
        "https://fr.de/ratgeber/gesundheit/kehlkopfkrebs-alarmzeichen-drei-fruehe-symptome-sollten-sie-kennen-93740503.html"
    ],
    "entities": {
        "persons": [],
        "locations": [],
        "organizations": []
    },
    "syndication": {
        "syndicated": null,
        "syndicate_id": null,
        "first_syndicated": false
    },
    "trust": {
        "categories": [],
        "top_news": [],
        "bias": null
    },
    "rating": null,
    "crawled": "2025-07-03T07:35:55.165+03:00",
    "updated": "2025-07-03T04:38:15.000+00:00"
}