{
    "thread": {
        "uuid": "2550d514a8811d37b77ffc0af61d5367e4e568bb",
        "url": "https://www.morgenpost.de/sport/article409399586/rauchen-im-stadion-gehoert-das-dazu-oder-kann-das-weg.html",
        "site_full": "www.morgenpost.de",
        "site": "morgenpost.de",
        "site_section": "https://www.morgenpost.de/rss",
        "site_categories": [
            "politics",
            "law_government_and_politics",
            "top_news_de",
            "top_news_at",
            "top_news"
        ],
        "section_title": "Berliner Morgenpost",
        "site_title": "Aktuelle Nachrichten aus Berlin und der Welt - Berliner Morgenpost",
        "title": "Verband warnt vor Rauchen im Stadion - die Maßnahmen der Klubs",
        "title_full": "Verband warnt vor Rauchen im Stadion - die Maßnahmen der Klubs",
        "published": "2025-07-03T07:00:00.000+03:00",
        "replies_count": 0,
        "participants_count": 1,
        "site_type": "news",
        "country": "DE",
        "main_image": "https://img.sparknews.funkemedien.de/407421802/407421802_1751369922_v16_9_1600.jpeg",
        "performance_score": 0,
        "domain_rank": 5392,
        "domain_rank_updated": "2025-06-03T00:00:00.000+03:00",
        "licensing_agency": [],
        "social": {
            "facebook": {
                "likes": 0,
                "comments": 0,
                "shares": 0
            },
            "vk": {
                "shares": 0
            }
        }
    },
    "uuid": "2550d514a8811d37b77ffc0af61d5367e4e568bb",
    "url": "https://www.morgenpost.de/sport/article409399586/rauchen-im-stadion-gehoert-das-dazu-oder-kann-das-weg.html",
    "ord_in_thread": 0,
    "author": "Moritz Weyer",
    "published": "2025-07-03T07:00:00.000+03:00",
    "title": "Verband warnt vor Rauchen im Stadion - die Maßnahmen der Klubs",
    "text": "Essen. Passivrauchen kann schwere gesundheitliche Folgen haben. Auch in den Fußballstadien ist das Thema. Wie gehen die Klubs damit um?\nTextToSpeechModule\nEssen. Passivrauchen kann schwere gesundheitliche Folgen haben. Auch in den Fußballstadien ist das Thema. Wie gehen die Klubs damit um?\nKennen Sie schon unsere PLUS-Inhalte?\n Jetzt\nMorgenpost\ntesten",
    "highlightText": "",
    "highlightTitle": "",
    "highlightThreadTitle": "",
    "language": "german",
    "sentiment": "negative",
    "categories": [
        "Health",
        "Social Issue",
        "Politics"
    ],
    "topics": [
        "Health->public health",
        "Health->health care approach",
        "Health->health organisation",
        "Social Issue->discrimination",
        "Social Issue->social problem",
        "Social Issue->social services",
        "Politics->government policy",
        "Politics->healthcare policy",
        "Politics->safety of citizens"
    ],
    "ai_allow": true,
    "has_canonical": true,
    "breaking": true,
    "webz_reporter": false,
    "external_links": [],
    "entities": {
        "persons": [],
        "locations": [],
        "organizations": []
    },
    "syndication": {
        "syndicated": null,
        "syndicate_id": null,
        "first_syndicated": false
    },
    "trust": {
        "categories": [],
        "top_news": [
            "top_news_de",
            "top_news_at",
            "top_news"
        ],
        "bias": null
    },
    "rating": null,
    "crawled": "2025-07-03T07:51:47.758+03:00",
    "updated": "2025-07-04T05:05:51.000+00:00"
}