{
    "thread": {
        "uuid": "866ba2f1ce3f7aa2207b1f8c80652cff8c2a60f9",
        "url": "https://politiken.dk/edition/news/art10460944/Municipality-disregards-strict-rules-and-provides-tailored-assistance-to-the-unemployed-or-those-on-sick-leave-based-on-their-individual-needs.",
        "site_full": "politiken.dk",
        "site": "politiken.dk",
        "site_section": "https://politiken.dk/edition",
        "site_categories": [
            "media",
            "top_news_dk",
            "top_news"
        ],
        "section_title": "Edition",
        "site_title": "Forsiden",
        "title": "Municipality disregards strict rules and provides tailored assistance to the unemployed or those on sick leave, based on their individual needs.",
        "title_full": "Municipality disregards strict rules and provides tailored assistance to the unemployed or those on sick leave, based on their individual needs.",
        "published": "2025-06-16T03:00:00.000+03:00",
        "replies_count": 0,
        "participants_count": 0,
        "site_type": "news",
        "country": "DK",
        "main_image": "https://politiken.dk/incoming/img10446454.wphzxg/ORIGINALS/original_750/Nyt%20initiativ%20i%20Nyborg%20kommune%20har%20f%C3%A5et%20Louise%20i%20arbejde",
        "performance_score": 0,
        "domain_rank": 10483,
        "domain_rank_updated": "2025-06-03T00:00:00.000+03:00",
        "licensing_agency": [],
        "social": {
            "facebook": {
                "likes": 0,
                "comments": 0,
                "shares": 0
            },
            "vk": {
                "shares": 0
            }
        }
    },
    "uuid": "866ba2f1ce3f7aa2207b1f8c80652cff8c2a60f9",
    "url": "https://politiken.dk/edition/news/art10460944/Municipality-disregards-strict-rules-and-provides-tailored-assistance-to-the-unemployed-or-those-on-sick-leave-based-on-their-individual-needs.",
    "ord_in_thread": 0,
    "author": null,
    "published": "2025-06-16T03:00:00.000+03:00",
    "title": "Municipality disregards strict rules and provides tailored assistance to the unemployed or those on sick leave, based on their individual needs.",
    "text": "Everything was just bleak. She had suffered from postpartum depression, often crying and lacking energy. Just as she had finally recovered, she lost her apprenticeship as a housepainter.\nNow she was ready to work again. But she encountered a mental barrier at the job center.",
    "highlightText": "",
    "highlightTitle": "",
    "highlightThreadTitle": "",
    "language": "english",
    "sentiment": "negative",
    "categories": [
        "Social Issue",
        "Health",
        "Crime, Law and Justice"
    ],
    "topics": [
        "Social Issue->poverty",
        "Social Issue->social services",
        "Health->mental health and disorder",
        "Health->health organisation",
        "Health->government health care"
    ],
    "ai_allow": true,
    "has_canonical": false,
    "breaking": null,
    "webz_reporter": false,
    "external_links": [],
    "entities": {
        "persons": [],
        "locations": [],
        "organizations": []
    },
    "syndication": {
        "syndicated": false,
        "syndicate_id": null,
        "first_syndicated": false
    },
    "trust": {
        "categories": [],
        "top_news": [
            "top_news_dk",
            "top_news"
        ],
        "bias": null
    },
    "rating": null,
    "crawled": "2025-07-03T07:36:39.206+03:00",
    "updated": "2025-07-04T05:05:54.000+00:00"
}