{
    "thread": {
        "uuid": "f80f82b7251ace39974cd2e55ffa6429838a73d1",
        "url": "https://news.ltn.com.tw/news/life/breakingnews/5094865",
        "site_full": "news.ltn.com.tw",
        "site": "ltn.com.tw",
        "site_section": "https://news.ltn.com.tw/list/breakingnews/life",
        "site_categories": [
            "media",
            "top_news_hk",
            "top_news_nz",
            "top_news_tw",
            "top_news"
        ],
        "section_title": "生活新聞 - 即時 - 自由時報電子報",
        "site_title": null,
        "title": "熱！13縣市高溫亮橙黃燈 避免非必要戶外運動",
        "title_full": "熱！13縣市高溫亮橙黃燈 避免非必要戶外運動",
        "published": "2025-07-03T07:07:00.000+03:00",
        "replies_count": 0,
        "participants_count": 1,
        "site_type": "news",
        "country": "TW",
        "main_image": "https://img.ltn.com.tw/Upload/news/600/2025/07/03/php9Td3oM.png",
        "performance_score": 0,
        "domain_rank": 7409,
        "domain_rank_updated": "2025-06-03T00:00:00.000+03:00",
        "licensing_agency": [],
        "social": {
            "facebook": {
                "likes": 0,
                "comments": 0,
                "shares": 1
            },
            "vk": {
                "shares": 0
            }
        }
    },
    "uuid": "f80f82b7251ace39974cd2e55ffa6429838a73d1",
    "url": "https://news.ltn.com.tw/news/life/breakingnews/5094865",
    "ord_in_thread": 0,
    "author": "自由時報電子報",
    "published": "2025-07-03T07:07:00.000+03:00",
    "title": "熱！13縣市高溫亮橙黃燈 避免非必要戶外運動",
    "text": "熱！13縣市高溫亮橙黃燈 避免非必要戶外運動\n今（3）日各地天氣持續晴朗炎熱，中央氣象署上午11時對全台共13縣市發布高溫資訊。提醒民眾注意身體狀況，避免長時間在戶外活動。（圖擷取自中央氣象署）\n李欣潔／核稿編輯\n〔即時新聞／綜合報導〕今（3）日各地天氣持續晴朗炎熱，中央氣象署上午11時對全台共13縣市發布高溫資訊。提醒民眾注意身體狀況，避免長時間在戶外活動。\n中央氣象署今上午11時08分發布高溫資訊，桃園市、新竹縣為橙色燈號，有38度極端高溫出現的機率；台北市、新北市、苗栗縣、彰化縣、雲林縣、台南市、金門縣也為橙色燈號，有連續出現36度高溫的機率，請加強注意。新竹市、嘉義縣、屏東縣、宜蘭縣為黃色燈號，氣溫達36度，請民眾注意。\n氣象署提醒民眾，避免非必要的戶外活動、勞動及運動，注意防曬、多補充水份、慎防熱傷害。室內保持通風及涼爽，建議採取人體或環境降溫的方法，如搧風或利用冰袋降溫等。關懷老人、小孩、慢性病人、肥胖、服用藥物者、弱勢族群、戶外工作或運動者，遠離高溫環境。",
    "highlightText": "",
    "highlightTitle": "",
    "highlightThreadTitle": "",
    "language": "chinese",
    "sentiment": "negative",
    "categories": [
        "Weather",
        "Health"
    ],
    "topics": [
        "Weather->weather warning",
        "Health->public health",
        "Health->medical condition",
        "Health->health care approach"
    ],
    "ai_allow": true,
    "has_canonical": false,
    "breaking": true,
    "webz_reporter": false,
    "external_links": [],
    "entities": {
        "persons": [],
        "locations": [],
        "organizations": []
    },
    "syndication": {
        "syndicated": null,
        "syndicate_id": null,
        "first_syndicated": false
    },
    "trust": {
        "categories": [
            "trusted_news"
        ],
        "top_news": [
            "top_news_hk",
            "top_news_nz",
            "top_news_tw",
            "top_news"
        ],
        "bias": "center"
    },
    "rating": null,
    "crawled": "2025-07-03T07:55:50.290+03:00",
    "updated": "2025-07-04T05:09:37.000+00:00"
}