{
    "thread": {
        "uuid": "c249278177136456c395cd4bd6aeded5d10e2710",
        "url": "https://ground.news/article/hamas-bidens-statements-not-calling-for-an-end-to-the-war-in-gaza-are-collusion-with-the-occupation-al-shorouq-gate",
        "site_full": "ground.news",
        "site": "ground.news",
        "site_section": "https://ground.news/interest/joe-biden",
        "site_categories": [],
        "section_title": "Joe Biden Breaking News Headlines Today | Ground News",
        "title": "Ground News - Hamas: Biden's statements not calling for an end to the war in Gaza are collusion with the occupation - Al-Shorouq Gate",
        "title_full": "Ground News - Hamas: Biden's statements not calling for an end to the war in Gaza are collusion with the occupation - Al-Shorouq Gate",
        "published": "2023-12-23T23:50:00.000+02:00",
        "replies_count": 0,
        "participants_count": 1,
        "site_type": "news",
        "country": "CA",
        "main_image": "",
        "performance_score": 0,
        "domain_rank": 29685,
        "domain_rank_updated": "2023-12-19T12:06:12.000+02:00",
        "reach": null,
        "social": {
            "facebook": {
                "likes": 0,
                "comments": 0,
                "shares": 0
            },
            "gplus": {
                "shares": 0
            },
            "pinterest": {
                "shares": 0
            },
            "linkedin": {
                "shares": 0
            },
            "stumbledupon": {
                "shares": 0
            },
            "vk": {
                "shares": 0
            }
        }
    },
    "uuid": "c249278177136456c395cd4bd6aeded5d10e2710",
    "url": "https://ground.news/article/hamas-bidens-statements-not-calling-for-an-end-to-the-war-in-gaza-are-collusion-with-the-occupation-al-shorouq-gate",
    "ord_in_thread": 0,
    "parent_url": null,
    "author": "shorouknews.com",
    "published": "2023-12-23T23:50:00.000+02:00",
    "title": "Ground News - Hamas: Biden's statements not calling for an end to the war in Gaza are collusion with the occupation - Al-Shorouq Gate",
    "text": "Summary by shorouknews.com Ezzat Al-Rashq, member of the Political Bureau of the Palestinian Resistance Movement (Hamas), considered that the statements were made by US President Joe Biden . Share menu More\nFilters 1 Articles 1 Articles All Left Center Right\nshorouknews.com Hamas: Biden's statements not calling for an end to the war in Gaza are collusion with the occupation - Al-Shorouq Gate Ezzat Al-Rashq, member of the Political Bureau of the Palestinian Resistance Movement (Hamas), considered that the statements were made by US President Joe Biden.\n30 minutes ago Read Full Article\nshorouknews.com\nHamas: Biden's statements not calling for an end to the war in Gaza are collusion with the occupation - Al-Shorouq Gate Ezzat Al-Rashq, member of the Political Bureau of the Palestinian Resistance Movement (Hamas), considered that the statements were made by US President Joe Biden.\n30 minutes ago Read Full Article Think freely. Subscribe and get full access to Ground News Subscriptions start at $9.99/year Subscribe",
    "highlightText": "",
    "highlightTitle": "",
    "highlightThreadTitle": "",
    "language": "english",
    "sentiment": "negative",
    "categories": [
        "Religion and Belief",
        "Politics",
        "War, Conflict and Unrest"
    ],
    "external_links": [
        "https://www.shorouknews.com/news/view.aspx?cdate=23122023&id=44a694f1-3043-4f6e-a6b7-6f360f9b3db6&utm_source=ground.news&utm_medium=referral",
        "https://shorouknews.com/news/view.aspx?cdate=23122023&id=44a694f1-3043-4f6e-a6b7-6f360f9b3db6&utm_source=ground.news&utm_medium=referral",
        "https://www.shorouknews.com/news/view.aspx"
    ],
    "external_images": [],
    "entities": {
        "persons": [
            {
                "name": "biden",
                "sentiment": "negative"
            },
            {
                "name": "ezzat al-rashq",
                "sentiment": "negative"
            },
            {
                "name": "joe biden",
                "sentiment": "none"
            }
        ],
        "organizations": [
            {
                "name": "hamas",
                "sentiment": "negative"
            },
            {
                "name": "political bureau",
                "sentiment": "negative"
            },
            {
                "name": "political bureau of the palestinian resistance movement",
                "sentiment": "none"
            },
            {
                "name": "ground news subscriptions",
                "sentiment": "none"
            }
        ],
        "locations": [
            {
                "name": "gaza",
                "sentiment": "none"
            },
            {
                "name": "us",
                "sentiment": "none"
            }
        ]
    },
    "rating": null,
    "crawled": "2023-12-24T00:13:34.005+02:00",
    "updated": "2023-12-24T00:25:03.471+02:00"
}