{
    "thread": {
        "uuid": "ee1a14b8b9943c601b6f4f69b350dc6f1c0606e9",
        "url": "https://www.goskagit.com/on-religion-this-years-religion-beat-dominated-by-hamas-and-israel-war/article_3abbcc08-a027-11ee-96be-cf22721fd9fb.html",
        "site_full": "www.goskagit.com",
        "site": "goskagit.com",
        "site_section": "http://www.goskagit.com/search/?f=rss&amp;t=article&amp;l=50&amp;s=start_time&amp;sd=desc&amp;k[]=%23topstory",
        "site_categories": [
            "media"
        ],
        "section_title": "www.goskagit.com - RSS Results",
        "title": "On Religion: This year's religion beat dominated by Hamas and Israel war",
        "title_full": "On Religion: This year's religion beat dominated by Hamas and Israel war",
        "published": "2023-12-24T06:24:00.000+02:00",
        "replies_count": 0,
        "participants_count": 1,
        "site_type": "news",
        "country": "US",
        "main_image": "https://bloximages.chicago2.vip.townnews.com/goskagit.com/content/tncms/assets/v3/editorial/9/44/9441acde-8a07-5aaf-971c-b0572e2225d7/5f9ca6334c13e.image.jpg?crop=262%2C262%2C0%2C54&amp;resize=200%2C200&amp;order=crop%2Cresize",
        "performance_score": 0,
        "domain_rank": 49503,
        "domain_rank_updated": "2023-12-19T12:06:16.000+02:00",
        "reach": null,
        "social": {
            "facebook": {
                "likes": 0,
                "comments": 0,
                "shares": 0
            },
            "gplus": {
                "shares": 0
            },
            "pinterest": {
                "shares": 0
            },
            "linkedin": {
                "shares": 0
            },
            "stumbledupon": {
                "shares": 0
            },
            "vk": {
                "shares": 0
            }
        }
    },
    "uuid": "ee1a14b8b9943c601b6f4f69b350dc6f1c0606e9",
    "url": "https://www.goskagit.com/on-religion-this-years-religion-beat-dominated-by-hamas-and-israel-war/article_3abbcc08-a027-11ee-96be-cf22721fd9fb.html",
    "ord_in_thread": 0,
    "parent_url": null,
    "author": "Greg Fiscus",
    "published": "2023-12-24T06:24:00.000+02:00",
    "title": "On Religion: This year's religion beat dominated by Hamas and Israel war",
    "text": "The Hamas surprise attack on Israeli citizens was selected as the year’s most important international story by religion-beat journalists, in part because it led to “spikes in Islamophobia and antisemitism” when Israel launched its massive counterattack on Gaza.\nMembers of the Religion News Association echoed that decision when voting to select the top 2023 religion story in America.\nkAm“x?4:56?ED @7 92E6 282:?DE y6HD 2?5 |FD=:>D D<JC@4<6E 27E6C E96 ~4E] f 2EE24< 3J w2>2D 282:?DE xDC26=[ 2?5 xDC26=’D >:=:E2CJ 2DD2F=E :? v2K2[” ?@E65 E96 #}p :? :ED A@==] “x? x==:?@:D[ 2 !2=6DE:?:2?\\p>6C:42? 3@J :D <:==65[ 2?5 9:D >@E96C H@F?565 :? 2? 2==6865 92E6 2EE24<] %96 4@?7=:4E AC@>AED ?F>6C@FD AC@E6DED[ 2?5 4@==686 42>AFD6D D66 7:6C46 5632E6 23@FE E96 H2C 2?5 E96 3@F?52C:6D @7 7C66 DA6649]”k^Am\nkAm%96 86?6C2E:@?2= ?2EFC6 @7 E96 &]$] 5632E6D H2D F?56C=:?65 :? 2 w2CG2C5 rp!$\\w2CC:D A@== :? H9:49 e_T @7 C6DA@?56?ED 2865 `g\\ac 28C665 E92E E96 “w2>2D <:==:?8 @7 `a__ xDC26=: 4:G:=:2?D 2?5 E96 <:5?2AA:?8 @7 2?@E96C ad_ 4:G:=:2?D 42? 36 ;FDE:7:65 3J E96 8C:6G2?46D @7 !2=6DE:?:2?D]” x? E92E A@==[ efT @7 A2CE:4:A2?ED :? E92E D2>6 286 8C@FA 277:C>65 E92E “y6HD 2D 2 4=2DD 2C6 @AAC6DD@CD 2?5 D9@F=5 36 EC62E65 2D @AAC6DD@CD[” 2D @AA@D65 E@ hT @7 C6DA@?56?ED @=56C E92? ed]k^Am\nkAm%96 p?E:\\s672>2E:@? {628F6 C6A@CE65 a[_b` 2?E:D6>:E:4 :?4:56?ED :? E96 &]$] 36EH66? ~4E] f 2?5 s64] f] %96 r@F?4:= @? p>6C:42?\\xD=2>:4 #6=2E:@?D[ ?@E65 r}}[ C6A@CE65 a[`f` &]$] 4=2:>D @7 xD=2>@A9@3:4 “3:2D @C C6BF6DED 7@C 96=A” 36EH66? ~4E] f 2?5 s64] a]k^Am\nkAmu@C >2?J J62CD[ E96 #}p AF3=:D965 @?6 2??F2= =:DE @7 E96 H@C=5’D >@DE :>A@CE2?E C6=:8:@?\\?6HD 6G6?ED 2?5 EC6?5D] u@C E96 D64@?5 J62C :? 2 C@H[ E96 @C82?:K2E:@? AC@5F465 D6A2C2E6 p>6C:42? 2?5 8=@32= =:DED] %96 ?6IE 76H p>6C:42? D6=64E:@?D H6C6ik^Am\nkAm? {68:D=2E:G6 2?5 =682= 32EE=6D 4@?E:?F65 27E6C E96 a_aa $FAC6>6 r@FCE CF=:?8 @G6CEFC?:?8 #@6 G] (256[ H:E9 ?F>6C@FD DE2E6D 32??:?8 @C C6DEC:4E:?8 23@CE:@? 2?5 @E96CD D@=:5:7J:?8 2446DD E@ 23@CE:@?D] $6?] %@>>J %F36CG:==6 3=@4<65 9F?5C65D @7 >:=:E2CJ ;@3 ?@>:?2E:@?D 2?5 AC@>@E:@?D H9:=6 AC@E6DE:?8 2 (9:E6 w@FD6 A@=:4J E92E 2==@H65 &]$] D@=5:6CD E@ EC2G6= E@ @3E2:? 23@CE:@?D :? DE2E6D H96C6 E96D6 AC@465FC6D 2C6 >@C6 62D:=J 2G2:=23=6]k^Am\nkAm? pE =62DE adT @7 &?:E65 |6E9@5:DE 4@?8C682E:@?D =67E p>6C:42’D D64@?5\\=2C86DE !C@E6DE2?E 56?@>:?2E:@?[ 7@==@H:?8 564256D @7 4@?7=:4E 23@FE 3:3=:42= 2FE9@C:EJ 2?5 2?4:6?E 5@4EC:?6D @? >2CC:286 2?5 D6IF2=:EJ[ :?4=F5:?8 E96 @C5:?2E:@? @7 ?@?46=:32E6 {vq%\"Z 4=6C8J]k^Am\nkAm? s632E6D @G6C {vq%\"Z :DDF6D 42FD65 :?4C62D65 =6G6=D @7 =@42= 2?5 ?2E:@?2= EFC>@:=[ 6DA64:2==J :? 4=2D96D @G6C A2C6?E2= C:89ED[ D49@@= 2DD:8?>6?ED[ 5C28\\BF66? 6G6?ED[ AC@?@F? A@=:4:6D 2?5 E96 C:89ED @7 EC2?D86?56C 2E9=6E6D]k^Am\nkAm? u@C>6C !C6D:56?E s@?2=5 %CF>A 4@?E:?F65 E@ 5C2H DEC@?8 DFAA@CE 7C@> H9:E6 6G2?86=:42= r9C:DE:2?D :? 2 G2C:6EJ @7 EC25:E:@?D] !C6D:56?E y@6 q:56? C6E2:?65 DEC@?8 y6H:D9 DFAA@CE 3FE 72465 324<=2D9 7C@> |FD=:>D 2?5 >2?J C6=:8:@FD AC@8C6DD:G6D @G6C 9:D @AA@D:E:@? E@ w2>2D]k^Am\nkAmp7E6C EH@ :E6>D =:?<65 E@ xDC26= 2?5 w2>2D[ E96 ?6IE 76H 8=@32= :E6>D H6C6ik^Am\nkAm? %96 p?8=:42? r@>>F?:@? 3682? E@ 4C24< 2D EC25:E:@?2= =6256CD — C6AC6D6?E:?8 23@FE gdT @7 8=@32= p?8=:42? H@CD9:AA6CD — 564=2C65 ?@ 4@?7:56?46 :? pC493:D9@A @7 r2?E6C3FCJ yFDE:? (6=3J 2?5 E96 49FC49’D A@H6C DECF4EFC6D :? t?8=2?5] %9:D 7@==@H65 2 r9FC49 @7 t?8=2?5 G@E6 E@ 2==@H 3=6DD:?8 C:E6D 7@C D2>6\\D6I F?:@?D]k^Am\nkAm? %96 '2E:42? 2AAC@G65[ F?56C D@>6 4:C4F>DE2?46D[ E96 32AE:D> @7 EC2?D86?56C r2E9@=:4D 2?5 E96:C C:89E E@ D6CG6 2D 8@5A2C6?ED] $6G6C2= v6C>2? 3:D9@AD 2AAC@G65 E96 3=6DD:?8 @7 D2>6\\D6I C6=2E:@?D9:AD] p7E6C E96 #}p A@== H2D C6=62D65[ 2 '2E:42? 5@4F>6?E 8C2?E65 A6C>:DD:@? 7@C 4=6C8J E@ 368:? 3=6DD:?8 D2>6\\D6I C6=2E:@?D9:AD[ 3FE ?@E :? C:E6D C6D6>3=:?8 >2CC:286D]k^Am\nkAm? %96 '2E:42? 7@C>2==J C6AF5:2E65 “s@4EC:?6 @7 s:D4@G6CJ” E96@C:6D E92E =65 E@ `dE9\\46?EFCJ “A2A2= 3F==D” E92E 2==@H65 E96 4@=@?:2=\\6C2 D6:KFC6 @7 }2E:G6 p>6C:42? =2?5D]k^Am\nkAm? !@A6 uC2?4:D 9@DE65 2 “DJ?@5 @? $J?@52=:EJ” 82E96C:?8 @7 r2E9@=:4 3:D9@AD 2?5 =2JA6@A=6 E92E 2AAC@G65 2 ?@?3:?5:?8 5@4F>6?E 4:E:?8 2? “FC86?E” ?665 7@C 7F==6C A2CE:4:A2E:@? @7 H@>6? :? 49FC49 8@G6C?2?46] r2E9@=:4 AC@8C6DD:G6D AC@>:D65 E@ AFD9 7@C >@C6 492?86D :? 7FEFC6 >66E:?8D[ DF49 2D >2CC:65 AC:6DED[ E96 @C5:?2E:@? @7 H@>6? 2D 5624@?D 2?5 5@4EC:?2= 492?86D @? 2 C2?86 @7 {vq%\"Z :DDF6D]k^Am\nkAm#6=:8:@? }6HD pDD@4:2E:@? >6>36CD D6=64E65 !@A6 uC2?4:D 2D C6=:8:@? ?6HD>2<6C @7 E96 J62C[ 56DA:E6 962=E9 AC@3=6>D E92E =:>:E65 D@>6 @7 9:D H@C< 2?5 4@?EC@G6CD:6D =:?<65 E@ A2A2= C6>2C<D 23@FE E96 7:89E:?8 :? xDC26=\\v2K2 2?5 '2E:42? 24E:@?D 27764E:?8 D6IF2=\\23FD6 4=2:>D 282:?DE E96 y6DF:E AC:6DE 2?5 2CE:DE |2C<@ xG2? #FA?:<]k^Am\nkAmxDC26=: !C:>6 |:?:DE6C q6?;2>:? }6E2?J29F A=2465 D64@?5 :? E92E G@E6] %96 #}p 32==@E ?@E65 9:D “C:89E\\H:?8 8@G6C?>6?E’D 677@CE E@ H62<6? xDC26=’D ;F5:4:2CJ” 2?5 4C:E:4:D>D @7 ?2E:@?2= D64FC:EJ 72:=FC6D 367@C6 E96 w2>2D DFCAC:D6 2EE24<]k^Am",
    "highlightText": "",
    "highlightTitle": "",
    "highlightThreadTitle": "",
    "language": "english",
    "sentiment": "negative",
    "categories": [
        "Human Interest",
        "War, Conflict and Unrest",
        "Religion and Belief"
    ],
    "external_links": [],
    "external_images": [],
    "entities": {
        "persons": [],
        "organizations": [
            {
                "name": "hamas",
                "sentiment": "neutral"
            },
            {
                "name": "religion news association",
                "sentiment": "none"
            }
        ],
        "locations": [
            {
                "name": "israel",
                "sentiment": "none"
            },
            {
                "name": "gaza",
                "sentiment": "none"
            },
            {
                "name": "america",
                "sentiment": "none"
            },
            {
                "name": "islamophobia",
                "sentiment": "none"
            }
        ]
    },
    "rating": null,
    "crawled": "2023-12-24T07:13:38.797+02:00",
    "updated": "2023-12-24T07:13:38.797+02:00"
}