{
    "thread": {
        "uuid": "fed565fd915dda92b6ab3f2f23b2ace51fd00869",
        "url": "https://www.gumtree.com.au/s-ad/south-maclean/lawn-mowers/nearly-new-rover-raider-439-38-ride-on-mower-less-than-20-hours-use/1320224871",
        "site_full": "www.gumtree.com.au",
        "site": "gumtree.com.au",
        "site_section": "https://www.gumtree.com.au/s-lawn-mowers/page-7/c20068",
        "site_categories": [
            "shopping"
        ],
        "section_title": "Lawn Mowers | Gumtree Australia Free Local Classifieds | Page 7",
        "title": "NEARLY NEW ROVER RAIDER 439&#47;38 RIDE ON MOWER LESS THAN 20 HOURS USE Logan Area - South Maclean | 1320224871",
        "title_full": "NEARLY NEW ROVER RAIDER 439&#47;38 RIDE ON MOWER LESS THAN 20 HOURS USE | Lawn Mowers | Gumtree Australia Logan Area - South Maclean | 1320224871",
        "published": "2023-12-23T02:00:00.000+02:00",
        "replies_count": 0,
        "participants_count": 1,
        "site_type": "blogs",
        "country": "AU",
        "main_image": "https://gumtreeau-res.cloudinary.com/image/private/t_$_58/gumtree/3d5103ee-127d-4599-af83-5c1ab0b182f1.jpg",
        "performance_score": 0,
        "domain_rank": 9477,
        "domain_rank_updated": "2023-12-19T12:06:12.000+02:00",
        "reach": null,
        "social": {
            "facebook": {
                "likes": 0,
                "comments": 0,
                "shares": 0
            },
            "gplus": {
                "shares": 0
            },
            "pinterest": {
                "shares": 0
            },
            "linkedin": {
                "shares": 0
            },
            "stumbledupon": {
                "shares": 0
            },
            "vk": {
                "shares": 0
            }
        }
    },
    "uuid": "fed565fd915dda92b6ab3f2f23b2ace51fd00869",
    "url": "https://www.gumtree.com.au/s-ad/south-maclean/lawn-mowers/nearly-new-rover-raider-439-38-ride-on-mower-less-than-20-hours-use/1320224871",
    "ord_in_thread": 0,
    "parent_url": null,
    "author": "Matthew Harvey",
    "published": "2023-12-23T02:00:00.000+02:00",
    "title": "NEARLY NEW ROVER RAIDER 439&#47;38 RIDE ON MOWER LESS THAN 20 HOURS USE Logan Area - South Maclean | 1320224871",
    "text": "Please send a mobile number - Since gumtree changed their message platforms I have had problems with replying to all messages that may be send to me in a reply. When you send a reply it blocks my replying ability. If I don’t reply it’s because I can’t due to no reply message port available here. If I don’t reply please send me your mobile phone number so that I can text a reply regards Matt\nNEARLY NEW ROVER RAIDER 439/38 RIDE ON MOWER LESS THAN 20 HOURS USE\nRRP $ 3999.00 Depending on mower shop. + click to reveal\nI’ll upload photos as soon as I can but mower presents as NEW\nDescription\nROVER Raider 439/38 ride-on mower is designed for large residential blocks up to small acreage – strong, versatile and amazing value for money.\nBacked by Rover’s famous 5 5 year engine and unit warranty, for year after year durability.\n38 Inch Cutting Deck\n439cc Rover Engine\nCup Holder\n5 Year Warranty\nSpecifications\nROVER Raider 439/38 ride-on mower\nCountry of Manufacture United States\nBlock Size Up to 2 Acres\nEngine 439cc Rover Engine\nTransmission 6 Speed Manual\nCutting Width 38 Inches\nCutting Deck Construction Pressed Steel\nCutting Height Adjustment 5 Position\nCutting Height Maximum TBA\nCutting Height Minimum TBA\nDeck Wash No\nBlade Engagement Manual PTO\nBlade(s) “2 x Blade (Part# 942-0610A)”\nSeat Mid Back Seat, with forward/backward adjustment\nTurning Circle 36 Inch Uncut circle\nStarting Key Start\nTow Hitch Yes\nBumper Bar No\nReverse Mowing Yes\nGrass Catcher Optional Extra\nMulch Plug Optional Extra\nSafety Operator Presence Control\nFront Tyres 15 x 6 Inch Turf Saver\nRear Tyres 20 x 8 Inch Turf Saver\nFuel Tank 5.7 Litre\nMaximum Slope Capability 10 Degrees\nProduct Length 160cm\nProduct Weight 196kg\nProduct Width (Chute Up) 105cm\nReady to mow.\nDue to living in a technical black spot I don't receive any phone 📞 calls unless I am outside in the yard. PLEASE sent all questions through gumtree which works?\nPlease study the scans for the best description of this NEARLY NEW ROVER RAIDER 439/38 RIDE ON MOWER you are buying.\nCollection from South Maclean which is 40km south of the Brisbane CBD\nThanks for looking\nWhile here check out my other items for items you may need or want.",
    "highlightText": "",
    "highlightTitle": "",
    "highlightThreadTitle": "",
    "language": "english",
    "sentiment": "negative",
    "categories": [
        "Human Interest",
        "Religion and Belief"
    ],
    "external_links": [],
    "external_images": [],
    "entities": {
        "persons": [
            {
                "name": "matt",
                "sentiment": "none"
            },
            {
                "name": "rover",
                "sentiment": "none"
            }
        ],
        "organizations": [
            {
                "name": "country of manufacture united states",
                "sentiment": "none"
            }
        ],
        "locations": [
            {
                "name": "use logan area",
                "sentiment": "none"
            }
        ]
    },
    "rating": null,
    "crawled": "2023-12-24T11:00:02.043+02:00",
    "updated": "2023-12-24T11:00:02.043+02:00"
}