{
    "thread": {
        "uuid": "4e8f0ff508d9eea9f39dc74a7a7a24b0dd60805b",
        "url": "https://n.yam.com/Article/20260122395714",
        "site_full": "n.yam.com",
        "site": "yam.com",
        "site_section": "https://n.yam.com/",
        "site_categories": [
            "media",
            "social issue",
            "lifestyle and leisure",
            "politics",
            "crime, law and justice",
            "education",
            "human interest",
            "health",
            "arts, culture and entertainment",
            "economy, business and finance"
        ],
        "section_title": "蕃新聞",
        "site_title": null,
        "title": "警友會力挺反毒 北港警分局表揚第一線查緝有功員警",
        "title_full": "警友會力挺反毒 北港警分局表揚第一線查緝有功員警",
        "published": "2026-01-22T11:23:00.000+02:00",
        "replies_count": 0,
        "participants_count": 1,
        "site_type": "news",
        "country": "TW",
        "main_image": "https://www.watchmedia01.com/wp-content/uploads/2026/01/20260122164839_0_64c751.jpg",
        "performance_score": 0,
        "domain_rank": 21818,
        "domain_rank_updated": "2026-01-18T23:00:00.000+02:00",
        "licensing_agency": [],
        "social": {
            "facebook": {
                "likes": 0,
                "comments": 0,
                "shares": 0
            },
            "vk": {
                "shares": 0
            }
        }
    },
    "uuid": "4e8f0ff508d9eea9f39dc74a7a7a24b0dd60805b",
    "url": "https://n.yam.com/Article/20260122395714",
    "ord_in_thread": 0,
    "author": "蕃新聞",
    "published": "2026-01-22T11:23:00.000+02:00",
    "title": "警友會力挺反毒 北港警分局表揚第一線查緝有功員警",
    "text": "警友會力挺反毒 北港警分局表揚第一線查緝有功員警\n觀傳媒/\n11 分鐘前\n（觀傳媒雲嘉南新聞）【記者洪佳伶／雲林報導】雲林縣警察之友會北港警友辦事處長期支持警方治安工作，為肯定員警在查緝毒品及防制毒駕上的優異表現，日前由主任謝政峯親自出席北港警分局聯合勤教會議，頒發慰問獎金表揚有功人員，向堅守第一線、守護民眾安全的員警表達高度肯定與嘉勉。\n謝政峯主任在致詞中指出，警察是社會安定的重要守護者，無論是白天還是深夜，員警都在默默堅守崗位，保護人民的安全，讓民眾得以安居樂業。他感謝警員們不畏艱辛，無論是查緝喪屍煙彈毒品還是毒駕行為，都展現了高度的專業與熱忱。謝主任強調，藉由這次頒發慰問獎金，希望能進一步激勵員警士氣，並且堅定警友會對警方的支持，讓警察感受到強大的後盾。\n分局長陳勇誌也在會議中強調，打擊酒駕和毒駕的行動絕不手軟，特別是春節將至，尾牙與春酒聚會頻繁，酒駕與毒駕交織的情況將成為重大安全隱患。為此，分局將進一步加大對毒駕與酒駕的查緝力度，並結合唾液快篩技術，強力打擊這類違法行為，保障春節期間的道路安全，確保民眾出行無憂。",
    "highlightText": "",
    "highlightTitle": "",
    "highlightThreadTitle": "",
    "language": "chineset",
    "sentiment": "positive",
    "categories": [
        "Crime, Law and Justice"
    ],
    "topics": [
        "Crime, Law and Justice->drug related crimes",
        "Crime, Law and Justice->law enforcement"
    ],
    "ai_allow": true,
    "has_canonical": false,
    "breaking": false,
    "webz_reporter": false,
    "external_links": [],
    "external_images": [],
    "internal_images": [],
    "entities": {
        "persons": [],
        "locations": [],
        "organizations": []
    },
    "syndication": {
        "syndicated": null,
        "syndicate_id": null,
        "first_syndicated": false
    },
    "trust": {
        "categories": [],
        "top_news": [],
        "bias": null,
        "source": {
            "type": null,
            "city": null,
            "state": null,
            "country": null,
            "domain_type": null,
            "agency": null,
            "organization_name": null
        }
    },
    "rating": null,
    "crawled": "2026-01-22T11:46:21.577+02:00",
    "updated": "2026-01-22T11:48:21.000+02:00"
}