{
    "thread": {
        "uuid": "5f1aa529240b414adb33c8f5f5b68dff84c11747",
        "url": "https://www.eldebate.com/espana/comunidad-valenciana/20260122/policia-local-salva-bebe-sufria-convulsiones-localidad-alicantina-novelda_376965.html",
        "site_full": "www.eldebate.com",
        "site": "eldebate.com",
        "site_section": "https://www.eldebate.com/espana",
        "site_categories": [
            "politics",
            "crime, law and justice",
            "arts, culture and entertainment",
            "economy, business and finance",
            "lifestyle and leisure"
        ],
        "section_title": "España | El Debate",
        "site_title": "El Debate: El diario de la actualidad en España y el mundo",
        "title": "La Policía Local salva a un bebé que sufría convulsiones en la localidad alicantina de Novelda",
        "title_full": "La Policía Local salva a un bebé que sufría convulsiones en la localidad alicantina de Novelda",
        "published": "2026-01-22T10:36:00.000+02:00",
        "replies_count": 0,
        "participants_count": 1,
        "site_type": "news",
        "country": "ES",
        "main_image": "https://www.eldebate.com/files/article_social/uploads/2026/01/22/6971e0c345255.jpeg",
        "performance_score": 0,
        "domain_rank": 7587,
        "domain_rank_updated": "2026-01-18T23:00:00.000+02:00",
        "licensing_agency": [],
        "social": {
            "facebook": {
                "likes": 0,
                "comments": 0,
                "shares": 0
            },
            "vk": {
                "shares": 0
            }
        }
    },
    "uuid": "5f1aa529240b414adb33c8f5f5b68dff84c11747",
    "url": "https://www.eldebate.com/espana/comunidad-valenciana/20260122/policia-local-salva-bebe-sufria-convulsiones-localidad-alicantina-novelda_376965.html",
    "ord_in_thread": 0,
    "author": "El Debate",
    "published": "2026-01-22T10:36:00.000+02:00",
    "title": "La Policía Local salva a un bebé que sufría convulsiones en la localidad alicantina de Novelda",
    "text": "La Policía Local salva a un bebé que sufría convulsiones en la localidad alicantina de Novelda\nUna patrulla de la Policía Local de Novelda, en la provincia de Alicante, ha logrado estabilizar a un bebé de 15 meses que sufría un episodio de convulsiones graves, según ha informado el cuerpo municipal en su cuenta de Facebook.\nLos hechos ocurrieron al filo de la medianoche de este miércoles, cuando los agentes han recibido un aviso del 112 en el que han sido alertados de que el menor se encontraba en esta situación.\nTras ello, una patrulla se ha desplazado al domicilio y ha contactado con el Centro de Información y Coordinación de Urgencias (CICU). Siguiendo las instrucciones de los profesionales sanitarios, los policías han podido estabilizar al bebé.\nPara agilizar el traslado sanitario, el CICU ha autorizado, en función de la emergencia, a trasladar al bebe con la madre en un coche patrulla de la Policía Local hasta el Centro de Salud de Novelda, desde donde, tras ser evaluado, ha sido derivado al Hospital de Elda.",
    "highlightText": "",
    "highlightTitle": "",
    "highlightThreadTitle": "",
    "language": "spanish",
    "sentiment": "positive",
    "categories": [
        "Crime, Law and Justice",
        "Health"
    ],
    "topics": [
        "Crime, Law and Justice->law enforcement",
        "Crime, Law and Justice->police",
        "Health->emergency care"
    ],
    "ai_allow": true,
    "has_canonical": false,
    "breaking": false,
    "webz_reporter": false,
    "external_links": [],
    "external_images": [],
    "internal_images": [],
    "entities": {
        "persons": [],
        "locations": [
            {
                "name": "Novelda",
                "sentiment": "none"
            },
            {
                "name": "Alicante",
                "sentiment": "none"
            }
        ],
        "organizations": [
            {
                "name": "Policía Local",
                "sentiment": "negative",
                "tickers": [
                    {
                        "ticker": null,
                        "exchange": null
                    }
                ]
            },
            {
                "name": "Facebook",
                "sentiment": "none",
                "tickers": [
                    {
                        "ticker": "META",
                        "exchange": "NASDAQ"
                    }
                ]
            }
        ]
    },
    "syndication": {
        "syndicated": null,
        "syndicate_id": null,
        "first_syndicated": false
    },
    "trust": {
        "categories": [],
        "top_news": [],
        "bias": null,
        "source": {
            "type": null,
            "city": null,
            "state": null,
            "country": null,
            "domain_type": null,
            "agency": null,
            "organization_name": null
        }
    },
    "rating": null,
    "crawled": "2026-01-22T10:53:57.738+02:00",
    "updated": "2026-01-22T11:01:02.000+02:00"
}