{
    "thread": {
        "uuid": "bed5a481303b93b8458e44823dce47e1bdc0564a",
        "url": "https://www.westfalen-blatt.de/owl/kreis-paderborn/paderborn/passantin-courageehrung-polizei-mordversuch-messerstecherei-3477424",
        "site_full": "www.westfalen-blatt.de",
        "site": "westfalen-blatt.de",
        "site_section": "https://www.westfalen-blatt.de/",
        "site_categories": [
            "under_construction",
            "arts, culture and entertainment",
            "economy, business and finance",
            "disaster and accident",
            "lifestyle and leisure",
            "crime, law and justice",
            "politics",
            "sport"
        ],
        "section_title": "Startseite | Westfalen-Blatt",
        "site_title": "Startseite | Westfalen-Blatt",
        "title": "Passantin rettet Frau nach Mordversuch",
        "title_full": "Passantin rettet Frau nach Mordversuch",
        "published": "2026-01-22T14:37:00.000+02:00",
        "replies_count": 0,
        "participants_count": 1,
        "site_type": "news",
        "country": "DE",
        "main_image": "https://asc-images.forward-publishing.io/2026/01/22/ae24d34c-fe8b-43fc-9a0c-9cb1639287ed.jpg?rect=0%2C0%2C2856%2C1904&amp;w=1024&amp;auto=compress%2Cformat",
        "performance_score": 0,
        "domain_rank": 35662,
        "domain_rank_updated": "2026-01-18T23:00:00.000+02:00",
        "licensing_agency": [],
        "social": {
            "facebook": {
                "likes": 0,
                "comments": 0,
                "shares": 0
            },
            "vk": {
                "shares": 0
            }
        }
    },
    "uuid": "bed5a481303b93b8458e44823dce47e1bdc0564a",
    "url": "https://www.westfalen-blatt.de/owl/kreis-paderborn/paderborn/passantin-courageehrung-polizei-mordversuch-messerstecherei-3477424",
    "ord_in_thread": 0,
    "author": "author0",
    "published": "2026-01-22T14:37:00.000+02:00",
    "title": "Passantin rettet Frau nach Mordversuch",
    "text": "Courageehrung der Polizei Paderborn\nPassantin rettet Frau nach Mordversuch\nPaderborn\nWer Mut zeigt, macht Mut. Bestes Beispiel dafür sind Mechthild Guyens und Kai Görlach, die nun von der Polizei Paderborn für couragierte Taten geehrt wurden. Guyens rettete sogar einer Frau das Leben, die von ihrem Ehemann umgebracht werden sollte.\nMechthild Guyens hörte als unbeteiligte Passantin am 11. November des vergangenen Jahres am späten Vormittag in Paderborn-Elsen einen Schrei und wurde auf folgendes Geschehen aufmerksam: Ein Mann versuchte, seine regungslose Ehefrau auf den Beifahrersitz eines Autos zu setzen.\nTop informiert mit\nBester Deal",
    "highlightText": "",
    "highlightTitle": "",
    "highlightThreadTitle": "",
    "language": "german",
    "sentiment": "positive",
    "categories": [
        "Crime, Law and Justice",
        "Human Interest"
    ],
    "topics": [
        "Crime, Law and Justice->homicide",
        "Crime, Law and Justice->court",
        "Human Interest->human mishap"
    ],
    "ai_allow": false,
    "has_canonical": false,
    "breaking": false,
    "webz_reporter": false,
    "external_links": [],
    "external_images": [],
    "internal_images": [],
    "entities": {
        "persons": [
            {
                "name": "Kai Görlach",
                "sentiment": "none"
            },
            {
                "name": "Mechthild Guyens",
                "sentiment": "none"
            }
        ],
        "locations": [
            {
                "name": "Paderborn - Elsen",
                "sentiment": "none"
            }
        ],
        "organizations": []
    },
    "syndication": {
        "syndicated": null,
        "syndicate_id": null,
        "first_syndicated": false
    },
    "trust": {
        "categories": [],
        "top_news": [],
        "bias": null,
        "source": {
            "type": null,
            "city": null,
            "state": null,
            "country": null,
            "domain_type": null,
            "agency": null,
            "organization_name": null
        }
    },
    "rating": null,
    "crawled": "2026-01-22T15:14:17.621+02:00",
    "updated": "2026-01-22T15:19:09.000+02:00"
}