{
    "thread": {
        "uuid": "5239aaa3d1657a877a2e26de647435c8deaefbf8",
        "url": "https://www.dharitri.com/cm-increases-monthly-allowance-of-gram-rakshi/",
        "site_full": "www.dharitri.com",
        "site": "dharitri.com",
        "site_section": "https://www.dharitri.com/amp",
        "site_categories": [
            "under_construction",
            "crime, law and justice",
            "politics",
            "disaster and accident",
            "lifestyle and leisure",
            "arts, culture and entertainment",
            "human interest",
            "economy, business and finance"
        ],
        "section_title": "Odia News Online, Odisha Latest Breaking News, Current Headlines: Dharitri",
        "site_title": "Odia News Online, Odisha Latest Breaking News, Current Headlines: Dharitri",
        "title": "ଗ୍ରାମରକ୍ଷୀଙ୍କ ମାସିକ ଭତ୍ତା ବୃଦ୍ଧି କଲେ ମୁଖ୍ୟମନ୍ତ୍ରୀ, ଜାଣନ୍ତୁ କେତେ…",
        "title_full": "ଗ୍ରାମରକ୍ଷୀଙ୍କ ମାସିକ ଭତ୍ତା ବୃଦ୍ଧି କଲେ ମୁଖ୍ୟମନ୍ତ୍ରୀ, ଜାଣନ୍ତୁ କେତେ…",
        "published": "2026-01-22T12:25:00.000+02:00",
        "replies_count": 0,
        "participants_count": 1,
        "site_type": "news",
        "country": "IN",
        "main_image": "https://www.dharitri.com/wp-content/uploads/2026/01/66-11.jpg",
        "performance_score": 0,
        "domain_rank": 99311,
        "domain_rank_updated": "2026-01-18T23:00:00.000+02:00",
        "licensing_agency": [],
        "social": {
            "facebook": {
                "likes": 0,
                "comments": 0,
                "shares": 0
            },
            "vk": {
                "shares": 0
            }
        }
    },
    "uuid": "5239aaa3d1657a877a2e26de647435c8deaefbf8",
    "url": "https://www.dharitri.com/cm-increases-monthly-allowance-of-gram-rakshi/",
    "ord_in_thread": 0,
    "author": "Padmini Mohanty",
    "published": "2026-01-22T12:25:00.000+02:00",
    "title": "ଗ୍ରାମରକ୍ଷୀଙ୍କ ମାସିକ ଭତ୍ତା ବୃଦ୍ଧି କଲେ ମୁଖ୍ୟମନ୍ତ୍ରୀ, ଜାଣନ୍ତୁ କେତେ…",
    "text": "ଭୁବନେଶ୍ୱର,୨୨ା୧: ଗ୍ରାମରକ୍ଷୀଙ୍କ ମାସିକ ଭତ୍ତା ବୃଦ୍ଧି କରିଛନ୍ତି ମୁଖ୍ୟମନ୍ତ୍ରୀ ମୋହନ ଚରଣ ମାଝୀ। ପୂର୍ବରୁ ଗ୍ରାମରକ୍ଷୀ ୧୮୦୦ ଟଙ୍କା ପାଉଥିବାବେଳେ ୭୦୦ ଟଙ୍କା ବୃଦ୍ଧି କରିଛନ୍ତି ସରକାର। ବର୍ତ୍ତମାନ ଗ୍ରାମରକ୍ଷୀମାନେ ୨୫୦୦ ଟଙ୍କା ମାସିକ ଭତ୍ତା ପାଇବେ। ଯେଉଁ ଥାନା ଅଧୀନରେ ଗ୍ରାମରକ୍ଷୀ କାମ କରୁଥିବେ ସପ୍ତାହକୁ ଥରେ ଯାଇ ସେଠାରେ ଉପସ୍ଥାନ ଦେବେ।\nDharitri –Odisha’s No.1 Trusted Odia Daily",
    "highlightText": "",
    "highlightTitle": "",
    "highlightThreadTitle": "",
    "language": "english",
    "sentiment": "positive",
    "categories": [
        "Crime, Law and Justice"
    ],
    "topics": [
        "Crime, Law and Justice->police"
    ],
    "ai_allow": true,
    "has_canonical": false,
    "breaking": false,
    "webz_reporter": false,
    "external_links": [],
    "external_images": [],
    "internal_images": [],
    "entities": {
        "persons": [],
        "locations": [],
        "organizations": []
    },
    "syndication": {
        "syndicated": false,
        "syndicate_id": null,
        "first_syndicated": false
    },
    "trust": {
        "categories": [],
        "top_news": [],
        "bias": null,
        "source": {
            "type": null,
            "city": null,
            "state": null,
            "country": null,
            "domain_type": null,
            "agency": null,
            "organization_name": null
        }
    },
    "rating": null,
    "crawled": "2026-01-22T13:10:50.958+02:00",
    "updated": "2026-01-22T13:13:53.000+02:00"
}