{
    "thread": {
        "uuid": "70ee2f7d247d2311ad8825ef58bfc7b06c069411",
        "url": "https://article.wn.com/view/2026/01/22/Letter_to_the_Editor_When_ICE_was_an_outfit_we_could_be_prou/",
        "site_full": "article.wn.com",
        "site": "wn.com",
        "site_section": "https://wn.com/we%5C",
        "site_categories": [
            "media",
            "arts, culture and entertainment",
            "lifestyle and leisure",
            "science and technology",
            "economy, business and finance",
            "crime, law and justice",
            "politics",
            "sport"
        ],
        "section_title": "WN - we\\",
        "site_title": "World News",
        "title": "Letter to the Editor: When ICE was an outfit we could be proud of - Worldnews.com",
        "title_full": "Letter to the Editor: When ICE was an outfit we could be proud of - Worldnews.com",
        "published": "2026-01-22T02:00:00.000+02:00",
        "replies_count": 0,
        "participants_count": 1,
        "site_type": "news",
        "country": "US",
        "main_image": "",
        "performance_score": 0,
        "domain_rank": 8219,
        "domain_rank_updated": "2026-01-18T23:00:00.000+02:00",
        "licensing_agency": [],
        "social": {
            "facebook": {
                "likes": 0,
                "comments": 0,
                "shares": 0
            },
            "vk": {
                "shares": 0
            }
        }
    },
    "uuid": "70ee2f7d247d2311ad8825ef58bfc7b06c069411",
    "url": "https://article.wn.com/view/2026/01/22/Letter_to_the_Editor_When_ICE_was_an_outfit_we_could_be_prou/",
    "ord_in_thread": 0,
    "author": "System",
    "published": "2026-01-22T02:00:00.000+02:00",
    "title": "Letter to the Editor: When ICE was an outfit we could be proud of - Worldnews.com",
    "text": "Once upon a time, I had a guy deported. I was helping run a foreign exchange program in support of the Irish peace process. The several hundred participants were almost all in their early 20s, and as my old gym teacher used to encourage us to lock our lockers, “Boys, if you put 10 people in a room, one of them...\nread full story",
    "highlightText": "",
    "highlightTitle": "",
    "highlightThreadTitle": "",
    "language": "english",
    "sentiment": "positive",
    "categories": [
        "Crime, Law and Justice"
    ],
    "topics": [
        "Crime, Law and Justice->international law",
        "Crime, Law and Justice->law enforcement"
    ],
    "ai_allow": true,
    "has_canonical": false,
    "breaking": null,
    "webz_reporter": false,
    "external_links": [
        "https://www.bemidjipioneer.com/opinion/letters/letter-to-the-editor-when-ice-was-an-outfit-we-could-be-proud-of",
        "https://bemidjipioneer.com/opinion/letters/letter-to-the-editor-when-ice-was-an-outfit-we-could-be-proud-of"
    ],
    "external_images": [],
    "internal_images": [],
    "entities": {
        "persons": [],
        "locations": [],
        "organizations": []
    },
    "syndication": {
        "syndicated": false,
        "syndicate_id": null,
        "first_syndicated": false
    },
    "trust": {
        "categories": [
            "trusted_news"
        ],
        "top_news": [],
        "bias": "center",
        "source": {
            "type": null,
            "city": null,
            "state": null,
            "country": null,
            "domain_type": null,
            "agency": null,
            "organization_name": null
        }
    },
    "rating": null,
    "crawled": "2026-01-22T15:33:17.571+02:00",
    "updated": "2026-01-22T15:37:16.000+02:00"
}