{
    "thread": {
        "uuid": "939e66174fc31d45a5fa99e526585057c29f3419",
        "url": "https://www.thestar.com.my/news/nation/2026/01/22/crime-prevention-school-safety-remain-top-priority-says-igp",
        "site_full": "www.thestar.com.my",
        "site": "thestar.com.my",
        "site_section": "https://www.thestar.com.my/",
        "site_categories": [
            "media",
            "top_news_sa",
            "top_news_my",
            "top_news_ph",
            "top_news_sg",
            "top_news",
            "crime, law and justice",
            "politics",
            "sport",
            "disaster and accident",
            "economy, business and finance"
        ],
        "section_title": "The Star | Malaysia News: National, Regional and World News",
        "site_title": "The Star | Malaysia News: National, Regional and World News",
        "title": "Crime prevention, school safety remain top priority, says IGP",
        "title_full": "Crime prevention, school safety remain top priority, says IGP",
        "published": "2026-01-22T11:34:12.993+02:00",
        "replies_count": 0,
        "participants_count": 1,
        "site_type": "news",
        "country": "MY",
        "main_image": "https://apicms.thestar.com.my/uploads/images/2026/01/22/3732916.JPG",
        "performance_score": 0,
        "domain_rank": 5758,
        "domain_rank_updated": "2026-01-18T23:00:00.000+02:00",
        "licensing_agency": [],
        "social": {
            "facebook": {
                "likes": 1,
                "comments": 0,
                "shares": 1
            },
            "vk": {
                "shares": 0
            }
        }
    },
    "uuid": "939e66174fc31d45a5fa99e526585057c29f3419",
    "url": "https://www.thestar.com.my/news/nation/2026/01/22/crime-prevention-school-safety-remain-top-priority-says-igp",
    "ord_in_thread": 0,
    "author": "The Star Online",
    "published": "2026-01-22T11:34:12.993+02:00",
    "title": "Crime prevention, school safety remain top priority, says IGP",
    "text": "TAPAH: The Royal Malaysia Police continues to prioritise crime prevention and school safety through its school liaison officers (PPS) initiative, implemented since 2018 to ensure a safe and conducive learning environment.\nInspector-General of Police Datuk Seri Mohd Khalid Ismail said the initiative, implemented by the Crime Prevention and Community Safety Department in collaboration with State Education Departments, adopts a comprehensive and structured approach to addressing safety issues at the school level.\nHe said PPS officers serve as the primary link between the police and school communities, providing early crime prevention education, enhancing students’ legal awareness and fostering trust-based relationships between the police and schools.\n\"We take seriously issues such as bullying, school violence, drug abuse, juvenile crime and the negative influence of social media, all of which can jeopardise the safety and future of our children.\n\"However, school safety is not the responsibility of any single party. It requires close cooperation among teachers, parents, students, the local community and the police to ensure preventive measures are implemented effectively,” he said.\nMohd Khalid said early education on crime prevention and compliance with the law is crucial in shaping discipline and character among students from a young age.\n\"I would like to stress that manners and moral values play an important role in developing balanced individuals and in elevating a person’s dignity.\n\"Knowledge and character are the two main keys to success in life. Respect your teachers, love your parents, stay away from negative influences and use social media wisely,” he said.\nThe IGP, who is also a former student of the school, called on parents and the local community to continue serving as strategic partners to schools and the police by supporting various safety and crime prevention programmes.\nHe said collective support is vital, as safeguarding children and nurturing their positive development today represents the most valuable investment for the nation’s future.\n\"We will remain committed to strengthening strategic cooperation with the Ministry of Education Malaysia and relevant agencies to ensure the PPS initiative remains relevant, effective and continues to have a positive impact on school safety nationwide,” he said.\nMohd Khalid was speaking at the ‘Back to School with the Inspector-General of Police’ programme at Sekolah Kebangsaan Bidor here on Thursday (Jan 22).\nAlso present were Road Transport Department (JPJ) director-general Datuk Aedy Fadly Ramli and Bukit Aman JPJKK director Datuk Seri Mohd Yusri Hassan Basri. – Bernama",
    "highlightText": "",
    "highlightTitle": "",
    "highlightThreadTitle": "",
    "language": "english",
    "sentiment": "positive",
    "categories": [
        "Crime, Law and Justice"
    ],
    "topics": [
        "Crime, Law and Justice->law enforcement",
        "Crime, Law and Justice->crime"
    ],
    "ai_allow": true,
    "has_canonical": false,
    "breaking": false,
    "webz_reporter": false,
    "external_links": [],
    "external_images": [],
    "internal_images": [],
    "entities": {
        "persons": [],
        "locations": [],
        "organizations": []
    },
    "syndication": {
        "syndicated": false,
        "syndicate_id": null,
        "first_syndicated": false
    },
    "trust": {
        "categories": null,
        "top_news": [
            "top_news_sa",
            "top_news_my",
            "top_news_ph",
            "top_news_sg",
            "top_news"
        ],
        "bias": "right",
        "source": {
            "type": null,
            "city": null,
            "state": null,
            "country": null,
            "domain_type": null,
            "agency": null,
            "organization_name": null
        }
    },
    "rating": null,
    "crawled": "2026-01-22T11:34:12.993+02:00",
    "updated": "2026-01-22T11:37:54.000+02:00"
}