{
    "thread": {
        "uuid": "f6ca88cfb45d236c61d260bec1ce767d30c09230",
        "url": "https://henan.china.com/news/gc/2026/0122/2530708450.html",
        "site_full": "henan.china.com",
        "site": "china.com",
        "site_section": "https://henan.china.com/m/news/gc",
        "site_categories": [
            "media",
            "war, conflict and unrest",
            "arts, culture and entertainment",
            "lifestyle and leisure",
            "science and technology",
            "health",
            "economy, business and finance",
            "crime, law and justice",
            "politics"
        ],
        "section_title": "原创-中华网河南",
        "site_title": null,
        "title": "社旗县法院执结一起婚约彩礼纠纷案-中华网河南",
        "title_full": "社旗县法院执结一起婚约彩礼纠纷案-中华网河南",
        "published": "2026-01-22T07:46:09.017+02:00",
        "replies_count": 0,
        "participants_count": 0,
        "site_type": "news",
        "country": "CN",
        "main_image": "",
        "performance_score": 0,
        "domain_rank": 6910,
        "domain_rank_updated": "2026-01-18T23:00:00.000+02:00",
        "licensing_agency": [],
        "social": {
            "facebook": {
                "likes": 0,
                "comments": 0,
                "shares": 0
            },
            "vk": {
                "shares": 0
            }
        }
    },
    "uuid": "f6ca88cfb45d236c61d260bec1ce767d30c09230",
    "url": "https://henan.china.com/news/gc/2026/0122/2530708450.html",
    "ord_in_thread": 0,
    "author": null,
    "published": "2026-01-22T07:46:09.017+02:00",
    "title": "社旗县法院执结一起婚约彩礼纠纷案-中华网河南",
    "text": "婚约解除后，为缔结婚姻给付的彩礼、黄金首饰该如何处置？近日，河南省社旗县人民法院巧妙运用“刚柔并济”执行策略，将一起矛盾尖锐的婚约财产纠纷，转化为化解心结的平和交接——既高效兑现了申请执行人的胜诉权益，更实现了“案结事了、人和”的良好效果。\n2025年1月，王某与赵某经人介绍相识，依当地习俗举行结婚仪式后共同生活，未办理结婚登记。为缔结婚姻，王某向赵某给付彩礼30万元，并给予项链、耳环等黄金首饰。赵某用部分彩礼购置了空调、洗衣机等家用电器及陪嫁物品。然而，共同生活期间，双方感情不和，矛盾频发。同年9月，赵某搬离王某家，双方正式分居。后因彩礼返还问题协商无果，王某遂诉至社旗法院。\n法院经审理，综合考虑双方共同生活时间、彩礼实际使用等情况，依法判决被告赵某及其父母期限内返还原告王某彩礼20万元。判决生效后，赵某及其父母未按期履行返还义务，王某向法院申请强制执行。\n案件进入执行程序后，执行干警刘嵩强依法向被执行人赵某及其父母送达了执行通知书、报告财产令等法律文书，督促其主动履行还款义务，但被执行人始终以各种理由拖延履行。\n执行干警通过网络查控系统全面排查被执行人财产线索，依法冻结了其名下银行账户，虽未发现足额可供执行财产，但赵某家中经营生意，账户冻结直接影响资金流动。执行干警抓住这一关键节点，反复与被执行人沟通，详细释明拒不履行生效判决的法律后果，告知其可能面临的信用惩戒及对生产生活的不利影响。面对执行压力和法律威慑，赵某态度有所松动，其表示尚有个人物品留存于王某家中，未能取回，王某对此多番阻挠，因此产生对立情情绪。\n了解这一情况后，执行干警敏锐意识到，化解此案的关键不仅在于强制措施，更在于解开双方的心结。执行干警立即组织双方进行沟通，一方面督促赵某主动履行还款义务，另一方面劝说王某配合归还赵某个人物品。\n经过执行干警的不懈努力，最终赵某主动联系法院，一次性履行完毕全部执行款；王某亦同意赵某于次日取回个人物品。随着款项的付清与物品的交付，这起因婚约财产引发的纠纷得以圆满解决，案件顺利执结。（供稿：焦典范）",
    "highlightText": "",
    "highlightTitle": "",
    "highlightThreadTitle": "",
    "language": "chinese",
    "sentiment": "positive",
    "categories": [
        "Crime, Law and Justice",
        "Social Issue"
    ],
    "topics": [
        "Crime, Law and Justice->law",
        "Crime, Law and Justice->civil law",
        "Crime, Law and Justice->court",
        "Social Issue->dating and relationships",
        "Social Issue->family",
        "Social Issue->marriage"
    ],
    "ai_allow": true,
    "has_canonical": false,
    "breaking": false,
    "webz_reporter": false,
    "external_links": [],
    "external_images": [],
    "internal_images": [],
    "entities": {
        "persons": [],
        "locations": [],
        "organizations": []
    },
    "syndication": {
        "syndicated": null,
        "syndicate_id": null,
        "first_syndicated": false
    },
    "trust": {
        "categories": [],
        "top_news": [],
        "bias": null,
        "source": {
            "type": null,
            "city": null,
            "state": null,
            "country": null,
            "domain_type": null,
            "agency": null,
            "organization_name": null
        }
    },
    "rating": null,
    "crawled": "2026-01-22T07:46:09.017+02:00",
    "updated": "2026-01-22T07:51:00.000+02:00"
}