{
    "thread": {
        "uuid": "b066e8ed3e98da470690b90bad19190fe3e25e1b",
        "url": "https://ultimasnoticias.com.ve/monagas/avanza-recuperacion-del-acueducto-amana-maturin",
        "site_full": "ultimasnoticias.com.ve",
        "site": "ultimasnoticias.com.ve",
        "site_section": "https://newstral.com/es/article",
        "site_categories": [
            "media",
            "top_news_ve",
            "top_news"
        ],
        "section_title": "Ticker - Newstral.com",
        "site_title": null,
        "title": "Avanza recuperación del acueducto Amana-Maturín",
        "title_full": "Avanza recuperación del acueducto Amana-Maturín",
        "published": "2025-03-13T01:09:00.000+02:00",
        "replies_count": 0,
        "participants_count": 1,
        "site_type": "news",
        "country": "VE",
        "main_image": "https://ultimasnoticias.com.ve/wp-content/uploads/2025/03/FOTO-1.jpg",
        "performance_score": 0,
        "domain_rank": 41699,
        "domain_rank_updated": "2025-03-10T23:00:00.000+02:00",
        "social": {
            "facebook": {
                "likes": 0,
                "comments": 0,
                "shares": 0
            },
            "vk": {
                "shares": 0
            }
        }
    },
    "uuid": "b066e8ed3e98da470690b90bad19190fe3e25e1b",
    "url": "https://ultimasnoticias.com.ve/monagas/avanza-recuperacion-del-acueducto-amana-maturin",
    "ord_in_thread": 0,
    "parent_url": null,
    "author": "María Amodío",
    "published": "2025-03-13T01:09:00.000+02:00",
    "title": "Avanza recuperación del acueducto Amana-Maturín",
    "text": "Con el propósito de restaurar al 100% la distribución de agua potable, avanzan en Monagas con la restauración, recuperación y mejoras en el acueducto Amana-Maturín\nAsí lo informó el gobernador de Monagas, Ernesto Luna, quien agregó que en los próximos días reactivarán el acueducto Amana-Maturín en el tramo de la avenida Bella Vista para asegurar el suministro a 25 sectores en Alto de Los Godos en la ciudad capital y la activación de los pozos en distintos puntos del territorio monaguense.\nCabe resaltar que en el 2022 Monagas sólo tenía 450 pozos de agua activos, de un total de 877, y la gestión de Luna incrementó esta cifra a 677 en 2024, mientras que en lo que va de 2025 ya subió a 882.\nEntre enero y febrero fueron perforados cuatro pozos, dos en la parroquia San Simón, uno en Las Cocuizas y otro en El Furrial, para favorecer a 5.304 personas de 1.487 familias.\nReparación de ocho averías\nEl mandatario regional manifestó que 30 especialistas de Aguas de Monagas repararon ocho de 10 averías en la tubería de 48 pulgadas «en busca de la recuperación de 180 litros de agua por segundo del acueducto Amana-Maturín, en un tramo de 250 metros en la avenida Bella Vista de la capital monaguense”.\nEl Gobernador detalló que con estas labores los habitantes de 25 sectores de la red alta de la capital monaguense, en la zona de Alto de Los Godos, podrán recibir el agua por tubería en los próximos días.\nAsí también adelantó que están reparando dos bombas de la principal estación hídrica de la región para restaurar el servicio al Casco Central, La Manga y Boquerón.",
    "highlightText": "",
    "highlightTitle": "",
    "highlightThreadTitle": "",
    "language": "spanish",
    "sentiment": "positive",
    "categories": [
        "Economy, Business and Finance",
        "Environment",
        "Social Issue"
    ],
    "topics": [
        "Economy, Business and Finance->construction and property",
        "Economy, Business and Finance->utilities",
        "Economy, Business and Finance->business governance",
        "Environment->water",
        "Environment->environmental clean-up",
        "Social Issue->social services",
        "Social Issue->communities",
        "Social Issue->public housing"
    ],
    "ai_allow": true,
    "has_canonical": false,
    "breaking": true,
    "webz_reporter": false,
    "external_links": [],
    "external_images": [],
    "entities": {
        "persons": [
            {
                "name": "Ernesto Luna",
                "sentiment": "none"
            }
        ],
        "locations": [
            {
                "name": "Monagas",
                "sentiment": "none"
            },
            {
                "name": "Las Cocuizas",
                "sentiment": "none"
            },
            {
                "name": "El Furrial",
                "sentiment": "none"
            }
        ],
        "organizations": []
    },
    "syndication": {
        "syndicated": null,
        "syndicate_id": null,
        "first_syndicated": false
    },
    "trust": null,
    "rating": null,
    "crawled": "2025-03-13T01:39:00.794+02:00",
    "updated": "2025-03-13T01:39:00.794+02:00"
}