{
    "thread": {
        "uuid": "4f46fe9746c88321778ff640bbab289c6b587788",
        "url": "http://ah.anhuinews.com/szxw/202503/t20250313_8318100.html",
        "site_full": "ah.anhuinews.com",
        "site": "anhuinews.com",
        "site_section": "http://www.anhuinews.com",
        "site_categories": [
            "media"
        ],
        "section_title": "中安在线｜安徽新闻｜安徽惟一重点新闻门户网站",
        "site_title": null,
        "title": "跨流域调水助力春耕_中安在线",
        "title_full": "跨流域调水助力春耕_中安在线",
        "published": "2025-03-13T01:45:37.355+02:00",
        "replies_count": 0,
        "participants_count": 1,
        "site_type": "news",
        "country": "CN",
        "main_image": "",
        "performance_score": 0,
        "domain_rank": 16483,
        "domain_rank_updated": "2025-03-10T23:00:00.000+02:00",
        "social": {
            "facebook": {
                "likes": 0,
                "comments": 0,
                "shares": 0
            },
            "vk": {
                "shares": 0
            }
        }
    },
    "uuid": "4f46fe9746c88321778ff640bbab289c6b587788",
    "url": "http://ah.anhuinews.com/szxw/202503/t20250313_8318100.html",
    "ord_in_thread": 0,
    "parent_url": null,
    "author": "汤超",
    "published": "2025-03-13T01:45:37.355+02:00",
    "title": "跨流域调水助力春耕_中安在线",
    "text": "重大水利工程的建设，破解了农业“靠天吃饭”的困局，是保障国家粮食安全的战略基石。同时，重大水利工程与田间工程衔接，形成“骨干工程+末级渠系”的灌溉网络，对维护国家粮食安全具有重要意义。\n去冬今春，全省有效降水偏少，近期我省发挥引江济淮等重大水利工程作用，通过“蓄、引、提、调、节”一体化手段，科学调度水资源、强化蓄水保供、优化灌溉网络等措施，助力春耕生产。\n“补水”滁州合肥\n正值春耕生产的大忙时节，在全椒县二郎口镇上陶村，种粮大户祝书庆熟练地操作水泵，将附近自家水塘的水引入田里。“以前靠天吃饭，旱涝都担心。现在有了这水塘，心里踏实多了！”祝书庆算了一笔账，引水灌溉虽然增加了电费成本，但保障了900亩冬小麦的正常生长，总体算下来还是很划算的。\n二郎口镇加强辖区各村、水利、电站等统筹协调，科学调度镇域内中小型水库及4处抗旱电站，实施错峰轮流供水方案。向上积极对接省驷马山引江工程管理处争取补充水源，解决滁河水位过低导致无法自流和引提水困难问题，调度临时提水泵机16处，畅通抗旱渠道5公里。\n据介绍，今年以来，驷马山灌区降雨量较常年平均偏少七成，滁河水位持续降低，需水量明显增加，和县、全椒等地纷纷来函商请补充水源，省驷马山引江工程管理处及时调度，通过驷马山引江工程、凤凰颈泵站等，向江淮分水岭以北的滁州、合肥等地输送长江水，目前已提引长江水近400万立方米，有力保障了城乡生活用水和春耕生产。\n安徽地处长江、淮河流域，降水时空分布不均，我省充分发挥引江济淮工程、驷马山引江工程、淠史杭灌区等重大水利工程作用，跨区域调水、水库蓄水和灌区渠系优化，显著提升了水资源调配能力。\n长江水淮河水齐送皖北\n日前，在淮北市濉溪县孙疃镇一处高产小麦示范基地，面对地块土壤干旱，种粮大户耿红建却一点也不着急。在农技人员的指导下，他家的麦田及时采用喷灌技术，同时追施返青肥，保证了小麦生长。\n去冬今春，皖北地区无有效降水，河湖蓄水量日趋减少。“经过近几天的喷灌，我家小麦旱情已经得到很大的缓解，而且跟以前相比，能节水30%至50%，成本降了不少。目前小麦长势良好，我对今年的丰收还是充满信心的。”耿红建介绍。\n种粮大户耿红建的农田灌溉无忧，得益于引江济淮和淮水北调等工程发挥的积极作用。\n2月20日9时，省淮水北调工程固镇泵站机组发出的低沉轰鸣，打破了春日的宁静，随着水泵叶片高速旋转，每秒36立方米的淮河水翻腾着洁白浪花一路向北奔涌而去，正式开启淮水北调工程2025年度第二轮调水，目前固镇泵站已向淮北、宿州两地调水640万立方米。\n“我们应势而动、因情施策，先后启用5级泵站，计划抽调香涧湖存蓄水和南水北调东线一期水量1200万立方米，全力保障淮北、宿州两市城乡居民生活用水以及沿线工农业生产用水。”省淮水北调工程管理中心有关负责人表示。\n2月27日，随着引江济淮工程江水北送段阚疃南站、西淝河北站4台机组启动，引江济淮工程开始了今年以来第二次向茨淮新河调水工作。今年以来引江济淮工程已累计向茨淮新河补水470万余立方米。\n自去年入冬以来，茨淮新河流域降雨较往年异常偏少，茨淮新河插花闸至阚疃闸区间水位偏低，位于插花闸下游的阜阳市第二水厂取水面临水量不足问题。\n2月15日至17日，省引江济淮集团公司及时调度启动相关梯级泵站向茨淮新河调水300万余立方米，抬升茨淮新河插花闸至阚疃闸区间水位0.24米，保障了阜阳市城市供水。今年以来，安徽省引江济淮集团公司根据相关市县供水需求，已累计向阜阳、亳州、安庆等相关地区调水3100万余立方米，全力保障相关市县城乡居民生活和农田灌溉用水。\n近年来，我省加快现代水网建设，为防洪、灌溉提供坚强支撑。全省以长江、淮河、新安江以及江淮分水岭东西向输水通道——淠河总干渠-滁河干渠-滁河为横，以引江济淮、驷马山引江、南水北调东线工程为纵的“四横三纵”水网主骨架和大动脉已基本构建，水网整体效能和综合效益不断提升。\n调水有了“智慧大脑”\n今年以来，我省依托数字孪生等技术精准蓄水、科学调水、精准用水，让农作物喝饱水、喝好水，为粮食丰收提供水利支撑。\n在安徽淠史杭灌区内，大到干渠，小到田间地头，已经安装了3800多个智能传感器，水情、雨情、墒情和水闸自动控制等各类数据形成了一个巨大的数字网络，被源源不断传输到灌区的“大脑”——淠史杭灌区管理总局调度中心。在这里，各类数据会被系统实时记录、分析、预演，为管理部门提供决策参考。\n作为中国最大灌区之一，淠史杭灌区通过六大水库群联合调度，为六安、合肥等地春耕提供稳定水源，覆盖超1000万亩农田。\n“配水调度一直是水利上的一个难题，以前灌区配水基本就是靠经验；现在靠‘智慧大脑’短时间内就有结果，而且方案是动态优化的，对保障灌区作物关键生育期用水作用很大。”一位淠史杭灌区的调度专家说。“智慧大脑”精准调配水资源，建设前端感知、闸站自动控制等三大系统，可根据供需形势实时开展水平衡分析，实现来水预报更科学、需水预测更精准、配水预演更高效、水量调度更可靠。\n今年，安徽将着力打造智慧水利体系，以构建数字孪生水网为重点，推进数字孪生水利建设。\n近日，安徽省水利厅印发《关于推进科技创新与数字孪生水利建设的实施意见》，提出力争到2027年底，“天空地水工”一体化监测感知体系更加健全，大型灌区、国家蓄滞洪区、大型水库、大型水闸、主要支流等一批重点数字孪生工程（流域）建成，基本形成全省数字孪生水网主骨架。到2035年，科技创新引领支撑能力更加凸显，全省数字孪生水网体系基本建成，以科技赋能全面提升水旱灾害防灾减灾能力。（记者 汤超）",
    "highlightText": "",
    "highlightTitle": "",
    "highlightThreadTitle": "",
    "language": "chinese",
    "sentiment": "positive",
    "categories": [
        "Environment",
        "Economy, Business and Finance",
        "Social Issue"
    ],
    "topics": [
        "Environment->natural resources",
        "Environment->water",
        "Economy, Business and Finance->agriculture",
        "Economy, Business and Finance->economy",
        "Social Issue->population and census",
        "Social Issue->demographics",
        "Social Issue->social services"
    ],
    "ai_allow": true,
    "has_canonical": false,
    "breaking": false,
    "webz_reporter": false,
    "external_links": [],
    "external_images": [],
    "entities": {
        "persons": [],
        "locations": [],
        "organizations": []
    },
    "syndication": {
        "syndicated": null,
        "syndicate_id": null,
        "first_syndicated": false
    },
    "trust": null,
    "rating": null,
    "crawled": "2025-03-13T01:45:37.355+02:00",
    "updated": "2025-03-13T01:45:37.355+02:00"
}