{
    "thread": {
        "uuid": "44dbd8bd4ddfb540e548d0eb592204a8e840ddc3",
        "url": "http://news.cnhubei.com/content/2025-03/13/content_19016466.html",
        "site_full": "news.cnhubei.com",
        "site": "cnhubei.com",
        "site_section": "http://www.cnhubei.com",
        "site_categories": [
            "media"
        ],
        "section_title": "荆楚网-湖北日报网-湖北新闻-湖北门户 权威发布",
        "site_title": null,
        "title": "每年200多批次中外团队来这里深度研学 在神农秘境读懂美丽中国-荆楚网-湖北日报网",
        "title_full": "每年200多批次中外团队来这里深度研学 在神农秘境读懂美丽中国-荆楚网-湖北日报网",
        "published": "2025-03-13T02:00:00.000+02:00",
        "replies_count": 0,
        "participants_count": 0,
        "site_type": "news",
        "country": "CN",
        "main_image": "",
        "performance_score": 0,
        "domain_rank": 11455,
        "domain_rank_updated": "2025-03-10T23:00:00.000+02:00",
        "social": {
            "facebook": {
                "likes": 0,
                "comments": 0,
                "shares": 0
            },
            "vk": {
                "shares": 0
            }
        }
    },
    "uuid": "44dbd8bd4ddfb540e548d0eb592204a8e840ddc3",
    "url": "http://news.cnhubei.com/content/2025-03/13/content_19016466.html",
    "ord_in_thread": 0,
    "parent_url": null,
    "author": null,
    "published": "2025-03-13T02:00:00.000+02:00",
    "title": "每年200多批次中外团队来这里深度研学 在神农秘境读懂美丽中国-荆楚网-湖北日报网",
    "text": "编者按\n湖北名山大川多，四季皆秀色，无处不风光，正在按照习近平总书记的重要指示要求，建设世界知名的文化旅游目的地。眼下正值春回大地、樱花盛开的美好时节，本报特开设“来自湖北的请柬”专栏，诚邀四方宾客纵览神农秘境、武当神韵、三峡壮美，领略文武赤壁、白云黄鹤、铁血红安，共同见证支点建设的万千气象。\n大九湖以其壮丽的自然风光和丰富的生物多样性而闻名。（湖北日报通讯员 朱宏明 摄）\n湖北日报全媒记者 陈春保\n通讯员 丁苗苗 杜华\n三月神农架，万物竞发。\n大龙潭的冰雪开始消融，山上金丝猴群日渐活跃，树林中不时身影闪现。\n千里之外的长沙，中南林业科技大学的Zaman博士（中文名：扎慢）密切关注着大龙潭动态。去年，他在这里深度研学9个月，刚刚完成实验。\n“神农架的研学之旅，让我对‘美丽中国’有了更深了解。”3月10日，扎慢对湖北日报全媒记者说。\n贡献多样性保护“中国方案”\n官门山生物多样性保护研究基地内，负责人姜治国仔细观察小勾儿茶的长势。\n眼前这株不起眼的植物，曾经“消失百年”，姜治国和他的团队让它重焕生机，“成功繁育了40多株，不久之后它们将从实验室走向野外”。\n拥有4000多种植物、700多种动物，神农架是全球14个具有国际意义的生物多样性保护与研究关键地区之一。\n“这里的一草一木都受到世界关注。”在神农架国家公园科学研究院副院长姚辉看来，神农架肩负着为世界生物多样性保护贡献中国方案的使命。\n金丝猴，世界生物多样性保护旗舰物种。为保护这一濒危物种，神农架组建了金丝猴保护研究中心、金丝猴保育生物学重点实验室等16个综合性科研平台，并创新建立了金丝猴保护地联盟。\n神农架在金丝猴遗传多样性研究上取得重大突破。“我们首次认识了它的社群结构特征，搞清了它的谱系。”姚辉介绍，受益于科学保护，神农架金丝猴数量已增至1618只，活动面积扩大到400平方公里。\n神农架生物多样性保护成果受到国内外学者广泛关注，其中就有来自巴基斯坦的扎慢，他长期致力于金丝猴多样性保护研究，渴望在神农架研学。\n与世界共享生态研学资源\n天还没亮，方吉喜就上山了，他要追踪金丝猴群的动向。\n方吉喜是大龙潭金丝猴野外研究基地监测员，天天与猴子打交道，双方已达成默契，“它们每天能看到我们，就不会跑远”。目前，基地周边稳定生活着100多只金丝猴。\n野生动物研究最难的是无法连续、近距离、无干扰地观察记录它们。大龙潭基地经过多年尝试，突破了这一瓶颈，成为国内外金丝猴研究者首选研学地。\n与世界共享生态科研资源，神农架相继建成开放了9个研学基地，大龙潭就是其中之一。\n姚辉是大龙潭基地第一批工作人员。在他看来，开放共享可以让世界更好地了解神农架，也有利于基地更好向外借智。\n近些年，大龙潭基地与中南林业科技大学、中国科学院、北京大学、华中农业大学等院校持续开展研学合作，100多名研究生、博士生先后前来进行为期一年的研学。\n“我们长期积累的基础数据，提高了他们研学的效率。”姚辉介绍，双方已联合发表研究论文100余篇，其中40余篇被SCI收录，“大龙潭在业内的影响力越来越大”。\n地域文化和生态之美让人着迷\n近三年，神农架每年接待中外研学团队200多批次，上万名研学者在这里读懂了“美丽中国”。\n扎慢就是其中一个。去年初，他慕名来到大龙潭开展博士后研究。\n“这里人与猴和谐相处，让我能够近距离长时间观察它们，了解它们的行为、生活方式、沟通方式，比如它们如何照顾宝宝，如何照顾家庭。”\n在神农架，扎慢收获了意外惊喜。\n他第一次在中国过春节，东道主的热情让他温暖，别样的民俗让他感受到中国地域文化的博大。\n神农架的“生态之美”让他着迷。\n研学之余，扎慢参观考察了大九湖、官门山、神农顶、神农谷等生态景区。从生态研学导师口中得知，官门山景区分布着2800多种植物，扎慢感到不可思议，“那里还有各种类型的野生动物，有大熊猫、大鲵、麝鹿和中华蜜蜂，每样都很神奇”。\n说起大龙潭基地工作人员，扎慢充满敬意。姚辉20多年专注金丝猴保护研究，从一个中专生成长为博士生，成为金丝猴保护领域权威专家。基地负责人黄天鹏，在大龙潭坚守了近20年。\n从他们身上，扎慢看到了美丽中国建设的未来：“有这样的守护者，中国一定会越来越美。”",
    "highlightText": "",
    "highlightTitle": "",
    "highlightThreadTitle": "",
    "language": "chinese",
    "sentiment": "positive",
    "categories": [
        "Environment",
        "Social Issue",
        "Education"
    ],
    "topics": [
        "Environment->sustainability",
        "Environment->nature",
        "Social Issue->diversity, equity and inclusion",
        "Social Issue->demographics",
        "Education->educational grading",
        "Education->social learning"
    ],
    "ai_allow": true,
    "has_canonical": false,
    "breaking": false,
    "webz_reporter": false,
    "external_links": [],
    "external_images": [],
    "entities": {
        "persons": [],
        "locations": [],
        "organizations": []
    },
    "syndication": {
        "syndicated": null,
        "syndicate_id": null,
        "first_syndicated": false
    },
    "trust": null,
    "rating": null,
    "crawled": "2025-03-13T02:39:02.789+02:00",
    "updated": "2025-03-13T02:39:02.789+02:00"
}