{
    "thread": {
        "uuid": "05ee2ea8cf1d9a4824c7d818317f1337456523a9",
        "url": "https://www.ctwant.com/article/402287",
        "site_full": "www.ctwant.com",
        "site": "ctwant.com",
        "site_section": "https://ctwant.com/category/%e7%94%9f%e6%b4%bb/%e7%b6%9c%e5%90%88",
        "site_categories": [
            "non_standard_content",
            "adult"
        ],
        "section_title": "綜合 | 生活 | CTWANT",
        "site_title": null,
        "title": "那瑪夏螢火蟲季今年大爆量　堪稱近年最壯觀 | 生活 | CTWANT",
        "title_full": "那瑪夏螢火蟲季今年大爆量　堪稱近年最壯觀 | 生活 | CTWANT",
        "published": "2025-03-13T00:23:00.000+02:00",
        "replies_count": 0,
        "participants_count": 1,
        "site_type": "news",
        "country": "TW",
        "main_image": "https://static.ctwant.com/images/cover/87/402287/lg-fe61fc79cfa6eb352160a25bdeed801d.jpg",
        "performance_score": 0,
        "domain_rank": 126189,
        "domain_rank_updated": "2025-03-10T23:00:00.000+02:00",
        "social": {
            "facebook": {
                "likes": 0,
                "comments": 0,
                "shares": 0
            },
            "vk": {
                "shares": 0
            }
        }
    },
    "uuid": "05ee2ea8cf1d9a4824c7d818317f1337456523a9",
    "url": "https://www.ctwant.com/article/402287",
    "ord_in_thread": 0,
    "parent_url": null,
    "author": "中國時報林雅惠",
    "published": "2025-03-13T00:23:00.000+02:00",
    "title": "那瑪夏螢火蟲季今年大爆量　堪稱近年最壯觀 | 生活 | CTWANT",
    "text": "生活\n綜合\n那瑪夏螢火蟲季今年大爆量 堪稱近年最壯觀\n高雄市那瑪夏區的螢火蟲季將於3月21日正式開跑，今年天候寒冷且雨水豐沛，為螢火蟲提供理想的繁衍條件，讓這片山林迎來近年來最壯觀的螢火蟲大爆發。（那瑪夏區公所提供／林雅惠高雄傳真）\n高雄市那瑪夏區的螢火蟲季將於3月21日正式開跑，並持續至4月27日，今年天候寒冷且雨水豐沛，為螢火蟲提供理想的繁衍條件，讓這片山林迎來近年來最壯觀的大爆發，數萬螢光在夜空中飛舞，為遊客帶來如夢似幻的自然奇觀。\n那瑪夏區環境復育工程已經持續20多年，這片生態豐富的區域每年春季吸引大量遊客來此賞螢，當地擁有多達15種不同的螢火蟲品種，包括黑翅螢、大端黑螢、紅胸黑翅螢等，這些生物的數量今年顯著增多，成為國際知名的賞螢熱點。\n那瑪夏區長孔賢傑指出，今年天候寒冷、雨水多，氣候條件特別適合螢火蟲生長與繁殖，這也讓那瑪夏的賞螢季變得格外壯觀，每年來自日本、香港、馬來西亞等地的遊客都會特地前來欣賞這場大自然的奇蹟，今年區內特別規畫3條賞螢步道，包括達卡努瓦、瑪星哈蘭、拉比尼亞等路線，並於4月10日開放，讓遊客能深入探索螢火蟲的棲息地。\n那瑪夏區公所提醒，最佳賞螢時間為每晚6時30分至晚上9時，為了保護這片美麗的自然環境，當地實施遊客總量管制措施，並安排專業的生態導覽人員帶領遊客進行解說；為了減少交通不便與壅塞，當地也提供免費接駁車服務，遊客可輕鬆抵達賞螢步道。\n孔賢傑說，今年那瑪夏賞螢季將於3月21日開跑，持續至4月27日，活動期間將提供全面電子化的遊程訂購系統，且65歲以上長者與持有身心障礙證明的國人可以免費入場；另4月3日至4月6日免費讓全國12歲以下兒童入場，盼這些措施能吸引更多人來到那瑪夏，享受這場絢爛的螢光盛宴。",
    "highlightText": "",
    "highlightTitle": "",
    "highlightThreadTitle": "",
    "language": "chinese",
    "sentiment": "positive",
    "categories": [
        "Environment",
        "Lifestyle and Leisure"
    ],
    "topics": [
        "Environment->ecosystem",
        "Environment->conservation",
        "Environment->nature",
        "Lifestyle and Leisure->outdoor recreational activities"
    ],
    "ai_allow": true,
    "has_canonical": false,
    "breaking": false,
    "webz_reporter": false,
    "external_links": [],
    "external_images": [],
    "entities": {
        "persons": [],
        "locations": [],
        "organizations": []
    },
    "syndication": {
        "syndicated": null,
        "syndicate_id": null,
        "first_syndicated": false
    },
    "trust": null,
    "rating": null,
    "crawled": "2025-03-13T00:52:02.546+02:00",
    "updated": "2025-03-13T00:52:02.546+02:00"
}