{
    "thread": {
        "uuid": "b846f3a02eec79516daa1b8bb396eb33e820ce87",
        "url": "https://ubrand.udn.com/ubrand/story/123659/8602987",
        "site_full": "ubrand.udn.com",
        "site": "udn.com",
        "site_section": "https://ubrand.udn.com/ubrand",
        "site_categories": [
            "top_news_hk",
            "top_news_sg",
            "top_news_tw",
            "top_news"
        ],
        "section_title": "倡議家 | 聯合新聞網",
        "site_title": null,
        "title": "霧社櫻王盛開啦！再長胖0.4公分、樹齡近百歲 錯過這2周好時機只能等明年",
        "title_full": "霧社櫻王盛開啦！再長胖0.4公分、樹齡近百歲 錯過這2周好時機只能等明年",
        "published": "2025-03-13T00:35:00.000+02:00",
        "replies_count": 0,
        "participants_count": 1,
        "site_type": "news",
        "country": "TW",
        "main_image": "https://pgw.udn.com.tw/gw/photo.php?u=https://uc.udn.com.tw/photo/2025/03/12/0/31642027.png&s=Y&x=0&y=0&sw=799&sh=533&sl=W&fw=832&exp=3600",
        "performance_score": 0,
        "domain_rank": 2799,
        "domain_rank_updated": "2025-03-10T23:00:00.000+02:00",
        "social": {
            "facebook": {
                "likes": 0,
                "comments": 0,
                "shares": 0
            },
            "vk": {
                "shares": 0
            }
        }
    },
    "uuid": "b846f3a02eec79516daa1b8bb396eb33e820ce87",
    "url": "https://ubrand.udn.com/ubrand/story/123659/8602987",
    "ord_in_thread": 0,
    "parent_url": null,
    "author": "聯合新聞網",
    "published": "2025-03-13T00:35:00.000+02:00",
    "title": "霧社櫻王盛開啦！再長胖0.4公分、樹齡近百歲 錯過這2周好時機只能等明年",
    "text": "霧社櫻王盛開啦！再長胖0.4公分、樹齡近百歲 錯過這2周好時機只能等明年\n「霧社櫻王進入盛花期了！」雪霸國家公園觀霧遊憩區的地標霧社櫻王盛開了，近來吸引大批遊客來賞櫻，雪管處估計未來2周都是觀賞櫻王的好時機；雪管處今年丈量櫻王胸圍比去年又多了0.4公分，逐漸邁向百歲大關。\n高約14公尺的霧社櫻王是雪霸國家公園及林業署觀霧國家森林遊樂區共同的地標，最近已滿開約8成，大鹿林道23公里處因進行伐木作業，平日周一至周五實施交管，上午從7點30分到11點30分、下午12點30分到4點30分，每小時在半點30分鐘時開放10分鐘，請遊客注意。周、六日因停止伐木，不實施交管。\n雪管處觀霧管理站表示，目前霧社櫻王已進入盛開期，雪白的霧社櫻十分迷人，今年丈量櫻王胸高直徑達81.2公分，比去年多了0.4公分，推估樹齡已接近百歲，遊客觀賞櫻王或合影時，請勿踏入樹旁的植栽區，避免影響櫻王的根系生長。\n林業保育署新竹分署去年以觀霧地區可見的6種櫻花為主角推出「櫻該都找得到」集章活動，遊客反應熱烈，今年開放參與人數加碼，從1000人加倍至2000人。\n閱讀更多：植樹有理！林試所首推6種台灣原生樹木 四季都能欣賞",
    "highlightText": "",
    "highlightTitle": "",
    "highlightThreadTitle": "",
    "language": "chinese",
    "sentiment": "positive",
    "categories": [
        "Lifestyle and Leisure",
        "Environment",
        "Human Interest"
    ],
    "topics": [
        "Lifestyle and Leisure->outdoor recreational activities",
        "Lifestyle and Leisure->travel and tourism",
        "Environment->nature",
        "Environment->flowers and plants",
        "Human Interest->record and achievement"
    ],
    "ai_allow": true,
    "has_canonical": false,
    "breaking": true,
    "webz_reporter": false,
    "external_links": [],
    "external_images": [],
    "entities": {
        "persons": [],
        "locations": [],
        "organizations": []
    },
    "syndication": {
        "syndicated": null,
        "syndicate_id": null,
        "first_syndicated": false
    },
    "trust": null,
    "rating": null,
    "crawled": "2025-03-13T00:59:03.518+02:00",
    "updated": "2025-03-13T00:59:03.518+02:00"
}