{
    "thread": {
        "uuid": "f25d7df0f5216709747fb656523260cfc4f1de8f",
        "url": "https://news.xmnn.cn/xmxw/202503/t20250313_303280.html",
        "site_full": "news.xmnn.cn",
        "site": "xmnn.cn",
        "site_section": "http://www.xmnn.cn",
        "site_categories": [],
        "section_title": "厦门网_厦门市官方新闻门户网站",
        "site_title": null,
        "title": "数百株碧桃开花引客来 _新闻频道_厦门网",
        "title_full": "数百株碧桃开花引客来 _新闻频道_厦门网",
        "published": "2025-03-13T01:26:43.979+02:00",
        "replies_count": 0,
        "participants_count": 0,
        "site_type": "news",
        "country": "CN",
        "main_image": "",
        "performance_score": 0,
        "domain_rank": 47925,
        "domain_rank_updated": "2025-03-10T23:00:00.000+02:00",
        "social": {
            "facebook": {
                "likes": 0,
                "comments": 0,
                "shares": 0
            },
            "vk": {
                "shares": 0
            }
        }
    },
    "uuid": "f25d7df0f5216709747fb656523260cfc4f1de8f",
    "url": "https://news.xmnn.cn/xmxw/202503/t20250313_303280.html",
    "ord_in_thread": 0,
    "parent_url": null,
    "author": null,
    "published": "2025-03-13T01:26:43.979+02:00",
    "title": "数百株碧桃开花引客来 _新闻频道_厦门网",
    "text": "忠仑公园种植的碧桃逐步进入盛花期。记者 唐光峰 摄\n厦门网讯（海西晨报记者 仇慧亮）春光正好，花开正艳。近日，忠仑公园内数百株碧桃次第开花，吸引众多市民游客前来打卡。据介绍，园内种植碧桃约300株，目前正逐步进入盛花期，花期视天气情况或可持续至4月初。\n昨日，记者走进忠仑公园，仿佛踏入一处“世外桃源”，道路两侧碧桃连绵成片，虬枝丫杈间花朵层层叠叠，如云似霞，美不胜收。“太美了！这片桃林比我想象中更壮观，粉粉嫩嫩的，特别适合拍照。”市民林女士带着家人前来赏花，一边感叹桃花的美丽，一边用手机记录下这里的美景。\n据了解，碧桃虽与普通桃树同属蔷薇科，但碧桃果实味道苦涩，不宜食用。\n责任编辑： 刘福伟,赖旭华",
    "highlightText": "",
    "highlightTitle": "",
    "highlightThreadTitle": "",
    "language": "chinese",
    "sentiment": "positive",
    "categories": [
        "Lifestyle and Leisure",
        "Environment",
        "Human Interest"
    ],
    "topics": [
        "Lifestyle and Leisure->holiday",
        "Lifestyle and Leisure->outdoor recreational activities",
        "Lifestyle and Leisure->lifestyle",
        "Environment->ecosystem",
        "Environment->nature",
        "Environment->flowers and plants"
    ],
    "ai_allow": true,
    "has_canonical": false,
    "breaking": false,
    "webz_reporter": false,
    "external_links": [],
    "external_images": [],
    "entities": {
        "persons": [],
        "locations": [],
        "organizations": []
    },
    "syndication": {
        "syndicated": null,
        "syndicate_id": null,
        "first_syndicated": false
    },
    "trust": null,
    "rating": null,
    "crawled": "2025-03-13T01:26:43.979+02:00",
    "updated": "2025-03-13T01:26:43.979+02:00"
}