{
    "thread": {
        "uuid": "5221aa6416dc05743e4954dabdef99d789a53ad8",
        "url": "https://mynews13.com/fl/orlando/news/2025/03/12/climate-correction-conference-at-ucf-focuses-on-sustainability--environmental-science",
        "site_full": "mynews13.com",
        "site": "mynews13.com",
        "site_section": "https://www.mynews13.com/services/contentfeed.fl%7Corlando%7Cnews%7Corange.landing.rss",
        "site_categories": [
            "media"
        ],
        "section_title": "Orange County | Orlando Florida Local News | Spectrum News 13",
        "site_title": null,
        "title": "Climate Correction Conference at UCF keys on sustainability",
        "title_full": "Climate Correction Conference at UCF keys on sustainability",
        "published": "2025-03-13T00:10:00.000+02:00",
        "replies_count": 0,
        "participants_count": 1,
        "site_type": "news",
        "country": "US",
        "main_image": "https://s7d2.scene7.com/is/image/TWCNews/art_at_climate_correction_conference_n13_031225",
        "performance_score": 0,
        "domain_rank": 18030,
        "domain_rank_updated": "2025-03-10T23:00:00.000+02:00",
        "social": {
            "facebook": {
                "likes": 0,
                "comments": 0,
                "shares": 0
            },
            "vk": {
                "shares": 0
            }
        }
    },
    "uuid": "5221aa6416dc05743e4954dabdef99d789a53ad8",
    "url": "https://mynews13.com/fl/orlando/news/2025/03/12/climate-correction-conference-at-ucf-focuses-on-sustainability--environmental-science",
    "ord_in_thread": 0,
    "parent_url": null,
    "author": "Meteorologist Maureen McCann",
    "published": "2025-03-13T00:10:00.000+02:00",
    "title": "Climate Correction Conference at UCF keys on sustainability",
    "text": "ORLANDO, Fla. — The VoLo Foundation's 2025 Climate Correction Conference is back for its seventh year this week at the Celeste Hotel at the University of Central Florida to bring individuals of all ages, organizations and leading experts together to explore innovative climate solutions, with the goal of a more resilient and sustainable future.\nWhat You Need To Know The VoLo Foundation's Climate Correction Conference began Wednesday at UCF's Celeste Hotel\nThe event will continue Thursday with speaker presentations and workshops\nExperts and members of the community will work to come up with ways to help make the climate more sustainable in the future The conference is an opportunity for top climate experts, policymakers and industry leaders and the community to discuss solutions for climate change that can have real impacts in Central Florida and beyond, through workshops, training sessions and interactive events.\n\"The concept of climate correction comes from the financial meaning of when the market the prices go too high,\" said Thais Lopez Vogel, co-founder and trustee of the VoLo Foundation. \"You want to correct them before it crashes. (With climate corrections, it's) the same. The emissions are too high right now, so we want to correct them before it's too late.\n\"We know the planet is going to survive. It's the quality of life for future generations that we're trying to preserve here.\"\nWednesday's events focused on small-group activities and workshops, in which attendees could collaborate with community leaders and those who are active in the environmental sciences and sustainability fields to share ideas and come up with solutions. The sessions focus on topics like climate advocacy training.\nFilm screenings on the topics will be shown in English and Spanish and will feature discussions with the directors.\nAn art expo, where artwork will be created and be on display, also provides an opportunity to showcase the power of art in climate action. Booths and artists feature pieces with climate themes, and an art contest will reward the best work.\nWednesday wraps up with a “Trash 2 Trends” fashion show. The VIP event is a partnership with the city of Orlando that focuses on the importance of upcycling, which involves recycling to create a product of higher value than the discarded object.\nThe community events and workshops on Wednesday were free, but if anyone who wants to attend Thursday will have to pay a $100 registration fee or a $50 student registration. The agenda is available on the VoLo Foundation website .",
    "highlightText": "",
    "highlightTitle": "",
    "highlightThreadTitle": "",
    "language": "english",
    "sentiment": "positive",
    "categories": [
        "Environment",
        "Social Issue",
        "Politics"
    ],
    "topics": [
        "Environment->sustainability",
        "Environment->climate change",
        "Social Issue->demographics",
        "Social Issue->social services",
        "Social Issue->social condition",
        "Politics->environmental policy",
        "Politics->government",
        "Politics->political development"
    ],
    "ai_allow": true,
    "has_canonical": false,
    "breaking": false,
    "webz_reporter": false,
    "external_links": [
        "https://volofoundation.org/climate-correction/",
        "https://volofoundation.org/climate-correction",
        "https://www.volofoundation.org/climate-correction/"
    ],
    "external_images": [],
    "entities": {
        "persons": [
            {
                "name": "Lopez Vogel",
                "sentiment": "none"
            }
        ],
        "locations": [],
        "organizations": [
            {
                "name": "VoLo Foundation",
                "sentiment": "negative",
                "tickers": []
            },
            {
                "name": "UCF",
                "sentiment": "none",
                "tickers": []
            }
        ]
    },
    "syndication": {
        "syndicated": false,
        "syndicate_id": null,
        "first_syndicated": false
    },
    "trust": null,
    "rating": null,
    "crawled": "2025-03-13T01:30:57.327+02:00",
    "updated": "2025-03-13T01:30:57.327+02:00"
}