{
    "thread": {
        "uuid": "28b7199e22b62f6b693b0512faadf46c79e94b65",
        "url": "https://finance.sina.com.cn/jjxw/2025-03-13/doc-inepnchw5133155.shtml",
        "site_full": "finance.sina.com.cn",
        "site": "sina.com.cn",
        "site_section": "https://finance.sina.cn",
        "site_categories": [
            "tech",
            "top_news_hk",
            "top_news_sg",
            "top_news_tw",
            "top_news"
        ],
        "section_title": "新浪财经_金融信息服务商",
        "site_title": null,
        "title": "\"植\"此青绿，扮靓城市|嘉兴市_新浪财经_新浪网",
        "title_full": "\"植\"此青绿，扮靓城市|嘉兴市_新浪财经_新浪网",
        "published": "2025-03-13T01:00:00.000+02:00",
        "replies_count": 0,
        "participants_count": 1,
        "site_type": "news",
        "country": "CN",
        "main_image": "",
        "performance_score": 0,
        "domain_rank": 246,
        "domain_rank_updated": "2025-03-10T23:00:00.000+02:00",
        "social": {
            "facebook": {
                "likes": 0,
                "comments": 0,
                "shares": 0
            },
            "vk": {
                "shares": 0
            }
        }
    },
    "uuid": "28b7199e22b62f6b693b0512faadf46c79e94b65",
    "url": "https://finance.sina.com.cn/jjxw/2025-03-13/doc-inepnchw5133155.shtml",
    "ord_in_thread": 0,
    "parent_url": null,
    "author": "sina.com.cn",
    "published": "2025-03-13T01:00:00.000+02:00",
    "title": "\"植\"此青绿，扮靓城市|嘉兴市_新浪财经_新浪网",
    "text": "转自：嘉兴日报\n　　■记者 蔡舒安\n　　通讯员 张 静 邱金梅\n　　春风起，万物生。神州大地处处生机盎然，正是植树的好时节。\n　　昨天，迎来全国第47个植树节。植树节不仅是一个节日，也是传承绿色文化、弘扬生态文明的重要载体。就在前一天上午，嘉兴植物园北门香樟广场上集聚了不少市民，一场“依法治绿 你我同行”绿化宣传活动在此举行。现场既有免费领取花苗、抽盲盒的环节，也有《古树名木保护条例》、居住区修剪等绿化普法宣传，互动性强，市民参与度高。\n　　在嘉兴，“植绿、爱绿、护绿”新风尚渐入人心。\n　　从添绿到爱绿、护绿\n　　当天一早，64岁的张老伯特意赶到植物园领取花苗，平日里他就热衷种花养花，这次，他领走了一株安酷杜鹃。和他一样赶早的市民不在少数，短短两个小时，800多株杜鹃花苗和近300个盲盒便被领取一空。\n　　增绿就是增优势，植树就是植未来。南湖区开展绿化法律法规宣贯和免费送花活动，激发市民爱绿护绿热情；秀洲区以活动为载体，让家长和孩子们利用落叶、落花描绘心中的绿色家园；嘉兴经开区集合社区工作人员、志愿者等，在三环南路、永政公园等地开展义务植树和相关志愿服务活动……又是一年植树节，嘉兴各地纷纷启动了相关主题活动。\n　　眼下，嘉兴的绿化建设进入存量时代，“公园中的城市”格局已经初现，大规模的绿化建设和树木种植将有所减少，正从单纯种树转变为绿化养护，从植绿转变为爱绿、护绿。\n　　近年来，义务植树的广度和范围在不断扩大，施肥、浇水、修剪枝叶等成为市民参与义务植树志愿服务和抚育管护的重要方式。今年，市建设局园林市政管理服务中心还开展了小微盆景制作、古树名木认养、绿化管护等一系列爱绿护绿主题活动，极大地提高了全民义务植树的参与度。\n　　对自家小区（单位）绿地进行修剪、施肥；为绿植挂上防虫粘板及蚊虫诱捕器；为树木修剪枝叶、松土、浇水……我们欣喜地看到，市民爱绿、护绿的自觉性和热情度愈发高涨。从扛起铁锹栽下一棵树苗，到主动登记认养一棵古树，从劳动尽责到捐资尽责，爱绿、护绿已经融入每一个人的日常。\n　　构建全链条保护体系\n　　植树节只有一天，但扮靓城市环境却非一日之功。今年，嘉兴植树节系列活动的主题是“依法治绿 你我同行”。2020年7月1日起，新修订的《中华人民共和国森林法》正式施行，植树节正式被写入法律。\n　　我们身边的一草一木，其实都受到法律保护。居住区绿化作为城市绿化建设的重要内容，与老百姓的生活息息相关。去年，市建设局接连发布了《嘉兴市居住区树木修剪技术导则》《嘉兴市建设局关于规范居住区树木修剪的通知》，对小区树木修剪的基本要求、作业规范、具体流程等作出明确规定，填补了嘉兴在该领域的空白。\n　　古树名木是十分重要的自然遗产和生态资源，是有生命的城市基础设施，离不开精心的日常养护和专业保护。今年3月15日，《古树名木保护条例》将正式施行，这是我国首次以行政法规的形式明确古树名木保护管理工作应遵守的行为规范，填补了古树名木保护领域国家层面的法规空白。\n　　目前，嘉兴全市拥有建档古树名木700余株。《嘉兴市城市古树名木保护管理办法》也将在今年3月发布，重点聚焦城市、城镇开发边界城市绿化范围内古树名木和古树后备资源的保护和管理，从资源普查认定、分级分类保护、日常养护管理、濒危抢救复壮、施工避让保护等方面构建古树名木全链条保护体系，为城市古树名木保护管理工作取得实效提供坚实保障。\n　　《嘉兴市城市绿化条例》《嘉兴市城市绿化养护技术规范》《嘉兴市城市绿线管理办法》……从公共的城市绿化到专业的绿化养护，再到居住区树木的修剪，嘉兴出台了一系列科学又全面的园林绿化制度规范，以“法”之名“植”此青绿，城市园林绿化景观规划建设管理工作有章可循、有法可依，不断增厚城市的“绿色家底”。\n　　绿化建设水平不断提升\n　　绿色是生态的本色，也是发展的底色。在嘉兴，“推窗见绿，出门见景，人在绿中，城在园中”早已成为现实。2024年，全市完成新增绿地200.78公顷，新建公园面积20.74公顷，新建绿道27.6公里。\n　　近年来，嘉兴陆续开展了“绿城花海”三年行动、“绿荫生态、道路出彩”专项行动；启动街角花境提升、样板绿道建设、公园配套用房整治等精细化管理示范项目；打造了市民广场、凌公塘公园、运河公园、子城遗址公园、范蠡湖公园等一批精品公园，以及菱湖湾口袋公园、农翔路—南溪路口袋公园、栅堰口袋公园等口袋公园；开展公园开放共享试点，不断完善公园绿地和绿道综合配套服务设施，创新“公园+驿站”“绿道+驿站”管理模式……嘉兴将本地人文特色融入城市绿化建设，营造特色园林精品和景观空间，推进绿化向美化、文化、人性化转变。\n　　嘉兴植物园焕新开放，迅速成为市民“新宠”，天气晴好时，一批又一批市民来到这里享受惬意时光。市民沈薇是植物园的忠实粉丝，“我最喜欢带孩子来这里了，可以亲近大自然，也可以了解植物知识，共享绿地和香樟树下的咖啡馆是必打卡的点位。”\n　　另外，绿道也是市民茶余饭后、闲暇散步的首选。市民王海峰发现，有了绿道，随意踩踏草坪的现象也减少了，大家在绿道上散步、骑行，真正实现人与自然的和谐共处。\n　　在嘉兴，“人民城市人民建，人民城市为人民”已经有了生动写照：市民的绿化保护意识不断提高，城市绿化建设水平不断提升，公共绿地向市民敞开怀抱，带来开放共享、合力向好的正向循环。\n　　又到“植”此青绿时。我们相信，今天种下无垠绿色，就是为未来孕育无限发展生机。",
    "highlightText": "",
    "highlightTitle": "",
    "highlightThreadTitle": "",
    "language": "chinese",
    "sentiment": "positive",
    "categories": [
        "Environment",
        "Lifestyle and Leisure",
        "Human Interest"
    ],
    "topics": [
        "Environment->conservation",
        "Lifestyle and Leisure->holiday",
        "Lifestyle and Leisure->outdoor recreational activities",
        "Lifestyle and Leisure->lifestyle",
        "Human Interest->ceremony"
    ],
    "ai_allow": true,
    "has_canonical": false,
    "breaking": true,
    "webz_reporter": false,
    "external_links": [],
    "external_images": [],
    "entities": {
        "persons": [],
        "locations": [],
        "organizations": []
    },
    "syndication": {
        "syndicated": null,
        "syndicate_id": null,
        "first_syndicated": false
    },
    "trust": null,
    "rating": null,
    "crawled": "2025-03-13T01:14:52.462+02:00",
    "updated": "2025-03-13T01:14:52.462+02:00"
}