{
    "thread": {
        "uuid": "e6c6f2d2a2e7e73a7d195718b45bbcd28cf317c6",
        "url": "https://www.kunming.cn/news/c/2025-03-13/13922756.shtml",
        "site_full": "www.kunming.cn",
        "site": "kunming.cn",
        "site_section": "https://www.kunming.cn/news",
        "site_categories": [],
        "section_title": "新闻_昆明信息港",
        "site_title": null,
        "title": "大理市银桥镇组织200余名志愿者在阳波村开展\"我为银桥种棵树\"植树活动_昆明信息港",
        "title_full": "大理市银桥镇组织200余名志愿者在阳波村开展\"我为银桥种棵树\"植树活动_昆明信息港",
        "published": "2025-03-13T02:00:00.000+02:00",
        "replies_count": 0,
        "participants_count": 1,
        "site_type": "news",
        "country": "CN",
        "main_image": "",
        "performance_score": 0,
        "domain_rank": 113404,
        "domain_rank_updated": "2025-03-10T23:00:00.000+02:00",
        "social": {
            "facebook": {
                "likes": 0,
                "comments": 0,
                "shares": 0
            },
            "vk": {
                "shares": 0
            }
        }
    },
    "uuid": "e6c6f2d2a2e7e73a7d195718b45bbcd28cf317c6",
    "url": "https://www.kunming.cn/news/c/2025-03-13/13922756.shtml",
    "ord_in_thread": 0,
    "parent_url": null,
    "author": "昆明信息港",
    "published": "2025-03-13T02:00:00.000+02:00",
    "title": "大理市银桥镇组织200余名志愿者在阳波村开展\"我为银桥种棵树\"植树活动_昆明信息港",
    "text": "大理市银桥镇组织200余名志愿者在阳波村开展“我为银桥种棵树”植树活动\n2025-03-13 07:52:37\n来源：\n[云南日报]挥锹铲土、扶苗填坑、培土浇水……在植树节到来之际，大理市银桥镇组织200余名志愿者在阳波村开展“我为银桥种棵树”植树活动，种下一棵棵冬樱树，为春日增绿添彩。（云南日报 报记者李丽 通讯员费司娇/摄）\n挥锹铲土、扶苗填坑、培土浇水……在植树节到来之际，大理市银桥镇组织200余名志愿者在阳波村开展“我为银桥种棵树”植树活动，种下一棵棵冬樱树，为春日增绿添彩。（云南日报 报记者李丽 通讯员费司娇/摄）",
    "highlightText": "",
    "highlightTitle": "",
    "highlightThreadTitle": "",
    "language": "chinese",
    "sentiment": "positive",
    "categories": [
        "Environment"
    ],
    "topics": [
        "Environment->sustainability",
        "Environment->environmental clean-up",
        "Environment->nature"
    ],
    "ai_allow": true,
    "has_canonical": false,
    "breaking": false,
    "webz_reporter": false,
    "external_links": [],
    "external_images": [],
    "entities": {
        "persons": [],
        "locations": [],
        "organizations": []
    },
    "syndication": {
        "syndicated": null,
        "syndicate_id": null,
        "first_syndicated": false
    },
    "trust": null,
    "rating": null,
    "crawled": "2025-03-13T02:17:09.459+02:00",
    "updated": "2025-03-13T02:17:09.459+02:00"
}