{
    "thread": {
        "uuid": "24dcd9e2b1f225334b6eaab76301def898a0668c",
        "url": "http://news.youth.cn/gn/202503/t20250313_15879632.htm",
        "site_full": "news.youth.cn",
        "site": "youth.cn",
        "site_section": "http://www.youth.cn",
        "site_categories": [
            "media"
        ],
        "section_title": "中国青年网_青年温度、青春靓度、青网态度",
        "site_title": null,
        "title": "2024年我国造林种草767万公顷_新闻频道_中国青年网",
        "title_full": "2024年我国造林种草767万公顷_新闻频道_中国青年网",
        "published": "2025-03-13T00:45:22.059+02:00",
        "replies_count": 0,
        "participants_count": 1,
        "site_type": "news",
        "country": "CN",
        "main_image": "",
        "performance_score": 0,
        "domain_rank": 5007,
        "domain_rank_updated": "2025-03-10T23:00:00.000+02:00",
        "social": {
            "facebook": {
                "likes": 0,
                "comments": 0,
                "shares": 0
            },
            "vk": {
                "shares": 0
            }
        }
    },
    "uuid": "24dcd9e2b1f225334b6eaab76301def898a0668c",
    "url": "http://news.youth.cn/gn/202503/t20250313_15879632.htm",
    "ord_in_thread": 0,
    "parent_url": null,
    "author": "青网新闻郭森",
    "published": "2025-03-13T00:45:22.059+02:00",
    "title": "2024年我国造林种草767万公顷_新闻频道_中国青年网",
    "text": "本报北京3月12日电 （记者李晓晴）今年3月12日是我国第四十七个植树节，记者从国家林草局获悉：《2024年中国国土绿化状况公报》显示，全国完成营造林444.6万公顷，种草改良322.4万公顷，治理沙化石漠化土地278.3万公顷，森林覆盖率超25%，森林蓄积量超200亿立方米。全年林草产业总产值达到10.17万亿元，同比增长9.6%，森林食物产量超2亿吨，成为继粮食、蔬菜之后的第三大重要农产品。\n生态富民产业提质增效。全国经济林种植面积4666.7万公顷、年产值超2万亿元，林下经济利用林地面积4000万公顷、年产值约1万亿元。\n“三北”工程攻坚战迈出坚实步伐。聚焦打好三大标志性战役，强化联防联治。全年安排中央资金320亿元，完成治理面积超380万公顷。\n城乡绿化美化水平持续提升。开工建设口袋公园6200余个，建设城市绿道7300余公里。推进农村人居环境整治提升，大力实施农村“四旁”绿化。\n山水林田湖草沙系统治理项目取得新进展。组织实施176个“双重”工程项目、10个国土绿化示范项目，持续推进“十四五”27个“山水工程”项目、49个历史遗留废弃矿山生态修复示范工程项目。新增水土流失治理面积6.4万平方公里。森林可持续经营实施面积扩大到66.7万公顷以上。全国林草碳汇试点市（县）和国有林场碳汇试点实施面积达6.8万公顷。",
    "highlightText": "",
    "highlightTitle": "",
    "highlightThreadTitle": "",
    "language": "chinese",
    "sentiment": "positive",
    "categories": [
        "Environment",
        "Health",
        "Politics"
    ],
    "topics": [
        "Environment->conservation",
        "Environment->nature",
        "Health->health organisation",
        "Health->public health",
        "Health->government health care",
        "Politics->environmental policy",
        "Politics->national government",
        "Politics->government policy"
    ],
    "ai_allow": true,
    "has_canonical": false,
    "breaking": false,
    "webz_reporter": false,
    "external_links": [],
    "external_images": [],
    "entities": {
        "persons": [],
        "locations": [],
        "organizations": []
    },
    "syndication": {
        "syndicated": null,
        "syndicate_id": null,
        "first_syndicated": false
    },
    "trust": null,
    "rating": null,
    "crawled": "2025-03-13T00:45:22.059+02:00",
    "updated": "2025-03-13T00:45:22.059+02:00"
}