{
    "thread": {
        "uuid": "9c8faf520afa70ac0c3fd47380c043491c6acdda",
        "url": "http://www.ce.cn/cysc/ny/gdxw/202503/13/t20250313_39318263.shtml",
        "site_full": "www.ce.cn",
        "site": "ce.cn",
        "site_section": "https://ce.cn/./xwzx/gnsz/gdxw/202411/17/t20241117_39205617.shtml",
        "site_categories": [
            "media"
        ],
        "section_title": "中国经济网——国家经济门户",
        "site_title": null,
        "title": "今年全国发电总装机三十六亿千瓦以上_中国经济网--国家经济门户",
        "title_full": "今年全国发电总装机三十六亿千瓦以上_中国经济网--国家经济门户",
        "published": "2025-03-13T01:49:20.959+02:00",
        "replies_count": 0,
        "participants_count": 1,
        "site_type": "news",
        "country": "CN",
        "main_image": "",
        "performance_score": 0,
        "domain_rank": 2874,
        "domain_rank_updated": "2025-03-10T23:00:00.000+02:00",
        "social": {
            "facebook": {
                "likes": 0,
                "comments": 0,
                "shares": 0
            },
            "vk": {
                "shares": 0
            }
        }
    },
    "uuid": "9c8faf520afa70ac0c3fd47380c043491c6acdda",
    "url": "http://www.ce.cn/cysc/ny/gdxw/202503/13/t20250313_39318263.shtml",
    "ord_in_thread": 0,
    "parent_url": null,
    "author": "佟明彪",
    "published": "2025-03-13T01:49:20.959+02:00",
    "title": "今年全国发电总装机三十六亿千瓦以上_中国经济网--国家经济门户",
    "text": "分享到微信X\n打开微信，点击底部的“发现”，使用 “扫一扫” 即可将网页分享到我的朋友圈。\n人民日报北京3月12日电 （丁怡婷、宋佳航）国家能源局近日印发的《2025年能源工作指导意见》（以下简称《指导意见》）提出，2025年全国发电总装机达36亿千瓦以上，新增新能源发电装机规模2亿千瓦以上，推动抽水蓄能装机容量达6200万千瓦以上；非化石能源发电装机占比提高到60%左右，非化石能源占能源消费总量比重提高到20%左右。数据显示，截至2024年底，全国发电总装机容量为33.5亿千瓦，非化石能源发电装机占总装机容量的比重为58.2%。\n《指导意见》还提出，2025年煤炭稳产增产，原油产量保持2亿吨以上，天然气产量保持较快增长，油气储备规模持续增加。\n国家能源局相关负责人介绍，当前，我国能源发展面临一些风险挑战，国际形势复杂严峻，油气外采率仍较高，新能源快速增长对系统消纳提出更高要求，能源关键技术装备攻关仍需强化，能源体制机制改革需向纵深推进。\n对此，《指导意见》提出21项年度重点任务，包括从夯实能源安全保障基础、提高区域能源协同保障能力、强化能源安全重大风险管控3方面，大力提升能源安全保障能力；从保持非化石能源良好发展态势、统筹推进新型电力系统建设、持续深化能源开发利用方式变革3方面，积极稳妥推进能源绿色低碳转型等。\n今年，我国将持续深化能源开发利用方式变革。在工业、交通、建筑、数据中心等重点领域大力实施可再生能源替代行动，积极支持零碳园区建设和光伏建筑一体化，更好促进新能源就地消纳。拓展地热能、生物质能、太阳能等可再生能源供暖应用。深入实施油气与新能源融合发展，依托重点油气产区加快发展二氧化碳驱油及封存。持续推动煤电“三改联动”和落后产能淘汰。\n新能源消纳和调控政策措施也将进一步完善。《指导意见》提出，今年要创新新能源价格机制和消纳方式，推动新能源全面参与市场，实现新能源由保障性收购向市场化消纳转变。研究制定绿电直连政策措施。\n《 人民日报 》（ 2025年03月13日 12 版）\n（责任编辑：佟明彪）",
    "highlightText": "",
    "highlightTitle": "",
    "highlightThreadTitle": "",
    "language": "chinese",
    "sentiment": "positive",
    "categories": [
        "Economy, Business and Finance",
        "Environment",
        "Health"
    ],
    "topics": [
        "Economy, Business and Finance->energy and resource",
        "Economy, Business and Finance->macro economics",
        "Environment->energy resources"
    ],
    "ai_allow": true,
    "has_canonical": false,
    "breaking": false,
    "webz_reporter": false,
    "external_links": [],
    "external_images": [],
    "entities": {
        "persons": [],
        "locations": [],
        "organizations": []
    },
    "syndication": {
        "syndicated": null,
        "syndicate_id": null,
        "first_syndicated": false
    },
    "trust": null,
    "rating": null,
    "crawled": "2025-03-13T01:49:20.959+02:00",
    "updated": "2025-03-13T01:49:20.959+02:00"
}