{
    "thread": {
        "uuid": "145d0a672fd493cd24720decbd810d1a55c4a7db",
        "url": "https://www.nbcboston.com/news/local/stuck-in-the-hospital-guardianship-backlog-exacerbates-capacity-issues-in-mass/3890940/",
        "site_full": "www.nbcboston.com",
        "site": "nbcboston.com",
        "site_section": "https://news.google.com/search?q=yourself%20when%3A1h&hl=en-US&gl=US&ceid=US%3Aen",
        "site_categories": [
            "arts, culture and entertainment",
            "media",
            "lifestyle and leisure",
            "disaster and accident",
            "weather",
            "economy, business and finance",
            "crime, law and justice",
            "politics",
            "sport"
        ],
        "section_title": "Google News - Search",
        "site_title": "NBC10 Boston &#8211; Breaking local news, weather for Mass., N.H.",
        "title": "Guardianship backlog exacerbates Mass. hospital capacity issues - NBC Boston",
        "title_full": "Guardianship backlog exacerbates Mass. hospital capacity issues - NBC Boston",
        "published": "2026-02-05T07:50:00.000+02:00",
        "replies_count": 0,
        "participants_count": 1,
        "site_type": "news",
        "country": "US",
        "main_image": "https://media.nbcboston.com/2024/04/Hospital-generic.png?resize=1200%2C675&#038;quality=85&#038;strip=all",
        "performance_score": 0,
        "domain_rank": 17425,
        "domain_rank_updated": "2026-02-01T23:00:00.000+02:00",
        "licensing_agency": [],
        "social": {
            "facebook": {
                "likes": 0,
                "comments": 0,
                "shares": 0
            },
            "vk": {
                "shares": 0
            }
        }
    },
    "uuid": "145d0a672fd493cd24720decbd810d1a55c4a7db",
    "url": "https://www.nbcboston.com/news/local/stuck-in-the-hospital-guardianship-backlog-exacerbates-capacity-issues-in-mass/3890940/",
    "ord_in_thread": 0,
    "author": "Jericho Tran",
    "published": "2026-02-05T07:50:00.000+02:00",
    "title": "Guardianship backlog exacerbates Mass. hospital capacity issues - NBC Boston",
    "text": "With hospital capacity increasing during the flu season, health care professionals are sounding the alarm on the need for legal guardians to help patients who have not filled out a health care proxy form.\nIn most cases, the situation is avoidable by filling out the paperwork and assigning a legal guardian in case something happens and you're not able to make decisions for yourself — but legal and medical professionals say in other cases, especially with the aging population, there are no friends or family available, so patients are literally stuck inside hospitals.\nStream NBC10 Boston news for free, 24/7, wherever you are.\n WATCH HERE\n\"The emergency rooms are full, and a lot of that are people waiting to be admitted to another floor of the hospital, but there's no beds,\" said attorney Brandon Saunders, a partner at BSK Law Offices.\nPatients without legal guardians may be stuck inside medical facilities for months at a time, eliminating space for the influx of patients at the height of the flu season.\n\"The length of time to get a guardianship has increased, and people are sitting longer, and I think it's having a greater strain on the capacities of these hospitals,\" Saunders said.\nIn Massachusetts, if there's no appointed health care proxy, the only recognized decision-maker is a legal guardian.\nSaunders, who goes into court to appoint a guardian for patients, says it can sometimes take weeks.\n\"We were about 1,000 petitions for guardianship last year,\" he said. \"That's up from the year before, and up from the year before that.\"\nIn the meantime, those patients are unable to get the specialized post-acute care they need.\n\"It's just exacerbated, as I say, in the winter, when when we are experiencing a flu surge, so capacity constraints are even worse,\" said Michelle McGrory, the associate chief nursing officer for care transitions and rehab services at Beth Israel Deaconess Medical Center. \"That also exacerbates our congestion in all of our emergency rooms across the state, because patients cannot be moved from the emergency room to these inpatient beds because patients are stuck and we can't discharge them.\"\nIn September, the Massachusetts Health and Hospital Association found that 38 hospitals across the state reported 50 patients were stuck in hospitals waiting for the appointment of a legal guardian — with that number only expected to grow.\n\"There needs to be either a funding source or a better pool of available guardians,\" Saunders said.\nHospitals are asking anyone who is eligible to be a guardian to volunteer. They also asking legislators to provide funding for a volunteer guardianship program.",
    "summary": "With hospital capacity increasing during the flu season, health care professionals are sounding the alarm on the need for legal guardians to help patients who have not filled out a health care proxy form. \"The emergency rooms are full, and a lot of that are people waiting to be admitted to another floor of the hospital, but there's no beds,\" said attorney Brandon Saunders, a partner at BSK Law Offices.",
    "highlightText": "",
    "highlightTitle": "",
    "highlightThreadTitle": "",
    "language": "english",
    "sentiment": "negative",
    "categories": [
        "Health",
        "Social Issue"
    ],
    "topics": [
        "Health->health care approach",
        "Health->hospital",
        "Social Issue->social problem"
    ],
    "ai_allow": true,
    "has_canonical": false,
    "breaking": true,
    "webz_reporter": false,
    "external_links": [],
    "external_images": [],
    "internal_images": [],
    "entities": {
        "persons": [],
        "locations": [
            {
                "name": "Mass.",
                "sentiment": "none"
            }
        ],
        "organizations": [
            {
                "name": "NBC Boston",
                "sentiment": "neutral",
                "tickers": [
                    {
                        "ticker": null,
                        "exchange": null
                    }
                ]
            },
            {
                "name": "NBC10",
                "sentiment": "none",
                "tickers": []
            }
        ]
    },
    "syndication": {
        "syndicated": false,
        "syndicate_id": null,
        "first_syndicated": false
    },
    "trust": {
        "categories": [
            "trusted_news"
        ],
        "top_news": [],
        "bias": "center",
        "source": {
            "type": "local_news",
            "city": [
                "Boston"
            ],
            "state": [
                "Massachusetts"
            ],
            "country": [
                "US"
            ],
            "domain_type": null,
            "agency": null,
            "organization_name": null
        }
    },
    "rating": null,
    "crawled": "2026-02-05T08:05:50.778+02:00",
    "updated": "2026-02-05T08:12:24.000+02:00"
}