{
    "thread": {
        "uuid": "c918ce271a54f9963c861c2dc675ef1fe16587e6",
        "url": "https://www.nepalnews.com/2026/02/05/fake-election-manifesto-in-the-name-of-varshaman-complaint-filed-with-election-commission-and-cyber-bureau/",
        "site_full": "www.nepalnews.com",
        "site": "nepalnews.com",
        "site_section": "https://www.nepalnews.com/feed",
        "site_categories": [
            "politics",
            "illegal_content",
            "social issue",
            "sport",
            "education",
            "economy, business and finance"
        ],
        "section_title": "नेपाल न्युज",
        "site_title": "Nepal News | Nepal's First Online News Portal",
        "title": "वर्षमानको नाममा नक्कली चुनावी घोषणापत्रः निर्वाचन आयोग र साइबर ब्युरोमा उजुरी",
        "title_full": "वर्षमानको नाममा नक्कली चुनावी घोषणापत्रः निर्वाचन आयोग र साइबर ब्युरोमा उजुरी",
        "published": "2026-02-05T08:08:00.000+02:00",
        "replies_count": 0,
        "participants_count": 1,
        "site_type": "news",
        "country": "NP",
        "main_image": "https://www.nepalnews.com/wp-content/uploads/2026/01/Barshaman-Pun.jpg",
        "performance_score": 0,
        "domain_rank": 189726,
        "domain_rank_updated": "2026-02-01T23:00:00.000+02:00",
        "licensing_agency": [],
        "social": {
            "facebook": {
                "likes": 0,
                "comments": 0,
                "shares": 0
            },
            "vk": {
                "shares": 0
            }
        }
    },
    "uuid": "c918ce271a54f9963c861c2dc675ef1fe16587e6",
    "url": "https://www.nepalnews.com/2026/02/05/fake-election-manifesto-in-the-name-of-varshaman-complaint-filed-with-election-commission-and-cyber-bureau/",
    "ord_in_thread": 0,
    "author": "नेपालन्युज",
    "published": "2026-02-05T08:08:00.000+02:00",
    "title": "वर्षमानको नाममा नक्कली चुनावी घोषणापत्रः निर्वाचन आयोग र साइबर ब्युरोमा उजुरी",
    "text": "काठमाडौं। आफ्नो नाममा नक्कली चुनावी प्रतिबद्धतापत्र बनाएर सामाजिक सञ्जालमार्फत भ्रामक प्रचार गरिएको भन्दै नेपाली कम्युनिष्ट पार्टीका नेता एवं पूर्वअर्थमन्त्री वर्षमान पुनले निर्वाचन आयोग र प्रहरीको साइबर ब्युरोमा उजुरी दिएका छन्।\nउक्त कार्यमा संलग्नमाथि कानूनी कारबाहीको माग गर्दै पुनले आफ्नो सचिवालयमार्फत आयोग र ब्युरोमा उजुरी दिएका हुन्। आगामी २१ फागुनमा हुने प्रतिनिधिसभा निर्वाचनमा पुन गृहजिल्ला रोल्पाबाट उम्मेदवार छन्।\nनिवेदनमा अत्यन्तै भ्रामक, झुठा र चरित्र हत्या गर्ने किसिमका सामग्रीहरु सम्प्रेषण भइरहेकाले विद्युतीय कारोबार ऐन ०६३ को दफा ४७ बमोजिम सार्वजनिक नैतिकता र शिष्टाचारविरुद्धको कसुर तथा निर्वाचन आचारसंहिताको उल्लंघन भएको उल्लेख छ। “ मतदातालाई भ्रमित तुल्याई स्वतन्त्र र निष्पक्ष निर्वाचन हुने हनन् गरेको छ। यसले निर्वाचनको स्वच्छतालाई असर पार्ने र समाजमा द्वेष फैलाउने कार्य गरेको हुनाले उक्त भ्रामक सामग्रीहरु तत्काल हटाउन लगाउनुका साथै यस्ता कार्यमा संलग्न व्यक्तिहरु तथा समूहको पहिचान गरी प्रचलित कानून बमोजिम कडा कारबाही गरिपाउन यो निवेदन पेश गर्दछु ”, उजुरीमा भनिएको छ।\nप्रतिस्पर्धीमध्येका उम्मेदवारले आफ्नो विषयमा मतदातमा भ्रम फैलाउने र चरित्र हत्या गर्ने उदेश्यले प्रतिबद्धतापत्र बनाएर सामाजिक सञ्जालमा राखेको भेटिएकाले त्यसमा संलग्न व्यक्तिहरुमाथि कारबाहीका लागि निर्वाचन आयोग र साइबर ब्युरोमा उजुरी दिएको पुनको भनाइ छ।\nपुनले पार्टीका तर्फबाट मतदातामा लैजाने चुनावी घोषणापत्र लेखनको अन्तिम चरणमा रहेको र आफ्नार्फबाट मौखिकबाहेक लिखित रुपमा छुटटै घोषणा वा प्रतिबद्धतापत्र नबनाएको उल्लेख गरे।\nपुनको भन्दै सार्वजनिक गरिएको नक्कली प्रतिबद्धतपत्रमा रोल्पा सदरमुकाम र सुलिचौरमा रेड लाइट एरिया तोक्ने, बडाचौरमा अन्तर्राष्ट्रिय विमानस्थल निर्माण गर्ने, जिल्लामा विश्वविद्यालय र प्रत्येक वडामा क्याम्पस निर्माण गर्ने तथा माडीचौर फुटबल मैदानमा वीर अस्पतालन्दा ठूलो अस्पताल बनाउने, मेट्रो रेल र केबलकार जस्ता विषय उल्लेख गरिएका छन्।",
    "summary": null,
    "highlightText": "",
    "highlightTitle": "",
    "highlightThreadTitle": "",
    "language": "hindi",
    "sentiment": "negative",
    "categories": [
        "Politics",
        "Social Issue"
    ],
    "topics": [
        "Politics->political campaigns",
        "Social Issue->social networking"
    ],
    "ai_allow": true,
    "has_canonical": false,
    "breaking": false,
    "webz_reporter": false,
    "external_links": [],
    "external_images": [],
    "internal_images": [],
    "entities": {
        "persons": [],
        "locations": [],
        "organizations": []
    },
    "syndication": {
        "syndicated": null,
        "syndicate_id": null,
        "first_syndicated": false
    },
    "trust": {
        "categories": [],
        "top_news": [],
        "bias": null,
        "source": {
            "type": null,
            "city": null,
            "state": null,
            "country": null,
            "domain_type": null,
            "agency": null,
            "organization_name": null
        }
    },
    "rating": null,
    "crawled": "2026-02-05T08:22:22.073+02:00",
    "updated": "2026-02-05T08:26:16.000+02:00"
}