{
    "thread": {
        "uuid": "8180468291b704fe4f6e64053d945edc68734214",
        "url": "https://www.larepublica.co/analisis/jerome-sanabria-3850986/y-quien-nos-responde-4319742",
        "site_full": "www.larepublica.co",
        "site": "larepublica.co",
        "site_section": "https://www.larepublica.co/",
        "site_categories": [
            "politics",
            "financial_news",
            "finance",
            "economy, business and finance"
        ],
        "section_title": "Noticias de Econom&#xED;a, Finanzas, Empresas y Negocios de Colombia y el Mundo | LaRepublica.co",
        "site_title": "Noticias de Econom&#xED;a, Finanzas, Empresas y Negocios de Colombia y el Mundo | LaRepublica.co",
        "title": "¿Y quién nos responde?",
        "title_full": "¿Y quién nos responde?",
        "published": "2026-02-05T02:01:00.000+02:00",
        "replies_count": 0,
        "participants_count": 1,
        "site_type": "news",
        "country": "CO",
        "main_image": "https://img.lalr.co/cms/2024/04/29165214/1280x720_JEROME-SANABRIA-Print.jpg?size=xl&amp;ratio=rr16_9&amp;f=jpg",
        "performance_score": 0,
        "domain_rank": 33671,
        "domain_rank_updated": "2026-02-01T23:00:00.000+02:00",
        "licensing_agency": [],
        "social": {
            "facebook": {
                "likes": 0,
                "comments": 0,
                "shares": 0
            },
            "vk": {
                "shares": 0
            }
        }
    },
    "uuid": "8180468291b704fe4f6e64053d945edc68734214",
    "url": "https://www.larepublica.co/analisis/jerome-sanabria-3850986/y-quien-nos-responde-4319742",
    "ord_in_thread": 0,
    "author": "Editorial La República S.A.S.",
    "published": "2026-02-05T02:01:00.000+02:00",
    "title": "¿Y quién nos responde?",
    "text": "MI SELECCIÓN DE NOTICIAS\nNoticias personalizadas, de acuerdo a sus temas de interés\nPor momentos, me siento agotada en la permanente lucha por la defensa de nuestro ahorro pensional, visto como un botín por parte del gobierno y cuyo zarpazo ha pretendido dar con la reforma pensional y ahora, también, con dos nuevos decretos. Ningún legislador ni candidato ha dicho una sola palabra y, si no fuera por los afiliados que hemos alzado la voz, la protesta contra estas medidas pasaría desapercibida.\nComo lo he explicado antes, por cuenta del Decreto 1485, pensionarse será más costoso, y con el decreto que pretende nacionalizar el ahorro, nuestros rendimientos serán menores.\nAmbos constituyen un jaque mate al sistema de ahorro: el Fondo de Garantía se agotará más temprano que tarde y el gobierno logrará su objetivo: dejar a Colpensiones como la única administradora. Monopolio estatal. Volver al Seguro Social.\nLas administradoras de fondos de pensiones y las aseguradoras tienen quién las defienda en la esfera legal. ¿Pero a los afiliados? ¿Quién nos responde?\nPor eso, en #NoConMiAhorro apoyamos la iniciativa del doctor en economía Francisco Azuero, quien redactó una carta dirigida al Ministerio de Hacienda y a la URF, enviada como comentario al borrador del decreto. Recogimos más de 23 mil firmas de afiliados que le piden al gobierno que no se meta con nuestro ahorro ni con nuestra vejez.\nEn esa carta, también radicada como derecho de petición, se solicita a la SIC que publique el concepto emitido para la expedición del decreto y a la URF que haga pública el acta de aprobación de su Consejo Directivo. Mientras estos documentos no se conozcan, no es posible evaluar los argumentos técnicos ni saber si hubo un debate real o si, como creemos, se trató de una decisión política.\nAdvertimos que esta medida reducirá nuestros rendimientos. Basta un ejemplo: si en 1950 hubiéramos invertido un dólar (47 pesos) en el S&P 500 de Estados Unidos, hoy tendríamos cerca de $290.000. Si ese mismo dinero se hubiera invertido en el mercado local, hoy apenas serían $70.000. Invertir en el exterior ha sido cuatro veces más rentable.\nLa Contraloría advirtió que repatriar $177 billones en cinco años implicaría perder cerca del 3,8% en rentabilidad, es decir, más de $3,2 billones menos en las cuentas individuales.\nEl decreto viola el principio de eficiencia, pues dirige los recursos hacia inversiones menos rentables y más riesgosas, dependientes de la política local, y se justifica en “dinamizar el mercado de capitales colombiano”, violando el artículo 9 de la Ley 100, que prohíbe usar recursos de la seguridad social para fines distintos a ella.\nLos más afectados seremos los jóvenes. Pasaremos de tener hasta 70% de nuestro ahorro invertido en el exterior a un máximo de 30%. Peor aún: los nuevos afiliados verán su ahorro destinado casi en su totalidad al mercado local. Huevos en menos canastas.\nMenor retorno, mayor riesgo.\nTambién se viola el principio de participación: los afiliados no fuimos escuchados ni invitados al diseño del decreto y, cuando opinamos, nos ignoraron.\nPor todo lo anterior, pedimos al Ministerio que se abstenga de expedir este decreto. Si no lo hace, la carta respaldada por más de 23.000 firmas será un insumo central para nuestra demanda. Seguimos adelante.\nLa transición venezolana es una carrera de posicionamiento. México, Brasil, y Europa van a jugar fuerte frente a EE.UU. que lidera el proceso\nAvanzar hacia una movilidad digital más segura significa que cada viaje represente tranquilidad para usuarios, conductores y sus familias\nEn las próximas elecciones tendremos la oportunidad de no continuar al filo del barranco. Las ideas que nos unen son elementales: democracia liberal, Estado social de derecho con propósito y economía de mercado",
    "summary": "Ningún legislador ni candidato ha dicho una sola palabra y, si no fuera por los afiliados que hemos alzado la voz, la protesta contra estas medidas pasaría desapercibida. Peor aún: los nuevos afiliados verán su ahorro destinado casi en su totalidad al mercado local. También se viola el principio de participación: los afiliados no fuimos escuchados ni invitados al diseño del decreto y, cuando opinamos, nos ignoraron. Por todo lo anterior, pedimos al Ministerio que se abstenga de expedir este decreto.",
    "highlightText": "",
    "highlightTitle": "",
    "highlightThreadTitle": "",
    "language": "spanish",
    "sentiment": "negative",
    "categories": [
        "Social Issue"
    ],
    "topics": [
        "Social Issue->social condition"
    ],
    "ai_allow": true,
    "has_canonical": false,
    "breaking": null,
    "webz_reporter": false,
    "external_links": [],
    "external_images": [],
    "internal_images": [],
    "entities": {
        "persons": [],
        "locations": [],
        "organizations": []
    },
    "syndication": {
        "syndicated": null,
        "syndicate_id": null,
        "first_syndicated": false
    },
    "trust": {
        "categories": [],
        "top_news": [],
        "bias": null,
        "source": {
            "type": null,
            "city": null,
            "state": null,
            "country": null,
            "domain_type": null,
            "agency": null,
            "organization_name": null
        }
    },
    "rating": null,
    "crawled": "2026-02-05T08:18:16.500+02:00",
    "updated": "2026-02-05T08:31:56.000+02:00"
}