{
    "thread": {
        "uuid": "b8416b4cdf3199aaf01880a11632c6e111c0e61d",
        "url": "https://www.webcenterfairbanks.com/video/2026/02/05/chugiak-man-arrested-accused-paying-smugglers-bring-woman-her-daughter-honduras/",
        "site_full": "www.webcenterfairbanks.com",
        "site": "webcenterfairbanks.com",
        "site_section": "https://www.webcenterfairbanks.com/",
        "site_categories": [
            "human interest",
            "economy, business and finance",
            "environment",
            "crime, law and justice",
            "weather",
            "media",
            "disaster and accident",
            "politics"
        ],
        "section_title": "KTVF Fairbanks",
        "site_title": "KTVF | Homepage | Alaska",
        "title": "Chugiak man arrested, accused of paying smugglers to bring a woman, her daughter, from Honduras",
        "title_full": "Chugiak man arrested, accused of paying smugglers to bring a woman, her daughter, from Honduras",
        "published": "2026-02-05T06:21:00.000+02:00",
        "replies_count": 0,
        "participants_count": 1,
        "site_type": "news",
        "country": "US",
        "main_image": "https://gray-ktvf-prod.gtv-cdn.com/resizer/v2/https%3A%2F%2Fdo0bihdskp9dy.cloudfront.net%2F02-05-2026%2Ft_2490bf7349b54f53bbd42180fd47b640_name_file_1280x720_2000_v3_1_.jpg?auth=a653bc2d22a3346d1d318053e8664197eb8ca2d8888fd3c5437c02896f3e52cd&amp;width=1200&amp;height=600&amp;smart=true",
        "performance_score": 0,
        "domain_rank": 830198,
        "domain_rank_updated": "2026-02-01T23:00:00.000+02:00",
        "licensing_agency": [],
        "social": {
            "facebook": {
                "likes": 0,
                "comments": 0,
                "shares": 0
            },
            "vk": {
                "shares": 0
            }
        }
    },
    "uuid": "b8416b4cdf3199aaf01880a11632c6e111c0e61d",
    "url": "https://www.webcenterfairbanks.com/video/2026/02/05/chugiak-man-arrested-accused-paying-smugglers-bring-woman-her-daughter-honduras/",
    "ord_in_thread": 0,
    "author": "@ktvf11",
    "published": "2026-02-05T06:21:00.000+02:00",
    "title": "Chugiak man arrested, accused of paying smugglers to bring a woman, her daughter, from Honduras",
    "text": "Updated: 43 minutes ago\nThe library will be located in the historic City Hall building on 4th Avenue\nUpdated: 5 hours ago\nAlmost 500 people from areas hit by the typhoon still are staying in shelters in hotels in Anchorage, according to the Alaska Division of Homeland Security and Emergency Management. As of Monday, according to same report, 216 evacuees from the storm have been transitioned out of Anchorage hotels to apartments.\nUpdated: 23 hours ago\nResearchers with Washington State University are working with the Alaska Department of Fish and Game (DFG) to study the eating habits of brown bears\nPolitical Pipeline: Halong survivors unlikely to return home by summer, state leaders tell lawmakers\nUpdated: Feb. 3, 2026 at 8:29 PM AKST\nEmergency officials told committee members Tuesday they’re prioritizing infrastructure repairs and cleanup over relocation efforts in the aftermath of ex-Typhoon Halong, the October storm that devastated two villages in Western Alaska: Kipnuk and Kwigillingok.\nUpdated: Feb. 3, 2026 at 6:30 PM AKST\nJanuary’s record snowfall has created dangerous avalanche conditions across Alaska’s backcountry, burying weak snow layers that could trigger deadly slides.",
    "summary": "The library will be located in the historic City Hall building on 4th Avenue Almost 500 people from areas hit by the typhoon still are staying in shelters in hotels in Anchorage, according to the Alaska Division of Homeland Security and Emergency Management. As of Monday, according to same report, 216 evacuees from the storm have been transitioned out of Anchorage hotels to apartments.",
    "highlightText": "",
    "highlightTitle": "",
    "highlightThreadTitle": "",
    "language": "english",
    "sentiment": "negative",
    "categories": [
        "Crime, Law and Justice",
        "Social Issue"
    ],
    "topics": [
        "Crime, Law and Justice->arrest",
        "Crime, Law and Justice->human smuggling and trafficking",
        "Social Issue->family",
        "Social Issue->immigration",
        "Social Issue->illegal immigration"
    ],
    "ai_allow": true,
    "has_canonical": true,
    "breaking": null,
    "webz_reporter": false,
    "external_links": [],
    "external_images": [],
    "internal_images": [],
    "entities": {
        "persons": [],
        "locations": [
            {
                "name": "City Hall",
                "sentiment": "none"
            },
            {
                "name": "Honduras",
                "sentiment": "none"
            },
            {
                "name": "4th Avenue",
                "sentiment": "none"
            },
            {
                "name": "Anchorage",
                "sentiment": "none"
            }
        ],
        "organizations": [
            {
                "name": "Washington State University",
                "sentiment": "none",
                "tickers": [
                    {
                        "ticker": null,
                        "exchange": null
                    }
                ]
            },
            {
                "name": "DFG",
                "sentiment": "none",
                "tickers": [
                    {
                        "ticker": null,
                        "exchange": null
                    }
                ]
            },
            {
                "name": "Alaska Department of Fish and Game",
                "sentiment": "none",
                "tickers": [
                    {
                        "ticker": null,
                        "exchange": null
                    }
                ]
            },
            {
                "name": "Alaska Division of Homeland Security and Emergency Management",
                "sentiment": "none",
                "tickers": []
            }
        ]
    },
    "syndication": {
        "syndicated": false,
        "syndicate_id": null,
        "first_syndicated": false
    },
    "trust": {
        "categories": [
            "trusted_news"
        ],
        "top_news": [],
        "bias": "center",
        "source": {
            "type": "local_news",
            "city": [
                "South Van Horn",
                "Atka",
                "Big Delta",
                "Moose Creek",
                "Fox",
                "Nightmute",
                "Fox River",
                "North Pole",
                "Pleasant Valley",
                "Fairbanks"
            ],
            "state": [
                "Alaska"
            ],
            "country": [
                "US"
            ],
            "domain_type": null,
            "agency": null,
            "organization_name": null
        }
    },
    "rating": null,
    "crawled": "2026-02-05T08:19:22.041+02:00",
    "updated": "2026-02-05T08:26:50.000+02:00"
}