{
    "thread": {
        "uuid": "d81abffc3ba5a96ca51d53519a1d7a44347ed7a3",
        "url": "https://m.dailyhunt.in/news/india/english/hindustantimes-epaper-httimes/shifting+of+kherki+daula+toll+plaza+likely+to+see+further+delay+locals+oppose+u+turn-newsid-n699701762",
        "site_full": "m.dailyhunt.in",
        "site": "dailyhunt.in",
        "site_section": "https://m.dailyhunt.in/news/india/epaper-chittelg/",
        "site_categories": [
            "arts, culture and entertainment",
            "media",
            "economy, business and finance",
            "crime, law and justice",
            "politics",
            "sport"
        ],
        "section_title": "Personalized News in 14 Indian Languages | Latest Updates",
        "site_title": null,
        "title": "Shifting of Kherki Daula toll plaza likely to see further delay, locals oppose U-turn",
        "title_full": "Shifting of Kherki Daula toll plaza likely to see further delay, locals oppose U-turn",
        "published": "2026-02-05T01:20:00.000+02:00",
        "replies_count": 0,
        "participants_count": 1,
        "site_type": "news",
        "country": "IN",
        "main_image": "https://assets-news-bcdn.dailyhunt.in/cmd/resize/1200x630_90/fetchdata20/images/91/be/a8/91bea8f21502ef2208ae5ad374069c43cf490ab1295db097d5a74cd431b75d4d.jpg",
        "performance_score": 0,
        "domain_rank": 11578,
        "domain_rank_updated": "2026-02-01T23:00:00.000+02:00",
        "licensing_agency": [],
        "social": {
            "facebook": {
                "likes": 0,
                "comments": 0,
                "shares": 0
            },
            "vk": {
                "shares": 0
            }
        }
    },
    "uuid": "d81abffc3ba5a96ca51d53519a1d7a44347ed7a3",
    "url": "https://m.dailyhunt.in/news/india/english/hindustantimes-epaper-httimes/shifting+of+kherki+daula+toll+plaza+likely+to+see+further+delay+locals+oppose+u+turn-newsid-n699701762",
    "ord_in_thread": 0,
    "author": "@Dailyhuntapp",
    "published": "2026-02-05T01:20:00.000+02:00",
    "title": "Shifting of Kherki Daula toll plaza likely to see further delay, locals oppose U-turn",
    "text": "Get the latest version\nRefresh\nShifting of Kherki Daula toll plaza likely to see further delay, locals oppose U-turn\n6hr\nThe proposed shifting of the Kherki Daula toll plaza to a site near Pachgaon is likely to be further delayed after local villagers rejected a proposal by the National Highways Authority of India (NHAI) to construct a U turn flyover at Pachgaon, officials said on Wednesday.\nDailyhunt\nDisclaimer\n: This content has not been generated, created or edited by Dailyhunt. Publisher: Hindustan Times\nEterno Infotech © 2022\nNo Internet connection\nDownload the app to view this section\nDownload the app to view this section\nLink Copied",
    "summary": "Shifting of Kherki Daula toll plaza likely to see further delay, locals oppose U-turn The proposed shifting of the Kherki Daula toll plaza to a site near Pachgaon is likely to be further delayed after local villagers rejected a proposal by the National Highways Authority of India (NHAI) to construct a U turn flyover at Pachgaon, officials said on Wednesday. : This content has not been generated, created or edited by Dailyhunt. Publisher: Hindustan Times Download the app to view this section Download the app to view this section",
    "highlightText": "",
    "highlightTitle": "",
    "highlightThreadTitle": "",
    "language": "english",
    "sentiment": "negative",
    "categories": [
        "Social Issue"
    ],
    "topics": [
        "Social Issue->social condition"
    ],
    "ai_allow": true,
    "has_canonical": false,
    "breaking": null,
    "webz_reporter": false,
    "external_links": [],
    "external_images": [],
    "internal_images": [],
    "entities": {
        "persons": [],
        "locations": [],
        "organizations": []
    },
    "syndication": {
        "syndicated": false,
        "syndicate_id": null,
        "first_syndicated": false
    },
    "trust": {
        "categories": [],
        "top_news": [],
        "bias": null,
        "source": {
            "type": null,
            "city": null,
            "state": null,
            "country": null,
            "domain_type": null,
            "agency": null,
            "organization_name": null
        }
    },
    "rating": null,
    "crawled": "2026-02-05T07:48:42.382+02:00",
    "updated": "2026-02-05T07:49:34.000+02:00"
}