{
    "thread": {
        "uuid": "ab0540faaaca5f38caad06cfaebd3b0b075f4073",
        "url": "https://www.lanazione.it/siena/cronaca/appello-a-sei-toscana-tufi-0c8bf1b4",
        "site_full": "www.lanazione.it",
        "site": "lanazione.it",
        "site_section": "https://www.lanazione.it/sitemaps/nazione/sitemap_news1.xml",
        "site_categories": [
            "arts, culture and entertainment",
            "media",
            "lifestyle and leisure",
            "crime, law and justice",
            "economy, business and finance",
            "social issue",
            "politics",
            "sport"
        ],
        "section_title": "",
        "site_title": "La Nazione - Tutte le ultime notizie in tempo reale dalla Toscana",
        "title": "Appello a Sei Toscana. Tufi, eliminati i cassonetti: \"Isole ecologiche lontane\"",
        "title_full": "Appello a Sei Toscana. Tufi, eliminati i cassonetti: \"Isole ecologiche lontane\"",
        "published": "2026-02-05T07:32:00.000+02:00",
        "replies_count": 0,
        "participants_count": 1,
        "site_type": "news",
        "country": "IT",
        "main_image": "https://www.lanazione.it/image-service/view/acePublic/alias/contentid/Zjc0ZDk2Y2UtYzZlYS00/0/appello-a-sei-toscana-tufi-eliminati-i-cassonetti-isole-ecologiche-lontane.jpg?f=16:9&amp;w=1200&amp;h=675",
        "performance_score": 0,
        "domain_rank": 17146,
        "domain_rank_updated": "2026-02-01T23:00:00.000+02:00",
        "licensing_agency": [],
        "social": {
            "facebook": {
                "likes": 0,
                "comments": 0,
                "shares": 0
            },
            "vk": {
                "shares": 0
            }
        }
    },
    "uuid": "ab0540faaaca5f38caad06cfaebd3b0b075f4073",
    "url": "https://www.lanazione.it/siena/cronaca/appello-a-sei-toscana-tufi-0c8bf1b4",
    "ord_in_thread": 0,
    "author": "La Nazione",
    "published": "2026-02-05T07:32:00.000+02:00",
    "title": "Appello a Sei Toscana. Tufi, eliminati i cassonetti: \"Isole ecologiche lontane\"",
    "text": "\"Il servizio viene meno ma la Tari no\": è la situazione denunciata da alcuni cittadini residenti in strada dei Tufi , dove nei giorni scorsi sono state eliminate due postazioni per la raccolta dei rifiuti senza che ne fossero predisposte di nuove. \"Pochi giorni fa sono stati rimossi i bidoni dell’immondizia dalla strada dei Tufi, sia all’altezza del Borghetto sia all’incrocio con la strada del Mandorlo – racconta Elena Pepi, residente in strada dei Tufi –. Per quanto riguarda la nostra postazione, i bidoni erano di vecchia generazione. Credevamo che i contenitori venissero rimpiazzati con quelli di ultima generazione, come stava avvenendo in altre zone. Invece ci siamo ritrovati senza. Ci è stato detto che la postazione non risultava idonea per requisiti di ingombro e movimentazione dei contenitori e che non sarebbe stata ripristinata. È necessario pensare a un’alternativa. Anche perché, se il servizio viene meno, la Tari certamente non verrà meno, anzi è lecito aspettarsi che aumenti\".\nPepi, insieme ad alcuni dei suoi vicini, ha proceduto a segnalare a Sei Toscana , gestore del servizio, il problema riscontrato, sollecitando la ricerca di soluzioni. \"Ho presentato un reclamo chiedendo almeno il ripristino di una postazione per l’indifferenziato, perché esistono rifiuti a movimentazione quotidiana – ha spiegato Pepi –. La situazione riguarda praticamente tutta strada dei Tufi, visto che anche la postazione al Mandorlo è stata rimossa senza essere ripristinata. È evidente, infine, che le postazioni più vicine, come porta Tufi o la Coroncina, siano già state prese d’assalto, con bidoni pieni, bloccati e rifiuti lasciati all’esterno\".\nSulla vicenda, contattato da La Nazione, interviene il presidente di Sei Toscana, Alessandro Fabbrini: \"In questa zona della città, interessata dal terzo step della riorganizzazione del servizio, il nuovo sistema è appena partito e prevede, com’è normale, un monitoraggio costante degli effetti della sua applicazione – spiega –. Come già avvenuto nelle prime due fasi, anche per questo terzo step valuteremo, in stretta collaborazione con l’amministrazione comunale, eventuali aggiustamenti che tengano conto, il più possibile, delle esigenze dei cittadini\".",
    "summary": "\"Il servizio viene meno ma la Tari no\": è la situazione denunciata da alcuni cittadini residenti in strada dei Tufi , dove nei giorni scorsi sono state eliminate due postazioni per la raccolta dei rifiuti senza che ne fossero predisposte di nuove. \"Ho presentato un reclamo chiedendo almeno il ripristino di una postazione per l’indifferenziato, perché esistono rifiuti a movimentazione quotidiana – ha spiegato Pepi –. È evidente, infine, che le postazioni più vicine, come porta Tufi o la Coroncina, siano già state prese d’assalto, con bidoni pieni, bloccati e rifiuti lasciati all’esterno\".",
    "highlightText": "",
    "highlightTitle": "",
    "highlightThreadTitle": "",
    "language": "italian",
    "sentiment": "negative",
    "categories": [
        "Environment",
        "Social Issue"
    ],
    "topics": [
        "Environment->waste materials",
        "Environment->sustainability",
        "Social Issue->social condition"
    ],
    "ai_allow": true,
    "has_canonical": false,
    "breaking": false,
    "webz_reporter": false,
    "external_links": [],
    "external_images": [],
    "internal_images": [],
    "entities": {
        "persons": [
            {
                "name": "Elena Pepi",
                "sentiment": "none"
            }
        ],
        "locations": [],
        "organizations": []
    },
    "syndication": {
        "syndicated": null,
        "syndicate_id": null,
        "first_syndicated": false
    },
    "trust": {
        "categories": [],
        "top_news": [],
        "bias": null,
        "source": {
            "type": null,
            "city": null,
            "state": null,
            "country": null,
            "domain_type": null,
            "agency": null,
            "organization_name": null
        }
    },
    "rating": null,
    "crawled": "2026-02-05T08:01:52.553+02:00",
    "updated": "2026-02-05T08:07:57.000+02:00"
}