{
    "thread": {
        "uuid": "2b741beba7fa5825a7c1ad1e45e86d462cc5ec54",
        "url": "https://fr.news.yahoo.com/dieselgate-proc%C3%A8s-contre-lancien-patron-214425400.html",
        "site_full": "fr.news.yahoo.com",
        "site": "yahoo.com",
        "site_section": "https://fr.finance.yahoo.com",
        "site_categories": [
            "media"
        ],
        "section_title": "Yahoo Finance - Bourse en direct, cotations, actualités économiques et financières",
        "title": "Dieselgate : le procès contre l'ancien patron déchu de Volkswagen va reprendre",
        "title_full": "Dieselgate : le procès contre l'ancien patron déchu de Volkswagen va reprendre",
        "published": "2023-12-28T02:00:00.000+02:00",
        "replies_count": 0,
        "participants_count": 1,
        "site_type": "news",
        "country": "FR",
        "main_image": "https://media.zenfs.com/fr/capital_268/e6a43d33eb2dfe461b1a3202771f6153",
        "performance_score": 0,
        "domain_rank": 37,
        "domain_rank_updated": "2023-12-26T12:06:20.000+02:00",
        "reach": null,
        "social": {
            "facebook": {
                "likes": 0,
                "comments": 0,
                "shares": 0
            },
            "gplus": {
                "shares": 0
            },
            "pinterest": {
                "shares": 0
            },
            "linkedin": {
                "shares": 0
            },
            "stumbledupon": {
                "shares": 0
            },
            "vk": {
                "shares": 0
            }
        }
    },
    "uuid": "2b741beba7fa5825a7c1ad1e45e86d462cc5ec54",
    "url": "https://fr.news.yahoo.com/dieselgate-proc%C3%A8s-contre-lancien-patron-214425400.html",
    "ord_in_thread": 0,
    "parent_url": null,
    "author": "BFMTV",
    "published": "2023-12-28T02:00:00.000+02:00",
    "title": "Dieselgate : le procès contre l'ancien patron déchu de Volkswagen va reprendre",
    "text": "Capital Dieselgate : le procès contre l'ancien patron déchu de Volkswagen va reprendre Lire l'article complet Capital 28 décembre 2023 à 11:44 PM\nAprès deux ans d'interruption pour raison médicale, le procès contre l'ancien patron déchu de Volkswagen , Martin Winterkorn, dans le contexte de l'affaire dite du «dieselgate» , va reprendre, a indiqué la justice allemande jeudi. Les poursuites doivent reprendre pour «manipulation de marché», après l'impasse des procédures parallèles pour «fraude», à la demande du parquet, a indiqué dans un communiqué le tribunal de Brunswick, au centre de l'Allemagne, près du siège historique de Volkswagen.\nM. Winterkorn est accusé «de ne pas avoir délibérément informé le marché des capitaux en temps opportun, bien qu'il ait eu connaissance de l'installation d'un dispositif d'arrêt inadmissible dans les moteurs diesel», explique le communiqué. Le scandale du dieselgate a éclaté en 2015, quand le premier constructeur allemand a reconnu avoir truqué 11 millions de voitures pour qu'elles affichent des niveaux d'émission d'oxydes d'azote inférieurs à la réalité. Mais le PDG de l'époque avait été dispensé de ce procès historique pour raison médicale en 2021.\nLa même année, le tribunal de Brunswick avait provisoirement abandonné le chef d'accusation de manipulation de marché, jugeant que les sanctions qui auraient pu en découler auraient été «insignifiantes» par rapport aux sanctions potentielles en cas de fraude. M. Winterkorn n'ayant pas pu être entendu dans le procès pour fraude, le parquet a finalement jugé utile de relancer la procédure pour manipulation de marché.\nL'issue de l'affaire de manipulation (...)\n(...) Cliquez ici pour voir la suite\nAutomobile : découvrez la toute première voiture électrique de Xiaomi\nTesla : la firme d’Elon Musk pourrait bientôt lancer une nouvelle version de la Model Y\nAutomobile : les limiteurs de vitesse intelligents bientôt obligatoires\nVoici pourquoi certaines nouvelles voitures sont équipées de phares turquoise\nVéhicules électriques : le bonus écologique pourrait baisser en 2024 pour les ménages les plus aisés\nTENDANCE Russie: des personnalités participent à une fête \"presque nues\" et suscitent l'indignation BFMTV Gérard Depardieu doit être considéré comme \"un malade\", Marlène Jobert sort du silence Purepeople Victoria Abril accusée d'agressions sexuelles par Lucie Lucas : un acteur de Clem la défend, \"elle est assurée de mon soutien inconditionnel\" Purebreak Nicolas Sarkozy et Carla Bruni : Leur sublime château au coeur d'une sombre affaire, un procureur de la République saisi Purepeople \"J'ai été témoin...\" : Lucie Lucas fait de nouvelles révélations après ses accusations contre Victoria Abril Purebreak",
    "highlightText": "",
    "highlightTitle": "",
    "highlightThreadTitle": "",
    "language": "french",
    "sentiment": "negative",
    "categories": [
        "Economy, Business and Finance",
        "Crime, Law and Justice",
        "Social Issue"
    ],
    "external_links": [
        "https://www.facebook.com/dialog/feed?app_id=458584288257241&link=https%3A%2F%2Ffr.news.yahoo.com%2Fdieselgate-proc%25C3%25A8s-contre-lancien-patron-214425400.html%3Fsoc_src%3Dsocial-sh%26soc_trk%3Dfb%26tsrc%3Dfb",
        "https://s.yimg.com/ny/api/res/1.2/t_MqCxJsPXlB9P7m_tzo9A--/YXBwaWQ9aGlnaGxhbmRlcjt3PTcyO2g9NDg-/https://s.yimg.com/os/creatr-uploaded-images/2022-11/5ff61b40-6b30-11ed-b72a-da11ed611e88",
        "https://s.yimg.com/ny/api/res/1.2/HOAWDJ73dIyyJ3y0JX7POQ--/YXBwaWQ9aGlnaGxhbmRlcjt3PTk2MDtoPTcyMA--/https://media.zenfs.com/fr/capital_268/e6a43d33eb2dfe461b1a3202771f6153",
        "https://www.capital.fr/entreprises-marches/dieselgate-la-demande-de-volkswagen-dannuler-les-poursuites-est-rejetee-par-la-justice-francaise-1463002",
        "https://s.yimg.com/uu/api/res/1.2/fXFdxPpPV9Tqe1FGaGmupA--~B/Zmk9c3RyaW07aD0yMjQ7cT04MDt3PTIyNDthcHBpZD15dGFjaHlvbg--/https://media.zenfs.com/fr/purepeople_fr_articles_981/da741aa9bae6dc59a216c7888fadaeea",
        "https://s.yimg.com/uu/api/res/1.2/Div0UDMmkYZvrwxcXs_O8Q--~B/Zmk9c3RyaW07aD0yMjQ7cT04MDt3PTIyNDthcHBpZD15dGFjaHlvbg--/https://media.zenfs.com/fr/article.bfmtv.com/8aad85d32aaa78906d1e382d572b64db",
        "https://www.capital.fr/auto/pourquoi-certaines-nouvelles-voitures-sont-equipees-de-phares-turquoise-1489537",
        "https://s.yimg.com/os/creatr-uploaded-images/2022-11/5ff61b40-6b30-11ed-b72a-da11ed611e88",
        "https://twitter.com/intent/tweet?text=Dieselgate%20%3A%20le%20proc%C3%A8s%20contre%20l",
        "https://www.capital.fr/auto/tesla-la-firme-delon-musk-pourrait-bientot-lancer-une-nouvelle-version-de-la-model-y-1489574",
        "https://www.capital.fr/tag/dieselgate",
        "https://www.capital.fr/auto/automobile-les-limiteurs-de-vitesse-intelligents-bientot-obligatoires-1489564",
        "https://s.yimg.com/uu/api/res/1.2/5D5hCexmGG77L5PI2vp5cw--~B/Zmk9c3RyaW07aD0yMjQ7cT04MDt3PTIyNDthcHBpZD15dGFjaHlvbg--/https://media.zenfs.com/fr/purepeople_fr_articles_981/d10d81ad18357ea4966696499b8a832a",
        "https://www.capital.fr/auto/automobile-decouvrez-la-toute-premiere-voiture-electrique-de-xiaomi-1489599",
        "https://media.zenfs.com/fr/capital_268/e6a43d33eb2dfe461b1a3202771f6153",
        "https://s.yimg.com/uu/api/res/1.2/SONIAySzNHELZ9oDAN43Sw--~B/Zmk9c3RyaW07aD0yMjQ7cT04MDt3PTIyNDthcHBpZD15dGFjaHlvbg--/https://media.zenfs.com/fr/purebreak_news_fr_110/b14f8960d0198a8f8449cc6e79c1d6f1",
        "https://www.capital.fr/",
        "https://www.capital.fr/auto/vehicules-electriques-le-bonus-ecologique-pourrait-baisser-en-2024-pour-les-menages-les-plus-aises-1489454",
        "https://www.capital.fr/auto/dieselgate-le-proces-contre-lancien-patron-dechu-de-volkswagen-va-reprendre-1489610",
        "https://s.yimg.com/uu/api/res/1.2/c5KOmjp5gfAnU18bGIwIxw--~B/Zmk9c3RyaW07aD0yMjQ7cT04MDt3PTIyNDthcHBpZD15dGFjaHlvbg--/https://media.zenfs.com/fr/purebreak_news_fr_110/e848e4a45f5c70175e360bf52136900f",
        "https://www.capital.fr/auto/volkswagen-nouveau-patron-et-nouvelle-structure-pour-se-desembourber-du-dieselgate-1282986",
        "https://facebook.com/dialog/feed?app_id=458584288257241&link=https%3A%2F%2Ffr.news.yahoo.com%2Fdieselgate-proc%25C3%25A8s-contre-lancien-patron-214425400.html%3Fsoc_src%3Dsocial-sh%26soc_trk%3Dfb%26tsrc%3Dfb",
        "https://www.s.yimg.com/uu/api/res/1.2/c5KOmjp5gfAnU18bGIwIxw--~B/Zmk9c3RyaW07aD0yMjQ7cT04MDt3PTIyNDthcHBpZD15dGFjaHlvbg--/https://www.media.zenfs.com/fr/purebreak_news_fr_110/e848e4a45f5c70175e360bf52136900f",
        "https://capital.fr/auto/tesla-la-firme-delon-musk-pourrait-bientot-lancer-une-nouvelle-version-de-la-model-y-1489574",
        "https://capital.fr/auto/automobile-les-limiteurs-de-vitesse-intelligents-bientot-obligatoires-1489564",
        "https://capital.fr/entreprises-marches/dieselgate-la-demande-de-volkswagen-dannuler-les-poursuites-est-rejetee-par-la-justice-francaise-1463002",
        "https://www.s.yimg.com/os/creatr-uploaded-images/2022-11/5ff61b40-6b30-11ed-b72a-da11ed611e88",
        "https://capital.fr/",
        "https://www.s.yimg.com/ny/api/res/1.2/t_MqCxJsPXlB9P7m_tzo9A--/YXBwaWQ9aGlnaGxhbmRlcjt3PTcyO2g9NDg-/https://www.s.yimg.com/os/creatr-uploaded-images/2022-11/5ff61b40-6b30-11ed-b72a-da11ed611e88",
        "https://capital.fr/tag/dieselgate",
        "https://www.capital.fr",
        "https://twitter.com/intent/tweet",
        "https://www.facebook.com/dialog/feed",
        "https://www.s.yimg.com/uu/api/res/1.2/Div0UDMmkYZvrwxcXs_O8Q--~B/Zmk9c3RyaW07aD0yMjQ7cT04MDt3PTIyNDthcHBpZD15dGFjaHlvbg--/https://www.media.zenfs.com/fr/article.bfmtv.com/8aad85d32aaa78906d1e382d572b64db",
        "https://capital.fr/auto/pourquoi-certaines-nouvelles-voitures-sont-equipees-de-phares-turquoise-1489537",
        "https://www.media.zenfs.com/fr/capital_268/e6a43d33eb2dfe461b1a3202771f6153",
        "https://www.s.yimg.com/uu/api/res/1.2/SONIAySzNHELZ9oDAN43Sw--~B/Zmk9c3RyaW07aD0yMjQ7cT04MDt3PTIyNDthcHBpZD15dGFjaHlvbg--/https://www.media.zenfs.com/fr/purebreak_news_fr_110/b14f8960d0198a8f8449cc6e79c1d6f1",
        "https://capital.fr/auto/vehicules-electriques-le-bonus-ecologique-pourrait-baisser-en-2024-pour-les-menages-les-plus-aises-1489454",
        "https://www.s.yimg.com/uu/api/res/1.2/5D5hCexmGG77L5PI2vp5cw--~B/Zmk9c3RyaW07aD0yMjQ7cT04MDt3PTIyNDthcHBpZD15dGFjaHlvbg--/https://www.media.zenfs.com/fr/purepeople_fr_articles_981/d10d81ad18357ea4966696499b8a832a",
        "https://www.s.yimg.com/ny/api/res/1.2/HOAWDJ73dIyyJ3y0JX7POQ--/YXBwaWQ9aGlnaGxhbmRlcjt3PTk2MDtoPTcyMA--/https://www.media.zenfs.com/fr/capital_268/e6a43d33eb2dfe461b1a3202771f6153",
        "https://capital.fr/auto/dieselgate-le-proces-contre-lancien-patron-dechu-de-volkswagen-va-reprendre-1489610",
        "https://www.s.yimg.com/uu/api/res/1.2/fXFdxPpPV9Tqe1FGaGmupA--~B/Zmk9c3RyaW07aD0yMjQ7cT04MDt3PTIyNDthcHBpZD15dGFjaHlvbg--/https://www.media.zenfs.com/fr/purepeople_fr_articles_981/da741aa9bae6dc59a216c7888fadaeea",
        "https://www.twitter.com/intent/tweet?text=Dieselgate%20%3A%20le%20proc%C3%A8s%20contre%20l",
        "https://capital.fr/auto/volkswagen-nouveau-patron-et-nouvelle-structure-pour-se-desembourber-du-dieselgate-1282986",
        "https://capital.fr/auto/automobile-decouvrez-la-toute-premiere-voiture-electrique-de-xiaomi-1489599"
    ],
    "external_images": [],
    "entities": {
        "persons": [],
        "organizations": [],
        "locations": []
    },
    "rating": null,
    "crawled": "2023-12-29T00:33:30.175+02:00",
    "updated": "2023-12-29T00:33:30.175+02:00"
}