{
    "thread": {
        "uuid": "8a2bdacf8d16ce7f21acd80e000ca07f2d0291e6",
        "url": "https://diariodecastillayleon.elmundo.es/articulo/castilla-y-leon/segovia-capital-mayor-subida-pais-alquiler-dispararse-246/20231228205604085973.html",
        "site_full": "diariodecastillayleon.elmundo.es",
        "site": "elmundo.es",
        "site_section": "https://diariodecastillayleon.elmundo.es/rss",
        "site_categories": [
            "uncategorized"
        ],
        "section_title": "Diario de Castilla y León :: Últimas noticias",
        "title": "Segovia, capital con mayor subida del país en alquiler al dispararse un 24,6%",
        "title_full": "Segovia, capital con mayor subida del país en alquiler al dispararse un 24,6%",
        "published": "2023-12-28T21:56:00.000+02:00",
        "replies_count": 0,
        "participants_count": 1,
        "site_type": "news",
        "country": "ES",
        "main_image": "https://diariodecastillayleon.elmundo.es/media/diariodecastillayleon/images/2021/12/09/2021120911282378044.jpg",
        "performance_score": 0,
        "domain_rank": 1205,
        "domain_rank_updated": "2023-12-26T12:06:20.000+02:00",
        "reach": null,
        "social": {
            "facebook": {
                "likes": 0,
                "comments": 0,
                "shares": 0
            },
            "gplus": {
                "shares": 0
            },
            "pinterest": {
                "shares": 0
            },
            "linkedin": {
                "shares": 0
            },
            "stumbledupon": {
                "shares": 0
            },
            "vk": {
                "shares": 0
            }
        }
    },
    "uuid": "8a2bdacf8d16ce7f21acd80e000ca07f2d0291e6",
    "url": "https://diariodecastillayleon.elmundo.es/articulo/castilla-y-leon/segovia-capital-mayor-subida-pais-alquiler-dispararse-246/20231228205604085973.html",
    "ord_in_thread": 0,
    "parent_url": null,
    "author": "Íñigo Arrúe | Valladolid",
    "published": "2023-12-28T21:56:00.000+02:00",
    "title": "Segovia, capital con mayor subida del país en alquiler al dispararse un 24,6%",
    "text": "Segovia es la capital española con mayor subida del alquiler en toda España, ya que el precio se ha incrementado un 24,6%, un aumento que ha llamado la atención a la empresa Idealista, autora del informe de precios del mes de diciembre de 2023, ya que la ciudad del acueducto deja atrás a grandes capitales del país en la revalorización de los pisos en renta.\nDe hecho, solo hay otras dos capitales en España donde se han encarecido por encima del 20%: Valencia (21%) y Palma (20,2%). Les siguen las subidas de Alicante (16%), Málaga (14,5%), Córdoba (13,8%), Madrid (13,6%) y Barcelona (12,4%). La única bajada se ha registrado en Huelva, con una reducción en las expectativas de los propietarios del 0,5%.\nEn el conjunto de Castilla y León el precio de la vivienda en alquiler también ha experimentado un incremento del 8,5% durante el último año hasta alcanzar los 7,7 euros mensuales por metro cuadrado, lo que supone el máximo histórico del alquiler en la región.\nTodas las provincias castellanas y leonesas registran precios superiores a los que tenían hace un año. La mayor subida se ha producido en Segovia donde las rentas han crecido un 21,8%, seguida por la subida de Zamora (10,1%), Ávila (8,3%), León (7%) y Palencia (6,9%). También subieron, aunque en menor medida, las expectativas de los propietarios en las provincias de Valladolid (6,3%), Salamanca (6,1%), Burgos (5,6%) y Soria (4,9%).\nGrandes municipios\nEn las capitales y municipios de más de 20.000 habitantes de la Comunidad, además del citado caso de Segovia, donde suben los precios un 24,6%, los mayores aumentos se han registrado en Ávila y Zamora (12,3%), seguidos de Burgos (8,3%), Palencia (7%), Arroyo de la Encomienda (6,9%), Miranda de Ebro (6,8%), Valladolid (6,75), Salamanca (6%), León y Ponferrada (4,3%), Soria (1,9%) y Aranda de Duero (0,5%). El informe de Idealista no ofrece datos de Laguna de Duero, San Andrés del Rabanedo y Medina del Campo.\nCon esta revalorización, las capitales y grandes municipios anuncian precios que llegan a su techo histórico en todos los casos. Segovia ofrece pisos en alquiler a 10,4 euros el metro cuadrado, seguida de Salamanca (8,7), Burgos (8,4), Valladolid (7,9), Miranda de Ebro (7,5), Arroyo de la Encomienda y Soria (7,6), León (7,3), Ávila y Palencia (6,9), Aranda de Duero (6,6) y Ponferrada (5,5).\nEl portavoz de Idealista, Francisco Iñareta, señaló, sin ambages, que 2023 ha sido un «mal año» para las personas que han buscado una casa de alquiler. «La oferta sigue evaporándose sin visos de que en 2024 vaya a aumentar y los precios marcan sus máximos históricos este mes de diciembre en la mayoría de mercados», manifestó.\n«Las constantes medidas regulatorias en materia de alquiler y su culminación con la aprobación de la ley de vivienda en mayo pasado provocaron el cataclismo actual: la desaparición del inversor en vivienda de alquiler y una retirada significativa de propietarios que han decidido no continuar alquilando sus casas a la vista de la inestabilidad regulatoria y de ser considerados el problema, cuando son la parte más importante de la solución», indicó el representante del portal inmobiliario.\nPor ello, auguró, «muchos de los propietarios que aún permanecen en el mercado están optando por el alquiler de temporada como vía para mantener sus inmuebles en el alquiler, endureciendo las condiciones y buscando inquilinos fiables».\n«Máximos históricos»\nAsegura Iñareta que, tras cinco años de «experimentos regulatorios», en los que se han aplicado políticas que «nunca han funcionado donde se aplicaron», la realidad «se ha impuesto», a su juicio. «Las medidas adoptadas para reducir precios y proteger a las familias más vulnerables han provocado justo lo contrario: la oferta es más reducida que nunca, los precios están en máximos históricos y los inquilinos más vulnerables han quedado completamente desprotegidos», precisó.\nA su juicio 2024 debería aprovecharse desde los poderes públicos «para recuperar la cordura, el sentido común y el diálogo. Actualmente, se hace especialmente necesario atender y escuchar a todos los actores y expertos del sector. Sin un giro de 180 grados en materia de alquiler, dentro de un año estaremos en una situación aún peor, mucho más lejos de un mercado estable, con mucha oferta y precios razonables».\nDurante 2023 se han revelado las consecuencias de las políticas de vivienda de los últimos tiempos: una reducción drástica de la oferta disponible y un aumento de los precios y tensión de las familias. En este año el precio ha crecido un 10,1% en España, hasta situarse en 12,1 euros mensuales.\nEn la ciudad de Barcelona los precios se han incrementado un 12,4% desde el mes de diciembre de 2022. El metro cuadrado se ha situado en 20,5 euros/m2, en lo que es el nivel más alto alcanzado por la ciudad. Solo en el último trimestre, los precios se incrementaron un 2,7% en la ciudad.\nMadrid finaliza el año con una subida interanual en el precio del alquiler de vivienda del 13,6%, lo que sitúa el precio del metro cuadrado en la capital en 17,9 euros. Otro ejemplo: el precio del alquiler subió un 21% en Valencia durante los últimos 12 meses. Este incremento ha dejado el precio del metro cuadrado en 13,3 euros, el nuevo máximo histórico de la ciudad. Nada menos que 50 capitales tienen precios del alquiler más elevados que hace un año con Segovia a la cabeza de la subida,\nLa única baja es en Huelva con una reducción en las expectativas de los propietarios del 0,5%. Barcelona es la capital más cara para alquilar una vivienda, con 20,5 euros/m2, seguida por Madrid (17,9 euros/m2) y San Sebastián (16,8 euros/m2). En cuarto lugar se sitúa Palma (15,4 euros/m2) y ya en quinto lugar están Málaga y Bilbao (13,6 euros/m2 en ambos casos). En la parte baja de la tabla se sitúa a Zamora (6,2 euros/m2),\n ",
    "highlightText": "",
    "highlightTitle": "",
    "highlightThreadTitle": "",
    "language": "spanish",
    "sentiment": "negative",
    "categories": [
        "Politics",
        "Economy, Business and Finance",
        "Social Issue"
    ],
    "external_links": [],
    "external_images": [],
    "entities": {
        "persons": [],
        "organizations": [],
        "locations": []
    },
    "rating": null,
    "crawled": "2023-12-29T00:09:16.785+02:00",
    "updated": "2023-12-29T00:09:16.785+02:00"
}