{
    "thread": {
        "uuid": "cb5dcbb16fda51916186b41d7a39e7947fbe5d6b",
        "url": "https://www.thenews.com.pk/print/1142726-man-held-for-sale-of-fake-dollars",
        "site_full": "www.thenews.com.pk",
        "site": "thenews.com.pk",
        "site_section": "https://thenews.com.pk",
        "site_categories": [
            "media"
        ],
        "section_title": "The News International: Latest News Breaking, Pakistan News",
        "title": "Man held for sale of fake dollars",
        "title_full": "Man held for sale of fake dollars",
        "published": "2023-12-29T00:00:00.000+02:00",
        "replies_count": 0,
        "participants_count": 1,
        "site_type": "news",
        "country": "US",
        "main_image": "https://www.thenews.com.pk/assets/uploads/akhbar/2023-12-29/l_1142726_033447_updates.jpg",
        "performance_score": 0,
        "domain_rank": 5198,
        "domain_rank_updated": "2023-12-26T12:06:20.000+02:00",
        "reach": null,
        "social": {
            "facebook": {
                "likes": 0,
                "comments": 0,
                "shares": 0
            },
            "gplus": {
                "shares": 0
            },
            "pinterest": {
                "shares": 0
            },
            "linkedin": {
                "shares": 0
            },
            "stumbledupon": {
                "shares": 0
            },
            "vk": {
                "shares": 0
            }
        }
    },
    "uuid": "cb5dcbb16fda51916186b41d7a39e7947fbe5d6b",
    "url": "https://www.thenews.com.pk/print/1142726-man-held-for-sale-of-fake-dollars",
    "ord_in_thread": 0,
    "parent_url": null,
    "author": "@Our Correspondent",
    "published": "2023-12-29T00:00:00.000+02:00",
    "title": "Man held for sale of fake dollars",
    "text": "In a significant operation conducted by the Federal Investigation Agency’s (FIA) Commercial Banking Circle Karachi, a suspect engaged in the sale of counterfeit dollars was apprehended on Thursday. The directive for the arrest was issued under the supervision of Director FIA Karachi Zone Zaheem Iqbal Sheikh with Deputy Director Commercial Banking Circle Karachi Ali Murad leading the raid. The arrested suspect, Abdullah, was taken into custody in Karachi, according to the FIA spokesperson. The suspect is alleged to had been involved in selling counterfeit dollars at a lower price to unsuspecting citizens. Abdullah organised meetings with the public at various locations to carry out these fraudulent transactions. Upon the suspect's arrest, counterfeit 1,600 American dollars were recovered. The operation was initiated based on a complaint filed by an affected citizen. The FIA team employed technical support in the apprehension of the suspect. The Election Commission of Pakistan has declined to give approve to a decision of the provincial caretaker government... The Sindh Solid Waste Management Board on Thursday issued notices to private companies, responsible for garbage... The Sindh High Court on Thursday issued notices to the Malir deputy commissioner and others on a petition against... A sessions court has sentenced a man to 10-year imprisonment for raping a teenage girl.Faryad was found guilty of... DG Passports says the process is underway to switch from the current system of machine-readable passports to e-passports An SHO was suspended on Thursday after his son blatantly disregarded the law.Police high-ups decided to suspend Shah...",
    "highlightText": "",
    "highlightTitle": "",
    "highlightThreadTitle": "",
    "language": "english",
    "sentiment": "negative",
    "categories": [
        "Politics",
        "Crime, Law and Justice",
        "Economy, Business and Finance"
    ],
    "external_links": [],
    "external_images": [],
    "entities": {
        "persons": [
            {
                "name": "ali murad",
                "sentiment": "none"
            },
            {
                "name": "abdullah",
                "sentiment": "none"
            }
        ],
        "organizations": [
            {
                "name": "federal investigation agency",
                "sentiment": "negative"
            },
            {
                "name": "fia",
                "sentiment": "negative"
            },
            {
                "name": "sindh solid waste man",
                "sentiment": "none"
            },
            {
                "name": "election commission",
                "sentiment": "none"
            },
            {
                "name": "commercial banking circle karachi",
                "sentiment": "none"
            }
        ],
        "locations": [
            {
                "name": "karachi",
                "sentiment": "none"
            },
            {
                "name": "pakistan",
                "sentiment": "none"
            },
            {
                "name": "karachi zone zaheem iqbal sheikh",
                "sentiment": "none"
            }
        ]
    },
    "rating": null,
    "crawled": "2023-12-29T00:38:45.610+02:00",
    "updated": "2023-12-29T07:13:33.677+02:00"
}