{
    "thread": {
        "uuid": "32c29e937b878a33ad80a534a63aadcabc1856b2",
        "url": "https://ground.news/article/why-bidenomics-is-falling-flat-with-voters",
        "site_full": "ground.news",
        "site": "ground.news",
        "site_section": "https://ground.news/interest/joe-biden",
        "site_categories": [],
        "section_title": "Joe Biden Breaking News Headlines Today | Ground News",
        "title": "Ground News - Why ‘Bidenomics’ is falling flat with voters",
        "title_full": "Ground News - Why ‘Bidenomics’ is falling flat with voters",
        "published": "2023-12-28T23:30:00.000+02:00",
        "replies_count": 0,
        "participants_count": 1,
        "site_type": "news",
        "country": "CA",
        "main_image": "",
        "performance_score": 0,
        "domain_rank": 29780,
        "domain_rank_updated": "2023-12-26T12:06:20.000+02:00",
        "reach": null,
        "social": {
            "facebook": {
                "likes": 0,
                "comments": 0,
                "shares": 0
            },
            "gplus": {
                "shares": 0
            },
            "pinterest": {
                "shares": 0
            },
            "linkedin": {
                "shares": 0
            },
            "stumbledupon": {
                "shares": 0
            },
            "vk": {
                "shares": 0
            }
        }
    },
    "uuid": "32c29e937b878a33ad80a534a63aadcabc1856b2",
    "url": "https://ground.news/article/why-bidenomics-is-falling-flat-with-voters",
    "ord_in_thread": 0,
    "parent_url": null,
    "author": "The Hill",
    "published": "2023-12-28T23:30:00.000+02:00",
    "title": "Ground News - Why ‘Bidenomics’ is falling flat with voters",
    "text": "Summary by The Hill President Biden’s attempt to sell Americans on his role in post-pandemic economic recovery has fallen flat, even as the U.S. economy defies the odds and expectations of experts. Despite widespread fears at the beginning of the year that a recession was on the way, the U.S. economy is on track to finish 2023 with low unemployment, steady economic growth and significantly slower inflation. These remarkable topline numbers, however, have done littl… Share menu More\nFilters 1 Articles 1 Articles All Left Center Right\nThe Hill Center High Factuality Media Conglomerate: Nexstar Media Group Why ‘Bidenomics’ is falling flat with voters President Biden’s attempt to sell Americans on his role in post-pandemic economic recovery has fallen flat, even as the U.S. economy defies the odds and expectations of experts. Despite widespread fears at the beginning of the year that a recession was on the way, the U.S. economy is on track to finish 2023 with low unemployment, steady economic growth and significantly slower inflation. These remarkable topline numbers, however, have done littl…\n50 minutes ago · Washington, United States Read Full Article\nThe Hill Center High Factuality Media Conglomerate: Nexstar Media Group\nWhy ‘Bidenomics’ is falling flat with voters President Biden’s attempt to sell Americans on his role in post-pandemic economic recovery has fallen flat, even as the U.S. economy defies the odds and expectations of experts. Despite widespread fears at the beginning of the year that a recession was on the way, the U.S. economy is on track to finish 2023 with low unemployment, steady economic growth and significantly slower inflation. These remarkable topline numbers, however, have done littl…\n50 minutes ago · Washington, United States Read Full Article Think freely. Subscribe and get full access to Ground News Subscriptions start at $9.99/year Subscribe",
    "highlightText": "",
    "highlightTitle": "",
    "highlightThreadTitle": "",
    "language": "english",
    "sentiment": "negative",
    "categories": [
        "Politics",
        "Economy, Business and Finance",
        "Social Issue"
    ],
    "external_links": [
        "https://thehill.com/business/4376617-why-bidenomics-is-falling-flat-with-voters/?utm_source=ground.news&utm_medium=referral",
        "https://www.thehill.com/business/4376617-why-bidenomics-is-falling-flat-with-voters/?utm_source=ground.news&utm_medium=referral",
        "https://thehill.com/business/4376617-why-bidenomics-is-falling-flat-with-voters/"
    ],
    "external_images": [],
    "entities": {
        "persons": [
            {
                "name": "biden",
                "sentiment": "negative"
            }
        ],
        "organizations": [
            {
                "name": "nexstar media group",
                "sentiment": "none"
            },
            {
                "name": "hill center high factuality media conglomerate",
                "sentiment": "none"
            }
        ],
        "locations": [
            {
                "name": "u.s.",
                "sentiment": "none"
            }
        ]
    },
    "rating": null,
    "crawled": "2023-12-29T00:09:54.709+02:00",
    "updated": "2023-12-29T00:21:13.127+02:00"
}