{
    "thread": {
        "uuid": "0e80b207a3b24cd18b120d76408c1cd2640335e1",
        "url": "https://news.culturacolectiva.com/noticias/mexico/profeco-10-autos-mas-vendidos-2023-no-seguros/",
        "site_full": "news.culturacolectiva.com",
        "site": "culturacolectiva.com",
        "site_section": "https://news.culturacolectiva.com/rss",
        "site_categories": [
            "media"
        ],
        "section_title": "CC News",
        "title": "Profeco confirma que los 10 autos más vendidos en México durante 2023 no son seguros | CC News",
        "title_full": "Profeco confirma que los 10 autos más vendidos en México durante 2023 no son seguros | CC News",
        "published": "2023-12-28T20:57:00.000+02:00",
        "replies_count": 0,
        "participants_count": 1,
        "site_type": "news",
        "country": "US",
        "main_image": "https://i0.wp.com/news.culturacolectiva.com/wp-content/uploads/2023/12/profecoautos.jpg?fit=1920%2C1080&amp;ssl=1",
        "performance_score": 0,
        "domain_rank": 24949,
        "domain_rank_updated": "2023-12-26T12:06:20.000+02:00",
        "reach": null,
        "social": {
            "facebook": {
                "likes": 0,
                "comments": 0,
                "shares": 0
            },
            "gplus": {
                "shares": 0
            },
            "pinterest": {
                "shares": 0
            },
            "linkedin": {
                "shares": 0
            },
            "stumbledupon": {
                "shares": 0
            },
            "vk": {
                "shares": 0
            }
        }
    },
    "uuid": "0e80b207a3b24cd18b120d76408c1cd2640335e1",
    "url": "https://news.culturacolectiva.com/noticias/mexico/profeco-10-autos-mas-vendidos-2023-no-seguros/",
    "ord_in_thread": 0,
    "parent_url": null,
    "author": "Miguel Fernandez",
    "published": "2023-12-28T20:57:00.000+02:00",
    "title": "Profeco confirma que los 10 autos más vendidos en México durante 2023 no son seguros | CC News",
    "text": "La Profeco dio a conocer que ninguno de los 10 autos más vendidos en México durante el transcurso de 2023 puede considerarse un auto de mayor seguridad para los consumidores; lo anterior, debido a que no cumplen con los elementos necesarios para ser considerados como tal. Profeco: ¿Cuáles son los 10 autos más vendidos en México de 2023? La Procuraduría Federal del Consumidor señala que las 10 marcas no van acorde con las principales recomendaciones de seguridad vehicular de la Organización de las Naciones Unidas (ONU) y tampoco cuentan con la calificación de 5 estrellas (la más alta) otorgada por el Programa de Evaluación de Autos Nuevos para América Latina y el Caribe. Estas son las 10 marcas más vendidas de 2023 según el estudio de Profeco: Nissan March, Kia Río Sedán, Renault Kwid, Mazda 2, Mazda 3, Chevrolet-GM Aveo, Nissan Sentra, MG Motor MG5, Nissan Versa y Nissan NP300. La Profeco analizó la seguridad de 169 modelos 2023-2024, que en su totalidad representan el 88.3% de las ventas realizadas de enero a septiembre de 2023 en México. Este análisis demuestra que hay 21 modelos sin control electrónico de estabilidad, 16 no tienen cinturones de tres puntos en todas las plazas, 35 modelos aún no ofrecen anclajes Isofix/LATCH para los sistemas de retención infantil y 147 modelos no ofrecen frenado autónomo de emergencia. [Lee más: Profeco advierte que camisas de Zara son peligrosas para niños](https://news.culturacolectiva.com/noticias/mexico/profeco-camisas-zara/) “Hacemos este trabajo para las y los consumidores, una de las razones de la publicación de las fichas de seguridad vehicular es porque no existe un etiquetado de seguridad vehicular para consumidores. No se debe olvidar que un auto de mayor seguridad podría hacer la diferencia entre la vida y la muerte, tanto de los ocupantes como de otros usuarios de la vía”, dijo Stephan Brodziak, coordinador de la Campaña de Seguridad Vehicular de El Poder del Consumidor. Al presentar los resultados del análisis sobre las especificaciones de seguridad de los autos más vendidos durante el período de enero a septiembre de 2023, la lista del Top 10 tuvo un acumulado de 289 mil 219 unidades vendidas, es decir, 29.6% del total de vehículos ligeros comercializados en el lapso de referencia. [Lee más: Cofepris alerta sobre marca de helados contaminada con bacteria Listeria](https://news.culturacolectiva.com/noticias/mexico/cofepris-alerta-helados-con-bacteria-listeria/) De acuerdo con [Profeco](https://twitter.com/Profeco), sólo 3 de los 10 modelos cuentan con una evaluación de Latin NCAP: Kia Río Sedán con 2 estrellas tanto para ocupante adulto como infantil; Nissan March con 1 para ocupante adulto y 2 para infantil; además de Mazda con 2 para ocupante adulto y 3 para infantil. Todos muy lejos de las 5 estrellas requeridas para máxima seguridad. Por otro lado, a pesar de que los respectivos fabricantes del March y Mazda han aumentado el equipamiento de dichos autos, no los sometieron a una nueva evaluación de Latin NCAP para comprobar el correcto desempeño de los equipamientos añadidos. [Lee más: Profeco confirma cuáles son las mejores y peores gasolineras de México](https://news.culturacolectiva.com/noticias/mexico/profeco-gasolineras-precios/) Otros problemas revelados por Profeco Entre las versiones básicas de los 10 modelos, sólo dos (Kia Río Sedán y el Nissan NP 300) no cuentan con Control Electrónico de Estabilidad. Dicha tecnología reduce hasta en un 80% la probabilidad de choque por derrape y volcaduras. Los modelos Nissan NP 300 y Kia Río Sedán sólo incluyen 2 bolsas de aire mientras que el Renault Kwid cuenta con 4. Los modelos Nissan Versa, March y Sentra, MG Motor MG5, Chevrolet-GM Aveo y Mazda 2 incluyen 6, mientras que el Mazda 3 cuenta con 7 bolsas de aire. [Lee más: Profeco confirma cuáles son los peores refrescos en México](https://news.culturacolectiva.com/noticias/mexico/profeco-refrescos/) Además, dos de los modelos más vendidos, Nissan NP 300 (redilas) y Nissan March, aún no tienen los anclajes para la instalación de un Sistema de Retención Infantil, para proteger la seguridad de un infante en el tránsito.",
    "highlightText": "",
    "highlightTitle": "",
    "highlightThreadTitle": "",
    "language": "spanish",
    "sentiment": "negative",
    "categories": [
        "Economy, Business and Finance",
        "Health",
        "Social Issue"
    ],
    "external_links": [
        "https://twitter.com/Profeco),",
        "https://www.twitter.com/Profeco),"
    ],
    "external_images": [],
    "entities": {
        "persons": [],
        "organizations": [],
        "locations": []
    },
    "rating": null,
    "crawled": "2023-12-29T00:47:49.292+02:00",
    "updated": "2023-12-29T00:47:49.292+02:00"
}