{
    "thread": {
        "uuid": "42c867c51fa8b5c85fc341af24cd22214ca32d9c",
        "url": "https://heraldodemexico.com.mx/nacional/2023/12/28/vendedores-de-pirotecnia-policias-se-enfrentan-en-oaxaca-decomisan-35-kilogramos-de-productos-565825.html",
        "site_full": "heraldodemexico.com.mx",
        "site": "heraldodemexico.com.mx",
        "site_section": "https://heraldodemexico.com.mx/espectaculos",
        "site_categories": [
            "travel",
            "mexico_and_central_america"
        ],
        "section_title": "Espectáculos - El Heraldo de México",
        "title": "Vendedores de pirotecnia y policías se enfrentan en Oaxaca: decomisan 35 kilogramos de productos | El Heraldo de México",
        "title_full": "Vendedores de pirotecnia y policías se enfrentan en Oaxaca: decomisan 35 kilogramos de productos | El Heraldo de México",
        "published": "2023-12-29T00:30:00.000+02:00",
        "replies_count": 0,
        "participants_count": 1,
        "site_type": "news",
        "country": "MX",
        "main_image": "https://heraldodemexico.com.mx/u/fotografias/m/2023/12/28/f1280x720-866005_997680_5050.jpg",
        "performance_score": 0,
        "domain_rank": 22160,
        "domain_rank_updated": "2023-12-26T12:06:20.000+02:00",
        "reach": null,
        "social": {
            "facebook": {
                "likes": 0,
                "comments": 0,
                "shares": 0
            },
            "gplus": {
                "shares": 0
            },
            "pinterest": {
                "shares": 0
            },
            "linkedin": {
                "shares": 0
            },
            "stumbledupon": {
                "shares": 0
            },
            "vk": {
                "shares": 0
            }
        }
    },
    "uuid": "42c867c51fa8b5c85fc341af24cd22214ca32d9c",
    "url": "https://heraldodemexico.com.mx/nacional/2023/12/28/vendedores-de-pirotecnia-policias-se-enfrentan-en-oaxaca-decomisan-35-kilogramos-de-productos-565825.html",
    "ord_in_thread": 0,
    "parent_url": null,
    "author": "Carina García",
    "published": "2023-12-29T00:30:00.000+02:00",
    "title": "Vendedores de pirotecnia y policías se enfrentan en Oaxaca: decomisan 35 kilogramos de productos | El Heraldo de México",
    "text": "Policías municipales de [ Oaxaca de Juárez](https://heraldodemexico.com.mx/nacional/2023/12/25/un-trailer-aplasta-otro-auto-mata-en-la-carretera-oaxaca-istmo-565091.html) se enfrentaron con vendedores de pirotecnia ubicados en la vía pública en la Central de Abasto, esto cuando los primeros cumplían con un operativo para retirarlos. La situación generó inconformidad entre los ambulantes que se encontraban sobre el camellón central de Avenida Periférico, quienes se defendieron a toda costa. Sigue leyendo: [Un tráiler aplasta a otro auto y mata a 3 en la carretera Oaxaca-Istmo](https://heraldodemexico.com.mx/nacional/2023/12/25/un-trailer-aplasta-otro-auto-mata-en-la-carretera-oaxaca-istmo-565091.html) [Gobierno de Oaxaca atiende a personas lesionadas por caída de gradas](https://heraldodemexico.com.mx/edicion-impresa/2023/12/23/gobierno-de-oaxaca-atiende-personas-lesionadas-por-caida-de-gradas-564897.html) Lanzan gas lacrimógeno y responden con pólvora Debido a que los ánimos se “calentaron”, los uniformados respondieron con gas lacrimógeno a la embestida de los comerciantes, quienes les lanzaron artefactos de [pólvora](https://heraldodemexico.com.mx/mundo/2023/12/25/joven-termina-con-los-dedos-de-la-mano-amputados-por-explotar-pirotecnia-en-navidad-565053.html). El subdirector de proximidad social del municipio de [ Oaxaca de Juárez](https://heraldodemexico.com.mx/edicion-impresa/2023/12/23/gobierno-de-oaxaca-atiende-personas-lesionadas-por-caida-de-gradas-564897.html), Taurino López explicó que hasta este lugar se movilizaron alrededor de 80 elementos en el operativo que habían iniciado con antelación el día de ayer y en donde decomisaron cerca de 35 kilogramos de productos elaborados con pólvora. Sin reporte de heridos Lo anterior ante la denuncia de los ciudadanos y ciudadanas que transitan en esta importante zona comercial y que tan sólo en un día de plaza alberga a cerca de 12 mil personas. No se han confirmado heridos tras el enfrentamiento, en tanto los ambulantes mantienen un bloqueo sobre la Avenida Periférico a unos pasos de donde se registró el enfrentamiento. dhfm",
    "highlightText": "",
    "highlightTitle": "",
    "highlightThreadTitle": "",
    "language": "spanish",
    "sentiment": "negative",
    "categories": [
        "Disaster and Accident",
        "War, Conflict and Unrest",
        "Crime, Law and Justice"
    ],
    "external_links": [],
    "external_images": [],
    "entities": {
        "persons": [],
        "organizations": [],
        "locations": []
    },
    "rating": null,
    "crawled": "2023-12-29T00:39:11.663+02:00",
    "updated": "2023-12-29T00:39:11.663+02:00"
}