{
    "thread": {
        "uuid": "4f7f20ac91610e6e4e9bd1f70545c3b5210a6371",
        "url": "https://in.marketscreener.com/news/latest/Former-Hong-Kong-independence-group-leader-seeks-asylum-in-Britain-45646477/",
        "site_full": "in.marketscreener.com",
        "site": "marketscreener.com",
        "site_section": "https://in.marketscreener.com",
        "site_categories": [],
        "section_title": "Stock market : Quotes &amp; Financial news - MarketScreener",
        "title": "Former Hong Kong independence group leader seeks asylum in Britain - 29/12/2023 | MarketScreener",
        "title_full": "Former Hong Kong independence group leader seeks asylum in Britain - 29/12/2023 | MarketScreener",
        "published": "2023-12-28T21:41:00.000+02:00",
        "replies_count": 0,
        "participants_count": 1,
        "site_type": "news",
        "country": "IN",
        "main_image": "https://in.marketscreener.com/images/reuters/2023-12/2023-12-28T221100Z_1_LYNXMPEJBR0JI_RTROPTP_3_HONGKONG-POLITICS-INDEPENDENCE.JPG",
        "performance_score": 0,
        "domain_rank": 3871,
        "domain_rank_updated": "2023-12-26T12:06:20.000+02:00",
        "reach": null,
        "social": {
            "facebook": {
                "likes": 0,
                "comments": 0,
                "shares": 0
            },
            "gplus": {
                "shares": 0
            },
            "pinterest": {
                "shares": 0
            },
            "linkedin": {
                "shares": 0
            },
            "stumbledupon": {
                "shares": 0
            },
            "vk": {
                "shares": 0
            }
        }
    },
    "uuid": "4f7f20ac91610e6e4e9bd1f70545c3b5210a6371",
    "url": "https://in.marketscreener.com/news/latest/Former-Hong-Kong-independence-group-leader-seeks-asylum-in-Britain-45646477/",
    "ord_in_thread": 0,
    "parent_url": null,
    "author": "MarketScreener",
    "published": "2023-12-28T21:41:00.000+02:00",
    "title": "Former Hong Kong independence group leader seeks asylum in Britain - 29/12/2023 | MarketScreener",
    "text": "Top Capitalization India North America Europe Asia Middle East Sector Research Earnings Calendar Equities Analysis Most popular Indexes Homepage Rankings Europe America Asia Africa Index Analysis Indexes News NIFTY 50 NIFTY 500 S&P 500 DOW JONES NASDAQ 100 RUSSELL 2000 HANG SENG TOPIX Currency / Forex Homepage Rankings Currency Cross Rate Currency Converter Forex Analysis Currencies News INR / USD INR / CNY INR / HKD INR / IDR INR / KRW Commodities Homepage Energy Precious metals Agriculture Industrial Metals Livestock and Cattle GOLD CRUDE OIL (WTI) CRUDE OIL (BRENT) SILVER PLATINUM Cryptocurrencies Homepage Rankings Charts Analysis News BITCOIN ETHEREUM BINANCE COIN SOLANA CARDANO FTX TOKEN Interest Rates Homepage Developed Nations Emerging Countries ETFs Rates ETF Summary Screener News All News World India Europe North America South America Asia Africa Middle East Emerging Companies All News Analyst Reco. Rumors IPOs Capital Markets Transactions New Contracts Profit Warnings Appointments Press Releases Security Transactions Earnings reports New markets New products Corporate strategies Legal risks Share buybacks Mergers and acquisitions Call Transcripts Guidance Indexes Currency / Forex Commodities Cryptocurrencies ETF Interest Rates Economy Themes Asset Management Activism Climate and ESG Cybersecurity Geopolitics Central Banks Private Equity Inflation Business Leaders Sectors All our articles Most Read News Hot News Analysis All Analysis Must Read Equities Interviews Indexes Currencies Commodities ETF Cryptocurrencies Stock Trading Strategies All America Europe Asia Our Shows Shows Strategy Must Watch Satirical Cartoon Today's Editorial Crypto Recap Behind the numbers Stock Picks All our investments United States Europe Asia, Pacific Portfolios Virtual Portfolios USA Portfolio European Portfolio Asian Portfolio Watchlists My Watchlists Watchlists My previous session My most visited Most popular Investment Style Homepage Dividend Kings Momentum stocks ESG stocks Quality stocks at a reasonable price Growth stocks Yield stocks Investment Themes Homepage uranium Robotics Luxury Space Exploration Water Fintechs Rankings Top Movers Top Movers Unusual volumes New Historical Highs New Historical Lows Long Term Top Fundamentals Top Fundamentals Sales growth Earnings Growth Profitability Finances Rankings Valuation Rankings Valuation P/E ratio Enterprise value Yield Top Consensus Top Consensus Analyst Opinion Target price Estimates Revisions Divergence Top Technicals Top RSI GAPS STIM Breakouts Trends Volatility Top ranking ESG Top ranking ESG Environment Social Governance Rankings Coverage Screeners Stock Screener Home Investment Themes Serial buyers Place your bets Bionic engineering Biotechnology Ageing Population Financial Data Technical Rankings Oversold stocks Overbought stocks Close to resistance Close to support Accumulation Phases Most volatile stocks Fundamental Rankings Top Investor Rating Top Trading Rating Top Consensus Top Growth Top Dividends Low valuations My Screeners All my stocks Watchlists Virtual Portfolios Tools MarketScreener tools Stock Screener iPhone App Expert tools Stock Screener PRO Portfolio Creator Event Screener Dynamic Chart Earnings Calendar Economic Calendar Currency Converter ProRealTime Trading Our Services Our subscriptions Our Stock Picks Stock Screener Thematic Investment Lists MarketScreener Portfolios European Portfolio USA Portfolio Asian Portfolio Stock market news All News Companies Indexes Currency / Forex Commodities Cryptocurrencies ETF Interest Rates Economy Themes Sectors All our articles Most Read News Hot News Former Hong Kong independence group leader seeks asylum in Britain December 29, 2023 at 03:41 am IST",
    "highlightText": "",
    "highlightTitle": "",
    "highlightThreadTitle": "",
    "language": "english",
    "sentiment": "negative",
    "categories": [
        "Crime, Law and Justice",
        "Politics",
        "War, Conflict and Unrest"
    ],
    "external_links": [],
    "external_images": [],
    "entities": {
        "persons": [],
        "organizations": [
            {
                "name": "ftx token interest rates homepage developed nations",
                "sentiment": "none"
            },
            {
                "name": "krw commodities homepage energy",
                "sentiment": "none"
            },
            {
                "name": "index analysis indexes news nifty",
                "sentiment": "none"
            },
            {
                "name": "agriculture industrial metals livestock",
                "sentiment": "none"
            },
            {
                "name": "s&p",
                "sentiment": "none"
            }
        ],
        "locations": [
            {
                "name": "hong kong",
                "sentiment": "none"
            },
            {
                "name": "britain",
                "sentiment": "none"
            },
            {
                "name": "europe america asia africa",
                "sentiment": "none"
            }
        ]
    },
    "rating": null,
    "crawled": "2023-12-29T00:21:24.322+02:00",
    "updated": "2023-12-29T00:21:24.322+02:00"
}