{
    "thread": {
        "uuid": "691b219007fa52991bda162886a57c1f12f106eb",
        "url": "https://vnexplorer.net/gobernadora-del-valle-cumplira-arresto-desde-este-viernes-y-lanza-duro-dardo-a-la-jep-criminales-son-nombrados-gestores-de-paz-s697358.html",
        "site_full": "vnexplorer.net",
        "site": "vnexplorer.net",
        "site_section": "https://vnexplorer.net/latest",
        "site_categories": [
            "health",
            "cold_and_flu"
        ],
        "section_title": "Latest breaking 24h news around the world - VNExplorer",
        "title": "Gobernadora del Valle cumplirá arresto desde este viernes y lanza duro dardo a la JEP: “criminales son nombrados gestores de paz”",
        "title_full": "Gobernadora del Valle cumplirá arresto desde este viernes y lanza duro dardo a la JEP: “criminales son nombrados gestores de paz”",
        "published": "2023-12-29T00:35:00.000+02:00",
        "replies_count": 0,
        "participants_count": 1,
        "site_type": "news",
        "country": "US",
        "main_image": "https://img-s-msn-com.akamaized.net/tenant/amp/entityid/AA1m6jmr.img",
        "performance_score": 0,
        "domain_rank": 45352,
        "domain_rank_updated": "2023-12-26T12:06:25.000+02:00",
        "reach": null,
        "social": {
            "facebook": {
                "likes": 0,
                "comments": 0,
                "shares": 0
            },
            "gplus": {
                "shares": 0
            },
            "pinterest": {
                "shares": 0
            },
            "linkedin": {
                "shares": 0
            },
            "stumbledupon": {
                "shares": 0
            },
            "vk": {
                "shares": 0
            }
        }
    },
    "uuid": "691b219007fa52991bda162886a57c1f12f106eb",
    "url": "https://vnexplorer.net/gobernadora-del-valle-cumplira-arresto-desde-este-viernes-y-lanza-duro-dardo-a-la-jep-criminales-son-nombrados-gestores-de-paz-s697358.html",
    "ord_in_thread": 0,
    "parent_url": null,
    "author": "VNExplorer",
    "published": "2023-12-29T00:35:00.000+02:00",
    "title": "Gobernadora del Valle cumplirá arresto desde este viernes y lanza duro dardo a la JEP: “criminales son nombrados gestores de paz”",
    "text": "Clara Luz Roldán, gobernadora del Valle, anunció que cumplirá desde este viernes con el fallo de dos días de arresto en su contra proferido por la Jurisdicción Especial de Paz, JEP, por un supuesto incumplimiento con compromisos de la implementación del acuerdo de paz.\n“Quiero anunciar que el día de mañana cumpliré el fallo proferido por la JEP”, dijo la mandataria regional, al tiempo que lanzó un duro dardo a la JEP: “Qué ironía, cuánto criminal libre porque se acoge a la JEP, nombrados gestores de paz, sin un día de cárcel ni reparación a sus víctimas”.\nLa gobernadora que en días pasados señaló que acataría el fallo, no negó su descontento por la decisión de la jurisdicción. “Familias enteras que esperan verdad, justicia y reparación, y funcionarios que llevamos años trabajando duro por la paz, somos perseguidos de manera desproporcionada con medidas administrativas sin justificación”.\nLa decisión se tomó, según dicho tribunal, “por la falta de control en el cumplimiento de las funciones delegadas, en el marco de las medidas cautelares de la JEP que buscan proteger zonas de interés forense en donde se podrían hallar víctimas de desaparición forzada. La magistratura considera que su ausencia de cuidado pone en riesgo la garantía de los derechos de las víctimas y la materialización del Acuerdo Final para la Paz”.\nLa gobernadora del Valle del Cauca, Clara Luz Roldán, dialogó con El País en exclusiva\nSegún la JEP, “la Gobernación del Valle fue vinculada a este trámite mediante Auto 073 de 2023, en el cual se determinó, respecto a dicha entidad territorial, entre otras: ordenar a título de medida cautelar para la protección de los derechos a la verdad y garantías de satisfacción para las víctimas de desaparición forzada de la región del alto Cauca y eje cafetero, a las gobernaciones de Caldas, Risaralda, Quindío y Valle del Cauca, el desarrollo de planes integrales de atención a las víctimas de desaparición forzada orientados al logro de la memoria y la verdad, que incluyan apoyo y cooperación con el INMLCF, que le permita a este último superar las carencias relacionadas con locaciones, equipos e insumos que permitan avanzar con mayor celeridad en la identificación y entrega digna de los cuerpos víctimas del conflicto exhumadas en estos departamentos. Los destinatarios de esta orden deben presentar a la Sección, en un término máximo de treinta (30) días una propuesta inicial que contenga la forma, plazos y recursos con los que se cumpla esta orden, la que deberá ser ajustada en los treinta (30) días siguientes según lo disponga esta Sección de ser el caso”.\nSegún dicho tribunal, la gobernadora no cumplió y debe ir a prisión dos días. “En la lista de asistencia a la audiencia del 28 de noviembre se registró el señor Hernández Arias (William Hernández Arias, en su calidad de subsecretario de Gestión en Convivencia y Seguridad del Departamento del Valle del Cauca), así como a varios funcionarios de la Gobernación del Valle. Sin embargo, el 29 de noviembre, fecha en la que correspondía la intervención de las gobernaciones, ni la mandataria, ni su delegado comparecieron. En audiencia se hizo su llamado público, se otorgó un plazo de espera de dos horas para justificar su inasistencia o garantizar la llegada del delegado sin obtener respuesta alguna”.\nJEP – Jurisdicción Especial para la Paz\nSumado a que envió a un funcionario de menor rango, indicó la JEP, dicho funcionario dejó de asistir y envió excusa médica. “Tengo para informarle que el día 28 de noviembre estuve presente en la diligencia, sin embargo, en el día de hoy 29 de noviembre del 2023, me excuso por la inasistencia. En el transcurso de la diligencia del día de ayer me llamaron del consultorio del anestesiólogo hoy a las 8:00 a. m. puesto que presento un problema severo de columna, tal como está en el documento anexo en la prescripción médica. Es preciso mencionar que la persona que se podía delegar por el conocimiento del tema y la experticia es contratista y no cuenta con facultades para tomar decisiones. Es importante mencionar que la señora gobernadora del Valle del Cauca, Dra. Clara Luz Roldán González, se encuentra en una mesa cerrada de seguridad por el incidente de un campo minado en el Valle del Cauca en el municipio de Bolívar Valle del Cauca, donde resultó herido un militar. Se están activando las rutas necesarias y tomando las medidas necesarias pertinentes”.",
    "highlightText": "",
    "highlightTitle": "",
    "highlightThreadTitle": "",
    "language": "spanish",
    "sentiment": "negative",
    "categories": [
        "Crime, Law and Justice",
        "Politics",
        "War, Conflict and Unrest"
    ],
    "external_links": [
        "https://img-s-msn-com.akamaized.net/tenant/amp/entityid/AA1m6jmr.img",
        "https://img-s-msn-com.akamaized.net/tenant/amp/entityid/AA1iaOmh.img",
        "https://www.img-s-msn-com.akamaized.net/tenant/amp/entityid/AA1iaOmh.img",
        "https://www.img-s-msn-com.akamaized.net/tenant/amp/entityid/AA1m6jmr.img"
    ],
    "external_images": [],
    "entities": {
        "persons": [],
        "organizations": [],
        "locations": []
    },
    "rating": null,
    "crawled": "2023-12-29T00:42:16.421+02:00",
    "updated": "2023-12-29T00:42:16.421+02:00"
}