{
    "thread": {
        "uuid": "2f05f0f581f5bc486272b63cc47c0bf7f2a96d48",
        "url": "https://www.ledauphine.com/defense-guerre-conflit/2023/12/28/nicolas-maduro-envoie-des-milliers-de-soldats-a-la-frontiere-avec-le-guyana",
        "site_full": "www.ledauphine.com",
        "site": "ledauphine.com",
        "site_section": "https://www.ledauphine.com/rss",
        "site_categories": [
            "media"
        ],
        "section_title": "Le Dauphiné Libéré : info et actu nationale et régionale - Isère, Haute-Savoie, Savoie, Drôme, Ardèche, Hautes-Alpes et Vaucluse | Le Dauphiné Libéré",
        "title": "Venezuela. Nicolás Maduro envoie des milliers de soldats à la frontière avec le Guyana",
        "title_full": "Venezuela. Nicolás Maduro envoie des milliers de soldats à la frontière avec le Guyana",
        "published": "2023-12-28T22:10:00.000+02:00",
        "replies_count": 0,
        "participants_count": 1,
        "site_type": "news",
        "country": "FR",
        "main_image": "https://cdn-s-www.ledauphine.com/images/2CB2996E-A2E1-4841-9DDF-8FDEFA300668/FB1200/photo-1703797814.jpg",
        "performance_score": 0,
        "domain_rank": 8896,
        "domain_rank_updated": "2023-12-26T12:06:20.000+02:00",
        "reach": null,
        "social": {
            "facebook": {
                "likes": 0,
                "comments": 0,
                "shares": 0
            },
            "gplus": {
                "shares": 0
            },
            "pinterest": {
                "shares": 0
            },
            "linkedin": {
                "shares": 0
            },
            "stumbledupon": {
                "shares": 0
            },
            "vk": {
                "shares": 0
            }
        }
    },
    "uuid": "2f05f0f581f5bc486272b63cc47c0bf7f2a96d48",
    "url": "https://www.ledauphine.com/defense-guerre-conflit/2023/12/28/nicolas-maduro-envoie-des-milliers-de-soldats-a-la-frontiere-avec-le-guyana",
    "ord_in_thread": 0,
    "parent_url": null,
    "author": "la rédaction avec AFP",
    "published": "2023-12-28T22:10:00.000+02:00",
    "title": "Venezuela. Nicolás Maduro envoie des milliers de soldats à la frontière avec le Guyana",
    "text": "Venezuela Nicolás Maduro envoie des milliers de soldats à la frontière avec le Guyana Cette annonce intervient en pleine crise sur l’Essequibo, territoire riche en pétrole revendiqué par le Venezuela, après le déploiement d’un navire de patrouille militaire par le Royaume-Uni en soutien au Guyana. La tension monte encore entre le Venezuela et le Guyana. Le président vénézuélien a lancé ce jeudi des exercices militaires avec 5 600 soldats dans la zone frontalière du Guyana en « réponse à la provocation » du Royaume-Uni, qui a envoyé un navire de guerre au Guyana en pleine crise sur l'Essequibo. Un navire pour lutter contre le trafic de drogue « J'ai ordonné l'activation d'une action conjointe de toutes les Forces Armées nationales bolivariennes (vénézuéliennes) dans les Caraïbes orientales, sur la côte atlantique, une action conjointe de nature défensive, en réponse à la provocation et à la menace du Royaume-Uni contre la paix et la souveraineté de notre pays », a déclaré le président Nicolás Maduro, ce jeudi. Le HMS Trent a été envoyé début décembre dans les Caraïbes pour lutter contre les trafics de drogue. Il arrivera au Guyana vendredi et doit participer à des exercices militaires dans les eaux guyaniennes pendant « moins d'une semaine ». Il n'est pas prévu qu'il accoste à Georgetown, a souligné une source des Affaires étrangères guyanien. Dans un communiqué, le gouvernement vénézuélien avait « rejeté catégoriquement l'arrivée du navire (...) ce qui constitue un acte de provocation hostile ». « aucun plan » pour attaquer le Venezuela Contrairement à ce dont l'accuse le président vénézuélien Nicolas Maduro, le vice-président du Guyana, Bharrat Jagdeo, a assuré n'avoir « aucun plan pour prendre des mesures offensives contre le Venezuela (...) Nous n'avons pas l'intention d'envahir le Venezuela ». Il a précisé que l'arrivée d'un patrouilleur britannique dans les eaux du Guyana entrait dans le cadre « d'exercices de routine planifiés depuis longtemps ». L'Essequibo, territoire disputé La tension était montée après le lancement en septembre d'appels d'offres pétroliers par le Guyana, puis le référendum organisé en réaction le 3 décembre au Venezuela sur un rattachement de l'Essequibo, territoire de 160 000 km2 riche en pétrole et ressources naturelles, administré par Georgetown et revendiqué par le Venezuela. Quelque 125 000 personnes, soit un cinquième de la population du Guyana, vivent dans l'Essequibo, qui couvre les deux tiers de la superficie du pays. Le Venezuela soutient que le fleuve Essequibo doit être la frontière naturelle, comme en 1777 à l'époque de l'empire espagnol. Le Guyana argue que la frontière, datant de l'époque coloniale anglaise, a été entérinée en 1899 par une cour d'arbitrage à Paris.",
    "highlightText": "",
    "highlightTitle": "",
    "highlightThreadTitle": "",
    "language": "french",
    "sentiment": "negative",
    "categories": [
        "War, Conflict and Unrest",
        "Human Interest",
        "Politics"
    ],
    "external_links": [],
    "external_images": [],
    "entities": {
        "persons": [],
        "organizations": [],
        "locations": []
    },
    "rating": null,
    "crawled": "2023-12-29T00:33:04.128+02:00",
    "updated": "2023-12-29T00:36:48.020+02:00"
}