{
    "thread": {
        "uuid": "5bc80870c091c8f351a43c6402c358b34e5c0d98",
        "url": "https://www.deccanherald.com/world/israeli-tanks-advance-deep-into-gaza-town-after-strikes-cause-new-mass-exodus-2828544",
        "site_full": "www.deccanherald.com",
        "site": "deccanherald.com",
        "site_section": "https://www.deccanherald.com/news-shots",
        "site_categories": [
            "media"
        ],
        "section_title": "Latest News Today: Breaking News and Top Headlines from India, Politics, Bengaluru, Entertainment, Business and Sports",
        "title": "Israeli tanks advance deep into Gaza town after strikes cause new mass exodus",
        "title_full": "Israeli tanks advance deep into Gaza town after strikes cause new mass exodus",
        "published": "2023-12-28T21:05:00.000+02:00",
        "replies_count": 0,
        "participants_count": 1,
        "site_type": "news",
        "country": "IN",
        "main_image": "https://images.deccanherald.com/deccanherald%2F2023-12%2F1db07b04-ff8d-4702-83ea-31d8bc066c12%2F2023newsmlRC2D65A8BVIQ1185142329.jpeg?w=1200&amp;ar=40%3A21&amp;auto=format%2Ccompress&amp;ogImage=true&amp;mode=crop",
        "performance_score": 0,
        "domain_rank": 2984,
        "domain_rank_updated": "2023-12-26T12:06:20.000+02:00",
        "reach": null,
        "social": {
            "facebook": {
                "likes": 0,
                "comments": 0,
                "shares": 0
            },
            "gplus": {
                "shares": 0
            },
            "pinterest": {
                "shares": 0
            },
            "linkedin": {
                "shares": 0
            },
            "stumbledupon": {
                "shares": 0
            },
            "vk": {
                "shares": 0
            }
        }
    },
    "uuid": "5bc80870c091c8f351a43c6402c358b34e5c0d98",
    "url": "https://www.deccanherald.com/world/israeli-tanks-advance-deep-into-gaza-town-after-strikes-cause-new-mass-exodus-2828544",
    "ord_in_thread": 0,
    "parent_url": null,
    "author": "Reuters",
    "published": "2023-12-28T21:05:00.000+02:00",
    "title": "Israeli tanks advance deep into Gaza town after strikes cause new mass exodus",
    "text": "Cairo/Gaza: Israeli tanks advanced deep into a town in the central Gaza Strip on Thursday after days of relentless bombardment that forced tens of thousands of already displaced Palestinian families to flee in a new exodus.\nA Palestinian journalist posted pictures of Israeli tanks near a mosque in a built-up area of Bureij, the armoured contingent having apparently advanced from orchards on the eastern outskirts.\nFurther south, Israeli forces struck the area around a hospital in the heart of Khan Younis, the Gaza Strip's main southern city, where residents feared a new ground push into territory crowded with families made homeless in 12 weeks of war.\nPalestinian health authorities said 210 people were confirmed killed in Israeli strikes in the past 24 hours, raising the toll of Palestinians killed in the war so far to 21,320 - nearly 1 per cent of Gaza's population. Thousands more dead are feared to be buried or lost in the ruins.\nIsrael has escalated its ground offensive in Gaza sharply since just before Christmas despite public pleas from its closest ally the United States to scale the campaign down in the closing weeks of the year.\nIt launched the war to destroy the militant Islamist Hamas movement that runs Gaza after fighters rampaged through Israeli towns in a cross-border raid on Oct 7, killing 1,200 people and taking about 240 hostages. Of the hostages, 110 were freed during a short truce in late November and another 23 have now been declared dead in absentia, an Israeli government spokesperson said on Thursday.\nThe main focus of fighting is now in central areas south of the wetlands that bisect the narrow coastal strip, where Israeli forces have ordered civilians out over the past several days as their tanks close in.\nTens of thousands of people fleeing the densely packed Nusseirat, Bureij and Maghazi districts were heading south or west on Thursday into the already overwhelmed city of Deir al-Balah along the Mediterranean coast, crowding into hastily built camps of makeshift tents.\n\"Over 150,000 people - young children, women carrying babies, people with disabilities & the elderly - have nowhere to go,\" the main U.N. organisation operating in Gaza, UNRWA, said in a social media post.\nThe eastern part of Bureij was a theatre of heavy fighting on Thursday morning, with Israeli tanks thrusting in from the north and east, residents and militants said.\n\"That moment has come, I wished it would never happen, but it seems displacement is a must,\" said Omar, 60, who said he had been forced to move with at least 35 family members.\n\"We are now in a tent in Deir al-Balah because of this brutal Israeli war,\" he told Reuters by phone, declining to give a second name for fear of reprisals.\nYamen Hamad, living in a school in Deir al-Balah since fleeing from the north, said the people who were newly displaced from Bureij and Nusseirat were setting up tents wherever there was open ground.\nWith food running out, he said he had made a perilous trip to Rafah near the Egyptian border to buy a 25-kg (55-lb) sack of flour for his family.\nFighting near hospital in Khan Younis\nKhan Younis, where Israeli forces advanced this month after a truce collapsed on Dec. 1, also came under heavy bombardment on Thursday morning from warplanes and tanks near the al-Amal hospital, west of Israeli positions.\nThe Palestinian Red Crescent, which runs the hospital and has its headquarters nearby, said 10 Palestinians were killed and 12 wounded in one bombardment there, the third strike targeting the area around the hospital in less than an hour.\nResidents said they believed Israeli forces were trying to provoke a new exodus ahead of a further ground assault.\nNearby at Nasser Hospital, the main medical centre in Khan Younis and largest still functioning in Gaza, women and children shrieked as the dead and wounded were brought in.\nA toddler lay motionless on a cot while medics tried to revive him; one doctor nodded \"no,\" signalling the boy was dead.\nIsrael reported three more of its soldiers killed, bringing its toll in the ground campaign to 169. The past week has seen some of its heaviest losses of the war so far.\nVirtually all of Gaza's 2.3 million residents have been driven from their homes at least once and many have been forced to flee several times. Only a handful of hospitals still function.\nIn a statement on Thursday, the Israeli military said it \"regrets the harm caused to uninvolved civilians\" from a Dec. 24 air strike on the Maghazi refugee camp that killed 70 people, according to the Palestinian health ministry.\nThe military statement said warplanes struck two targets \"adjacent\" to where Hamas militants were operating, and a preliminary inquiry showed that further buildings nearby were also hit, \"which likely caused unintended harm to additional uninvolved civilians\".\n\"The IDF ... is acting to draw conclusions and learn lessons from this event,\" it added.\nThe Palestinian health ministry denounced the attack as a massacre in a crowded residential square.\nOver the course of the war, The Israeli military has expressed regret for civilian deaths but it blames Hamas for operating in densely populated areas or using civilians as human shields, a charge the group denies.\nU.S. President Joe Biden warned earlier this month that \"indiscriminate bombing\" in Gaza jeopardised sympathy for Israel among its allies. Washington has said Israel should make a transition from full-scale ground war to a targeted campaign against Hamas leaders.\nEgypt, which has acted as a mediator including hosting the leader of Hamas last week, said it had put forward a proposal to end the bloodshed, including a three-stage plan for a ceasefire, but had yet to hear the warring sides' responses.\nIsrael says it will not halt its ground campaign until it annihilates Hamas, describing this as its only option to safeguard its security and free remaining hostages.\nPalestinians say wiping out Hamas is an unachievable aim given the militant group's diffuse structure and deep roots in a territory it has ruled since 2007.\nADVERTISEMENT (Published 28 December 2023, 21:35 IST)",
    "highlightText": "",
    "highlightTitle": "",
    "highlightThreadTitle": "",
    "language": "english",
    "sentiment": "negative",
    "categories": [
        "War, Conflict and Unrest",
        "Disaster and Accident",
        "Human Interest"
    ],
    "external_links": [],
    "external_images": [],
    "entities": {
        "persons": [
            {
                "name": "khan younis",
                "sentiment": "none"
            }
        ],
        "organizations": [],
        "locations": [
            {
                "name": "gaza",
                "sentiment": "none"
            },
            {
                "name": "gaza strip",
                "sentiment": "none"
            },
            {
                "name": "cairo",
                "sentiment": "none"
            },
            {
                "name": "united states",
                "sentiment": "none"
            },
            {
                "name": "israel",
                "sentiment": "none"
            }
        ]
    },
    "rating": null,
    "crawled": "2023-12-29T00:03:42.037+02:00",
    "updated": "2023-12-29T00:03:42.037+02:00"
}