{
    "thread": {
        "uuid": "8851e02da09de059fda6180954576ceab1fc81ba",
        "url": "https://www.vancouverisawesome.com/national-news/friends-and-family-mourn-the-loss-of-canadians-killed-by-hamas-in-israel-8036529",
        "site_full": "www.vancouverisawesome.com",
        "site": "vancouverisawesome.com",
        "site_section": "https://www.vancouverisawesome.com/rss",
        "site_categories": [
            "canada",
            "travel"
        ],
        "section_title": "Vancouver Is Awesome: via",
        "title": "Friends and family mourn the loss of Canadians killed by Hamas in Israel",
        "title_full": "Friends and family mourn the loss of Canadians killed by Hamas in Israel",
        "published": "2023-12-29T00:20:00.000+02:00",
        "replies_count": 0,
        "participants_count": 1,
        "site_type": "news",
        "country": "CA",
        "main_image": "https://www.vmcdn.ca/f/files/shared/feeds/cp/2023/12/20231228161256-658def04f6bfca66738d6052jpeg.jpg;w=650;h=417;mode=crop",
        "performance_score": 0,
        "domain_rank": 16085,
        "domain_rank_updated": "2023-12-26T12:06:20.000+02:00",
        "reach": null,
        "social": {
            "facebook": {
                "likes": 0,
                "comments": 0,
                "shares": 0
            },
            "gplus": {
                "shares": 0
            },
            "pinterest": {
                "shares": 0
            },
            "linkedin": {
                "shares": 0
            },
            "stumbledupon": {
                "shares": 0
            },
            "vk": {
                "shares": 0
            }
        }
    },
    "uuid": "8851e02da09de059fda6180954576ceab1fc81ba",
    "url": "https://www.vancouverisawesome.com/national-news/friends-and-family-mourn-the-loss-of-canadians-killed-by-hamas-in-israel-8036529",
    "ord_in_thread": 0,
    "parent_url": null,
    "author": "Canadian Press",
    "published": "2023-12-29T00:20:00.000+02:00",
    "title": "Friends and family mourn the loss of Canadians killed by Hamas in Israel",
    "text": "Friends, family and government officials have confirmed that at least seven Canadians were killed when Hamas militants conducted a series of attacks in Israel on Oct. 7. Global Affairs Canada has said an eighthperson who was not a citizen but had deep ties to Canada also died in the ensuing conflict. Another Canadian, who has not been identified, died in Lebanon during the hostilities. The Hamas attacks killed an estimated 1,200 people and militants took another 240 hostage, 105 of whom were released during a temporary pause in the violence at the end of last month. As Israel continues its retaliation on Hamas in the Gaza Strip, authorities there say more than 20,000 Palestinians have now been killed. Here's what we know about the Hamas victimswith ties to Canada: Judih Weinstein Haggai Judih Weinstein Haggai, 70, was out on an early-morning walk when Hamas started its attack, her family says. She told members of her Nir Oz kibbutz that a militant on a motorcycle shot her husband and she was less severely wounded. The community was unable to dispatch an ambulance before militants arrived there. Last week, the kibbutz confirmed Gadi Haggai, Judih's husband, died on Oct. 7, and on Thursday they confirmed Weinstein Haggai also died that day, and her body is being held in Gaza. Weinstein Haggai was born in New York state but arrived in Toronto at the age of three, and moved to Israel 20 years later to live with her husband. She held Canadian, Israeli and American citizenships. Weinstein Haggai was an artist and a volunteer who the kibbutz said \"pursued many initiatives to advance peace in the region.\" Her brother Larry Weinstein said the family is distressed by Israel's offensive in Gaza and the rise of hateful speech in Canada toward both Jews and Muslims. \"We're inspired by my sister, who believed in peace and believed in harmony,\" he said. \"There can't be any kind of resolution when people are at each other's throats.\" Vivian Silver Vivian Silver, 74, was in her home on Kibbutz Be'eri near the Gaza border and talking on the phone with her son Yonatan Zeigen when they learned of the incursion by Hamas into Israel. \"We couldn’t grasp the incapability of the Israeli army to defend the civilians … we started to say goodbye because we realized this is probably our last words to each other,\" Zeigen later told a news conference organized by the Jerusalem Press Club. He said they shifted their conversations to text messages so his mother could stay silent, and someone broke into her home. They said they loved one another before the messages stopped coming. Zeigen said he had received information that she was taken hostage, and her phone had been geolocated in Gaza. On Monday, his brother Chen Zeigen confirmed their mother's death. He said Israeli authorities told him the remains found earlier in the kibbutz had been identified as Silver. He said his mother was born in Winnipeg and moved to Israel in 1974. She dedicated her life to peacebuilding and fostering understanding between Israelis and Palestinians, he added. She also volunteered to help children in Gaza access medical care in Israel. Tiferet Lapidot Tiferet Lapidot, 22, was a few days shy of her 23rd birthday and attending a music festival when the Hamas attack began. Her cousin Oran Zlotnik remembered Lapidot as a charismatic and compassionate person who had travelled the world, taught in Africa and spent time in Australia before she returned to Israel in the fall. Her uncle Harel Lapidot said she called her mother the morning of the attack to say she was hiding in a bush and to ask whether she should flee. Her cellphone was later tracked to the Gaza Strip, leading family to believe she was being held hostage. They then mounted a campaign to secure her freedom. Zlotnik said that when the cellphone of one of Lapidot's friends, confirmed deceased, was also traced to Gaza, the family realized it was possible she wasn't a hostage. Harel Lapidot said his niece's body was later identified and the family held a funeral. \"We know for a fact they were hunted,\" he said. \"They ran away and they were hunted and killed.\" Tiferet Lapidot was an Israeli citizen but her family was from Canada, including her father, Ohad, who was born in Saskatchewan. Harel Lapidot thanked the Jewish community in Canada and MPs who had reached out to help and offer support. The family had a meeting with Foreign Affairs Minister Mélanie Joly while she was in Israel. Netta Epstein Israeli-Canadian Netta Epstein, 21, died when his home, Kibbutz Kfar Aza, came under attack. His mother, Ayelet Shachar-Epstein, said he loved life. She learned the circumstances of his death from text messages he sent her in the moments before he was killed, and from his fiancée, Irene Shavit, who survived. Netta Epstein was inside a safe room with Shavit, and he jumped on a grenade thrown in by the attackers. Shachar-Epstein, who also lost her mother-in-law and two brothers-in-law in the attacks, described it as a terrorist invasion. She said her son, who had worked with special needs youth, had returned home two months earlier after completing military service. He was born in Montreal and was a Canadian citizen. Shachar-Epstein said many members of the family still live in that city. Shir Georgy Israeli Canadian Shir Georgy, 22, was killed by Hamas militants who ambushed the music festival near Kibbutz Re'im. Georgy's aunt Michal Bouganim confirmed the death. \"We are currently a mess, heartbroken,\" Bouganim said in a Facebook message. Bouganim shared a 22-second clip on her social media in which a terrified Georgy was seen sitting on a floor, with her back against a wall and surrounded by other festival attendees — some of them injured. Georgy's funeral was held in Israel. Adi Vital-Kaploun Adi Vital-Kaploun, 33, was killed by Hamas militants in her kibbutz near the Israeli border with the Gaza Strip, said the Jewish Federation of Ottawa. The group's CEO made a statement on behalf of Vital-Kaploun's family, saying the dual citizen has a large extended family in the Ottawa area. The family said she died a hero, after convincing her killers to spare her two young children and warning her father and husband to stay hidden during the attack. \"Adi was a beautiful woman that brought love and lightness to the people around her, but also she was very focused and determined to make a beautiful life for her family,\" her cousin-in-law Aaron Smith said in an interview. The family said she was an amazing mother and wife, always bringing love and laughter to their household. She was also a talented dancer, saxophonist and basketball player. After completing her master's degree in engineering, Vital-Kaploun excelled in her cybersecurity career, they said. \"We are mourning trying to process this unconscionable act of terrorism in her kibbutz and across the country,\" said the family, adding that they wish her memory to be \"a blessing.\" Ben Mizrachi Canadian Ben Mizrachi was one of at least 260 people gunned down by Hamas militants at the music festival in southern Israel. Mizrachi, 22, from Vancouver, was described as \"larger than life with a big personality\" in a statement by his former high school in B.C. Ezra Shanken, CEO of the Jewish Federation of Greater Vancouver, said Mizrachi was about to start university in Israel after serving with the country's national defence force. Hilit Nurick, a home economics teacher at King David High School in Vancouver, remembered Mizrachi as a \"kind, wonderful, and community-minded\" young man who had a positive influence on everyone around him. Nurick said she and Mizrachi once put a large event together for more than 100 people at school. \"He was in charge of making Moroccan-style spicy fish stew. He brought his mother's recipe and shared it with everyone and taught us how to make it,\" said Nurick. \"He was incredible, just an incredible human being.\" Alexandre Look Alexandre Look, who had recently celebrated his 33rd birthday, was among those killed while attending the musical festival. Look, who lived in Montreal with his family before moving to Mexico, died a hero, his dad said in a Facebook post. \"Like a true warrior he left as a hero wanting to protect the people he was with,\" Alain Haim Look said. Friend Lior Horovitz described him as a \"once-in-a-lifetime person\" who became like family during their five-year friendship. In a phone interview from a town outside Tel Aviv, she said she and her boyfriend met Alexandre Look in Mexico. They became fast friends and would organize their vacations to meet up, either in Mexico or Israel. He was a proud Jewish Canadian and a generous person who would do anything for his friends, she said. \"He's a person who loves people,\" she said. \"He's the guy that's always going to help others, especially if they are Jewish.\" This report by The Canadian Press was first published Dec. 28, 2023. The Canadian Press",
    "highlightText": "",
    "highlightTitle": "",
    "highlightThreadTitle": "",
    "language": "english",
    "sentiment": "negative",
    "categories": [
        "Human Interest",
        "War, Conflict and Unrest",
        "Social Issue"
    ],
    "external_links": [],
    "external_images": [],
    "entities": {
        "persons": [
            {
                "name": "judih weinstein haggai judih weinstein haggai",
                "sentiment": "none"
            }
        ],
        "organizations": [
            {
                "name": "hamas",
                "sentiment": "neutral"
            },
            {
                "name": "global affairs canada",
                "sentiment": "none"
            },
            {
                "name": "nir oz kibbutz",
                "sentiment": "none"
            }
        ],
        "locations": [
            {
                "name": "israel",
                "sentiment": "none"
            },
            {
                "name": "lebanon",
                "sentiment": "none"
            },
            {
                "name": "canada",
                "sentiment": "none"
            },
            {
                "name": "gaza strip",
                "sentiment": "none"
            }
        ]
    },
    "rating": null,
    "crawled": "2023-12-29T00:23:58.395+02:00",
    "updated": "2023-12-29T03:52:36.317+02:00"
}