{
    "thread": {
        "uuid": "0d88078bef0741140f6269d6ccef36900b3f156f",
        "url": "https://es-us.noticias.yahoo.com/asesino-periodista-h%C3%A9ctor-gato-f%C3%A9lix-133341383.html",
        "site_full": "es-us.noticias.yahoo.com",
        "site": "yahoo.com",
        "site_section": "https://envivo.att.yahoo.com",
        "site_categories": [
            "search_engine",
            "media",
            "tech"
        ],
        "section_title": "AT&amp;T En Vivo",
        "title": "Asesino del periodista Héctor \"El Gato\" Félix muere en Tijuana",
        "title_full": "Asesino del periodista Héctor \"El Gato\" Félix muere en Tijuana",
        "published": "2023-12-28T02:00:00.000+02:00",
        "replies_count": 0,
        "participants_count": 1,
        "site_type": "news",
        "country": "US",
        "main_image": "https://media.zenfs.com/es/eluniversal.com.mx/dd9753e6b91cdb6386a0109389c19957",
        "performance_score": 0,
        "domain_rank": 37,
        "domain_rank_updated": "2023-12-26T12:06:20.000+02:00",
        "reach": null,
        "social": {
            "facebook": {
                "likes": 0,
                "comments": 0,
                "shares": 0
            },
            "gplus": {
                "shares": 0
            },
            "pinterest": {
                "shares": 0
            },
            "linkedin": {
                "shares": 0
            },
            "stumbledupon": {
                "shares": 0
            },
            "vk": {
                "shares": 0
            }
        }
    },
    "uuid": "0d88078bef0741140f6269d6ccef36900b3f156f",
    "url": "https://es-us.noticias.yahoo.com/asesino-periodista-h%C3%A9ctor-gato-f%C3%A9lix-133341383.html",
    "ord_in_thread": 0,
    "parent_url": null,
    "author": "BBC News Mundo",
    "published": "2023-12-28T02:00:00.000+02:00",
    "title": "Asesino del periodista Héctor \"El Gato\" Félix muere en Tijuana",
    "text": "El Universal Asesino del periodista Héctor \"El Gato\" Félix muere en Tijuana Leer todo el artículo El Universal 28 de diciembre de 2023, 4:33 p. m. · 1 min de lectura\nTIJUANA, BC., diciembre 28 (EL UNIVERSAL).- José Antonio Vera Palestina, asesino del periodista de semanario \"Zeta\", Héctor Félix Miranda, falleció este jueves durante las primeras horas dentro de un hospital particular, en Tijuana, confirmó Grupo Caliente.\n\"Quienes formamos la familia Caliente nos solidarizamos con la pena que embarga a familiares y amigos del señor José Antonio Vera Palestina. Compartimos sus sentimientos. Descanse en paz. Ing. Jorge Hank Rhon. Tijuana, Baja California, 28 de diciembre de 2023\", dice la publicación compartida con la prensa.\nVera Palestina purgó una condena de 25 años en prisión tras una sentencia condenatoria del Juzgado Segundo de lo Penal de Mexicali, al encontrarlo culpable de su participación en el homicidio del periodista Félix Miranda, el 20 de abril de 1988.\nEn 2015 fue puesto en libertad y de inmediato incorporado nuevamente al equipo cercano del empresarios del casinos y ex alcalde Jorge Hank Rhon, quien además de ser su compadre h padrino de sus hijos, lo nombró como jefe de su seguridad.\nEn 2022, fue relacionado con la desaparición de un joven, escolta de la misma empresa encargada de la seguridad de Hank Rhon, cuando una familiar de la víctima reveló que se perdió contacto con el joven después de que Vera Palestina le llamó por teléfono para reunirse Gemma era urgente.\nMÁS POPULARES La fiesta de celebridades \"casi desnudas\" que provocó un escándalo político en Rusia BBC News Mundo · 4 min de lectura Las espeluznantes predicciones de Baba Vanga para el 2024 LA NACION · 3 min de lectura El pez invasor de 200 kilos que se alimenta de pirañas y avanza implacable por la Amazonía BBC News Mundo · 5 min de lectura Maduro volvió a arremeter contra Milei, lo tildó de “pitiyanqui y progringo” e hizo una advertencia LA NACION · 2 min de lectura Loret responde a AMLO tras vincularlo con empresas de medicinas El Universal · 1 min de lectura",
    "highlightText": "",
    "highlightTitle": "",
    "highlightThreadTitle": "",
    "language": "spanish",
    "sentiment": "negative",
    "categories": [
        "War, Conflict and Unrest",
        "Human Interest",
        "Crime, Law and Justice"
    ],
    "external_links": [
        "https://s.yimg.com/uu/api/res/1.2/H7vlO3BJIqXwY0k_6cc8yg--~B/Zmk9c3RyaW07aD0yMjQ7cT04MDt3PTIyNDthcHBpZD15dGFjaHlvbg--/https://media.zenfs.com/es/lanacion.com.ar/f3351dbd45afe4943014f0738176656a",
        "https://s.yimg.com/uu/api/res/1.2/PVpHdoe4paqKCepyb91mcQ--~B/Zmk9c3RyaW07aD0yMjQ7cT04MDt3PTIyNDthcHBpZD15dGFjaHlvbg--/https://media.zenfs.com/es/bbc_news_mundo_254/a45c810a33cbd152c5b599a78105a4e6",
        "https://s.yimg.com/ny/api/res/1.2/4zTlug6gERMZ_nqO35rM_w--/YXBwaWQ9aGlnaGxhbmRlcjt3PTk2MDtoPTU4MQ--/https://media.zenfs.com/es/eluniversal.com.mx/dd9753e6b91cdb6386a0109389c19957",
        "https://twitter.com/intent/tweet?text=Asesino%20del%20periodista%20H%C3%A9ctor%20%22El%20Gato%22%20F%C3%A9lix%20muere%20en%20Tijuana&url=https%3A%2F%2Fes-us.noticias.yahoo.com%2Fasesino-periodista-h%25C3%25A9ctor-gato-f%25C3%25A9lix-133341383.html%3Fsoc_src%3Dsocial-sh%26soc_trk%3Dtw%26tsrc%3Dtwtr&via=Yahoo",
        "https://s.yimg.com/uu/api/res/1.2/pg7QHIU9Rzttl3bxZswi2Q--~B/Zmk9c3RyaW07aD0yMjQ7cT04MDt3PTIyNDthcHBpZD15dGFjaHlvbg--/https://media.zenfs.com/es/eluniversal.com.mx/08bac5708f1dd5991267a45bcdfa917a",
        "https://s.yimg.com/os/creatr-uploaded-images/2020-11/03369780-29de-11eb-a70b-527107d56fbe",
        "https://s.yimg.com/uu/api/res/1.2/nZChwAbKP.j1i7S2EFzaYQ--~B/Zmk9c3RyaW07aD0yMjQ7cT04MDt3PTIyNDthcHBpZD15dGFjaHlvbg--/https://media.zenfs.com/es/lanacion.com.ar/54daa42cf7d61850657a66e9d0821326",
        "http://www.eluniversal.com.mx/",
        "https://s.yimg.com/ny/api/res/1.2/pjC6_yPWIhWTGw1eU3WV0w--/YXBwaWQ9aGlnaGxhbmRlcjt3PTMwMjtoPTQ4/https://s.yimg.com/os/creatr-uploaded-images/2020-11/03369780-29de-11eb-a70b-527107d56fbe",
        "https://s.yimg.com/uu/api/res/1.2/iTKJuOaJfdnqDIAPyVKq6g--~B/Zmk9c3RyaW07aD0yMjQ7cT04MDt3PTIyNDthcHBpZD15dGFjaHlvbg--/https://media.zenfs.com/es/bbc_news_mundo_254/1389675d2498c1757e6baeab2e574e11",
        "https://www.facebook.com/dialog/feed?app_id=458584288257241&link=https%3A%2F%2Fes-us.noticias.yahoo.com%2Fasesino-periodista-h%25C3%25A9ctor-gato-f%25C3%25A9lix-133341383.html%3Fsoc_src%3Dsocial-sh%26soc_trk%3Dfb%26tsrc%3Dfb",
        "https://media.zenfs.com/es/eluniversal.com.mx/dd9753e6b91cdb6386a0109389c19957",
        "https://www.s.yimg.com/uu/api/res/1.2/H7vlO3BJIqXwY0k_6cc8yg--~B/Zmk9c3RyaW07aD0yMjQ7cT04MDt3PTIyNDthcHBpZD15dGFjaHlvbg--/https://www.media.zenfs.com/es/lanacion.com.ar/f3351dbd45afe4943014f0738176656a",
        "https://www.facebook.com/dialog/feed",
        "http://eluniversal.com.mx/",
        "https://www.s.yimg.com/os/creatr-uploaded-images/2020-11/03369780-29de-11eb-a70b-527107d56fbe",
        "http://www.eluniversal.com.mx",
        "https://www.s.yimg.com/uu/api/res/1.2/nZChwAbKP.j1i7S2EFzaYQ--~B/Zmk9c3RyaW07aD0yMjQ7cT04MDt3PTIyNDthcHBpZD15dGFjaHlvbg--/https://www.media.zenfs.com/es/lanacion.com.ar/54daa42cf7d61850657a66e9d0821326",
        "https://www.s.yimg.com/uu/api/res/1.2/PVpHdoe4paqKCepyb91mcQ--~B/Zmk9c3RyaW07aD0yMjQ7cT04MDt3PTIyNDthcHBpZD15dGFjaHlvbg--/https://www.media.zenfs.com/es/bbc_news_mundo_254/a45c810a33cbd152c5b599a78105a4e6",
        "https://facebook.com/dialog/feed?app_id=458584288257241&link=https%3A%2F%2Fes-us.noticias.yahoo.com%2Fasesino-periodista-h%25C3%25A9ctor-gato-f%25C3%25A9lix-133341383.html%3Fsoc_src%3Dsocial-sh%26soc_trk%3Dfb%26tsrc%3Dfb",
        "https://www.twitter.com/intent/tweet?text=Asesino%20del%20periodista%20H%C3%A9ctor%20%22El%20Gato%22%20F%C3%A9lix%20muere%20en%20Tijuana&url=https%3A%2F%2Fes-us.noticias.yahoo.com%2Fasesino-periodista-h%25C3%25A9ctor-gato-f%25C3%25A9lix-133341383.html%3Fsoc_src%3Dsocial-sh%26soc_trk%3Dtw%26tsrc%3Dtwtr&via=Yahoo",
        "https://www.s.yimg.com/uu/api/res/1.2/pg7QHIU9Rzttl3bxZswi2Q--~B/Zmk9c3RyaW07aD0yMjQ7cT04MDt3PTIyNDthcHBpZD15dGFjaHlvbg--/https://www.media.zenfs.com/es/eluniversal.com.mx/08bac5708f1dd5991267a45bcdfa917a",
        "https://www.media.zenfs.com/es/eluniversal.com.mx/dd9753e6b91cdb6386a0109389c19957",
        "https://www.s.yimg.com/uu/api/res/1.2/iTKJuOaJfdnqDIAPyVKq6g--~B/Zmk9c3RyaW07aD0yMjQ7cT04MDt3PTIyNDthcHBpZD15dGFjaHlvbg--/https://www.media.zenfs.com/es/bbc_news_mundo_254/1389675d2498c1757e6baeab2e574e11",
        "https://www.s.yimg.com/ny/api/res/1.2/4zTlug6gERMZ_nqO35rM_w--/YXBwaWQ9aGlnaGxhbmRlcjt3PTk2MDtoPTU4MQ--/https://www.media.zenfs.com/es/eluniversal.com.mx/dd9753e6b91cdb6386a0109389c19957",
        "https://twitter.com/intent/tweet",
        "https://www.s.yimg.com/ny/api/res/1.2/pjC6_yPWIhWTGw1eU3WV0w--/YXBwaWQ9aGlnaGxhbmRlcjt3PTMwMjtoPTQ4/https://www.s.yimg.com/os/creatr-uploaded-images/2020-11/03369780-29de-11eb-a70b-527107d56fbe"
    ],
    "external_images": [],
    "entities": {
        "persons": [],
        "organizations": [],
        "locations": []
    },
    "rating": null,
    "crawled": "2023-12-29T00:44:01.201+02:00",
    "updated": "2023-12-29T00:44:01.201+02:00"
}