{
    "thread": {
        "uuid": "9a0f9203727f3dd2adb0d72ee6058556888fcba7",
        "url": "https://www.openpr.com/news/3952498/revolutionizing-code-integrity-codespy-ai-detector-unveils",
        "site_full": "www.openpr.com",
        "site": "openpr.com",
        "site_section": "https://openpr.com/news/categories2-3-business-economy-finances-banking-insurance.html",
        "site_categories": [
            "marketing",
            "financial_news",
            "finance",
            "business"
        ],
        "section_title": "openPR.com - press releases of the category Business, Economy, Finances, Banking & Insurance",
        "site_title": "openPR.com - Worldwide Open Public Relations - Publish Press Releases Free of Charge",
        "title": "Revolutionizing Code Integrity: Codespy AI Detector Unveils",
        "title_full": "Revolutionizing Code Integrity: Codespy AI Detector Unveils",
        "published": "2025-04-03T00:37:26.531+03:00",
        "replies_count": 0,
        "participants_count": 1,
        "site_type": "news",
        "country": "US",
        "main_image": "https://cdn.open-pr.com/4/0/402675654_g.jpg",
        "performance_score": 0,
        "domain_rank": 9653,
        "domain_rank_updated": "2025-04-01T00:00:00.000+03:00",
        "licensing_agency": [],
        "social": {
            "facebook": {
                "likes": 0,
                "comments": 0,
                "shares": 0
            },
            "vk": {
                "shares": 0
            }
        }
    },
    "uuid": "9a0f9203727f3dd2adb0d72ee6058556888fcba7",
    "url": "https://www.openpr.com/news/3952498/revolutionizing-code-integrity-codespy-ai-detector-unveils",
    "ord_in_thread": 0,
    "author": "ABNewswire",
    "published": "2025-04-03T00:37:26.531+03:00",
    "title": "Revolutionizing Code Integrity: Codespy AI Detector Unveils",
    "text": "Revolutionizing Code Integrity: Codespy AI Detector Unveils Cutting-Edge AI-Powered Source Code Analysis 04-02-2025 11:22 PM CET | Business, Economy, Finances, Banking & Insurance\nPress release from: ABNewswire\nImage: https://www.abnewswire.com/upload/2025/04/9a8bf2c7d745d47b0e63f75be09c3be9.jpg\nIntroduction\nArtificial Intelligence (AI) is reshaping the programming landscape, making coding faster, more efficient, and more secure. AI-powered tools help detect vulnerabilities, optimize performance, and even generate code. Among these, AI-powered code detectors like Codespy AI Detector and AI Detector Pro have emerged as game-changers in source code analysis.\nIn this article, we'll explore how AI in programming enhances coding practices, dive into the functionalities of Codespy AI Detector and AI Detector Pro, and compare these two tools to help developers make informed choices.\nUnderstanding AI in Programming\nAI is revolutionizing the way developers write and review code. Some key advantages of AI in programming include:\n*\nAutomating Repetitive Tasks - AI tools automate bug detection, code suggestions, and syntax corrections.\n*\nEnhancing Code Security - AI helps identify vulnerabilities and security risks within the source code.\n*\nImproving Code Quality - AI-driven analysis provides insights into best coding practices, making programs more efficient.\n*\nDetecting Plagiarism and AI-Generated Code - AI detectors analyze code originality and highlight similarities with existing projects.\nWhat is Codespy AI Detector?\nCodespy AI Detector is an advanced AI-powered tool designed to analyze source code and detect plagiarism, vulnerabilities, and AI-generated scripts. It helps developers maintain code integrity and ensures that software projects adhere to industry standards. Codespy AI Detector for Source Code [ https://codespy.ai/ ] is an advanced tool that helps developers detect plagiarism, AI-generated code, and security vulnerabilities with high accuracy.\nFeatures of Codespy AI Detector:\n*\nAI Code Detection - Identifies whether a segment of code was written by a human or an AI model.\n*\nPlagiarism Detection - Compares source code against extensive databases to detect copied code.\n*\nSecurity Scanning - Detects potential vulnerabilities and security loopholes in the codebase.\n*\nReal-Time Analysis - Provides instant feedback to developers to improve code quality.\nHow It Works:\n*\nThe developer submits source code for analysis.\n*\nThe AI scans the code and matches it against various databases.\n*\nThe tool highlights suspicious patterns, AI-generated content, and potential security risks.\n*\nDevelopers receive a detailed report with actionable insights.\nWhy Use Codespy AI Detector?\nUsing Codespy AI Detector offers multiple benefits for developers and organizations:\n*\nEnsures Code Authenticity - Detects copied or AI-generated content to maintain originality.\n*\nImproves Security - Identifies risks like SQL injections, buffer overflows, and other vulnerabilities.\n*\nEnhances Code Quality - Provides recommendations to refine and optimize programming practices.\nAI Detector Pro: Advanced AI Code Detection\nAI Detector Pro [ https://aidetector.pro/ ] is another powerful AI-based tool that specializes in identifying AI-generated code and evaluating source code authenticity. It is widely used in academia, software firms, and open-source communities.\nKey Features of AI Detector Pro:\n*\nAI-Written Code Identification - Detects scripts generated by AI models like ChatGPT and Copilot.\n*\nExtensive Code Database - Compares source code against millions of projects to identify similarities.\n*\nMulti-Language Support - Works with various programming languages, including Python, Java, C++, and more.\n*\nDetailed Reports - Provides in-depth analysis of coding patterns and AI influence.\nUse Cases for Developers:\n*\nAcademic Integrity - Helps universities check for AI-assisted plagiarism in student assignments.\n*\nEnterprise Security - Assists software firms in ensuring compliance with coding standards.\n*\nOpen Source Review - Analyzes open-source contributions for originality and security risks.\nImage: https://lh7-rt.googleusercontent.com/docsz/AD_4nXfTkn5Z5CCMpyv4OhplsZu5VIalSVPSQnXeLLq03N-OWXpn_Hifcku6kHgJCoOOHlRSHcIk6_TPuy-11uANSBDZydGE464J5BB17srknwu9Iwur4OO4cLaLJ_MeaZkFn-Y?key=8Qn57iRrVidmvnocupx3OqPT\nComparison: Codespy AI Detector vs AI Detector Pro\nWhich One Should You Choose?\n*\nIf you need comprehensive security scanning, go for Codespy AI Detector.\n*\nIf your focus is on AI-generated content detection, AI Detector Pro might be a better fit.\n*\nBoth tools offer plagiarism detection, making them valuable for developers and organizations.\nThe Future of AI in Programming\nAI's role in programming is expanding rapidly. From AI-generated code to automated testing, AI-powered tools will continue to shape the industry. However, ethical concerns about AI-written code, intellectual property rights, and potential biases need to be addressed.\nConclusion\nAI-driven code detectors like Codespy AI Detector and AI Detector Pro are transforming how developers analyze and secure their code. Whether you're a student, a professional developer, or an enterprise, these tools help ensure code originality, security, and efficiency. As AI technology advances, the future of programming will be even more automated and optimized.\nMedia Contact\nCompany Name: Codespy\nContact Person: Johnny Depp\nEmail:Send Email [ https://www.abnewswire.com/email_contact_us.php?pr=revolutionizing-code-integrity-codespy-ai-detector-unveils-cuttingedge-aipowered-source-code-analysis ]\nCity: New York\nCountry: United States\nWebsite: https://codespy.ai/\nLegal Disclaimer: Information contained on this page is provided by an independent third-party content provider. ABNewswire makes no warranties or responsibility or liability for the accuracy, content, images, videos, licenses, completeness, legality, or reliability of the information contained in this article. If you are affiliated with this article or have any complaints or copyright issues related to this article and would like it to be removed, please contact retract@swscontact.com\nThis release was published on openPR.",
    "highlightText": "",
    "highlightTitle": "",
    "highlightThreadTitle": "",
    "language": "english",
    "sentiment": "positive",
    "categories": [
        "Science and Technology",
        "Economy, Business and Finance",
        "Social Issue"
    ],
    "topics": [
        "Science and Technology->scientific innovation",
        "Science and Technology->technology and engineering",
        "Economy, Business and Finance->business strategy and marketing",
        "Economy, Business and Finance->computing and information technology",
        "Social Issue->social networking"
    ],
    "ai_allow": true,
    "has_canonical": false,
    "breaking": false,
    "webz_reporter": false,
    "external_links": [
        "https://opr.li/com/eab16885ea91a4d8954a640df33920c3/",
        "https://lh7-rt.googleusercontent.com/docsz/AD_4nXfTkn5Z5CCMpyv4OhplsZu5VIalSVPSQnXeLLq03N-OWXpn_Hifcku6kHgJCoOOHlRSHcIk6_TPuy-11uANSBDZydGE464J5BB17srknwu9Iwur4OO4cLaLJ_MeaZkFn-Y?key=8Qn57iRrVidmvnocupx3OqPT",
        "https://opr.li/com/0a5560c85170e2cdd0c548a84c6bab01/",
        "https://codespy.ai/",
        "https://aidetector.pro/",
        "https://opr.li/com/7e006febd214905828cb12219e8ade5e/",
        "https://opr.li/com/94c451efdf1144b1f4970fda84c6fb8a/",
        "https://www.abnewswire.com/email_contact_us.php?pr=revolutionizing-code-integrity-codespy-ai-detector-unveils-cuttingedge-aipowered-source-code-analysis",
        "https://opr.li/com/d02fd8a1daf94b8a2ee0b5296c037d14/",
        "https://opr.li/com/eab16885ea91a4d8954a640df33920c3",
        "https://www.opr.li/com/7e006febd214905828cb12219e8ade5e/",
        "https://opr.li/com/7e006febd214905828cb12219e8ade5e",
        "https://lh7-rt.googleusercontent.com/docsz/AD_4nXfTkn5Z5CCMpyv4OhplsZu5VIalSVPSQnXeLLq03N-OWXpn_Hifcku6kHgJCoOOHlRSHcIk6_TPuy-11uANSBDZydGE464J5BB17srknwu9Iwur4OO4cLaLJ_MeaZkFn-Y",
        "https://aidetector.pro",
        "https://www.abnewswire.com/email_contact_us.php",
        "https://opr.li/com/0a5560c85170e2cdd0c548a84c6bab01",
        "https://www.opr.li/com/eab16885ea91a4d8954a640df33920c3/",
        "https://www.opr.li/com/94c451efdf1144b1f4970fda84c6fb8a/",
        "https://codespy.ai",
        "https://www.lh7-rt.googleusercontent.com/docsz/AD_4nXfTkn5Z5CCMpyv4OhplsZu5VIalSVPSQnXeLLq03N-OWXpn_Hifcku6kHgJCoOOHlRSHcIk6_TPuy-11uANSBDZydGE464J5BB17srknwu9Iwur4OO4cLaLJ_MeaZkFn-Y?key=8Qn57iRrVidmvnocupx3OqPT",
        "https://www.opr.li/com/0a5560c85170e2cdd0c548a84c6bab01/",
        "https://www.codespy.ai/",
        "https://opr.li/com/94c451efdf1144b1f4970fda84c6fb8a",
        "https://www.opr.li/com/d02fd8a1daf94b8a2ee0b5296c037d14/",
        "https://abnewswire.com/email_contact_us.php?pr=revolutionizing-code-integrity-codespy-ai-detector-unveils-cuttingedge-aipowered-source-code-analysis",
        "https://www.aidetector.pro/",
        "https://opr.li/com/d02fd8a1daf94b8a2ee0b5296c037d14"
    ],
    "entities": {
        "persons": [
            {
                "name": "Johnny Depp",
                "sentiment": "neutral"
            }
        ],
        "locations": [
            {
                "name": "C++",
                "sentiment": "neutral"
            },
            {
                "name": "Codespy",
                "sentiment": "neutral"
            },
            {
                "name": "New York",
                "sentiment": "neutral"
            },
            {
                "name": "United States",
                "sentiment": "neutral"
            }
        ],
        "organizations": [
            {
                "name": "SQL",
                "sentiment": "negative",
                "tickers": []
            },
            {
                "name": "CET | Business, Economy, Finances,",
                "sentiment": "neutral",
                "tickers": []
            },
            {
                "name": "Banking & Insurance",
                "sentiment": "neutral",
                "tickers": []
            },
            {
                "name": "Programming\nAI",
                "sentiment": "neutral",
                "tickers": []
            },
            {
                "name": "AI",
                "sentiment": "neutral",
                "tickers": [
                    {
                        "ticker": "AI",
                        "exchange": "NYSE"
                    }
                ]
            },
            {
                "name": "Codespy AI Detector for Source",
                "sentiment": "neutral",
                "tickers": []
            },
            {
                "name": "Python",
                "sentiment": "neutral",
                "tickers": []
            },
            {
                "name": "Java",
                "sentiment": "neutral",
                "tickers": []
            },
            {
                "name": "The Future of AI",
                "sentiment": "neutral",
                "tickers": []
            },
            {
                "name": "Media Contact\nCompany Name",
                "sentiment": "neutral",
                "tickers": []
            }
        ]
    },
    "syndication": {
        "syndicated": false,
        "syndicate_id": null,
        "first_syndicated": false
    },
    "trust": {
        "categories": [],
        "bias": null
    },
    "rating": null,
    "crawled": "2025-04-03T00:37:26.531+03:00",
    "updated": "2025-04-03T00:37:26.531+03:00"
}