{
    "thread": {
        "uuid": "33ddf88d2d29d9894c624586cb0edc613897b0ba",
        "url": "https://news.knowledia.com/fr/fr/articles/la-solution-d-un-laboratoire-pour-conserver-le-patrimoine-culturel-grace-1c235ca926fa07f944189f9d3f08375f83dcc0dd",
        "site_full": "news.knowledia.com",
        "site": "knowledia.com",
        "site_section": "https://news.knowledia.com/fr/fr",
        "site_categories": [
            "uncategorized"
        ],
        "section_title": "Knowledia Actualités",
        "site_title": null,
        "title": "La solution d'un laboratoire pour conserver le patrimoine culturel grâce au nucléaire",
        "title_full": "La solution d'un laboratoire pour conserver le patrimoine culturel grâce au nucléaire",
        "published": "2025-04-03T00:21:53.700+03:00",
        "replies_count": 0,
        "participants_count": 1,
        "site_type": "news",
        "country": "GB",
        "main_image": "",
        "performance_score": 0,
        "domain_rank": 78005,
        "domain_rank_updated": "2025-04-01T00:00:00.000+03:00",
        "licensing_agency": [],
        "social": {
            "facebook": {
                "likes": 0,
                "comments": 0,
                "shares": 0
            },
            "vk": {
                "shares": 0
            }
        }
    },
    "uuid": "33ddf88d2d29d9894c624586cb0edc613897b0ba",
    "url": "https://news.knowledia.com/fr/fr/articles/la-solution-d-un-laboratoire-pour-conserver-le-patrimoine-culturel-grace-1c235ca926fa07f944189f9d3f08375f83dcc0dd",
    "ord_in_thread": 0,
    "author": "Sandy Plas",
    "published": "2025-04-03T00:21:53.700+03:00",
    "title": "La solution d'un laboratoire pour conserver le patrimoine culturel grâce au nucléaire",
    "text": "REPORTAGE - Implanté sur le site du CEA de Grenoble, le laboratoire ARC-Nucléart permet de sauvegarder des objets anciens en les irradiant de rayons gamma. Réservé aux abonnés\nSous haute surveillance, une lourde porte de béton sur laquelle s'affiche le symbole nucléaire coulisse sur des rails, pour libérer l'accès à une petite pièce cubique de 4 m de large. Après avoir contrôlé l'ouverture depuis un tableau de commandes, Laurent Cortella, ingénieur en physique nucléaire, saisit un…\nSandy Plas",
    "highlightText": "",
    "highlightTitle": "",
    "highlightThreadTitle": "",
    "language": "french",
    "sentiment": "positive",
    "categories": [
        "Science and Technology",
        "Arts, Culture and Entertainment"
    ],
    "topics": [
        "Science and Technology->technology and engineering",
        "Science and Technology->scientific research",
        "Arts, Culture and Entertainment->monument and heritage site",
        "Arts, Culture and Entertainment->cultural development"
    ],
    "ai_allow": true,
    "has_canonical": false,
    "breaking": false,
    "webz_reporter": false,
    "external_links": [
        "https://www.lefigaro.fr/sciences/la-solution-d-un-laboratoire-pour-conserver-le-patrimoine-culturel-grace-au-nucleaire-20250401",
        "https://lefigaro.fr/sciences/la-solution-d-un-laboratoire-pour-conserver-le-patrimoine-culturel-grace-au-nucleaire-20250401"
    ],
    "entities": {
        "persons": [],
        "locations": [],
        "organizations": []
    },
    "syndication": {
        "syndicated": null,
        "syndicate_id": null,
        "first_syndicated": false
    },
    "trust": {
        "categories": [],
        "bias": null
    },
    "rating": null,
    "crawled": "2025-04-03T00:21:53.700+03:00",
    "updated": "2025-04-03T00:21:53.700+03:00"
}