{
    "thread": {
        "uuid": "e121e54095f0e8b15ee80c123bdf396121ea2337",
        "url": "https://www.prnewswire.com/news-releases/amygdala-neurosciences-selects-ans-858-for-clinical-development-as-a-novel-aldh2-inhibitor-for-substance-use-disorder-302412750.html",
        "site_full": "www.prnewswire.com",
        "site": "prnewswire.com",
        "site_section": "https://prnewswire.com/news-releases/health-latest-news",
        "site_categories": [
            "media"
        ],
        "section_title": "Latest Health, Healthcare News and Press Releases | PR Newswire",
        "site_title": "PR Newswire: press release distribution, targeting, monitoring and marketing",
        "title": "Amygdala Neurosciences Selects ANS-858 for Clinical Development as a Novel ALDH2 Inhibitor for Substance Use Disorder",
        "title_full": "Amygdala Neurosciences Selects ANS-858 for Clinical Development as a Novel ALDH2 Inhibitor for Substance Use Disorder",
        "published": "2025-04-03T00:39:00.000+03:00",
        "replies_count": 0,
        "participants_count": 1,
        "site_type": "news",
        "country": "US",
        "main_image": "https://mma.prnewswire.com/media/2167416/Amygdala_Neurosciences___Logo.jpg?p=facebook",
        "performance_score": 0,
        "domain_rank": 207,
        "domain_rank_updated": "2025-04-01T00:00:00.000+03:00",
        "licensing_agency": [],
        "social": {
            "facebook": {
                "likes": 0,
                "comments": 0,
                "shares": 0
            },
            "vk": {
                "shares": 0
            }
        }
    },
    "uuid": "e121e54095f0e8b15ee80c123bdf396121ea2337",
    "url": "https://www.prnewswire.com/news-releases/amygdala-neurosciences-selects-ans-858-for-clinical-development-as-a-novel-aldh2-inhibitor-for-substance-use-disorder-302412750.html",
    "ord_in_thread": 0,
    "author": "Amygdala Neurosciences Inc.",
    "published": "2025-04-03T00:39:00.000+03:00",
    "title": "Amygdala Neurosciences Selects ANS-858 for Clinical Development as a Novel ALDH2 Inhibitor for Substance Use Disorder",
    "text": "The discovery and preclinical efficacy of ANS-858, a proprietary, selective, reversible, orally bioavailable ALDH2 inhibitor will be presented at 48 th Annual Scientific Meeting of the Research Society on Alcohol.\nSAN FRANCISCO , April 2, 2025 /PRNewswire/ -- Amygdala Neurosciences, Inc., a biopharmaceutical company dedicated to the research and development of novel therapies for addiction and compulsive overeating disorders, has announced a significant milestone in its drug development pipeline. The company has selected ANS-858 as its lead clinical candidate. This marks a crucial step forward in bringing a potentially transformative treatment to patients suffering from these debilitating conditions.\nANS-858 is a new, proprietary, small molecule inhibitor of aldehyde dehydrogenase 2 (ALDH2). By inhibiting ALDH2, ANS-858 aims to reduce the rewarding effects associated with alcohol and other substances, thereby mitigating the risk of relapse and offering a path toward abstinence while also reducing anxiety.\nThe selection of ANS-858 follows an extensive preclinical evaluation demonstrating strong efficacy, selectivity, and a favorable safety profile. ALDH2 inhibition represents a promising mechanism for reducing consumption of addictive drugs by affecting the mesolimbic dopamine reward pathway to reduce cravings. Unlike traditional therapies, ANS-858 is designed to provide greater tolerability, improved dosing flexibility, and optimized pharmacokinetics.\n\"Amygdala Neurosciences is committed to advancing the treatment landscape for substance use disorder, a condition with significant unmet medical need,\" said Brent K Blackburn, PhD, CEO. \"The selection of ANS-858 for clinical development marks a key milestone in our mission to develop safe and effective therapeutics for individuals struggling with SUD. Our team is preparing to initiate first-in-human clinical trials to evaluate ANS-858's potential in reducing addictive drug consumption and promoting recovery.\"\nOne in five adult Americans, or 48 million people, have a diagnosis of a substance use disorder. Alcohol use disorder affects over 28 million adults in the United States , yet current treatment options remain limited. There are 1.2 million patients with cocaine use disorder, where no medical treatment options are available. ANS-858 is designed to provide a targeted, pharmacological approach to modulating dopamine biosynthesis in the brain without affecting basal levels, offering a novel alternative to existing therapies.\nAmygdala Neurosciences plans to submit an Investigational New Drug (IND) application to the U.S. Food and Drug Administration (FDA) and advance ANS-858 into Phase 1 clinical trial.\nAmygdala Neurosciences to present at the Research Society on Alcohol.\nThe Annual Scientific Meeting of the Research Society on Alcohol (RSA) aims to bring together alcohol researchers from various disciplines to share their latest findings and stay updated on new research developments. It fosters both professional and personal interactions in a collaborative environment. The meeting is being held in New Orleans, LA , June 21-25, 2025 .\nAbout ANS-858\nANS-858, a proprietary new chemical entity, works in the brain's 'neural interface between motivation and action' to reduce the dopamine surge responsible for craving. Inhibition of ALDH2 has been shown to reduce drug seeking behavior in preclinical studies against multiple addictive agents and has the potential for use as pharmacotherapy for substance use disorders (SUD), binge-eating, and anxiety. Amygdala Neurosciences is developing ANS-858 for the safe treatment of SUD that includes alcohol and cocaine use disorders.\nAbout Amygdala Neurosciences, Inc .\nAmygdala Neurosciences is developing ANS-858 to curb craving. Its mission is to treat individuals who experience harmful cravings associated with chemicals of addiction and food. The company was formed based on technology discovered and developed by members of the companies' leadership team while at CV Therapeutics and acquired from Gilead Sciences.\nResearch reported in this press release was supported by the National Institute On Alcohol Abuse And Alcoholism of the National Institutes of Health under Award Numbers U43AA030689 and R43AA029311. The content is solely the responsibility of the authors and does not necessarily represent the official views of the National Institutes of Health.\nhttp://www.amygns.com\nSOURCE Amygdala Neurosciences Inc.\nWANT YOUR COMPANY'S NEWS FEATURED ON PRNEWSWIRE.COM? 440k+\nNewsrooms &\nInfluencers 9k+\nDigital Media\nOutlets 270k+\nJournalists\nOpted In GET STARTED",
    "highlightText": "",
    "highlightTitle": "",
    "highlightThreadTitle": "",
    "language": "english",
    "sentiment": "positive",
    "categories": [
        "Health",
        "Science and Technology",
        "Economy, Business and Finance"
    ],
    "topics": [
        "Health->health organisation",
        "Health->health treatment and procedure",
        "Health->drug rehabilitation",
        "Science and Technology->medical research",
        "Science and Technology->biomedical science",
        "Economy, Business and Finance->business governance",
        "Economy, Business and Finance->healthcare industry"
    ],
    "ai_allow": true,
    "has_canonical": false,
    "breaking": false,
    "webz_reporter": false,
    "external_links": [
        "http://www.amygns.com",
        "https://c212.net/c/link/?t=0&l=en&o=4392483-1&h=2867346153&u=http%3A%2F%2Fwww.amygns.com%2F&a=http%3A%2F%2Fwww.amygns.com",
        "https://www.c212.net/c/link/?t=0&l=en&o=4392483-1&h=2867346153&u=http%3A%2F%2Fwww.amygns.com%2F&a=http%3A%2F%2Fwww.amygns.com",
        "http://amygns.com",
        "https://c212.net/c/link/"
    ],
    "entities": {
        "persons": [
            {
                "name": "ALDH2",
                "sentiment": "neutral"
            },
            {
                "name": "Brent K Blackburn",
                "sentiment": "neutral"
            }
        ],
        "locations": [
            {
                "name": "SAN FRANCISCO",
                "sentiment": "positive"
            },
            {
                "name": "SUD",
                "sentiment": "positive"
            },
            {
                "name": "the United States",
                "sentiment": "negative"
            },
            {
                "name": "New Orleans",
                "sentiment": "neutral"
            },
            {
                "name": "LA",
                "sentiment": "neutral"
            }
        ],
        "organizations": [
            {
                "name": "Amygdala Neurosciences, Inc.",
                "sentiment": "positive",
                "tickers": []
            },
            {
                "name": "the Research Society on Alcohol",
                "sentiment": "neutral",
                "tickers": []
            },
            {
                "name": "Investigational New Drug (IND",
                "sentiment": "neutral",
                "tickers": []
            },
            {
                "name": "the U.S. Food and Drug Administration",
                "sentiment": "neutral",
                "tickers": []
            },
            {
                "name": "FDA",
                "sentiment": "neutral",
                "tickers": []
            },
            {
                "name": "RSA",
                "sentiment": "neutral",
                "tickers": []
            },
            {
                "name": "CV Therapeutics",
                "sentiment": "neutral",
                "tickers": []
            },
            {
                "name": "Gilead Sciences",
                "sentiment": "neutral",
                "tickers": []
            },
            {
                "name": "the National Institute On Alcohol Abuse And Alcoholism of the National Institutes of Health under Award Numbers U43AA030689 and R43AA029311",
                "sentiment": "neutral",
                "tickers": []
            },
            {
                "name": "Amygdala Neurosciences Inc.",
                "sentiment": "neutral",
                "tickers": []
            },
            {
                "name": "Newsrooms &",
                "sentiment": "neutral",
                "tickers": []
            },
            {
                "name": "Digital Media",
                "sentiment": "neutral",
                "tickers": []
            }
        ]
    },
    "syndication": {
        "syndicated": false,
        "syndicate_id": null,
        "first_syndicated": false
    },
    "trust": {
        "categories": [],
        "bias": null
    },
    "rating": null,
    "crawled": "2025-04-03T00:43:19.287+03:00",
    "updated": "2025-04-03T00:43:19.287+03:00"
}