{
    "thread": {
        "uuid": "ab20c2e7012208273d4156f92fcb545552b5e6ff",
        "url": "https://www.businesswire.com/news/home/20250402044095/en/Astronics-Announces-the-Innovative-SkyShow-Server-A-New-Standard-in-In-Cabin-Moving-Map-Technology",
        "site_full": "www.businesswire.com",
        "site": "businesswire.com",
        "site_section": "https://news.google.com/search?q=in%20when%3A1h&hl=en-US&gl=US&ceid=US%3Aen",
        "site_categories": [
            "jewelry_making",
            "media",
            "hobbies_and_interests",
            "finance",
            "financial_news"
        ],
        "section_title": "Google News - Search",
        "site_title": "Business Wire | Home",
        "title": "Astronics Announces the Innovative SkyShow Server: A New Standard in In-Cabin Moving Map Technology",
        "title_full": "Astronics Announces the Innovative SkyShow Server: A New Standard in In-Cabin Moving Map Technology",
        "published": "2025-04-03T00:05:00.000+03:00",
        "replies_count": 0,
        "participants_count": 1,
        "site_type": "news",
        "country": "US",
        "main_image": "https://mms.businesswire.com/media/20250402044095/en/2428577/22/Astronics-SkyShow-Server_2400_04_01_2025.jpg",
        "performance_score": 0,
        "domain_rank": 295,
        "domain_rank_updated": "2025-04-01T00:00:00.000+03:00",
        "licensing_agency": [],
        "social": {
            "facebook": {
                "likes": 0,
                "comments": 0,
                "shares": 0
            },
            "vk": {
                "shares": 0
            }
        }
    },
    "uuid": "ab20c2e7012208273d4156f92fcb545552b5e6ff",
    "url": "https://www.businesswire.com/news/home/20250402044095/en/Astronics-Announces-the-Innovative-SkyShow-Server-A-New-Standard-in-In-Cabin-Moving-Map-Technology",
    "ord_in_thread": 0,
    "author": "For more information, contact:",
    "published": "2025-04-03T00:05:00.000+03:00",
    "title": "Astronics Announces the Innovative SkyShow Server: A New Standard in In-Cabin Moving Map Technology",
    "text": "Astronics Announces the Innovative SkyShow Server: A New Standard in In-Cabin Moving Map Technology\nAstronics Announces the Innovative SkyShow Server: A New Standard in In-Cabin Moving Map Technology\nDelivering seamless integration, 4K resolution, and an immersive passenger experience\nEAST AURORA, N.Y.--(BUSINESS WIRE)--Astronics Corporation (Nasdaq: ATRO), a leading provider of advanced technologies for the global aerospace, defense, and other mission-critical industries, today launched the SkyShow Server, an advanced moving map system developed by Astronics CSC in collaboration with FlightPath3D. Designed for seamless integration into both new and existing aircraft cabins, SkyShow Server delivers stunning 4K-resolution visuals, enhancing the in-flight experience.\nDeveloped with FlightPath3D's premier software, the SkyShow Server is an ideal solution for airlines seeking to modernize outdated moving map systems. It provides a high-performance, interactive experience, allowing passengers to explore real-time flight data and immersive visuals directly from their personal devices. This next-generation technology transforms in-flight entertainment, creating a more dynamic and engaging journey.\n“SkyShow Server represents a major leap forward in in-cabin moving map technology, offering customers a seamless upgrade path and passengers an unparalleled, immersive flight experience,” said Mike Kuehn, President of Astronics CSC. “We are proud to work with FlightPath3D to deliver a product that meets the high expectations of modern travelers.”\n“Our strong partnership with Astronics has led to the creation of a best-in-class solution for the moving map marketplace,” said Boris Veksler, Chief Executive Officer of FlightPath3D. “The new SkyShow Server from Astronics, running our FlightPath3D software, exemplifies the innovation and excellence that both companies strive to achieve. We’re excited about the future and look forward to a long and prosperous relationship.”\nThe system is highly configurable to meet cohesive branding and experience objectives, allowing personalization of colors, icons, and layouts, with over 50,000 Points of Interest (POI) pins for destination exploration. It features touch controls, augmented reality views, and real-time flight data, offering modes like tracking the plane’s journey, 360° aircraft views, cockpit perspectives, and a \"flying-over-places\" feature for an immersive passenger experience.\nIntegration of the SkyShow Server is seamless, featuring a comprehensive set of essential interfaces, including 3G HD SDI and 4K HDMI outputs, RS232 controller interface, RS232 and ARINC 429 flight data ports, multiple discrete inputs/outputs, digital/analog audio outputs, and an Ethernet aircraft interface.\nThis innovative solution sets a new industry benchmark for seamless in-cabin integration and leading-edge customer experiences. The SkyShow Server is expected to be fully certified and available by Q3 2025, with orders now being accepted.\nABOUT ASTRONICS CORPORATION\nAstronics Corporation (Nasdaq: ATRO) serves the world's aerospace, defense, and other mission-critical industries with proven innovative technology solutions. Astronics works side-by-side with customers, integrating its array of power, connectivity, lighting, structures, interiors, and test technologies to solve complex challenges. For over 50 years, Astronics has delivered creative, customer-focused solutions with exceptional responsiveness. Today, global airframe manufacturers, airlines, military branches, completion centers, and Fortune 500 companies rely on the collaborative spirit and innovation of Astronics. The Company's strategy is to increase its value by developing technologies and capabilities that provide innovative solutions to its targeted markets.\nFor more information on Astronics and its solutions, visit Astronics.com.\nABOUT FlightPath3D\nFlightPath3D is the aviation industry's #1 map and trusted co-pilot on a mission to guide every flying passenger with personalized, immersive experiences. The ultimate flight companion, FlightPath3D helps travelers discover destinations, explore flights, plan their next adventure, and track any journey in real-time. FlightPath3D's portfolio of products - including 3D Flight Tracker, Destination Guide, and WhereWeFly - are at the forefront of digital map innovation creating interactive inflight experiences that allow passengers to explore and plan what to do in their destinations with ease. From seatback systems to mobile applications, solutions are flexible and easy to integrate across any aircraft, platform, or device. The expansive technology suite extends to over 80 airline, airport, and business aviation partners serving over 400 million passengers every year. FlightPath3D is headquartered in Lake Forest, California.\nFor more information on FlightPath3D, visit FlightPath3D.\nContacts\nFor more information, contact:\nCompany\nNancy L. Hedges, CFO\nAstronics Corporation\nT: 716.805.1599 x 159\ndpawlowski@allianceadvisors.com\nInvestors\nDeborah K. Pawlowski\nAlliance Advisors LLC\nT: 716.843.3908\nAstronics CSC Contact:\nBrian Smisek\nSenior Manager Business Development\nBrian.Smisek@astronics.com\nAstronics Corporation Reports 2024 Fourth Quarter and Full Year Financial Results\nBUSINESS WIRE)--Astronics Corporation (Nasdaq: ATRO) Reports 2024 Fourth Quarter and Full Year Financial Results...\nAstronics Corporation Announces Fourth Quarter and Fiscal Year 2024 Financial Results Conference Call and Webcast\nBUSINESS WIRE)--Astronics Corporation (Nasdaq: ATRO), a leading provider of advanced technologies for global aerospace, defense and other mission critical industries, announced that it will release its fourth quarter and fiscal year 2024 financial results after the close of financial markets on Tuesday, March 4, 2025. The Company will host a conference call and webcast that same day to review its financial and operating results and discuss its corporate strategies and outloo...\nAstronics Corporation Announces Damages Ruling on Lufthansa Technik Intellectual Property Case in United Kingdom\nBUSINESS WIRE)--Astronics Corporation (Nasdaq: ATRO) Announces Damages Ruling on Lufthansa Technik Intellectual Property Case in United Kingdom...",
    "highlightText": "",
    "highlightTitle": "",
    "highlightThreadTitle": "",
    "language": "english",
    "sentiment": "positive",
    "categories": [
        "Science and Technology",
        "Economy, Business and Finance",
        "Lifestyle and Leisure"
    ],
    "topics": [
        "Science and Technology->scientific innovation",
        "Science and Technology->technology and engineering",
        "Economy, Business and Finance->products and services",
        "Economy, Business and Finance->business strategy and marketing",
        "Economy, Business and Finance->consumer goods",
        "Lifestyle and Leisure->lifestyle",
        "Lifestyle and Leisure->travel and tourism"
    ],
    "ai_allow": true,
    "has_canonical": false,
    "breaking": true,
    "webz_reporter": false,
    "external_links": [],
    "entities": {
        "persons": [
            {
                "name": "Boris Veksler",
                "sentiment": "positive"
            },
            {
                "name": "Mike Kuehn",
                "sentiment": "neutral"
            },
            {
                "name": "Nancy L. Hedges",
                "sentiment": "neutral"
            },
            {
                "name": "Deborah K. Pawlowski",
                "sentiment": "neutral"
            },
            {
                "name": "Brian Smisek",
                "sentiment": "neutral"
            }
        ],
        "locations": [
            {
                "name": "EAST AURORA",
                "sentiment": "neutral"
            },
            {
                "name": "Lake Forest",
                "sentiment": "neutral"
            },
            {
                "name": "California",
                "sentiment": "neutral"
            },
            {
                "name": "United Kingdom",
                "sentiment": "neutral"
            }
        ],
        "organizations": [
            {
                "name": "Company",
                "sentiment": "positive",
                "tickers": []
            },
            {
                "name": "Astronics.com",
                "sentiment": "positive",
                "tickers": []
            },
            {
                "name": "N.Y.--(BUSINESS WIRE)--Astronics Corporation",
                "sentiment": "neutral",
                "tickers": []
            },
            {
                "name": "Integration of the SkyShow Server",
                "sentiment": "neutral",
                "tickers": []
            },
            {
                "name": "G HD SDI",
                "sentiment": "neutral",
                "tickers": []
            },
            {
                "name": "K HDMI",
                "sentiment": "neutral",
                "tickers": []
            },
            {
                "name": "RS232",
                "sentiment": "neutral",
                "tickers": []
            },
            {
                "name": "ARINC 429",
                "sentiment": "neutral",
                "tickers": []
            },
            {
                "name": "digital",
                "sentiment": "neutral",
                "tickers": []
            },
            {
                "name": "FlightPath3D",
                "sentiment": "neutral",
                "tickers": []
            },
            {
                "name": "3D Flight Tracker",
                "sentiment": "neutral",
                "tickers": []
            },
            {
                "name": "Destination Guide",
                "sentiment": "neutral",
                "tickers": []
            },
            {
                "name": "CFO\nAstronics Corporation",
                "sentiment": "neutral",
                "tickers": []
            },
            {
                "name": "Alliance Advisors",
                "sentiment": "neutral",
                "tickers": []
            },
            {
                "name": "Astronics CSC Contact",
                "sentiment": "neutral",
                "tickers": []
            },
            {
                "name": "Lufthansa Technik Intellectual Property Case",
                "sentiment": "neutral",
                "tickers": []
            }
        ]
    },
    "syndication": {
        "syndicated": false,
        "syndicate_id": null,
        "first_syndicated": false
    },
    "trust": {
        "categories": [],
        "bias": null
    },
    "rating": null,
    "crawled": "2025-04-03T00:11:41.989+03:00",
    "updated": "2025-04-03T00:11:41.989+03:00"
}