{
    "thread": {
        "uuid": "46e83dc5b907effe47f0e9d192ee7e9f4f44a68b",
        "url": "https://www.biobiochile.cl/noticias/ciencia-y-tecnologia/adelantos/2025/04/02/apple-intelligence-estrena-su-version-en-espanol-la-actualizacion-llega-a-iphone-ipad-y-mac.shtml",
        "site_full": "www.biobiochile.cl",
        "site": "biobiochile.cl",
        "site_section": "https://www.biobiochile.cl",
        "site_categories": [
            "computer_networking",
            "tech",
            "top_news_cl",
            "top_news_pe",
            "top_news"
        ],
        "section_title": "BioBioChile - La Red de Prensa Más Grande de Chile",
        "site_title": "BioBioChile - La Red de Prensa Más Grande de Chile",
        "title": "Apple Intelligence estrena su versión en español: la actualización llega a iPhone, iPad y Mac | Ciencia y Tecnología | BioBioChile",
        "title_full": "Apple Intelligence estrena su versión en español: la actualización llega a iPhone, iPad y Mac | Ciencia y Tecnología | BioBioChile",
        "published": "2025-04-03T00:27:00.000+03:00",
        "replies_count": 0,
        "participants_count": 1,
        "site_type": "news",
        "country": "CL",
        "main_image": "https://media.biobiochile.cl/wp-content/uploads/2025/04/social-apple-intelligence-cl-hero-1200x633.jpg",
        "performance_score": 0,
        "domain_rank": 12503,
        "domain_rank_updated": "2025-04-01T00:00:00.000+03:00",
        "licensing_agency": [],
        "social": {
            "facebook": {
                "likes": 0,
                "comments": 0,
                "shares": 0
            },
            "vk": {
                "shares": 0
            }
        }
    },
    "uuid": "46e83dc5b907effe47f0e9d192ee7e9f4f44a68b",
    "url": "https://www.biobiochile.cl/noticias/ciencia-y-tecnologia/adelantos/2025/04/02/apple-intelligence-estrena-su-version-en-espanol-la-actualizacion-llega-a-iphone-ipad-y-mac.shtml",
    "ord_in_thread": 0,
    "author": "Gustavo Donat Sandoval",
    "published": "2025-04-03T00:27:00.000+03:00",
    "title": "Apple Intelligence estrena su versión en español: la actualización llega a iPhone, iPad y Mac | Ciencia y Tecnología | BioBioChile",
    "text": "Ciencia y Tecnología > Noticia\nApple Intelligence estrena su versión en español: la actualización llega a iPhone, iPad y Mac\nVER RESUMEN\nApple lanzó la actualización de iOS 18, iPadOS 18 y macOS Sequoia con la versión en español de Apple Intelligence. Presenta herramientas de escritura que mejoran, reescriben y resumen texto. Image Playground ofrece crear imágenes a partir de descripciones. Genmoji permite inventar emojis personalizados. Además, la inteligencia visual llega al iPhone para detectar información del entorno. Destaca la privacidad en el procesamiento de datos. Disponible para iPhone 15 Pro, 16, iPad con chip M1 y Mac con chip M1 en adelante.\nRevisa nuestra página de correcciones",
    "highlightText": "",
    "highlightTitle": "",
    "highlightThreadTitle": "",
    "language": "spanish",
    "sentiment": "positive",
    "categories": [
        "Science and Technology"
    ],
    "topics": [
        "Science and Technology->scientific publication",
        "Science and Technology->information technology and computer science",
        "Science and Technology->technology and engineering"
    ],
    "ai_allow": true,
    "has_canonical": false,
    "breaking": true,
    "webz_reporter": false,
    "external_links": [],
    "entities": {
        "persons": [],
        "locations": [
            {
                "name": "Tecnología > Noticia",
                "sentiment": "neutral"
            },
            {
                "name": "Mac\nVER",
                "sentiment": "neutral"
            },
            {
                "name": "iOS 18",
                "sentiment": "neutral"
            },
            {
                "name": "iPadOS",
                "sentiment": "neutral"
            },
            {
                "name": "Sequoia",
                "sentiment": "neutral"
            },
            {
                "name": "Image Playground",
                "sentiment": "neutral"
            },
            {
                "name": "Genmoji",
                "sentiment": "neutral"
            },
            {
                "name": "iPhone 15 Pro",
                "sentiment": "neutral"
            },
            {
                "name": "M1",
                "sentiment": "neutral"
            }
        ],
        "organizations": [
            {
                "name": "Apple Intelligence",
                "sentiment": "neutral",
                "tickers": []
            }
        ]
    },
    "syndication": {
        "syndicated": null,
        "syndicate_id": null,
        "first_syndicated": false
    },
    "trust": {
        "categories": [],
        "bias": null
    },
    "rating": null,
    "crawled": "2025-04-03T00:36:54.707+03:00",
    "updated": "2025-04-03T00:36:54.707+03:00"
}