{
    "thread": {
        "uuid": "ee8ffbe99c7bcaa6312dcac0d5080774b4979d37",
        "url": "https://money.mymotherlode.com/clarkebroadcasting.mymotherlode/article/prlog-2025-4-2-unlock-the-future-of-cybersecurity-at-the-openssl-conference-2025-in-prague",
        "site_full": "money.mymotherlode.com",
        "site": "mymotherlode.com",
        "site_section": "https://money.mymotherlode.com/clarkebroadcasting.mymotherlode/markets/news",
        "site_categories": [
            "media"
        ],
        "section_title": "Stock Market News | NSDQ, NYSE, and AMEX Stock Market News, Market News Categories, Market Indicators | Financial News | myMotherLode.com ",
        "site_title": null,
        "title": "Unlock the Future of Cybersecurity at the OpenSSL Conference 2025 in Prague",
        "title_full": "Unlock the Future of Cybersecurity at the OpenSSL Conference 2025 in Prague",
        "published": "2025-04-03T00:41:00.000+03:00",
        "replies_count": 0,
        "participants_count": 1,
        "site_type": "news",
        "country": "US",
        "main_image": "",
        "performance_score": 0,
        "domain_rank": 31305,
        "domain_rank_updated": "2025-04-01T00:00:00.000+03:00",
        "licensing_agency": [],
        "social": {
            "facebook": {
                "likes": 0,
                "comments": 0,
                "shares": 0
            },
            "vk": {
                "shares": 0
            }
        }
    },
    "uuid": "ee8ffbe99c7bcaa6312dcac0d5080774b4979d37",
    "url": "https://money.mymotherlode.com/clarkebroadcasting.mymotherlode/article/prlog-2025-4-2-unlock-the-future-of-cybersecurity-at-the-openssl-conference-2025-in-prague",
    "ord_in_thread": 0,
    "author": "PRLog",
    "published": "2025-04-03T00:41:00.000+03:00",
    "title": "Unlock the Future of Cybersecurity at the OpenSSL Conference 2025 in Prague",
    "text": "Unlock the Future of Cybersecurity at the OpenSSL Conference 2025 in Prague By: PRLog April 02, 2025 at 17:41 PM EDT NEWARK, Del. - April 2, 2025 - PRLog -- The OpenSSL Corporation and the OpenSSL Foundation are proud to announce the OpenSSL Conference 2025 , taking place from October 7 to 9, 2025 , in Prague, Czech Republic , at the Vienna House by Wyndham Diplomat Prague. This landmark event will bring together a global community of cryptography experts, legal professionals, developers, and open-source contributors for three days of in-depth discussions, technical insights, and cross-disciplinary networking .\nCall for Papers Open Now!\nDo you have real-world experience, new research, or unique insights related to the OpenSSL Library?\nSubmit your proposal by May 31, 2025 to help shape the agenda of this inaugural conference.\nSubmit Your Proposal Now\n\"The first-ever OpenSSL Conference brings our global community together to shape the future of open-source security. With four focused tracks and unique evening events in Prague, it is a chance to learn, connect, and celebrate the impact of the OpenSSL Library.\"\n— Tim Hudson, President, OpenSSL Corporation\n\"The OpenSSL Conference will be a unique opportunity to meet up with and hear speakers from a broad array of backgrounds who are experts in the cryptography and security field. This Conference is ideal for a wide range of professionals and open source enthusiasts alike.\"\n— Matt Caswell, President, OpenSSL Foundation\nFor more details and information, visit the OpenSSL Conference web or email us at info@openssl-conference.org .\nContact\nOpenSSL Corporation\n***@openssl.org\nPhotos: (Click photo to enlarge)\nSource: OpenSSL Corporation\nRead Full Story - Unlock the Future of Cybersecurity at the OpenSSL Conference 2025 in Prague | More news from this source\nPress release distribution by PRLog",
    "highlightText": "",
    "highlightTitle": "",
    "highlightThreadTitle": "",
    "language": "english",
    "sentiment": "positive",
    "categories": [
        "Science and Technology",
        "Economy, Business and Finance",
        "Social Issue"
    ],
    "topics": [
        "Science and Technology->scientific innovation",
        "Science and Technology->information technology and computer science",
        "Science and Technology->technology and engineering",
        "Economy, Business and Finance->computing and information technology",
        "Economy, Business and Finance->business strategy and marketing",
        "Social Issue->social networking",
        "Social Issue->communities"
    ],
    "ai_allow": true,
    "has_canonical": false,
    "breaking": false,
    "webz_reporter": false,
    "external_links": [
        "https://openssl-foundation.org/",
        "https://www.prlog.org",
        "https://www.prlog.org/13069673-unlock-the-future-of-cybersecurity-at-the-openssl-conference-2025-in-prague.html",
        "https://openssl-conference.org",
        "https://openssl-corporation.org/",
        "https://fonts.googleapis.com/css2?family=Open+Sans+Condensed:wght@700&display=swap",
        "https://tracking.newsrpm.com/pixel?slug=prlog-2025-4-2-unlock-the-future-of-cybersecurity-at-the-openssl-conference-2025-in-prague",
        "https://openssl-conference.org/become-a-speaker/#sectionLink",
        "https://openssl-conference.org/",
        "https://pressroom.prlog.org/openssl/",
        "https://www.prlog.org/email-contact.html#13069673",
        "https://fonts.googleapis.com/css2?family=Open+Sans&display=swap",
        "https://www.fonts.googleapis.com/css2?family=Open+Sans&display=swap",
        "https://openssl-conference.org",
        "https://www.fonts.googleapis.com/css2?family=Open+Sans+Condensed:wght@700&display=swap",
        "https://www.pressroom.prlog.org/openssl/",
        "https://prlog.org",
        "https://www.openssl-conference.org/",
        "https://www.openssl-foundation.org/",
        "https://prlog.org/email-contact.html#13069673",
        "https://www.tracking.newsrpm.com/pixel?slug=prlog-2025-4-2-unlock-the-future-of-cybersecurity-at-the-openssl-conference-2025-in-prague",
        "https://www.openssl-conference.org",
        "https://pressroom.prlog.org/openssl",
        "https://openssl-corporation.org",
        "https://www.openssl-corporation.org/",
        "https://fonts.googleapis.com/css2",
        "https://prlog.org/13069673-unlock-the-future-of-cybersecurity-at-the-openssl-conference-2025-in-prague.html",
        "https://www.openssl-conference.org/become-a-speaker/#sectionLink",
        "https://tracking.newsrpm.com/pixel",
        "https://openssl-foundation.org"
    ],
    "entities": {
        "persons": [
            {
                "name": "Matt Caswell",
                "sentiment": "positive"
            },
            {
                "name": "Tim Hudson",
                "sentiment": "neutral"
            }
        ],
        "locations": [
            {
                "name": "NEWARK",
                "sentiment": "positive"
            },
            {
                "name": "Del.",
                "sentiment": "positive"
            },
            {
                "name": "Czech Republic",
                "sentiment": "positive"
            },
            {
                "name": "Wyndham",
                "sentiment": "positive"
            },
            {
                "name": "Prague",
                "sentiment": "neutral"
            }
        ],
        "organizations": [
            {
                "name": "the OpenSSL Foundation",
                "sentiment": "positive",
                "tickers": []
            },
            {
                "name": "info@openssl-conference.org",
                "sentiment": "positive",
                "tickers": []
            },
            {
                "name": "the Future of Cybersecurity",
                "sentiment": "neutral",
                "tickers": []
            },
            {
                "name": "Call for Papers Open Now",
                "sentiment": "neutral",
                "tickers": []
            }
        ]
    },
    "syndication": {
        "syndicated": false,
        "syndicate_id": null,
        "first_syndicated": false
    },
    "trust": {
        "categories": [
            "fake_news"
        ],
        "bias": null
    },
    "rating": null,
    "crawled": "2025-04-03T00:53:40.423+03:00",
    "updated": "2025-04-03T00:53:40.423+03:00"
}