{
    "thread": {
        "uuid": "c45ad84fefe4090035fa99eed65487f5eda78ae6",
        "url": "https://be.vnexplorer.net/r/17883.html",
        "site_full": "be.vnexplorer.net",
        "site": "vnexplorer.net",
        "site_section": "https://vnexplorer.net/latest",
        "site_categories": [],
        "section_title": "Verified News Explorer Network",
        "site_title": null,
        "title": "La Finlande émerge en tant que plaque tournante européenne pour les technologies de la défense - VNExplorer",
        "title_full": "La Finlande émerge en tant que plaque tournante européenne pour les technologies de la défense - VNExplorer",
        "published": "2025-04-03T00:07:00.000+03:00",
        "replies_count": 0,
        "participants_count": 1,
        "site_type": "news",
        "country": "BE",
        "main_image": "https://be.vnexplorer.net/media/id/aHR0cHM6Ly9pbWctcy1tc24tY29tLmFrYW1haXplZC5uZXQvdGVuYW50L2FtcC9lbnRpdHlpZC9BQTFxSWhpMC5pbWc,",
        "performance_score": 0,
        "domain_rank": 42333,
        "domain_rank_updated": "2025-04-01T00:00:00.000+03:00",
        "licensing_agency": [],
        "social": {
            "facebook": {
                "likes": 0,
                "comments": 0,
                "shares": 0
            },
            "vk": {
                "shares": 0
            }
        }
    },
    "uuid": "c45ad84fefe4090035fa99eed65487f5eda78ae6",
    "url": "https://be.vnexplorer.net/r/17883.html",
    "ord_in_thread": 0,
    "author": "VNExplorer",
    "published": "2025-04-03T00:07:00.000+03:00",
    "title": "La Finlande émerge en tant que plaque tournante européenne pour les technologies de la défense - VNExplorer",
    "text": "La Finlande émerge en tant que plaque tournante européenne pour les technologies de la défensePrincipaux renseignements Les entreprises finlandaises contribuent à l’essor du secteur des technologies de défense du pays grâce à des produits innovants. Les technologies de défense sont devenues une opportunité d’investissement intéressante en Finlande en raison de l’évolution du paysage géopolitique. Un écosystème technologique solide et le soutien du gouvernement ont favorisé la recherche et le développement dans le secteur. Le casque de Varjo, une entreprise finlandaise spécialisée dans les technologies de défense, ressemble à des lunettes de sécurité. Il intègre des caméras, une technologie de suivi oculaire et de l’électronique pour simuler des scénarios militaires à fort enjeu. La précision est primordiale dans son travail, car chaque élément influe sur l’efficacité du produit final. Varjo, comme des centaines d’autres entreprises finlandaises, contribue à l’essor du secteur des technologies de défense du pays. Helsinki est devenu un centre européen de premier plan pour l’investissement dans la défense, la sécurité et la résilience. Demande de technologies de défense Les casques avancés de Varjo offrent 80 programmes de simulation aux forces de l’OTAN, surpassant la réalité virtuelle conventionnelle en intégrant des environnements réels à un contenu synthétique. C’est ce que rapporte la BBC. Cette expérience de « réalité mixte » réduit considérablement le temps et le coût des méthodes de formation traditionnelles. L’entreprise a suscité un intérêt considérable à la suite de l’invasion de l’Ukraine par la Russie et de l’adhésion de la Finlande à l’OTAN qui s’en est suivie. Avant le conflit, les investisseurs hésitaient souvent à soutenir les technologies ayant des applications militaires en raison de préoccupations sociales et environnementales. Toutefois, l’évolution du paysage géopolitique a inversé cette tendance, faisant des technologies de défense un investissement intéressant. Environnement entrepreneurial finlandais D’autres start-ups finlandaises connaissent également une croissance rapide. Iceye fournit des services d’imagerie et de données satellitaires à haute résolution, tandis que Reorbit propose des solutions logicielles pour les satellites. Distance Technologies, soutenue par Google, développe des technologies immersives qui sont testées sur des véhicules blindés par Patria, une ancienne entreprise de défense finlandaise. Le succès des entreprises finlandaises de technologie de défense est renforcé par la prospérité de la scène technologique générale du pays. De nombreux entrepreneurs ont acquis de l’expérience chez Nokia, l’ancien géant de la téléphonie mobile, avant de se lancer dans de nouvelles entreprises. Helsinki a également donné naissance à des licornes comme Oura et Supercell, démontrant ainsi le potentiel entrepreneurial de la ville. Business Finland, une agence gouvernementale, soutient activement le secteur des technologies de la défense par le biais d’un programme de 120 millions d’euros visant à encourager la recherche et le développement. Cette collaboration public-privé souligne l’urgence de faire progresser la position de la Finlande dans ce domaine qui évolue rapidement. Si vous souhaitez accéder à tous les articles, abonnez-vous ici!",
    "highlightText": "",
    "highlightTitle": "",
    "highlightThreadTitle": "",
    "language": "french",
    "sentiment": "positive",
    "categories": [
        "Science and Technology",
        "Politics"
    ],
    "topics": [
        "Science and Technology->technology and engineering",
        "Politics->economic policy",
        "Politics->defence",
        "Politics->international relations"
    ],
    "ai_allow": true,
    "has_canonical": false,
    "breaking": false,
    "webz_reporter": false,
    "external_links": [],
    "entities": {
        "persons": [],
        "locations": [],
        "organizations": []
    },
    "syndication": {
        "syndicated": null,
        "syndicate_id": null,
        "first_syndicated": false
    },
    "trust": {
        "categories": [],
        "bias": null
    },
    "rating": null,
    "crawled": "2025-04-03T00:37:53.168+03:00",
    "updated": "2025-04-03T00:37:53.168+03:00"
}