{
    "thread": {
        "uuid": "9c5d6f6c491c9d27be74bc85fa45214ac0f1fd7d",
        "url": "https://www.ethnews.com/crypto-boom-3-coins-that-may-2x-in-the-coming-weeks",
        "site_full": "www.ethnews.com",
        "site": "ethnews.com",
        "site_section": "https://www.ethnews.com",
        "site_categories": [
            "finance"
        ],
        "section_title": "ETHNews: Live 24/7 Updates on Bitcoin, Ethereum, XRP, and Crypto",
        "site_title": "ETHNews: Live 24/7 Updates on Bitcoin, Ethereum, XRP, and Crypto",
        "title": "Crypto Boom: 3 Coins That May 2x in the Coming Weeks",
        "title_full": "Crypto Boom: 3 Coins That May 2x in the Coming Weeks",
        "published": "2025-04-03T00:15:00.000+03:00",
        "replies_count": 0,
        "participants_count": 1,
        "site_type": "news",
        "country": "IN",
        "main_image": "https://www.ethnews.com/wp-content/uploads/2025/03/Picture17.webp",
        "performance_score": 0,
        "domain_rank": 117906,
        "domain_rank_updated": "2025-04-01T00:00:00.000+03:00",
        "licensing_agency": [],
        "social": {
            "facebook": {
                "likes": 0,
                "comments": 0,
                "shares": 0
            },
            "vk": {
                "shares": 0
            }
        }
    },
    "uuid": "9c5d6f6c491c9d27be74bc85fa45214ac0f1fd7d",
    "url": "https://www.ethnews.com/crypto-boom-3-coins-that-may-2x-in-the-coming-weeks",
    "ord_in_thread": 0,
    "author": "Glory Kaburu",
    "published": "2025-04-03T00:15:00.000+03:00",
    "title": "Crypto Boom: 3 Coins That May 2x in the Coming Weeks",
    "text": "- Bitcoin, Ripple, and Solana show strong signs of growth, with the potential to double in value amid improving market signals.\n- Solana upgrade and ETF hopes for XRP boost investor optimism as BTC eyes key technical breakouts above resistance.\nThe cryptocurrency market has faced significant volatility recently. Bitcoin (BTC) fell to $81,100 after climbing to $88,000.The global crypto market cap also dropped from $3 trillion to $2.8 trillion in March.\nEthereum (ETH) also maintained a slight edge over Bitcoin, trading at $1,876 as of Wednesday. However, these three cryptocurrencies are now positioned for a possible 2x move in the coming weeks.\n1. Bitcoin (BTC): Is a Breakout Rally on the Horizon?\nBitcoin has seen a 22.7% drop from its all-time high of $108,786, yet market sentiment remains cautiously optimistic. According to ETHNews, some analysts predict a long-term rise to $150,000, with even higher targets like a $100 trillion market cap for the crypto.\nOn Wednesday, Bitcoin remained mostly flat as markets awaited U.S. President Donald Trump’s tariff announcement. The event, set for April 2 at 4 p.m. Eastern Time, has been dubbed “Liberation Day” by the White House. The expected announcement has caused unease across global markets, with European stocks trending lower and Wall Street firms bracing for volatility, according to Bloomberg.\n— The White House (@WhiteHouse)\n[March 25, 2025]\nEarlier this week, Bitcoin briefly touched $85,000 before dipping to $81,188, later rebounding and gaining 3.19% in 24 hours. This price movement, while volatile, has highlighted the bulls’ defense of key support levels.\nAli Martinez, a well-known crypto analyst, noted that BTC is approaching two critical moving averages. A breakout above the 200-day MA at $86,200 and the 50-day MA at $88,300 could signal renewed bullish momentum.\nMeanwhile, large holders have been accumulating BTC. Transfers from retail wallets to long-term custodians suggest growing confidence in holding rather than selling.\nMoreover, on-chain data has offered some reassurance. Bitcoin’s hashrate recently hit a new all-time high, signaling that miners remain committed and confident in the network’s future\n2. Ripple (XRP): The Crypto Poised for a Rally\nRipple’s XRP is gaining attention as one of the top crypto with strong growth potential in the coming months. As discussed by ETHNews, following the U.S. Securities and Exchange Commission (SEC) dropping its lawsuit against Ripple, market sentiment turned positive\nAnalysts are also watching the possibility of an XRP exchange-traded fund (ETF). The odds for a spot ETF approval on Polymarket hit 85% this week, boosting optimism among traders. Multiple analysts have echoed this projection, fueling a renewed bullish outlook.\nXRP’s price was last seen trading at $2.34, reflecting a slight 0.2% gain in the past 24 hours. Traders believe this consolidation could be the start of a broader rally. One crypto analyst, known as Dark Defender, has given a bullish forecast on X.\nBased on wave analysis, the analyst predicts XRP’s third wave will range between $5.85 and $8.076. The fifth wave, expected to follow later, could push prices even higher—possibly between $18.22 and $23.20.\nOn-chain data shows increased activity among XRP holders as Q1 closes, supporting these projections. Traders are preparing for a possible market-wide recovery, and many expect XRP to lead the altcoin sector.\n3. Solana (SOL): A Strong Contender for Growth\nSolana (SOL) has shown strong signs of recovery despite past setbacks. After reaching an all-time high of $293.31, SOL dropped over 57%, especially after the FTX collapse in 2022. The coin fell below $10 but has bounced back, showing resilience in recent months.\nIn the past 24 hours, Solana’s stablecoin supply jumped by $106.8 million. This signals rising investor interest and potential new capital flowing into the ecosystem. On-chain data shows over $100 million in SOL was bought in the last five days, with a major $89 million transaction on March 28.\nAt the same time, Solana’s network activity is growing, according to Artemis data. Between March 24 and now, the number of daily transactions rose from 87.6 million to 92.7 million, showing strong user engagement.\nIn a recent update, we covered, a proposed network upgrade is also gaining attention. The community is considering raising the per-block capacity from 48 million to 60 million compute units (CUs). If approved, this upgrade could boost scalability and potentially drive a 150% price surge in Q2 2025, with a breakout toward the $300 level.",
    "highlightText": "",
    "highlightTitle": "",
    "highlightThreadTitle": "",
    "language": "english",
    "sentiment": "positive",
    "categories": [
        "Economy, Business and Finance",
        "Social Issue",
        "Science and Technology"
    ],
    "topics": [
        "Economy, Business and Finance->financial service",
        "Economy, Business and Finance->market and exchange",
        "Economy, Business and Finance->investment and opinion pieces",
        "Social Issue->social networking",
        "Social Issue->social condition",
        "Science and Technology->economics",
        "Science and Technology->scientific research",
        "Science and Technology->technology and engineering"
    ],
    "ai_allow": true,
    "has_canonical": false,
    "breaking": false,
    "webz_reporter": false,
    "external_links": [
        "https://x.com/DefendDark/status/1906752993120424398",
        "https://www.blockchain.com/explorer/charts/hash-rate",
        "https://app.artemis.xyz/project/solana?from=chains",
        "https://www.coinglass.com/currencies/SOL",
        "https://x.com/ali_charts/status/1907129332780413335",
        "https://blockchain.com/explorer/charts/hash-rate",
        "https://www.x.com/ali_charts/status/1907129332780413335",
        "https://www.app.artemis.xyz/project/solana?from=chains",
        "https://coinglass.com/currencies/SOL",
        "https://www.x.com/DefendDark/status/1906752993120424398",
        "https://app.artemis.xyz/project/solana"
    ],
    "entities": {
        "persons": [
            {
                "name": "Donald Trump",
                "sentiment": "negative"
            },
            {
                "name": "Solana",
                "sentiment": "neutral"
            },
            {
                "name": "Bitcoin",
                "sentiment": "neutral"
            },
            {
                "name": "a Breakout Rally",
                "sentiment": "neutral"
            },
            {
                "name": "Ali Martinez",
                "sentiment": "neutral"
            },
            {
                "name": "Polymarket",
                "sentiment": "neutral"
            }
        ],
        "locations": [
            {
                "name": "U.S.",
                "sentiment": "negative"
            },
            {
                "name": "Horizon",
                "sentiment": "neutral"
            }
        ],
        "organizations": [
            {
                "name": "XRP",
                "sentiment": "negative",
                "tickers": []
            },
            {
                "name": "ETH",
                "sentiment": "negative",
                "tickers": []
            },
            {
                "name": "Bloomberg",
                "sentiment": "negative",
                "tickers": []
            },
            {
                "name": "Dark Defender",
                "sentiment": "negative",
                "tickers": []
            },
            {
                "name": "X.\nBased",
                "sentiment": "negative",
                "tickers": []
            },
            {
                "name": "ETF",
                "sentiment": "neutral",
                "tickers": []
            },
            {
                "name": "BTC",
                "sentiment": "neutral",
                "tickers": []
            },
            {
                "name": "the White House",
                "sentiment": "neutral",
                "tickers": []
            },
            {
                "name": "Rally\nRipple",
                "sentiment": "neutral",
                "tickers": []
            },
            {
                "name": "the U.S. Securities and Exchange Commission",
                "sentiment": "neutral",
                "tickers": []
            },
            {
                "name": "Q1",
                "sentiment": "neutral",
                "tickers": []
            },
            {
                "name": "SOL",
                "sentiment": "neutral",
                "tickers": []
            },
            {
                "name": "Artemis",
                "sentiment": "neutral",
                "tickers": []
            }
        ]
    },
    "syndication": {
        "syndicated": false,
        "syndicate_id": null,
        "first_syndicated": false
    },
    "trust": {
        "categories": [],
        "bias": null
    },
    "rating": null,
    "crawled": "2025-04-03T01:06:43.103+03:00",
    "updated": "2025-04-03T01:06:43.103+03:00"
}