{
    "thread": {
        "uuid": "2f312df22a278a0e75f7f8deceb1d820de68524d",
        "url": "https://globegazette.com/weather/ga-wfo-atlanta-warnings-watches-and-advisories/article_a19f6f8d-e717-5899-a2dd-97ec0f511345.html",
        "site_full": "globegazette.com",
        "site": "globegazette.com",
        "site_section": "http://globegazette.com/search/?f=rss&t=article&c=weather&l=50&s=start_time&sd=desc",
        "site_categories": [
            "media"
        ],
        "section_title": "globegazette.com - RSS Results in weather of type article",
        "title": "GA WFO ATLANTA Warnings, Watches, and Advisories",
        "title_full": "GA WFO ATLANTA Warnings, Watches, and Advisories",
        "published": "2024-05-09T14:33:00.000+03:00",
        "replies_count": 0,
        "participants_count": 1,
        "site_type": "news",
        "country": "US",
        "main_image": "https://bloximages.chicago2.vip.townnews.com/globegazette.com/content/tncms/custom/image/4a008fc8-c542-11ea-80d0-f71aedfaa0ef.jpg?resize=600%2C315",
        "performance_score": 0,
        "domain_rank": 30543,
        "domain_rank_updated": "2024-05-07T13:07:48.000+03:00",
        "reach": null,
        "social": {
            "facebook": {
                "likes": 0,
                "comments": 0,
                "shares": 0
            },
            "gplus": {
                "shares": 0
            },
            "pinterest": {
                "shares": 0
            },
            "linkedin": {
                "shares": 0
            },
            "stumbledupon": {
                "shares": 0
            },
            "vk": {
                "shares": 0
            }
        }
    },
    "uuid": "2f312df22a278a0e75f7f8deceb1d820de68524d",
    "url": "https://globegazette.com/weather/ga-wfo-atlanta-warnings-watches-and-advisories/article_a19f6f8d-e717-5899-a2dd-97ec0f511345.html",
    "ord_in_thread": 0,
    "parent_url": null,
    "author": "Accuweather",
    "published": "2024-05-09T14:33:00.000+03:00",
    "title": "GA WFO ATLANTA Warnings, Watches, and Advisories",
    "text": "WFO ATLANTA Warnings, Watches and Advisories for Thursday, May 9, 2024\nSEVERE THUNDERSTORM WARNING\nSevere Weather Statement\nNational Weather Service Peachtree City GA\n228 AM EDT Thu May 9 2024\n...THE SEVERE THUNDERSTORM WARNING FOR NORTHEASTERN FLOYD...\nSOUTHEASTERN WALKER AND NORTHEASTERN CHATTOOGA COUNTIES IS\nCANCELLED...\nThe severe thunderstorm which prompted the warning has moved out of\nthe warned area. Therefore, the warning has been cancelled.\nA Tornado Watch remains in effect until 400 AM EDT for northwestern\nPeople are also reading…\nGeorgia.\n...A SEVERE THUNDERSTORM WARNING REMAINS IN EFFECT UNTIL 300 AM EDT\nFOR CENTRAL GORDON COUNTY...\nAt 228 AM EDT, a severe thunderstorm was located over Resaca, or near\nCalhoun, moving east at 30 mph.\nHAZARD...60 mph wind gusts and quarter size hail.\nSOURCE...Radar indicated.\nIMPACT...Hail damage to vehicles is expected. Expect wind damage to\nroofs, siding, and trees.\nLocations impacted include...\nCalhoun, Resaca, Sugar Valley, Redbud, Nickelsville, and Audubon.\nPRECAUTIONARY/PREPAREDNESS ACTIONS...\nFor your protection move to an interior room on the lowest floor of a\nbuilding.\nCopyright 2024 AccuWeather",
    "highlightText": "",
    "highlightTitle": "",
    "highlightThreadTitle": "",
    "language": "english",
    "sentiment": "negative",
    "categories": [
        "Weather"
    ],
    "webz_reporter": false,
    "external_links": [],
    "external_images": [],
    "entities": {
        "persons": [
            {
                "name": "calhoun",
                "sentiment": "none"
            }
        ],
        "organizations": [],
        "locations": [
            {
                "name": "calhoun",
                "sentiment": "none"
            },
            {
                "name": "sugar valley",
                "sentiment": "none"
            },
            {
                "name": "georgia",
                "sentiment": "none"
            },
            {
                "name": "resaca",
                "sentiment": "none"
            },
            {
                "name": "nickelsville",
                "sentiment": "none"
            }
        ]
    },
    "rating": null,
    "crawled": "2024-05-10T08:08:30.681+03:00",
    "updated": "2024-05-10T08:08:30.681+03:00"
}