{
    "thread": {
        "uuid": "63def92fa01665aa064dcd3ef46ec353a36e8e1b",
        "url": "https://www.wtol.com/article/news/local/tree-down-power-line-outage-toledo-edison-holland-garden-rd/512-fb52d5af-ed79-4cdf-9948-aa16d8d62e5d",
        "site_full": "www.wtol.com",
        "site": "wtol.com",
        "site_section": "https://wtol.com/radar",
        "site_categories": [
            "media",
            "entertainment"
        ],
        "section_title": "Toledo Weather Radar | wtol.com | wtol.com",
        "title": "Tree downed into power line causes more than 1,500 outages | wtol.com",
        "title_full": "Tree downed into power line causes more than 1,500 outages | wtol.com",
        "published": "2024-05-10T00:23:00.000+03:00",
        "replies_count": 0,
        "participants_count": 1,
        "site_type": "news",
        "country": "US",
        "main_image": "https://media.wtol.com/assets/WTOL/images/e00dcdcc-cfc2-492c-b930-fee459611a45/20240510T011335/e00dcdcc-cfc2-492c-b930-fee459611a45_1140x641.jpg",
        "performance_score": 0,
        "domain_rank": 22003,
        "domain_rank_updated": "2024-05-07T13:07:48.000+03:00",
        "reach": null,
        "social": {
            "facebook": {
                "likes": 0,
                "comments": 0,
                "shares": 0
            },
            "gplus": {
                "shares": 0
            },
            "pinterest": {
                "shares": 0
            },
            "linkedin": {
                "shares": 0
            },
            "stumbledupon": {
                "shares": 0
            },
            "vk": {
                "shares": 0
            }
        }
    },
    "uuid": "63def92fa01665aa064dcd3ef46ec353a36e8e1b",
    "url": "https://www.wtol.com/article/news/local/tree-down-power-line-outage-toledo-edison-holland-garden-rd/512-fb52d5af-ed79-4cdf-9948-aa16d8d62e5d",
    "ord_in_thread": 0,
    "parent_url": null,
    "author": "WTOL Newsroom",
    "published": "2024-05-10T00:23:00.000+03:00",
    "title": "Tree downed into power line causes more than 1,500 outages | wtol.com",
    "text": "HOLLAND, Ohio — A tree that fell into a power line on Garden Road in Holland Thursday night knocked out power for more than 1,500 Toledo Edison customers, [according to the utilities company's outage tracker](https://outages-oh.firstenergycorp.com/). Power is estimated to be restored at 11 p.m. Thursday, according to the website. Springfield Township firefighters at the scene on Garden Road just west of I-475 told WTOL 11 that the cause of the felled tree is unclear at this time. Stay up to date on what's happening in your community with a 24/7 live stream and on-demand content from WTOL 11+. Our free WTOL 11+ apps are available on Roku and Firetv. WTOL 11+ features the latest breaking news and weather, plus daily talk shows, coverage of your favorite sports teams from Locked On, fact-checking from VERIFY and the latest trending stories from Daily Blast Live. Subscribe to WTOL 11 - [https://bit.ly/32odAkM](https://bit.ly/32odAkM) Connect with us on social media: Facebook - [https://www.facebook.com/wtol11/](https://www.facebook.com/wtol11/) Twitter - [https://twitter.com/WTOL11Toledo/](https://twitter.com/WTOL11Toledo/) Instagram - [https://www.instagram.com/wtol11toledo/](https://www.instagram.com/wtol11toledo/) WTOL 11 newsletter - WTOL 11 Weather app - [https://bit.ly/37i4205](https://bit.ly/37i4205) Want more from WTOL 11? ➡️ Download the WTOL 11 news app [for Apple here](https://apps.apple.com/us/app/wtol-11-toledos-news-leader/id1453204117) or get it in the [Google store here](https://play.google.com/store/apps/details?id=com.raycom.wtol&hl=en_US). ➡️ Get a fresh start to your morning and wrap up your day with the latest news and your WTOL 11 Weather forecast delivered right to your inbox! WTOL 11's Your Morning Blast and Your Evening Blast deliver stories from northwest Ohio, southeast Michigan and beyond to keep you informed. [Click here](/email) to get on the list!",
    "highlightText": "",
    "highlightTitle": "",
    "highlightThreadTitle": "",
    "language": "english",
    "sentiment": "negative",
    "categories": [
        "Disaster and Accident",
        "Weather",
        "Environment"
    ],
    "webz_reporter": false,
    "external_links": [
        "https://bit.ly/37i4205",
        "https://bit.ly/32odAkM)",
        "https://apps.apple.com/us/app/wtol-11-toledos-news-leader/id1453204117)",
        "https://twitter.com/WTOL11Toledo/",
        "https://twitter.com/WTOL11Toledo/)",
        "https://www.facebook.com/wtol11/",
        "https://bit.ly/37i4205)",
        "https://bit.ly/32odAkM",
        "https://play.google.com/store/apps/details?id=com.raycom.wtol&hl=en_US).",
        "https://www.instagram.com/wtol11toledo/",
        "https://www.facebook.com/wtol11/)",
        "https://outages-oh.firstenergycorp.com/).",
        "https://www.instagram.com/wtol11toledo/)",
        "https://instagram.com/wtol11toledo/)",
        "https://www.bit.ly/32odAkM)",
        "https://instagram.com/wtol11toledo/",
        "https://play.google.com/store/apps/details",
        "https://www.bit.ly/32odAkM",
        "https://www.outages-oh.firstenergycorp.com/).",
        "https://www.bit.ly/37i4205)",
        "https://facebook.com/wtol11/)",
        "https://www.bit.ly/37i4205",
        "https://www.play.google.com/store/apps/details?id=com.raycom.wtol&hl=en_US).",
        "https://www.twitter.com/WTOL11Toledo/",
        "https://facebook.com/wtol11/",
        "https://twitter.com/WTOL11Toledo",
        "https://www.instagram.com/wtol11toledo",
        "https://www.facebook.com/wtol11",
        "https://www.twitter.com/WTOL11Toledo/)",
        "https://www.apps.apple.com/us/app/wtol-11-toledos-news-leader/id1453204117)"
    ],
    "external_images": [],
    "entities": {
        "persons": [
            {
                "name": "roku",
                "sentiment": "none"
            }
        ],
        "organizations": [
            {
                "name": "wtol",
                "sentiment": "none"
            },
            {
                "name": "toledo edison",
                "sentiment": "none"
            },
            {
                "name": "facebook",
                "sentiment": "none"
            }
        ],
        "locations": [
            {
                "name": "holland",
                "sentiment": "none"
            },
            {
                "name": "ohio",
                "sentiment": "none"
            },
            {
                "name": "garden road",
                "sentiment": "none"
            },
            {
                "name": "holland",
                "sentiment": "none"
            },
            {
                "name": "springfield township",
                "sentiment": "none"
            }
        ]
    },
    "rating": null,
    "crawled": "2024-05-10T04:33:50.812+03:00",
    "updated": "2024-05-10T04:33:50.812+03:00"
}