{
    "thread": {
        "uuid": "77de71cac6c14df55cb24b225058cc086e5a583a",
        "url": "https://www.waaytv.com/huntsville-storm-damage/image_5500030a-0e49-11ef-8b6f-236fefdcee8e.html",
        "site_full": "www.waaytv.com",
        "site": "waaytv.com",
        "site_section": "http://www.waaytv.com/search/?q=&quot;seminole&quot;&t=&l=25&d=&d1=&d2=&s=start_time&sd=desc&f=rss",
        "site_categories": [
            "media"
        ],
        "section_title": "www.waaytv.com - RSS Results",
        "title": "Huntsville storm damage",
        "title_full": "Huntsville storm damage",
        "published": "2024-05-10T00:15:00.000+03:00",
        "replies_count": 0,
        "participants_count": 0,
        "site_type": "news",
        "country": "US",
        "main_image": "https://bloximages.newyork1.vip.townnews.com/waaytv.com/content/tncms/assets/v3/editorial/5/50/5500030a-0e49-11ef-8b6f-236fefdcee8e/663d3d0f4f5be.image.jpg?crop=600%2C315%2C0%2C241&amp;resize=600%2C315&amp;order=crop%2Cresize",
        "performance_score": 0,
        "domain_rank": 27693,
        "domain_rank_updated": "2024-05-07T13:07:48.000+03:00",
        "reach": null,
        "social": {
            "facebook": {
                "likes": 0,
                "comments": 0,
                "shares": 0
            },
            "gplus": {
                "shares": 0
            },
            "pinterest": {
                "shares": 0
            },
            "linkedin": {
                "shares": 0
            },
            "stumbledupon": {
                "shares": 0
            },
            "vk": {
                "shares": 0
            }
        }
    },
    "uuid": "77de71cac6c14df55cb24b225058cc086e5a583a",
    "url": "https://www.waaytv.com/huntsville-storm-damage/image_5500030a-0e49-11ef-8b6f-236fefdcee8e.html",
    "ord_in_thread": 0,
    "parent_url": null,
    "author": null,
    "published": "2024-05-10T00:15:00.000+03:00",
    "title": "Huntsville storm damage",
    "text": "Huntsville storm damage\n-\n- Updated\n0\nWeather Alert\n...FLOOD WARNING IN EFFECT UNTIL 1 AM CDT FRIDAY... * WHAT...Flooding caused by excessive rainfall is expected to continue. * WHERE...A portion of north central Alabama, including the following county, Madison. * WHEN...Until 100 AM CDT Friday. * IMPACTS...Flooding of rivers, creeks, streams, and other low-lying and flood-prone locations is imminent or occurring. * ADDITIONAL DETAILS... - At 259 PM CDT, Automated gauge reports continued to indicate flooding is ongoing across the western half of Madison County, including the Indian Creek area. - Flooding impacts will continue, but no additional rainfall is expected. - Some locations that will experience flooding include... Northwestern Huntsville, Madison, Redstone Arsenal, Triana, Marshall Space Flight Center and Harvest. - http://www.weather.gov/safety/flood PRECAUTIONARY/PREPAREDNESS ACTIONS... Turn around, don't drown when encountering flooded roads. Most flood deaths occur in vehicles. &&\n...The National Weather Service in Huntsville AL has issued a Flood Warning for the following rivers in Alabama... Paint Rock River NEAR Woodville affecting Marshall, Madison and Jackson Counties. PRECAUTIONARY/PREPAREDNESS ACTIONS... Turn around, don't drown when encountering flooded roads. Most flood deaths occur in vehicles. Stay tuned to further developments by listening to your local radio, television, or NOAA Weather Radio for further information. Additional information is available at www.weather.gov. ...FLOOD WARNING IN EFFECT FROM THIS AFTERNOON TO EARLY SATURDAY MORNING... * WHAT...Minor flooding is forecast. * WHERE...Paint Rock River near Woodville. * WHEN...From this afternoon to early Saturday morning. * IMPACTS...At 15.0 feet, Flood waters affect mostly bottomland along the river...including low lying farm and pasturelands. * ADDITIONAL DETAILS... - At 7:00 AM CDT Thursday the stage was 10.9 feet. - Bankfull stage is 12.0 feet. - Forecast...The river is expected to rise above flood stage late this afternoon to a crest of 16.5 feet tomorrow morning. It will then fall below flood stage late tomorrow evening. - Flood stage is 15.0 feet. - Flood History...This crest compares to a previous crest of 16.5 feet on 01/17/1997. - http://www.weather.gov/safety/flood &&\n...The National Weather Service in Huntsville AL has issued a Flood Warning for the following rivers in Alabama... Flint River at Brownsboro affecting Madison County. PRECAUTIONARY/PREPAREDNESS ACTIONS... Turn around, don't drown when encountering flooded roads. Most flood deaths occur in vehicles. Stay tuned to further developments by listening to your local radio, television, or NOAA Weather Radio for further information. Additional information is available at www.weather.gov. ...FLOOD WARNING IN EFFECT FROM THIS MORNING TO EARLY TOMORROW AFTERNOON... * WHAT...Minor flooding is forecast. * WHERE...Flint River at Brownsboro. * WHEN...From this morning to early tomorrow afternoon. * IMPACTS...At 19.0 feet, Water begins to flood yards on the downstream side of the Brownsboro Road bridge. * ADDITIONAL DETAILS... - At 6:30 AM CDT Thursday the stage was 15.5 feet. - Bankfull stage is 15.0 feet. - Forecast...The river is expected to rise above flood stage late this morning to a crest of 18.5 feet this evening. It will then fall below flood stage tomorrow morning. - Flood stage is 17.0 feet. - Flood History...This crest compares to a previous crest of 18.5 feet on 03/25/2020. - http://www.weather.gov/safety/flood &&\nCurrently in Huntsville\n85°F\nSunny\n85°F / 65°F\n5 PM\n85°F\n6 PM\n84°F\n7 PM\n80°F\n8 PM\n77°F\n9 PM\n74°F\nOnline Poll\n[\nHappy Pi Day! What's your favorite pie?](/news/nation-world/happy-pi-day-whats-your-favorite-pie/poll_5f096832-e21b-11ee-bbf6-df0cd8245abe.html)\nMark your answer below:\nYou voted:\n© Copyright 2024\nAllen Media Broadcasting, 1000 Monte Sano Blvd Huntsville, AL | [Terms of Use](/site/terms.html)| [Privacy Policy](/site/privacy.html)\nPowered by",
    "highlightText": "",
    "highlightTitle": "",
    "highlightThreadTitle": "",
    "language": "english",
    "sentiment": "negative",
    "categories": [
        "Weather"
    ],
    "webz_reporter": false,
    "external_links": [
        "http://www.weather.gov/safety/flood",
        "https://allenmediabroadcasting.com/",
        "https://allenmediabroadcasting.com",
        "https://www.allenmediabroadcasting.com/",
        "http://weather.gov/safety/flood"
    ],
    "external_images": [],
    "entities": {
        "persons": [
            {
                "name": "madison",
                "sentiment": "none"
            }
        ],
        "organizations": [
            {
                "name": "national weather service",
                "sentiment": "none"
            },
            {
                "name": "marshall space flight center",
                "sentiment": "none"
            },
            {
                "name": "northwestern huntsville",
                "sentiment": "none"
            },
            {
                "name": "redstone arsenal",
                "sentiment": "none"
            }
        ],
        "locations": [
            {
                "name": "huntsville",
                "sentiment": "none"
            },
            {
                "name": "huntsville al",
                "sentiment": "none"
            },
            {
                "name": "madison county",
                "sentiment": "none"
            },
            {
                "name": "triana",
                "sentiment": "none"
            },
            {
                "name": "creek",
                "sentiment": "none"
            },
            {
                "name": "alabama",
                "sentiment": "none"
            }
        ]
    },
    "rating": null,
    "crawled": "2024-05-10T00:26:29.105+03:00",
    "updated": "2024-05-10T00:26:29.105+03:00"
}