{
    "thread": {
        "uuid": "81658a4162b72ebc68dccc3d0602ca677602d0e0",
        "url": "https://www.ladepeche.fr/2024/05/10/la-boule-mouillee-11941624.php",
        "site_full": "www.ladepeche.fr",
        "site": "ladepeche.fr",
        "site_section": "https://www.ladepeche.fr/",
        "site_categories": [
            "media",
            "health",
            "cold_and_flu",
            "top_news"
        ],
        "section_title": "La Dépêche : Actualités en temps réel et l'info en continu - ladepeche.fr",
        "title": "Laguépie. La boule mouillée - ladepeche.fr",
        "title_full": "Laguépie. La boule mouillée - ladepeche.fr",
        "published": "2024-05-10T05:22:00.000+03:00",
        "replies_count": 0,
        "participants_count": 1,
        "site_type": "news",
        "country": "FR",
        "main_image": "https://images.ladepeche.fr/api/v1/images/view/663d93de30fc0b254874e84c/large/image.jpg?v=1",
        "performance_score": 0,
        "domain_rank": 4944,
        "domain_rank_updated": "2024-05-07T13:07:48.000+03:00",
        "reach": null,
        "social": {
            "facebook": {
                "likes": 0,
                "comments": 0,
                "shares": 0
            },
            "gplus": {
                "shares": 0
            },
            "pinterest": {
                "shares": 0
            },
            "linkedin": {
                "shares": 0
            },
            "stumbledupon": {
                "shares": 0
            },
            "vk": {
                "shares": 0
            }
        }
    },
    "uuid": "81658a4162b72ebc68dccc3d0602ca677602d0e0",
    "url": "https://www.ladepeche.fr/2024/05/10/la-boule-mouillee-11941624.php",
    "ord_in_thread": 0,
    "parent_url": null,
    "author": "Correspondant",
    "published": "2024-05-10T05:22:00.000+03:00",
    "title": "Laguépie. La boule mouillée - ladepeche.fr",
    "text": "Une certaine malchance a frappé la Pétanque guépienne mercredi 1er mai, en déclenchant une météo très défavorable pour l’organisation du traditionnel concours officiel de pétanque. Du matin au soir, la pluie a accompagné les joueurs, aidée, dans la soirée, par une fraîcheur piquante, accentuée parfois par un vent soutenu. Malgré tout, la compétition a été maintenue par décision des organisateurs, par respect des personnes présentes. Le président David Duguet et les arbitres Daniel Mercadier et Isabelle Duguet ont affronté les intempéries afin de veiller au bon déroulé de la compétition. Au graphique, Isabelle Mercier et Michel Borie s’occupaient de l’ordinateur en vue des tirages au sort. Dès 8 h 35, le concours tête à tête, qui a rassemblé 38 participants, débutait.\nRésultats : concours A. Jarod Fayard (Pétanque du Grand-Rond, Saint-Suplice) a battu Sarah Pivard (Pétanque flavinaise).\nConcours B. Dylan Diaz (Pétanque monteillois) a battu Alain Pinel (Amicale bouliste ambraise).\nAprès une pause déjeuner, dès 14 h 30, débutait le concours de doublettes. 29 équipes se sont affrontées.\nRésultats : concours A. Les vainqueurs sont Dylan et Jarod Fayard.\nConcours B. Les gagnants sont Anthony Antraxgues et Maxime Gasquez.\nMalgré les circonstances défavorables dues au temps, ce fut une journée où la bonne humeur et la convivialité ont réchauffé non seulement l’atmosphère mais aussi les corps de chacun pour une finalité commune : le plaisir de se retrouver.\nCet article est réservé aux abonnés Accédez immédiatement à cet article 2 semaines offertes Je m'abonne pour lire la suite Déjà abonné(e) ? Connectez-vous Contenus illimités Sans engagement Sans publicité Cet article est réservé aux abonnés Accédez immédiatement\nà cet article à partir de 3€/mois Déjà abonné(e) ? Connectez-vous Contenus illimités Sans engagement Sans publicité",
    "highlightText": "",
    "highlightTitle": "",
    "highlightThreadTitle": "",
    "language": "french",
    "sentiment": "negative",
    "categories": [
        "Weather",
        "Arts, Culture and Entertainment",
        "Human Interest"
    ],
    "webz_reporter": false,
    "external_links": [],
    "external_images": [],
    "entities": {
        "persons": [],
        "organizations": [],
        "locations": []
    },
    "rating": null,
    "crawled": "2024-05-10T06:58:52.095+03:00",
    "updated": "2024-05-10T06:58:52.095+03:00"
}