{
    "thread": {
        "uuid": "77d8ea91f42877620fe6b51ee588c422a4da0ab4",
        "url": "https://g1.globo.com/jornal-nacional/noticia/2024/05/09/rio-grande-do-sul-tem-aviso-de-perigo-extremo-por-causa-da-quantidade-de-chuva-prevista.ghtml",
        "site_full": "g1.globo.com",
        "site": "globo.com",
        "site_section": "https://g1.globo.com/rss/g1",
        "site_categories": [
            "media",
            "top_news"
        ],
        "section_title": "g1",
        "title": "Rio Grande do Sul tem aviso de 'perigo extremo' por causa da quantidade de chuva prevista",
        "title_full": "Rio Grande do Sul tem aviso de 'perigo extremo' por causa da quantidade de chuva prevista",
        "published": "2024-05-10T03:09:00.000+03:00",
        "replies_count": 0,
        "participants_count": 0,
        "site_type": "news",
        "country": "BR",
        "main_image": "https://s2-g1.glbimg.com/Qr_vcnsAPFbxb729azYII5j_I0k=/1200x/smart/filters:cover():strip_icc()/i.s3.glbimg.com/v1/AUTH_59edd422c0c84a879bd37670ae4f538a/internal_photos/bs/2024/t/z/xYmBGWSEWWe0r55cGjgQ/roxamapa564.jpg",
        "performance_score": 0,
        "domain_rank": 749,
        "domain_rank_updated": "2024-05-07T13:07:48.000+03:00",
        "reach": null,
        "social": {
            "facebook": {
                "likes": 0,
                "comments": 0,
                "shares": 13
            },
            "gplus": {
                "shares": 0
            },
            "pinterest": {
                "shares": 0
            },
            "linkedin": {
                "shares": 0
            },
            "stumbledupon": {
                "shares": 0
            },
            "vk": {
                "shares": 0
            }
        }
    },
    "uuid": "77d8ea91f42877620fe6b51ee588c422a4da0ab4",
    "url": "https://g1.globo.com/jornal-nacional/noticia/2024/05/09/rio-grande-do-sul-tem-aviso-de-perigo-extremo-por-causa-da-quantidade-de-chuva-prevista.ghtml",
    "ord_in_thread": 0,
    "parent_url": null,
    "author": null,
    "published": "2024-05-10T03:09:00.000+03:00",
    "title": "Rio Grande do Sul tem aviso de 'perigo extremo' por causa da quantidade de chuva prevista",
    "text": "Meteorologia prevê mais chuva de sexta até segunda no RS\nSempre que mostrarmos uma ilustração, como essa subindo o piso com a inscrição \"Avisos\", significa que queremos chamar a sua atenção para uma área com muito risco. No caso desta sexta-feira (10), esse risco é classificado como perigo extremo por nossos meteorologistas por causa da quantidade de chuva prevista.\nNa parte roxa do mapa ( veja abaixo ), eles acreditam que possa chover mais de 100 milímetros, em alguns pontos. Muitas cidades da Serra Gaúcha estão por ali.\n1 de 3 Na parte roxa, meteorologistas acreditam que possa chover mais de 100 milímetros. — Foto: Jornal Nacional/Reprodução Na parte roxa, meteorologistas acreditam que possa chover mais de 100 milímetros. — Foto: Jornal Nacional/Reprodução\nHá também uma segunda área que aparece agora, em vermelho. Ela inclui a região de Porto Alegre e parte do centro e do norte do Rio Grande do Sul. Nesses trechos, também há previsão de temporal. E a chuva ainda pode atingir o oeste do estado, regiões próximas da fronteira com a Argentina, só que com volumes menores, nesta sexta-feira. Dia que também há previsão de chuva forte no extremo sul de Santa Catarina.\nNesta quinta-feira (9), quatro órgãos federais publicaram juntos uma nota técnica com as probabilidades de problemas nos próximos dias. Esses órgãos são: Instituto Nacional de Pesquisas Espaciais, Instituto Nacional de Meteorologia, Centro Nacional de Gerenciamento de Riscos e Desastres e Centro Nacional de Monitoramento e Alertas de Desastres Naturais.\nNa avaliação deles, entre sexta (10) e segunda-feira (13), é possível que haja deslizamento de terra, principalmente nessas áreas em laranja ( veja abaixo ).\n2 de 3 É possível que haja deslizamento de terra, principalmente nessas áreas em laranja — Foto: Jornal Nacional/Reprodução É possível que haja deslizamento de terra, principalmente nessas áreas em laranja — Foto: Jornal Nacional/Reprodução\nE quando o risco é de inundação, a condição pode ser pior. Em grande parte do estado, onde o mapa ( veja abaixo ) está vermelho, esse risco é considerado muito alto. É alto, na parte em laranja. E moderado, onde está amarelo.\n3 de 3 Na parte vermelha, o risco de inundação é considerado muito alto — Foto: Jornal Nacional/Reprodução Na parte vermelha, o risco de inundação é considerado muito alto — Foto: Jornal Nacional/Reprodução\nNo entendimento desses órgãos federais, o volume de água dos rios pode aumentar, até segunda-feira. Tanto no Guaíba , quanto nas bacias dos rios Gravataí, Sinos, Caí, Taquari, Jacuí e Uruguai.\nNo entanto, o Serviço Geológico do Brasil não espera uma elevação tão grande quanto a registrada na semana passada. O Serviço Geológico leva em conta que a chuva esperada agora seja em menor quantidade do que a de dias atrás, ainda que com grandes volumes também.\nO tempo deve mudar a partir de terça-feira (14). É quando o sol aparece em quase todo o Rio Grande do Sul. E onde chover, deve chover pouco. E existe a possibilidade de geada, principalmente perto da fronteira com o Uruguai.\nLEIA TAMBÉM\nGoverno federal anuncia verbas para obras de prevenção a desastres naturais no Rio Grande do Sul Gaúchos que vivem nas áreas secas do estado não medem esforços para salvar e acolher pessoas e animais atingidos pela enchente Entulho toma conta de Cruzeiro do Sul, no Vale do Rio Taquari, onde bairros inteiros foram postos abaixo Enchentes no RS: FAB transfere bebê de 3 meses em estado grave para hospital a mais de 500 km da região alagada\nGuaíba Porto Alegre Rio Grande do Sul",
    "highlightText": "",
    "highlightTitle": "",
    "highlightThreadTitle": "",
    "language": "portuguese",
    "sentiment": "negative",
    "categories": [
        "Weather"
    ],
    "webz_reporter": false,
    "external_links": [],
    "external_images": [],
    "entities": {
        "persons": [],
        "organizations": [],
        "locations": []
    },
    "rating": null,
    "crawled": "2024-05-10T03:48:36.962+03:00",
    "updated": "2024-05-10T04:36:40.912+03:00"
}