{
    "thread": {
        "uuid": "85e9e72563370af55b3595c7c3333b4d3a15124c",
        "url": "https://www.otempo.com.br/brasil/2024/5/9/numero-de-desalojados-dobra-e-chega-a-327-mil-pessoas-no-rs",
        "site_full": "www.otempo.com.br",
        "site": "otempo.com.br",
        "site_section": "https://www.otempo.com.br/ultimas",
        "site_categories": [
            "media",
            "top_news"
        ],
        "section_title": "Últimas notícias de Minas Gerais, do Brasil e do Mundo | O Tempo",
        "title": "Número de desalojados dobra e chega a 327 mil pessoas no RS | O Tempo",
        "title_full": "Número de desalojados dobra e chega a 327 mil pessoas no RS | O Tempo",
        "published": "2024-05-10T02:39:00.000+03:00",
        "replies_count": 0,
        "participants_count": 1,
        "site_type": "news",
        "country": "BR",
        "main_image": "https://www.otempo.com.br/content/dam/otempo/editorias/brasil/2024/5/9/brasil-enchentes_rs-chuvas_rs-1715301528.png",
        "performance_score": 0,
        "domain_rank": 19450,
        "domain_rank_updated": "2024-05-07T13:07:48.000+03:00",
        "reach": null,
        "social": {
            "facebook": {
                "likes": 0,
                "comments": 0,
                "shares": 0
            },
            "gplus": {
                "shares": 0
            },
            "pinterest": {
                "shares": 0
            },
            "linkedin": {
                "shares": 0
            },
            "stumbledupon": {
                "shares": 0
            },
            "vk": {
                "shares": 0
            }
        }
    },
    "uuid": "85e9e72563370af55b3595c7c3333b4d3a15124c",
    "url": "https://www.otempo.com.br/brasil/2024/5/9/numero-de-desalojados-dobra-e-chega-a-327-mil-pessoas-no-rs",
    "ord_in_thread": 0,
    "parent_url": null,
    "author": "@nomeusuario",
    "published": "2024-05-10T02:39:00.000+03:00",
    "title": "Número de desalojados dobra e chega a 327 mil pessoas no RS | O Tempo",
    "text": "O número de desalojados por causa das tempestades no Rio Grande do Sul dobrou nesta quinta-feira (9), de acordo com a Defesa Civil. Boletim divulgado pela manhã mostrava que havia 164.583 pessoas que tiveram de deixar suas residências por causa da inundação e foram para a casa de parentes, por exemplo. No início da noite, a quantidade saltou para 327.105 vítimas nessa situação. O estado chegou nesta quinta à marca de 107 pessoas mortas em decorrência das chuvas. A quantidade de óbitos foi informada pela Defesa Civil estadual pela manhã e confirmada às 18h. O número de mortos pode aumentar nos próximos dias, pois há um total de 134 desaparecidos e há um óbito em investigação. A quantidade de feridos também dobrou na comparação entre os dois boletins. Pela manhã havia 374 pessoas. No início da noite eram 754. Outras 68.519 pessoas da chuva estão em abrigos montados para socorrer as vítimas que não têm para onde ir. Há ao menos 379 mil pontos sem energia e 452 mil sem água no Rio Grande do Sul em decorrências das fortes chuvas que atingiram a região ao longo da última semana. As aulas foram suspensas nas 2.338 escolas da rede estadual e mais de 327 mil alunos foram impactados. Até esta quarta (9), eram 954 escolas afetadas, 426 danificadas e 75 servindo de abrigo. A tragédia tem sido comparada ao furacão Katrina, que em 2005 destruiu a região metropolitana de Nova Orleans, na Lousiana (EUA), atingiu outros quatro estados norte-americanos e causou mais de mil mortes. Profissionais de saúde apontam semelhanças entre as duas tragédias, como falta de prevenção de desastres naturais e inexistência de uma coordenação centralizada de decisões. Colapso nos hospitais, dificuldade de equipes de saúde chegarem aos locais de trabalho e desabastecimento de medicamentos e outros insumos são outras semelhanças apontadas. 107 mortes 134 desaparecidos 754 feridos 68.519 desabrigados (quem teve a casa destruída e precisa de abrigo do poder público) 327.105 desalojados (quem teve que deixar sua casa, temporária ou definitivamente, e não precisa necessariamente de um abrigo público pode ter ido para casa de parentes, por exemplo) 1.742.969 pessoas afetadas no estado O nível da água do lago Guaíba, que inundou a capital Porto Alegre, caiu 10 centímetros nas 24 horas entre a manhã de quarta (8) e de quinta-feira (9). Às 6h desta quinta, segundo informações da ANA (Agência Nacional de Águas), a altura estava em 5,04 metros. Esse é o menor nível desde o último sábado (4) mas, ao mesmo tempo, segue acima do limite. Ruas e avenidas da capital gaúcha continuam alagadas na manhã desta quinta. Ao mesmo tempo, o governo gaúcho alertou na segunda-feira para o risco de enchentes nos municípios localizados às margens da Lagoa dos Patos. A água que bloqueia ruas da região metropolitana desce pela lagoa em direção ao mar, o que pode acontecer rapidamente ou de forma mais lenta, dependendo da direção do vento. A volta da chuva e de ventos fortes à região de Porto Alegre nesta quarta-feira (8) fez a prefeitura paralisar o resgate das vítimas das enchentes históricas. A previsão, segundo o Inmet, é que a temperatura caia no Rio Grande do Sul nesta semana. (Folhapress)",
    "highlightText": "",
    "highlightTitle": "",
    "highlightThreadTitle": "",
    "language": "portuguese",
    "sentiment": "negative",
    "categories": [
        "Disaster and Accident",
        "Weather",
        "Human Interest"
    ],
    "webz_reporter": false,
    "external_links": [],
    "external_images": [],
    "entities": {
        "persons": [],
        "organizations": [],
        "locations": []
    },
    "rating": null,
    "crawled": "2024-05-10T05:05:27.264+03:00",
    "updated": "2024-05-10T05:05:27.264+03:00"
}