{
    "thread": {
        "uuid": "4418a7527f87ccef4cf1df8dd8b5a3575044a93e",
        "url": "https://www.lalsace.fr/environnement/2024/05/10/canicule-en-asie-du-sud-est-des-iles-paradisiaques-mythiques-en-soif-d-eau",
        "site_full": "www.lalsace.fr",
        "site": "lalsace.fr",
        "site_section": "http://www.lalsace.fr/france-monde",
        "site_categories": [
            "media",
            "top_news"
        ],
        "section_title": "Info France - Monde : actualités, météo, faits divers, culture et sport",
        "title": "Thaïlande. Canicule en Asie du Sud-Est : des îles paradisiaques mythiques en soif d'eau",
        "title_full": "Thaïlande. Canicule en Asie du Sud-Est : des îles paradisiaques mythiques en soif d'eau",
        "published": "2024-05-10T08:30:00.000+03:00",
        "replies_count": 0,
        "participants_count": 1,
        "site_type": "news",
        "country": "FR",
        "main_image": "https://cdn-s-www.lalsace.fr/images/55521071-9141-41B7-95A5-A5929456B978/FB1200/photo-1715276570.jpg",
        "performance_score": 0,
        "domain_rank": 26444,
        "domain_rank_updated": "2024-05-07T13:07:48.000+03:00",
        "reach": null,
        "social": {
            "facebook": {
                "likes": 0,
                "comments": 0,
                "shares": 0
            },
            "gplus": {
                "shares": 0
            },
            "pinterest": {
                "shares": 0
            },
            "linkedin": {
                "shares": 0
            },
            "stumbledupon": {
                "shares": 0
            },
            "vk": {
                "shares": 0
            }
        }
    },
    "uuid": "4418a7527f87ccef4cf1df8dd8b5a3575044a93e",
    "url": "https://www.lalsace.fr/environnement/2024/05/10/canicule-en-asie-du-sud-est-des-iles-paradisiaques-mythiques-en-soif-d-eau",
    "ord_in_thread": 0,
    "parent_url": null,
    "author": "La rédaction avec AFP",
    "published": "2024-05-10T08:30:00.000+03:00",
    "title": "Thaïlande. Canicule en Asie du Sud-Est : des îles paradisiaques mythiques en soif d'eau",
    "text": "Thaïlande Canicule en Asie du Sud-Est : des îles paradisiaques mythiques en soif d'eau Alors que la température maximale ressentie a dépassé les 52°C à Bangkok, l'archipel touristique de Koh Phi-Phi est en pénurie d'eau depuis des mois. En Thaïlande, l'archipel touristique de Koh Phi-Phi, rendu célèbre par le film La Plage avec Leonardo DiCaprio, et d'autres îles paradisiaques souffrent actuellement d'une grave pénurie d'eau, ont déclaré jeudi un responsable du tourisme et des habitants de la région. Situé au large de Phuket, Koh Phi Phi attire chaque année des centaines de milliers de visiteurs pour ses plages de sable blanc et ses eaux turquoises. Mais ces dernières semaines, [une vague exceptionnelle de chaleur sèche s'est abattue sur toute l'Asie du Sud-Est](/environnement/2024/04/29/pres-de-50-c-en-birmanie-une-chaleur-extreme-accable-l-asie-du-sud-est), faisant tomber les records et baisser de façon draconienne le niveau des réservoirs. Les hôtels se vident « La compagnie privée qui fournit de l'eau aux îles pourrait devoir arrêter l'approvisionnement », a déclaré Wichupan Phukaoluan Srisanya, présidente de l'Association des hôteliers de la région de Krabi. « Mais nous voulons assurer aux touristes qui prévoient de visiter les îles que nous pouvons gérer cette situation », a-t-elle ajouté. Les autorités envisagent d'acheminer de l'eau depuis le continent si la saison des pluies tarde à arriver. Des habitants, qui ont demandé à ne pas être nommés, ont déclaré que les pénuries d'eau duraient depuis des mois et que certains hôtels étaient presque vides à cause de cela. Sur le site d'évaluation TripAdvisor, un internaute a écrit que l'eau ne coulait plus dans son hôtel et d'autres messages invitaient les voyageurs de « vérifier que leur logement dispose d'eau douce » avant le séjour. Une température ressentie dépassant les 52°C Dans le golfe de Thaïlande, Koh Samui, une autre île touristique très populaire, a connu un temps sec et chaud similaire, mais les visiteurs n'ont pas été affectés, selon l'office de tourisme local. Un camion-citerne fait des allers-retours avec le continent, « mais cela multiplie par trois le coût de fonctionnement des hôtels », a déclaré Ratchaparon Poolsawadee, président de l'association touristique de Koh Samui. Pendant près d'une semaine en avril, les autorités de Bangkok ont émis quotidiennement des avertissements de chaleur extrême, la « température ressentie » ayant dépassé les 52°C. Le changement climatique induit par l'homme entraînera des canicules plus fréquentes, plus longues et plus intenses, avertissent régulièrement les scientifiques. Si le phénomène El Niño contribue au climat exceptionnellement chaud de cette année, l'Asie se réchauffe également plus rapidement que la moyenne mondiale, selon l'Organisation météorologique mondiale de l'ONU. Une île fermée à cause d'un blanchissement de coraux L'accès à l'île de Pling et aux récifs de coraux se trouvant autour du parc national de Sirinart à Phuket est temporairement fermé en raison du blanchissement important de coraux [causé par la hausse de la température de l'eau](/environnement/2024/03/07/temperature-record-des-oceans-vers-une-extinction-massive-des-coraux) qui y a été observée, a indiqué le Département des parcs nationaux et de la conservation de la faune et de la flore (DNP). La fermeture de l'accès ce jeudi à ces sites intervient en raison du stress thermique subi par les récifs coralliens à la suite d'une vague de chaleur exceptionnelle qui a affecté ces dernières semaines la Thaïlande et l'ensemble de l'Asie du Sud-Est. Le DPA surveille également la situation dans les parcs nationaux à Koh Chang, Koh Samet, Chumphon, Koh Surin, Phang Nga Bay, les îles Phi Phi et à Lanta. En avril, l'Agence américaine d'observation océanique et atmosphérique (NOAA) avait averti que le monde connaissait actuellement, pour la deuxième fois en dix ans, un épisode massif de blanchissement des coraux du fait de températures océaniques records.",
    "highlightText": "",
    "highlightTitle": "",
    "highlightThreadTitle": "",
    "language": "french",
    "sentiment": "negative",
    "categories": [
        "Weather",
        "Environment"
    ],
    "webz_reporter": false,
    "external_links": [],
    "external_images": [],
    "entities": {
        "persons": [],
        "organizations": [],
        "locations": []
    },
    "rating": null,
    "crawled": "2024-05-10T09:22:02.043+03:00",
    "updated": "2024-05-10T12:21:24.582+03:00"
}