{
    "thread": {
        "uuid": "aaadf27875c0ef51065a621d936eb9a25a7e55a9",
        "url": "https://oglobo.globo.com/brasil/sos-rio-grande-do-sul/noticia/2024/05/10/chuvas-em-sao-leopoldo-enchentes-na-cidade-gaucha-fazem-ate-o-prefeito-perder-o-lar.ghtml",
        "site_full": "oglobo.globo.com",
        "site": "globo.com",
        "site_section": "https://pox.globo.com/rss/oglobo",
        "site_categories": [
            "media",
            "tech",
            "web_clip_art",
            "top_news"
        ],
        "section_title": "oglobo",
        "title": "Chuvas em São Leopoldo: enchentes na cidade gaúcha fazem até o prefeito perder o lar",
        "title_full": "Chuvas em São Leopoldo: enchentes na cidade gaúcha fazem até o prefeito perder o lar",
        "published": "2024-05-10T10:31:00.000+03:00",
        "replies_count": 0,
        "participants_count": 1,
        "site_type": "news",
        "country": "BR",
        "main_image": "https://s2-oglobo.glbimg.com/_hwxOw_KHBnaAw4bj3XYzjWqP2s=/1200x/smart/filters:cover():strip_icc()/i.s3.glbimg.com/v1/AUTH_da025474c0c44edd99332dddb09cabe8/internal_photos/bs/2024/i/5/x0qhkaQdyy3tZOJnE5cA/gm6jvtzwyaavhyn.jpeg",
        "performance_score": 0,
        "domain_rank": 749,
        "domain_rank_updated": "2024-05-07T13:07:48.000+03:00",
        "reach": null,
        "social": {
            "facebook": {
                "likes": 0,
                "comments": 0,
                "shares": 0
            },
            "gplus": {
                "shares": 0
            },
            "pinterest": {
                "shares": 0
            },
            "linkedin": {
                "shares": 0
            },
            "stumbledupon": {
                "shares": 0
            },
            "vk": {
                "shares": 0
            }
        }
    },
    "uuid": "aaadf27875c0ef51065a621d936eb9a25a7e55a9",
    "url": "https://oglobo.globo.com/brasil/sos-rio-grande-do-sul/noticia/2024/05/10/chuvas-em-sao-leopoldo-enchentes-na-cidade-gaucha-fazem-ate-o-prefeito-perder-o-lar.ghtml",
    "ord_in_thread": 0,
    "parent_url": null,
    "author": "globo.com",
    "published": "2024-05-10T10:31:00.000+03:00",
    "title": "Chuvas em São Leopoldo: enchentes na cidade gaúcha fazem até o prefeito perder o lar",
    "text": "Chuvas no Rio Grande do Sul: Acompanhe a cobertura sobre os estragos causados pelos temporais Chuvas no RS: Número de desalojados no estado dobra; 327 mil pessoas estão fora de casa — Hoje, quando falo disso, não falo como alguém que viu, e sim como alguém que está sentindo na pele a dor — diz. — O reflexo disso tudo, além de social, tem um peso muito poderoso no emocional. Uma tragédia como essa é difícil de recuperar. Estamos com psicólogos para conversar com as pessoas, tentando reanimá-las para que haja uma situação melhor. As pessoas ficam doentes. Eu estou nessa mesma situação.\nAlém das casas, a infraestrutura municipal teve perdas que vão demandar uma ampla reconstrução.\n— Perdi 18 escolas, tudo debaixo d'água, 16 postos de saúde também. As ruas da cidade vão sair dessa enchente deficitárias e com muitos problemas de mobilidade urbana — aponta Vanazzi. — Temos dois diques que foram destruídos. Só para a recuperação deles e das bombas de água vou precisar de R$ 30, 40 milhões para fazer voltar a ter uma certa funcionalidade.\nO prefeito ainda não consegue dimensionar o total de dinheiro necessário para a cidade. Correligionário do presidente Luiz Inácio Lula da Silva, ele defende que o governo priorize agora a ajuda emergencial e, depois de um plano de trabalho mais detalhado, ajude a financiar a reconstrução dos municípios.\n— Estamos numa situação muito difícil. Essa tragédia a que foi submetido o estado e nossa cidade é a maior de toda a nossa história. São cerca de 180 mil desabrigados e mais de 13 mil em albergues, praticamente dois terços da população do município — diz.\nMais recente Próxima Chuvas extremas no sul do país terão aumento de 60% em 30 anos, aponta Inpe",
    "highlightText": "",
    "highlightTitle": "",
    "highlightThreadTitle": "",
    "language": "portuguese",
    "sentiment": "negative",
    "categories": [
        "Weather",
        "Disaster and Accident"
    ],
    "webz_reporter": false,
    "external_links": [
        "https://957b0b3a18c149f4814f2525021e644f@web.sentry.globoi.com/786",
        "https://s3.glbimg.com/v1/AUTH_c5dfc0eef7ee40d68bdd0993be881440/coral-custom-style/style.css",
        "https://www.957b0b3a18c149f4814f2525021e644f@web.sentry.globoi.com/786",
        "https://www.s3.glbimg.com/v1/AUTH_c5dfc0eef7ee40d68bdd0993be881440/coral-custom-style/style.css"
    ],
    "external_images": [],
    "entities": {
        "persons": [],
        "organizations": [],
        "locations": []
    },
    "rating": null,
    "crawled": "2024-05-10T10:49:42.047+03:00",
    "updated": "2024-05-10T10:49:42.047+03:00"
}