{
    "thread": {
        "uuid": "2bd6020ba5189a36df08f690b534fbfe515db5d4",
        "url": "https://iqna.ir/en/news/3493425/‘frightening’-anti-palestinian-graffiti-sparks-outcry-in-montreal",
        "site_full": "iqna.ir",
        "site": "iqna.ir",
        "site_section": "https://iqna.ir/en",
        "site_categories": [
            "religion",
            "islam"
        ],
        "section_title": "iqna.ir",
        "site_title": null,
        "title": "'Frightening': Anti-Palestinian Graffiti Sparks Outcry in Montreal",
        "title_full": "'Frightening': Anti-Palestinian Graffiti Sparks Outcry in Montreal",
        "published": "2025-06-12T09:22:00.000+03:00",
        "replies_count": 0,
        "participants_count": 1,
        "site_type": "news",
        "country": "IR",
        "main_image": "https://iqna.ir/files/en/news/2025/6/12/206578_756.jpg",
        "performance_score": 0,
        "domain_rank": 63869,
        "domain_rank_updated": "2025-06-03T00:00:00.000+03:00",
        "licensing_agency": [],
        "social": {
            "facebook": {
                "likes": 0,
                "comments": 0,
                "shares": 0
            },
            "vk": {
                "shares": 0
            }
        }
    },
    "uuid": "2bd6020ba5189a36df08f690b534fbfe515db5d4",
    "url": "https://iqna.ir/en/news/3493425/‘frightening’-anti-palestinian-graffiti-sparks-outcry-in-montreal",
    "ord_in_thread": 0,
    "author": "iqna.ir",
    "published": "2025-06-12T09:22:00.000+03:00",
    "title": "'Frightening': Anti-Palestinian Graffiti Sparks Outcry in Montreal",
    "text": "The words “F*** Gaza” were spray-painted on the exterior wall of the Canadian Institute of Islamic Civilization, operated by the Muslim Association of Canada (MAC), in downtown Montreal.\nCanada’s Special Representative on Combatting Islamophobia, Amira Elghawaby, responded to the act on Wednesday, describing it as part of a broader trend of hate-motivated incidents.\n\"Vandalism fueled by hate targeting community centres, public spaces and places of worship sends a frightening message that threatens our collective safety and well-being,\" Elghawaby stated in a post on X, formerly Twitter.\nShe added that the incident in Montreal illustrates “the intersection of anti-Palestinian racism and Islamophobia,” and “reminds us why it has been critical to name APR (Anti-Palestinian Racism) and combat it.”\n\"And how all Canadians of conscience can stand together in solidarity—because our rights and freedoms are at stake,\" she said, emphasizing that “the ongoing stigmatization of Canadian Muslims and Palestinians must stop.”\nRead More:\nThe National Council of Canadian Muslims (NCCM) also expressed concern about the incident and linked it to a broader rise in anti-Palestinian hostility.\n\"Needless to say, it is deeply disheartening and disappointing to witness yet another Muslim centre be attacked,\" the organization said in a statement posted on X. \"It is time for real change.\"\nNCCM reported a recent spike in anti-Palestinian racism cases across Canada, and has called on government leaders to take concrete steps to address the issue.\nRead More:\nLocal authorities have not yet released details about the investigation into the vandalism. No suspects have been identified at this time of publishing this report.\nThe MAC centre in Montreal is a prominent hub for religious, educational, and community programming, serving a diverse population in the downtown area.\nSource: Agencies",
    "highlightText": "",
    "highlightTitle": "",
    "highlightThreadTitle": "",
    "language": "english",
    "sentiment": "negative",
    "categories": [
        "Social Issue",
        "Politics",
        "War, Conflict and Unrest"
    ],
    "topics": [
        "Social Issue->discrimination",
        "Social Issue->social problem",
        "Social Issue->racism",
        "Politics->censorship and freedom of speech",
        "Politics->political dissent",
        "Politics->civil rights",
        "War, Conflict and Unrest->civil unrest"
    ],
    "ai_allow": true,
    "has_canonical": false,
    "breaking": false,
    "webz_reporter": false,
    "external_links": [],
    "entities": {
        "persons": [
            {
                "name": "Amira Elghawaby",
                "sentiment": "none"
            }
        ],
        "locations": [],
        "organizations": [
            {
                "name": "National Council of Canadian Muslims",
                "sentiment": "none",
                "tickers": []
            },
            {
                "name": "Muslim Association of Canada",
                "sentiment": "none",
                "tickers": []
            },
            {
                "name": "MAC",
                "sentiment": "none",
                "tickers": []
            }
        ]
    },
    "syndication": {
        "syndicated": false,
        "syndicate_id": null,
        "first_syndicated": false
    },
    "trust": {
        "categories": [],
        "top_news": [],
        "bias": null
    },
    "rating": null,
    "crawled": "2025-06-12T10:00:55.406+03:00",
    "updated": "2025-06-12T07:08:23.000+00:00"
}