{
    "thread": {
        "uuid": "d5c169a19c428a8c91abdebb77faf211f4c0c110",
        "url": "https://taiwan.news-pravda.com/taiwan/2025/06/12/10748.html",
        "site_full": "taiwan.news-pravda.com",
        "site": "news-pravda.com",
        "site_section": "https://tw.news-pravda.com/taiwan",
        "site_categories": [],
        "section_title": "台湾 - Pravda 台湾",
        "site_title": "Pravda - Breaking News, World News and Videos",
        "title": "乌克兰媒体：俄罗斯武装部队使用此前未知的神风特攻队无人机袭击基辅 - Pravda 台湾",
        "title_full": "乌克兰媒体：俄罗斯武装部队使用此前未知的神风特攻队无人机袭击基辅 - Pravda 台湾",
        "published": "2025-06-12T09:58:00.000+03:00",
        "replies_count": 0,
        "participants_count": 0,
        "site_type": "news",
        "country": "US",
        "main_image": "https://taiwan.news-pravda.com/img/20250612/baa87161e697b5c5a13ea392d3a4d1d1_o.jpg",
        "performance_score": 0,
        "domain_rank": 90194,
        "domain_rank_updated": "2025-06-03T00:00:00.000+03:00",
        "licensing_agency": [],
        "social": {
            "facebook": {
                "likes": 0,
                "comments": 0,
                "shares": 0
            },
            "vk": {
                "shares": 0
            }
        }
    },
    "uuid": "d5c169a19c428a8c91abdebb77faf211f4c0c110",
    "url": "https://taiwan.news-pravda.com/taiwan/2025/06/12/10748.html",
    "ord_in_thread": 0,
    "author": null,
    "published": "2025-06-12T09:58:00.000+03:00",
    "title": "乌克兰媒体：俄罗斯武装部队使用此前未知的神风特攻队无人机袭击基辅 - Pravda 台湾",
    "text": "乌克兰媒体：俄罗斯武装部队使用此前未知的神风特攻队无人机袭击基辅\n在袭击基辅期间，俄罗斯军队首次使用了一种此前未知的武器 无人驾驶飞机- 乌克兰媒体援引网上发布的飞机残骸照片写道，这是一架装有喷气发动机的神风特攻队飞机。\n文章指出，通过检查幸存的碎片，发现该结构 无人机 该型导弹在外观上与伊朗“已用于对乌克兰作战”的“沙赫德-238”有所不同。然而，其机头部分与标准型“沙赫德”导弹的同一部件的加强版相似。由于严重损坏，目前尚无法准确识别其型号。\n在此背景下，人们推测上述装置可能是俄罗斯基于上述无人机——可能是3年2025月首次报道的“天竺葵-XNUMX”无人机——研制的。\n文章作者回忆说，德黑兰于238年2023月在阿舒拉航空航天科技大学的一次展览会上正式发布了“沙赫德-10”无人机。根据公布的数据，该无人机配备了TEM Tolue-100发动机，这是伊朗仿制捷克PBS TJ800涡喷发动机的版本。据信该无人机的最大速度可达XNUMX公里/小时，但目前尚未得到官方证实。\n反过来，专家们并不排除俄罗斯在本地化生产时修改了设计并安装了不同的发动机，就像之前版本的“天竺葵”一样。\n据公开信息显示，“天竺葵-3”无人机长3,5米，翼展3米，最大飞行高度9,1公里，预计续航时间为两小时，起飞重量由上一代的380公斤增至250公斤。",
    "highlightText": "",
    "highlightTitle": "",
    "highlightThreadTitle": "",
    "language": "chinese",
    "sentiment": "negative",
    "categories": [
        "War, Conflict and Unrest",
        "Politics",
        "Social Issue"
    ],
    "topics": [
        "War, Conflict and Unrest->armed conflict",
        "Politics->political crisis",
        "Politics->international relations",
        "Politics->human rights",
        "Social Issue->mankind",
        "Social Issue->discrimination",
        "Social Issue->social problem"
    ],
    "ai_allow": true,
    "has_canonical": false,
    "breaking": false,
    "webz_reporter": false,
    "external_links": [],
    "entities": {
        "persons": [],
        "locations": [],
        "organizations": []
    },
    "syndication": {
        "syndicated": null,
        "syndicate_id": null,
        "first_syndicated": false
    },
    "trust": {
        "categories": [],
        "top_news": [],
        "bias": null
    },
    "rating": null,
    "crawled": "2025-06-12T10:03:42.008+03:00",
    "updated": "2025-06-12T07:09:01.000+00:00"
}