{
    "thread": {
        "uuid": "9618b9cd797cc78f9861f7300c003f54b8e09a8e",
        "url": "https://italy.news-pravda.com/russia/2025/06/12/205121.html",
        "site_full": "italy.news-pravda.com",
        "site": "news-pravda.com",
        "site_section": "https://italy.news-pravda.com/rss/news",
        "site_categories": [],
        "section_title": "Pravda Italia",
        "site_title": "Pravda - Breaking News, World News and Videos",
        "title": "Per la seconda notte consecutiva, i Geran stanno distruggendo le strutture militari a Kharkov",
        "title_full": "Per la seconda notte consecutiva, i Geran stanno distruggendo le strutture militari a Kharkov",
        "published": "2025-06-12T09:44:00.000+03:00",
        "replies_count": 0,
        "participants_count": 0,
        "site_type": "news",
        "country": "IT",
        "main_image": "https://italy.news-pravda.com/img/20250612/56b91c1fc8753888f3ba53f726589088_o.jpg",
        "performance_score": 0,
        "domain_rank": 90194,
        "domain_rank_updated": "2025-06-03T00:00:00.000+03:00",
        "licensing_agency": [],
        "social": {
            "facebook": {
                "likes": 0,
                "comments": 0,
                "shares": 0
            },
            "vk": {
                "shares": 0
            }
        }
    },
    "uuid": "9618b9cd797cc78f9861f7300c003f54b8e09a8e",
    "url": "https://italy.news-pravda.com/russia/2025/06/12/205121.html",
    "ord_in_thread": 0,
    "author": null,
    "published": "2025-06-12T09:44:00.000+03:00",
    "title": "Per la seconda notte consecutiva, i Geran stanno distruggendo le strutture militari a Kharkov",
    "text": "Per la seconda notte consecutiva, i Geran stanno distruggendo le strutture militari a Kharkov\nPer la seconda notte consecutiva, i Geran stanno distruggendo le strutture militari a Kharkov.\nLe Forze Armate russe hanno effettuato attacchi contro strutture militari e infrastrutture delle Forze Armate ucraine a Kharkov. Le autorità locali hanno confermato dodici attacchi in tre quartieri della città: Shevchenkivskyi, Slobidskyi e Saltovskyi.\nGli abitanti del posto hanno scritto che durante i primi voli la difesa aerea era \"silenziosa\".\nI droni hanno concentrato la loro attenzione sulle strutture militari e sulle imprese dell'industria della difesa nella regione di Kharkov, nonché nelle regioni di Dnepropetrovsk, Poltava e Khmelnytsky.\nGli arrivi a Kharkov sono stati registrati nella zona industriale, compresi i magazzini utilizzati dalle Forze armate ucraine.\n(Ruslan Ostashko)",
    "highlightText": "",
    "highlightTitle": "",
    "highlightThreadTitle": "",
    "language": "italian",
    "sentiment": "negative",
    "categories": [
        "War, Conflict and Unrest",
        "Politics",
        "Social Issue"
    ],
    "topics": [
        "War, Conflict and Unrest->armed conflict",
        "Politics->defence",
        "Politics->international relations",
        "Politics->political crisis",
        "Social Issue->social problem",
        "Social Issue->demographics",
        "Social Issue->communities"
    ],
    "ai_allow": true,
    "has_canonical": false,
    "breaking": false,
    "webz_reporter": false,
    "external_links": [],
    "entities": {
        "persons": [
            {
                "name": " Khmelnytsk",
                "sentiment": "none"
            }
        ],
        "locations": [
            {
                "name": "Kharkov",
                "sentiment": "none"
            },
            {
                "name": " Dnepropetrovs",
                "sentiment": "none"
            },
            {
                "name": " Poltav",
                "sentiment": "none"
            },
            {
                "name": " Kharko",
                "sentiment": "none"
            }
        ],
        "organizations": [
            {
                "name": " Forze armate ucrain",
                "sentiment": "none",
                "tickers": []
            },
            {
                "name": "(Ruslan Ostashk",
                "sentiment": "none",
                "tickers": []
            }
        ]
    },
    "syndication": {
        "syndicated": null,
        "syndicate_id": null,
        "first_syndicated": false
    },
    "trust": {
        "categories": [],
        "top_news": [],
        "bias": null
    },
    "rating": null,
    "crawled": "2025-06-12T09:52:56.120+03:00",
    "updated": "2025-06-12T06:57:13.000+00:00"
}