{
    "thread": {
        "uuid": "a6bb042413a03e80af46e6156aeeadb9e5a6b3e9",
        "url": "https://news.cts.com.tw/cna/international/202506/202506122480942.html",
        "site_full": "news.cts.com.tw",
        "site": "cts.com.tw",
        "site_section": "https://news.cts.com.tw/real/index.html",
        "site_categories": [
            "media"
        ],
        "section_title": "華視新聞網 - 即時",
        "site_title": null,
        "title": "馬斯克發文懺悔自認太超過 川普：這樣做非常友好 - 華視新聞網",
        "title_full": "馬斯克發文懺悔自認太超過 川普：這樣做非常友好 - 華視新聞網",
        "published": "2025-06-11T22:15:00.000+03:00",
        "replies_count": 0,
        "participants_count": 1,
        "site_type": "news",
        "country": "TW",
        "main_image": "",
        "performance_score": 0,
        "domain_rank": 38990,
        "domain_rank_updated": "2025-06-03T00:00:00.000+03:00",
        "licensing_agency": [],
        "social": {
            "facebook": {
                "likes": 0,
                "comments": 0,
                "shares": 0
            },
            "vk": {
                "shares": 0
            }
        }
    },
    "uuid": "a6bb042413a03e80af46e6156aeeadb9e5a6b3e9",
    "url": "https://news.cts.com.tw/cna/international/202506/202506122480942.html",
    "ord_in_thread": 0,
    "author": "cts.com.tw",
    "published": "2025-06-11T22:15:00.000+03:00",
    "title": "馬斯克發文懺悔自認太超過 川普：這樣做非常友好 - 華視新聞網",
    "text": "中央社\n（中央社華盛頓11日綜合外電報導）美國億萬富豪馬斯克今天稍早表示，他對於自己上週所發關於美國總統川普的部分貼文感到後悔，這些發文「太超過」。川普回應說：「我認為他這樣做非常友好。」\n馬斯克（Elon Musk）今天在自家社群媒體平台X發文寫道：「我對自己上週所發布關於川普（Donald Trump）總統的部分貼文感到後悔，它們太超過了。」但他沒有明確指出是哪些貼文。\n川普其後在與「紐約郵報」（New York Post）的短暫電話交談中說：「我認為他這樣做非常友好。」但川普未透露他是否願意對馬斯克既往不咎。\n白宮新聞秘書李威特（Karoline Leavitt）今天告訴媒體記者：「（川普）總統已知伊隆（馬斯克名）今天上午發表的聲明，他予以讚賞。」（譯者：陳正健/核稿：張正芊）1140612\n新聞來源：中央社",
    "highlightText": "",
    "highlightTitle": "",
    "highlightThreadTitle": "",
    "language": "chinese",
    "sentiment": "negative",
    "categories": [
        "Politics",
        "Social Issue",
        "War, Conflict and Unrest"
    ],
    "topics": [
        "Politics->political candidates",
        "Politics->political campaigns",
        "Politics->political process",
        "Social Issue->social networking",
        "Social Issue->discrimination",
        "Social Issue->social condition"
    ],
    "ai_allow": true,
    "has_canonical": false,
    "breaking": null,
    "webz_reporter": false,
    "external_links": [
        "https://social-plugins.line.me/lineit/share?url=https://ctsnews.page.link/vFb1k",
        "https://www.facebook.com/dialog/feed?app_id=1572843652896530&display=page&link=https://ctsnews.page.link/LDPoN&redirect_uri=https://news.cts.com.tw/cna/international/202506/202506122480942.html",
        "https://www.facebook.com/dialog/send?app_id=1572843652896530&display=page&link=https://ctsnews.page.link/g8aUk&redirect_uri=https://news.cts.com.tw/cna/international/202506/202506122480942.html",
        "https://www.facebook.com/dialog/feed",
        "https://www.facebook.com/dialog/send",
        "https://facebook.com/dialog/send?app_id=1572843652896530&display=page&link=https://ctsnews.page.link/g8aUk&redirect_uri=https://news.cts.com.tw/cna/international/202506/202506122480942.html",
        "https://www.social-plugins.line.me/lineit/share?url=https://www.ctsnews.page.link/vFb1k",
        "https://facebook.com/dialog/feed?app_id=1572843652896530&display=page&link=https://ctsnews.page.link/LDPoN&redirect_uri=https://news.cts.com.tw/cna/international/202506/202506122480942.html",
        "https://social-plugins.line.me/lineit/share"
    ],
    "entities": {
        "persons": [],
        "locations": [],
        "organizations": []
    },
    "syndication": {
        "syndicated": null,
        "syndicate_id": null,
        "first_syndicated": false
    },
    "trust": {
        "categories": [],
        "top_news": [],
        "bias": null
    },
    "rating": null,
    "crawled": "2025-06-12T10:12:39.405+03:00",
    "updated": "2025-06-12T07:17:27.000+00:00"
}