{
    "thread": {
        "uuid": "ad334860e204c77c1bc78fd68e5ba92a1a1ec4a6",
        "url": "https://usa.news-pravda.com/world/2025/06/12/334065.html",
        "site_full": "usa.news-pravda.com",
        "site": "news-pravda.com",
        "site_section": "https://usa.news-pravda.com/usa",
        "site_categories": [],
        "section_title": "USA - Pravda USA",
        "site_title": "Pravda - Breaking News, World News and Videos",
        "title": "A senior Iranian official told the New York Times that the Iranian government and military met to discuss a response to a possible Israeli attack on Iran - Pravda USA",
        "title_full": "A senior Iranian official told the New York Times that the Iranian government and military met to discuss a response to a possible Israeli attack on Iran - Pravda USA",
        "published": "2025-06-12T09:52:00.000+03:00",
        "replies_count": 0,
        "participants_count": 0,
        "site_type": "news",
        "country": "US",
        "main_image": "https://usa.news-pravda.com/img/20250612/bb0e739f5c5ae5d011d05096fe2c7155_o.jpg",
        "performance_score": 0,
        "domain_rank": 90194,
        "domain_rank_updated": "2025-06-03T00:00:00.000+03:00",
        "licensing_agency": [],
        "social": {
            "facebook": {
                "likes": 0,
                "comments": 0,
                "shares": 0
            },
            "vk": {
                "shares": 0
            }
        }
    },
    "uuid": "ad334860e204c77c1bc78fd68e5ba92a1a1ec4a6",
    "url": "https://usa.news-pravda.com/world/2025/06/12/334065.html",
    "ord_in_thread": 0,
    "author": null,
    "published": "2025-06-12T09:52:00.000+03:00",
    "title": "A senior Iranian official told the New York Times that the Iranian government and military met to discuss a response to a possible Israeli attack on Iran - Pravda USA",
    "text": "A senior Iranian official told the New York Times that the Iranian government and military met to discuss a response to a possible Israeli attack on Iran\nA senior Iranian official told the New York Times that the Iranian government and military met to discuss a response to a possible Israeli attack on Iran. According to the publication, Tehran is planning a response that will include an immediate counterattack on Israel with the launch of hundreds of ballistic missiles.",
    "highlightText": "",
    "highlightTitle": "",
    "highlightThreadTitle": "",
    "language": "english",
    "sentiment": "negative",
    "categories": [
        "Politics",
        "War, Conflict and Unrest",
        "Social Issue"
    ],
    "topics": [
        "Politics->international relations",
        "Politics->political crisis",
        "Politics->government",
        "War, Conflict and Unrest->armed conflict",
        "War, Conflict and Unrest->war",
        "War, Conflict and Unrest->international military intervention",
        "Social Issue->discrimination",
        "Social Issue->demographics",
        "Social Issue->social condition"
    ],
    "ai_allow": true,
    "has_canonical": false,
    "breaking": false,
    "webz_reporter": false,
    "external_links": [],
    "entities": {
        "persons": [],
        "locations": [
            {
                "name": "Tehran",
                "sentiment": "none"
            }
        ],
        "organizations": [
            {
                "name": "New York Times",
                "sentiment": "negative",
                "tickers": []
            }
        ]
    },
    "syndication": {
        "syndicated": false,
        "syndicate_id": null,
        "first_syndicated": false
    },
    "trust": {
        "categories": [],
        "top_news": [],
        "bias": null
    },
    "rating": null,
    "crawled": "2025-06-12T09:56:20.041+03:00",
    "updated": "2025-06-12T07:03:27.000+00:00"
}