{
    "thread": {
        "uuid": "fc325a8f89daefc2d0856cbb99d354bcd0357831",
        "url": "https://unn.ua/ru/news/rossiyane-atakovali-dronami-yug-odesskoi-oblasti-pokazali-posledstviya",
        "site_full": "unn.ua",
        "site": "unn.ua",
        "site_section": "https://unn.com.ua/ru",
        "site_categories": [
            "top_news_ua",
            "top_news"
        ],
        "section_title": "Оперативные новости Украины и Мира | Украинские Национальные Новости УНН",
        "site_title": "Оперативні новини України та Світу | Українські Національні Новини УНН",
        "title": "россияне атаковали дронами юг Одесской области: показали последствия",
        "title_full": "россияне атаковали дронами юг Одесской области: показали последствия",
        "published": "2025-06-12T09:59:00.000+03:00",
        "replies_count": 0,
        "participants_count": 1,
        "site_type": "news",
        "country": "UA",
        "main_image": "https://unn.ua/img/2025/06/12/1749711569-4884-large.webp",
        "performance_score": 0,
        "domain_rank": 26291,
        "domain_rank_updated": "2025-06-03T00:00:00.000+03:00",
        "licensing_agency": [],
        "social": {
            "facebook": {
                "likes": 0,
                "comments": 0,
                "shares": 0
            },
            "vk": {
                "shares": 0
            }
        }
    },
    "uuid": "fc325a8f89daefc2d0856cbb99d354bcd0357831",
    "url": "https://unn.ua/ru/news/rossiyane-atakovali-dronami-yug-odesskoi-oblasti-pokazali-posledstviya",
    "ord_in_thread": 0,
    "author": "Юлия Шрамко",
    "published": "2025-06-12T09:59:00.000+03:00",
    "title": "россияне атаковали дронами юг Одесской области: показали последствия",
    "text": "россияне атаковали дронами юг Одесской области: показали последствия\nКиев • УНН\nНочью российские войска атаковали Измаильский район Одесской области ударными дронами, повреждена гражданская инфраструктура в Вилковской громаде. Разрушены склады с камышом.\nВ Одесской области ночью российские войска атаковали Измаильский район ударными беспилотниками, под ударом была Вилковская громада, сообщил в четверг глава Одесской ОВА Олег Кипер в Telegram, пишет УНН.\nДетали\n\"Ночью враг атаковал Измаильский район ударными беспилотниками. Под ударом была Вилковская громада\", - написал Кипер.\nПо данным Одесской областной прокуратуры, 12 июня ночью вооруженные силы рф осуществили атаку БпЛА по объектам гражданской инфраструктуры Измаильского района Одесской области. \"В результате атаки повреждены складские помещения частного предприятия\", - сообщили в прокуратуре.\n\"Несмотря на активную работу сил ПВО, которые уничтожили большинство вражеских беспилотников, в результате атаки была повреждена гражданская инфраструктура: предприятие по заготовке камыша и несколько многоквартирных домов. К счастью, пострадавших в результате атаки нет\", - отметил Кипер.\nВ ГСЧС уточнили, что из-за вражеской атаки на юг Одесской области разрушены склады с камышом и оборудованием для его обработки. Огонь охватил помещение, технику - уничтожено 2 комбайна и грузовик. ГСЧС вместе с местными пожарными оперативно ликвидировали пожар.\n49 из 63 вражеских дронов обезврежены над Украиной12.06.25, 09:10 • 3152 просмотра",
    "highlightText": "",
    "highlightTitle": "",
    "highlightThreadTitle": "",
    "language": "russian",
    "sentiment": "negative",
    "categories": [
        "War, Conflict and Unrest"
    ],
    "topics": [
        "War, Conflict and Unrest->terrorist bombings",
        "War, Conflict and Unrest->armed conflict"
    ],
    "ai_allow": true,
    "has_canonical": false,
    "breaking": true,
    "webz_reporter": false,
    "external_links": [
        "https://t.me/odeskaODA/10018",
        "https://www.t.me/odeskaODA/10018"
    ],
    "entities": {
        "persons": [],
        "locations": [],
        "organizations": []
    },
    "syndication": {
        "syndicated": null,
        "syndicate_id": null,
        "first_syndicated": false
    },
    "trust": {
        "categories": [],
        "top_news": [
            "top_news_ua",
            "top_news"
        ],
        "bias": null
    },
    "rating": null,
    "crawled": "2025-06-12T10:10:35.260+03:00",
    "updated": "2025-06-13T08:05:17.000+00:00"
}