{
    "thread": {
        "uuid": "38c1ebba61f8e7c7c15fb850170175ca6d412aff",
        "url": "https://www.nbcconnecticut.com/news/national-international/israel-considering-military-strike-on-iran-sources-say/3585201",
        "site_full": "www.nbcconnecticut.com",
        "site": "nbcconnecticut.com",
        "site_section": "https://world.einnews.com/ajax/headlines",
        "site_categories": [
            "tech"
        ],
        "section_title": "",
        "site_title": "NBC Connecticut &#8211; Local news, weather, breaking news in CT",
        "title": "Israel considering military strike on Iran - NBC Connecticut",
        "title_full": "Israel considering military strike on Iran - NBC Connecticut",
        "published": "2025-06-12T09:47:00.000+03:00",
        "replies_count": 0,
        "participants_count": 1,
        "site_type": "news",
        "country": "US",
        "main_image": "https://media.nbcconnecticut.com/2025/06/AP25160765951717.jpg?quality=85&#038;strip=all&#038;resize=1200%2C675",
        "performance_score": 0,
        "domain_rank": 7737,
        "domain_rank_updated": "2025-06-03T00:00:00.000+03:00",
        "licensing_agency": [],
        "social": {
            "facebook": {
                "likes": 0,
                "comments": 0,
                "shares": 0
            },
            "vk": {
                "shares": 0
            }
        }
    },
    "uuid": "38c1ebba61f8e7c7c15fb850170175ca6d412aff",
    "url": "https://www.nbcconnecticut.com/news/national-international/israel-considering-military-strike-on-iran-sources-say/3585201",
    "ord_in_thread": 0,
    "author": "Gordon Lubold, Abigail Williams, Dan De Luce and Courtney Kube l NBC News",
    "published": "2025-06-12T09:47:00.000+03:00",
    "title": "Israel considering military strike on Iran - NBC Connecticut",
    "text": "Israel is considering taking military action against Iran — most likely without U.S. support — in the coming days, even as President Donald Trump is in advanced discussions with Tehran about a diplomatic deal to curtail its nuclear program, according to five people with knowledge of the situation.\nIsrael has become more serious about a unilateral strike on Iran as the negotiations between the United States and Iran appear closer to a preliminary or framework agreement that includes provisions about uranium enrichment that Israel views as unacceptable, according to NBC News.\nStream Connecticut News for free, 24/7, wherever you are.\n WATCH HERE\nA unilateral strike or action by Israel against Iran would be a dramatic break with the Trump administration, which has argued against such a step.\nThe Trump administration is awaiting a response from Iran about a proposed framework of a nuclear deal, and Trump has publicly said Tehran has become more hard-line in its negotiations.\nGet top local Connecticut stories delivered to you every morning with the News Headlines newsletter.\n SIGN UP\nThe notion of a new front in a simmering conflict has prompted the Trump administration to order all embassies within striking distance of Iranian missiles, aircraft and other assets (including missions in the Middle East, Northern Africa and Eastern Europe) to send cables with assessments about danger and about measures to mitigate risks to Americans and U.S. infrastructure, according to two sources familiar.\nU.S. and other officials are on alert awaiting the possibility of Israel’s striking Iran, the officials said.\nThe White House has not briefed senior lawmakers on the issue, according to that aide and a U.S. official.\nOne major concern is Iran’s retaliating against U.S. personnel or assets in the region for any action.\nIsrael, which relies on intelligence or other direct and logistical assistance from the United States, may be in a position to take unilateral action against Tehran, the source familiar said. The sources familiar and officials were not aware of any planned U.S. involvement in the possible action. The United States could support with aerial refueling or intelligence sharing rather than kinetic support, but the sources and officials were not aware of plans for that, either, at this point.\nU.S. officials have announced that the voluntary departure of nonessential employees from the region. And the Defense Department announced the voluntary departure of military families from locations all across the U.S. Central Command area of operations.\nThe CENTCOM commander, Gen. Erik Kurilla, was due to testify on Capitol Hill on Thursday, but the hearing was postponed late Wednesday without explanation. A source familiar said Kurilla had to focus on this unfolding situation.\nAnother possible factor: Iran is rebuilding its strategic air defenses, and manned strikes will soon be exponentially more dangerous for Israeli pilots. In October, Israel damaged nearly every one of Iran’s strategic air defense systems (mainly S-300s), but much of the damage was to the radars or other parts that can be rebuilt. It’s possible Israel’s window for manned strikes, without being threatened by Iran’s coordinated strategic air defenses, is closing.\nWhile Israel would most likely prefer U.S. military and intelligence support for strikes — especially against Iranian nuclear facilities — it showed in October that it can do a lot alone.\nMichael Knights of the Washington Institute for Near East Policy said the evacuation of nonessential staff members at the U.S. Embassy in Iraq will send a message to Tehran that Trump will not necessarily hold Israel back from launching a threatened attack on Iran.\n“It’s about trying to get Iran to respect the president’s wishes,” Knights said.\nIran has failed to meet a two-month deadline Trump set to reach an agreement on the country’s nuclear activities, and he is frustrated, he said.\nBoth Knights and a source with knowledge of the matter said it was unclear whether Israel would undertake a limited military strike now or wait until nuclear negotiations played out further.\nTrump has expressed growing frustration over Iran’s stance at recent indirect talks, portraying Tehran as inflexible and slow-moving.\n“They’re just asking for things that you can’t do. They don’t want to give up what they have to give up,” Trump told reporters Monday. “They seek enrichment. We can’t have enrichment.”\nThis story first appeared on NBCNews.com. More from NBC News:",
    "highlightText": "",
    "highlightTitle": "",
    "highlightThreadTitle": "",
    "language": "english",
    "sentiment": "negative",
    "categories": [
        "War, Conflict and Unrest"
    ],
    "topics": [
        "War, Conflict and Unrest->international military intervention"
    ],
    "ai_allow": true,
    "has_canonical": true,
    "breaking": false,
    "webz_reporter": false,
    "external_links": [
        "https://www.nbcnews.com/world/middle-east/israel-considering-military-strike-iran-sources-say-rcna212528",
        "https://nbcnews.com/world/middle-east/israel-considering-military-strike-iran-sources-say-rcna212528"
    ],
    "entities": {
        "persons": [
            {
                "name": "Donald Trump",
                "sentiment": "none"
            }
        ],
        "locations": [
            {
                "name": "Tehran",
                "sentiment": "none"
            }
        ],
        "organizations": [
            {
                "name": "NBC News",
                "sentiment": "none",
                "tickers": []
            }
        ]
    },
    "syndication": {
        "syndicated": false,
        "syndicate_id": "38c1ebba61f8e7c7c15fb850170175ca6d412aff",
        "first_syndicated": true
    },
    "trust": {
        "categories": [],
        "top_news": [],
        "bias": null
    },
    "rating": null,
    "crawled": "2025-06-12T09:58:20.492+03:00",
    "updated": "2025-06-12T07:03:48.000+00:00"
}