{
    "thread": {
        "uuid": "43f35b6f7bf5413e890047a6ed9b5fc141ab20f9",
        "url": "https://expresso.pt/internacional/guerra-na-ucrania/2025-06-12-pelo-menos-14-feridos-em-novo-ataque-noturno-russo-em-kharkiv-b03f5999",
        "site_full": "expresso.pt",
        "site": "expresso.pt",
        "site_section": "https://novo.sapo.pt/noticias",
        "site_categories": [
            "media",
            "top_news_pt",
            "top_news"
        ],
        "section_title": "Not&iacute;cias - SAPO.pt - &Uacute;ltima hora e not&iacute;cias de hoje atualizadas ao minuto",
        "site_title": "Expresso | Liberdade para pensar",
        "title": "Pelo menos 14 feridos em novo ataque noturno russo em Kharkiv",
        "title_full": "Pelo menos 14 feridos em novo ataque noturno russo em Kharkiv",
        "published": "2025-06-12T09:51:00.000+03:00",
        "replies_count": 0,
        "participants_count": 1,
        "site_type": "news",
        "country": "PT",
        "main_image": "https://images.impresa.pt/expresso/2025-06-04-doc.20250604.45091975.12154167.jpg-f714ee51/1.91x1?wm=true&amp;outputFormat=jpeg",
        "performance_score": 1,
        "domain_rank": 18651,
        "domain_rank_updated": "2025-06-03T00:00:00.000+03:00",
        "licensing_agency": [],
        "social": {
            "facebook": {
                "likes": 14,
                "comments": 1,
                "shares": 9
            },
            "vk": {
                "shares": 0
            }
        }
    },
    "uuid": "43f35b6f7bf5413e890047a6ed9b5fc141ab20f9",
    "url": "https://expresso.pt/internacional/guerra-na-ucrania/2025-06-12-pelo-menos-14-feridos-em-novo-ataque-noturno-russo-em-kharkiv-b03f5999",
    "ord_in_thread": 0,
    "author": "Agência Lusa",
    "published": "2025-06-12T09:51:00.000+03:00",
    "title": "Pelo menos 14 feridos em novo ataque noturno russo em Kharkiv",
    "text": "Pelo menos 14 feridos em novo ataque noturno russo em Kharkiv\nCasas, estabelecimentos comerciais e carros foram queimados e 14 pessoas ficaram feridas, incluindo quatro crianças\", informaram os serviços de emergência estaduais na rede social Telegram",
    "highlightText": "",
    "highlightTitle": "",
    "highlightThreadTitle": "",
    "language": "portuguese",
    "sentiment": "negative",
    "categories": [
        "War, Conflict and Unrest"
    ],
    "topics": [
        "War, Conflict and Unrest->armed conflict"
    ],
    "ai_allow": true,
    "has_canonical": false,
    "breaking": true,
    "webz_reporter": false,
    "external_links": [],
    "entities": {
        "persons": [],
        "locations": [],
        "organizations": []
    },
    "syndication": {
        "syndicated": null,
        "syndicate_id": null,
        "first_syndicated": false
    },
    "trust": {
        "categories": [],
        "top_news": [
            "top_news_pt",
            "top_news"
        ],
        "bias": null
    },
    "rating": null,
    "crawled": "2025-06-12T10:11:43.859+03:00",
    "updated": "2025-06-13T08:05:29.000+00:00"
}