{
    "thread": {
        "uuid": "b7fa6b713da8346f2fd97c67b74d27da7dcba2bf",
        "url": "https://www.vetogate.com/5551610",
        "site_full": "www.vetogate.com",
        "site": "vetogate.com",
        "site_section": "https://www.vetogate.com/category/0?props=topstory",
        "site_categories": [
            "media"
        ],
        "section_title": "فيتو  | توب ستوري ",
        "site_title": "فيتو",
        "title": "الأونروا تحذر: أمطار غزة تفاقم المعاناة وتزيد مخاطر الأمراض",
        "title_full": "الأونروا تحذر: أمطار غزة تفاقم المعاناة وتزيد مخاطر الأمراض",
        "published": "2025-12-11T09:23:05.144+02:00",
        "replies_count": 0,
        "participants_count": 1,
        "site_type": "news",
        "country": "EG",
        "main_image": "https://www.vetogate.com/UploadCache/libfiles/565/8/600x338o/964.png",
        "performance_score": 0,
        "domain_rank": 62839,
        "domain_rank_updated": "2025-12-07T23:00:00.000+02:00",
        "licensing_agency": [],
        "social": {
            "facebook": {
                "likes": 0,
                "comments": 0,
                "shares": 0
            },
            "vk": {
                "shares": 0
            }
        }
    },
    "uuid": "b7fa6b713da8346f2fd97c67b74d27da7dcba2bf",
    "url": "https://www.vetogate.com/5551610",
    "ord_in_thread": 0,
    "author": "sync",
    "published": "2025-12-11T09:23:05.144+02:00",
    "title": "الأونروا تحذر: أمطار غزة تفاقم المعاناة وتزيد مخاطر الأمراض",
    "text": "حذرت وكالة الأمم المتحدة لإغاثة وتشغيل اللاجئين الفلسطينيين الأونروا من تفاقم الأوضاع الإنسانية في قطاع غزة مع بدء هطول الأمطار، مؤكدة أن الظروف الجوية الحالية تضيف تحديات جديدة إلى الواقع المعيشي المتردي أصلا.\nوأوضحت الوكالة أن تجمع المياه داخل الملاجئ العشوائية يسهم في زيادة المخاطر على مئات الآلاف من النازحين الذين يفتقرون إلى الحد الأدنى من مقومات الحماية.\nوأشارت الأونروا إلى أن البرد الشديد والاكتظاظ ونقص النظافة داخل مراكز الإيواء يزيد من احتمالات انتشار الأمراض والعدوى، في ظل محدودية الخدمات الصحية وتدهور البنية التحتية.\nكما شددت الوكالة على أن استمرار هذه الظروف يضاعف المعاناة الإنسانية ويستدعي تدخلا عاجلا لتوفير الاحتياجات الأساسية للمدنيين.\nترامب: تسمية أعضاء مجلس السلام في غزة العام المقبل أطلق الرئيس الأمريكي دونالد ترامب تصريحًا جديدًا، بعدما أعلن أن الإدارة الأمريكية تستعد للكشف عن «مجلس السلام الخاص بغزة» خلال العام المقبل، في خطوة وصفها بأنها ستكون محورية في تحديد مستقبل القضية الفلسطينية ومسار التهدئة في القطاع.\nترامب: سنتخذ قرار مجلس غزة في التوقيت المناسب.. والاهتمام الدولي غير مسبوق وقال ترامب: إن واشنطن تعمل على إعداد الإطار النهائي للمجلس الجديد الخاص بغزة، مشيرًا إلى أن “جميع الدول ترغب في أن تكون جزءًا منه”، في إشارة منه إلى حجم الاهتمام العالمي بالمشاركة في أي ترتيبات سياسية أو أمنية تخص غزة بعد الحرب.\nسباق دولي مبكر للانضمام إلى المجلس الجديد..ومصادر تتحدث عن مشاورات سرية وكشفت مصادر دبلوماسية أن عددًا من القوى الإقليمية والدولية بدأت بالفعل اتصالات مبكرة مع الإدارة الأمريكية لمعرفة ملامح المجلس، وأدوار الدول المحتملة فيه، مع تقديرات بأن تكون عضوية المجلس مزيجًا من دول عربية وغربية إضافة إلى جهات دولية مؤثرة.\nملف غزة يعود إلى طاولة البيت الأبيض بقوة.. وترامب يلمّح إلى إطار “سلام شامل” ويأتي تصريح ترامب في وقت تشهد فيه واشنطن حراكًا سياسيًا متسارعًا لإعادة صياغة الرؤية الأمريكية لمرحلة ما بعد الحرب في غزة، وسط نقاشات داخل الإدارة حول إمكانية طرح مبادرة سلام شاملة تشمل ترتيبات أمنية وإعمارية ودبلوماسية جديدة.\nلا تهجير قسري من غزة واعتراف صريح بحق العودة في وقت سابق، أشار الدكتور ضياء رشوان رئيس الهيئة العامة للاستعلامات إلى أن خطة ترامب نصَّت بوضوح على عدم إجبار أي فلسطيني على مغادرة غزة، وأن من يغادر طوعًا يملك حق العودة، وهو ما اعتبره “عفريتًا كبيرًا” بالنسبة لإسرائيل التي رفضت تاريخيًا الاعتراف بهذا الحق. ولفت إلى أن هناك نحو 14 مليون فلسطيني حول العالم -بما في ذلك الأراضي المحتلة- يمتلكون هذا الحق وفق المعايير الدولية.\nلجنة تسيير ذاتي وإعمار شامل بجهود مصرية جاهزة للتنفيذ وأوضح رشوان أن الخطة تتضمن تشكيل لجنة لـ إدارة غزة من الفلسطينيين يعاونها خبراء دوليون، وهو ما يُعرف بلجنة التسيير الذاتي. وشدد على أن مصر لن تدير قطاع غزة ولن تقبل بذلك مطلقًا، مشيرًا إلى أن القاهرة أعدّت كامل خطط إعادة إعمار القطاع، وهي بانتظار عقد مؤتمر دولي للتعافي وإعادة الإعمار على الأراضي المصرية.\nونقدم لكم من خلال موقع ( فيتو )، تغطية ورصدًا مستمرًّا على مدار الـ 24 ساعة لـ أسعار الذهب ، أسعار اللحوم ، أسعار الدولار ، أسعار اليورو ، أسعار العملات ، أخبار الرياضة ، أخبار مصر ، أخبار اقتصاد ، أخبار المحافظات ، أخبار السياسة ، أخبار الحوداث ، ويقوم فريقنا بمتابعة حصرية لجميع الدوريات العالمية مثل الدوري الإنجليزي ، الدوري الإيطالي ، الدوري المصري ، دوري أبطال أوروبا ، دوري أبطال أفريقيا ، دوري أبطال آسيا ، والأحداث الهامة و السياسة الخارجية والداخلية بالإضافة للنقل الحصري لـ أخبار الفن والعديد من الأنشطة الثقافية والأدبية.\nتابع موقع فيتو عبر قناة (يوتيوب) اضغط ه نا\nتابع موقع فيتو عبر قناة (واتساب) اضغط ه نا\nتابع موقع فيتو عبر تطبيق (نبض) اضغط ه نا\nتابع موقع فيتو عبر تطبيق (جوجل نيوز) اضغط ه نا",
    "highlightText": "",
    "highlightTitle": "",
    "highlightThreadTitle": "",
    "language": "arabic",
    "sentiment": "negative",
    "categories": [
        "Environment",
        "Health"
    ],
    "topics": [
        "Environment->water",
        "Health->disease and condition",
        "Health->communicable disease"
    ],
    "ai_allow": true,
    "has_canonical": false,
    "breaking": false,
    "webz_reporter": false,
    "external_links": [
        "https://nabd.com/source/1242-a37bb9/%D9%85%D9%88%D9%82%D8%B9+%D8%A8%D9%88%D8%A7%D8%A8%D8%A9+%D9%81%D9%8A%D8%AA%D9%88",
        "https://www.youtube.com/user/VetogateOfficial",
        "https://news.google.com/publications/CAAqBwgKMP67qgsw7sbCAw?hl=ar&gl=EG&ceid=EG%3Aar",
        "https://www.whatsapp.com/channel/0029VaG6d5P8aKvOa7J1GY34",
        "https://www.news.google.com/publications/CAAqBwgKMP67qgsw7sbCAw?hl=ar&gl=EG&ceid=EG%3Aar",
        "https://whatsapp.com/channel/0029VaG6d5P8aKvOa7J1GY34",
        "https://www.nabd.com/source/1242-a37bb9/%D9%85%D9%88%D9%82%D8%B9+%D8%A8%D9%88%D8%A7%D8%A8%D8%A9+%D9%81%D9%8A%D8%AA%D9%88",
        "https://news.google.com/publications/CAAqBwgKMP67qgsw7sbCAw",
        "https://youtube.com/user/VetogateOfficial"
    ],
    "external_images": [],
    "internal_images": [
        "https://www.vetogate.com/images/no.jpg"
    ],
    "entities": {
        "persons": [],
        "locations": [],
        "organizations": []
    },
    "syndication": {
        "syndicated": null,
        "syndicate_id": null,
        "first_syndicated": false
    },
    "trust": {
        "categories": [],
        "top_news": [],
        "bias": null,
        "source": {
            "type": null,
            "city": null,
            "state": null,
            "country": null,
            "domain_type": null,
            "agency": null,
            "organization_name": null
        }
    },
    "rating": null,
    "crawled": "2025-12-11T09:23:05.144+02:00",
    "updated": "2025-12-11T09:26:42.000+02:00"
}