{
    "thread": {
        "uuid": "14680cb06d82ea298345ac5b89b1149b261a3664",
        "url": "https://www.fr.de/rhein-main/main-kinzig-kreis/hanau-ort66348/unklar-bombe-in-hanau-aktuell-sprengung-fuer-donnerstag-vorgesehen-evakuierungsradius-noch-zr-94076604.html",
        "site_full": "www.fr.de",
        "site": "fr.de",
        "site_section": "https://www.fr.de/",
        "site_categories": [
            "media"
        ],
        "section_title": "FR.de | News aus Politik, Wirtschaft, Sport, Frankfurt, Hessen und der Welt",
        "site_title": "FR.de | News aus Politik, Wirtschaft, Sport, Frankfurt, Hessen und der Welt",
        "title": "Bombe in Hanau muss gesprengt werden: Stadt rechnet mit massiven Auswirkungen",
        "title_full": "Bombe in Hanau muss gesprengt werden: Stadt rechnet mit massiven Auswirkungen",
        "published": "2025-12-11T08:27:00.000+02:00",
        "replies_count": 0,
        "participants_count": 1,
        "site_type": "news",
        "country": "DE",
        "main_image": "",
        "performance_score": 0,
        "domain_rank": 5296,
        "domain_rank_updated": "2025-12-07T23:00:00.000+02:00",
        "licensing_agency": [],
        "social": {
            "facebook": {
                "likes": 0,
                "comments": 0,
                "shares": 0
            },
            "vk": {
                "shares": 0
            }
        }
    },
    "uuid": "14680cb06d82ea298345ac5b89b1149b261a3664",
    "url": "https://www.fr.de/rhein-main/main-kinzig-kreis/hanau-ort66348/unklar-bombe-in-hanau-aktuell-sprengung-fuer-donnerstag-vorgesehen-evakuierungsradius-noch-zr-94076604.html",
    "ord_in_thread": 0,
    "author": "Erik Scharf",
    "published": "2025-12-11T08:27:00.000+02:00",
    "title": "Bombe in Hanau muss gesprengt werden: Stadt rechnet mit massiven Auswirkungen",
    "text": "Bombe in Hanau muss gesprengt werden: Stadt rechnet mit massiven Auswirkungen\nDer Kampfmittelräumdienst hat in Hanau eine Weltkriegsbombe gefunden. Eine kontrollierte Sprengung ist für Donnerstag geplant. Der News-Ticker.\nDas Wichtigste in\ndiesem News-Ticker\nAlle Infos zu Betreuungsstellen in Hanau– Zwei Betreuungsstellen stehen zur Verfügung, die von Bussen angefahren werden.Bombe kann nicht entschärft werden– Die gefundene Phosphorbombe muss kontrolliert gesprengt werden.Alle Infos zu Einschränkungen in Hanau– Straßen, ÖPNV, Schulen und Kitas betroffenTermin für kontrollierte Sprengung steht– Die Bombe soll am Donnerstag, 12 Uhr, gesprengt werden.\nUpdate vom Donnerstag, 11. Dezember, 7.27 Uhr: Vor der kontrollierten Sprengung einer Weltkriegsbombe in Hanau sind am frühen Morgen die ersten Evakuierungs- und Sicherungsmaßnahmen eingeleitet worden. Rund 4.500 Menschen in einem Umkreis von rund 1.000 Metern um die Fundstelle müssen vor der für 12 Uhr geplanten Sprengung ihre Wohnungen und Häuser verlassen. Die Stadt Hanau rechnet mit massiven Auswirkungen.\nBereits um 7 Uhr sollte nach Angaben der Stadt die Abfahrt „Hafen“ der Bundesstraße 43a gesperrt werden. Ab 9.30 Uhr wird die vielbefahrene vierspurige Strecke zwischen dem Hanauer Kreuz und der Abfahrt Steinheim komplett gesperrt. Die Strecke ist eine wichtige Verbindung zwischen den Autobahnen A3 und A66 mitten im Rhein-Main-Gebiet.\nDie Bahnhöfe in den beiden Stadtteilen Großauheim und Klein-Auheim sollten ebenfalls ab 7 Uhr geschlossen werden. Ab 11 Uhr sollte der Bahnverkehr in der Evakuierungszonen komplett ruhen. Der S-Bahnverkehr zwischen Hanau Hauptbahnhof und Offenbach sollte den Angaben zufolge jedoch nicht betroffen sein.\nFür die betroffenen Menschen sind Betreuungsstellen und Notunterkünfte in Mehrzweck- und Sporthallen vorbereitet. In den beiden Stadtteilen Großauheim und Klein-Auheim sollten um 8 Uhr Busse die Bewohnerinnen und Bewohner der Evakuierungszone dorthin bringen.\n+++ 20.54 Uhr: Alle betroffenen Bürgerinnen und Bürger sollten laut Angaben der Stadt Hanau während der Evakuierung folgende Hinweise beachten: „Fenster und Türen sollen geschlossen werden. In der Wohnung sollte das Licht gelöscht sein. Packen Sie einen Rucksack oder eine Tasche mit Ersatzkleidung, Hygieneartikeln sowie Medikamenten und den wichtigsten Dokumenten wie Ihrem Personalausweis, Ihrer Krankenkassenkarte, Geld und Bankkarten und ähnlichem. Vergewissern Sie sich, dass Sie Elektro‐ und Gasgeräte wie das Bügeleisen, den Herd oder die Waschmaschine ausgeschaltet und alle Wasserhähne geschlossen haben.“\nAlle Infos zu Betreuungsstellen in Hanau\nBetreuungsstellen für evakuierte Personen stehen hier zur Verfügung:\n- Mehrzweckhalle Lindenau (Rue de Conflans 4, 63450 Hanau)\n- Sporthalle Spitzenweg (Rue de Conflans 7, 63450 Hanau) (Hier können Sie Ihre Hunde und Katzen mitbringen)\nFolgende Busse fahren aus der Evakuierungszone zu den Betreuungsstellen:\n- In Klein-Auheim fährt der Bus um 8 Uhr von der Hainstädter Straße Ecke Obergasse in Richtung Mehrzweckhalle Lindenau.\n- In Großauheim um 8 Uhr In den Tannen, um 8:30 Uhr Im Rausch (Rauschsiedlung) und um 8:50 Uhr Spessartstraße.\n- Außerdem gibt es einen Bus in Großauheim, der um 8 Uhr Am Herlinsee, um 8:30 Uhr in der Hanauer Landstraße, um 8:45 Uhr in der Brückenstraße, um 9:00 Uhr am Bahnhof Ecke Hauptstraße und um 9:20 Uhr am Rochusplatz abfährt.\nSpezielle Bombe aus deutscher Produktion „auch für Hanau neu“ – Hintergründe unklar\n+++ 16.48 Uhr: Schon mehrfach mussten die Hanauer wegen Bombenfunden ihre Häuser verlassen. So auch am Donnerstagmorgen. Ab 7 Uhr wird großräumig evakuiert.\nBombe kann nicht entschärft werden\nDas Prekäre, laut Alexander Majunke, Leiter des hessischen Kampfmittelräumdienstes, sei, dass es sich um eine Phosphor-Bombe aus deutscher Produktion handelt. „Das ist auch für Hanau neu“, so Stadträten Isabelle Hemsley bei einer Pressekonferenz am Mittwochnachmittag. Etwa 65 Liter Brandmasse befinden sich in der Bombe. Weißer Phosphor reagiert mit Luftsauerstoff und verbrennt mit etwa 1300 Grad. Dabei entstehe auch Nebel, so Majunke. Die Begutachtung habe ergeben, dass die Bombe nicht entschärft werden könne. Daher soll sie gegen 12 Uhr kontrolliert gesprengt werden.\nSeit Dienstagabend wird der Fundort für die Sprengung präpariert, dazu werden auch große Wassertanks eingesetzt. Warum es sich im aktuellen Fall um eine deutsche Bombe handelt, dazu kann sich Alexander Majunke nichts sagen. „Wir können spekulieren, das tun wir in diesem Fall aber nicht.“ Isabelle Hemsley schloss sich an: „Das können Historiker für uns klären.“\nWeltkriegsbombe in Hanau: Radius steht fest, Schulen und Markt entfallen\n+++ 16.15 Uhr: Aufgrund der Sprengung kommt es am Donnerstag in Hanau zu erheblichen Verkehrseinschränkungen. So wird der Bahnverkehr im Evakuierungsradius ab 11 Uhr komplett eingestellt. Zudem ist die B43a schon ab 9.30 Uhr zwischen Hanauer Kreuz und Anschlussstelle Steinheim gesperrt.\nAlle Infos zu Einschränkungen in Hanau\nMehrere Schulen und Kitas bleiben außerdem am Donnerstag geschlossen, darunter die August-Gaul-Schule, die Lindenauschule und die Paul-Gerhardt-Schule. Alle Infos zu den Einschränkungen wegen der Evakuierung finden Sie hier.\nUpdate vom Mittwoch, 10. Dezember, 10.30 Uhr: Nach dem Fund einer 250-Kilo-Weltkriegsbombe in Großauheim (siehe Erstmeldung) ist am Mittwochvormittag der Evakuierungsradius festgelegt worden. Aus einer Pressemitteilung der Stadt Hanau geht nun hervor, dass der Kampfmittelräumdienst den Umkreis auf rund 1000 Meter um die Fundstelle in der Lise-Meitner-Straße festgesetzt hat.\nWegen der Sprengung müssen am Donnerstag, 11. Dezember, Bewohnerinnen und Bewohner evakuiert und diverse Straßen gesperrt werden, hieß es weiter.\nEine genaue Liste aller zu evakuierenden Straßen ist auf hanau.de zu finden. Die August-Gaul-Schule, Lindenauschule und die Mädchenrealschule St. Josef bleiben am Donnerstag, 11. Dezember, geschlossen und der Unterricht entfällt. Das Gleiche gilt für die Kinderburg Großauheim, die Kindertagesstätte Montessori und die Kindertagesstätte St. Josef in Klein-Auheim. Auch der Wertstoffhof der Stadt Hanau in der Benzstraße 8-12 liegt im Evakuierungsbereich und bleibt daher am Donnerstag geschlossen. Der Wochenmarkt in Großauheim entfällt am Donnerstag ebenfalls.\nGefährlicher Fund in Hanau: 250-Kilo-Bombe muss gesprengt werden\nErstmeldung vom Dienstag, 9. Dezember, 19.06 Uhr: Hanau – Ein routinemäßiger Einsatz des Kampfmittelräumdienstes entwickelte sich am Dienstag in Hanau-Großauheim zu einem ernst zu nehmenden Sicherheitsfall. Bei Sondierungsarbeiten in der Lise-Meitner-Straße stießen die Experten auf eine 250 Kilogramm schwere Brandbombe aus dem Zweiten Weltkrieg – deutscher Bauart.\nTermin für kontrollierte Sprengung steht\nDer Kampfmittelräumdienst reagierte umgehend und sicherte das Areal ab. Die Bombe wird nun rund um die Uhr überwacht, bis sie am Donnerstag, 11. Dezember, um 12 Uhr kontrolliert gesprengt werden kann.\nEine Entschärfung ist bei diesem Bombentyp nicht möglich. Bereits jetzt arbeiten die Stadt Hanau, Feuerwehr, Polizei und der Kampfmittelräumdienst des Landes Hessen Hand in Hand an den Vorbereitungen für die Sprengung. Der Evakuierungsradius wird erst am Mittwochvormittag festgelegt – je nach Größe könnten Hunderte Anwohner ihre Häuser verlassen müssen. Weitere Details zur Evakuierung und den Sperrbereichen werden am Mittwochvormittag bekannt gegeben.\nFür Hanau ist es bereits der nächste Bombenfund in diesem Jahr – die Stadt hat durch die häufigen Fälle mittlerweile gut eingespielte Abläufe entwickelt. Erst im Juni war in Hanau-Wolfgang eine 50 Kilogramm schwere amerikanische Weltkriegsbombe erfolgreich entschärft worden. Der Sprengkörper war bei Sondierungen in einem Industriegebiet entdeckt worden. Der Kampfmittelräumdienst legte damals einen Evakuierungsradius von 500 Metern fest, Wohnhäuser waren nicht betroffen.\nAuch im März 2023 mussten rund 17.000 Menschen ihre Wohnungen verlassen, nachdem eine 500 Kilogramm schwere Weltkriegsbombe im Stadtteil Nordwest bei Bauarbeiten entdeckt worden war. Spezialisten des Kampfmittelräumdienstes entschärften den Sprengkörper erfolgreich.",
    "highlightText": "",
    "highlightTitle": "",
    "highlightThreadTitle": "",
    "language": "german",
    "sentiment": "negative",
    "categories": [
        "Disaster and Accident",
        "Environment"
    ],
    "topics": [
        "Disaster and Accident->explosion accident and incident",
        "Disaster and Accident->emergency response",
        "Environment->hazardous materials"
    ],
    "ai_allow": true,
    "has_canonical": false,
    "breaking": false,
    "webz_reporter": false,
    "external_links": [
        "https://www.op-online.de/region/hanau/",
        "https://hanau.de/",
        "https://www.op-online.de/region/hanau/weltkriegsbombe-in-hanau-gefunden-entschaerfung-noch-heute-93783949.html",
        "https://op-online.de/region/hanau/weltkriegsbombe-in-hanau-gefunden-entschaerfung-noch-heute-93783949.html",
        "https://www.hanau.de/",
        "https://op-online.de/region/hanau/",
        "https://www.op-online.de/region/hanau",
        "https://hanau.de"
    ],
    "external_images": [],
    "internal_images": [],
    "entities": {
        "persons": [],
        "locations": [
            {
                "name": "Hanau",
                "sentiment": "none"
            }
        ],
        "organizations": [
            {
                "name": "ÖPNV",
                "sentiment": "none",
                "tickers": [
                    {
                        "ticker": null,
                        "exchange": null
                    }
                ]
            }
        ]
    },
    "syndication": {
        "syndicated": null,
        "syndicate_id": null,
        "first_syndicated": false
    },
    "trust": {
        "categories": [],
        "top_news": [],
        "bias": null,
        "source": {
            "type": null,
            "city": null,
            "state": null,
            "country": null,
            "domain_type": null,
            "agency": null,
            "organization_name": null
        }
    },
    "rating": null,
    "crawled": "2025-12-11T08:34:47.907+02:00",
    "updated": "2025-12-11T08:39:49.000+02:00"
}