{
    "thread": {
        "uuid": "f8228f994fdecee34bfa48791e9bfa5ea23edff1",
        "url": "https://www.lalibre.be/economie/entreprises-startup/2025/12/11/shell-poursuivi-au-royaume-uni-par-des-survivants-dun-typhon-aux-philippines-EMKK2VLZ2NHNXNRX3BQ3NS6VPI/",
        "site_full": "www.lalibre.be",
        "site": "lalibre.be",
        "site_section": "https://www.lalibre.be/arc/outboundfeeds/rss/?outputType=xml",
        "site_categories": [
            "media",
            "top_news_be",
            "top_news_fr",
            "top_news"
        ],
        "section_title": "Lalibre.be - Les derniers articles",
        "site_title": "La Libre.be - Suivez en direct toute l&#x27;actualité belge et internationale, économique et culturelle.",
        "title": "Shell poursuivi au Royaume-Uni par des survivants d'un typhon aux Philippines",
        "title_full": "Shell poursuivi au Royaume-Uni par des survivants d'un typhon aux Philippines",
        "published": "2025-12-11T08:54:00.000+02:00",
        "replies_count": 0,
        "participants_count": 1,
        "site_type": "news",
        "country": "BE",
        "main_image": "https://www.lalibre.be/resizer/v2/KE6OJ5NUCFC7ZC2WD2ETSLDDPA.jpg?auth=7f7292f96bb675b564556cdfd5b072a8bf1b49b365e012ffaf651792a0de459a&width=1200&height=630&quality=85&focal=2455%2C1636",
        "performance_score": 0,
        "domain_rank": 12904,
        "domain_rank_updated": "2025-12-07T23:00:00.000+02:00",
        "licensing_agency": [],
        "social": {
            "facebook": {
                "likes": 0,
                "comments": 0,
                "shares": 1
            },
            "vk": {
                "shares": 0
            }
        }
    },
    "uuid": "f8228f994fdecee34bfa48791e9bfa5ea23edff1",
    "url": "https://www.lalibre.be/economie/entreprises-startup/2025/12/11/shell-poursuivi-au-royaume-uni-par-des-survivants-dun-typhon-aux-philippines-EMKK2VLZ2NHNXNRX3BQ3NS6VPI/",
    "ord_in_thread": 0,
    "author": "AFP -",
    "published": "2025-12-11T08:54:00.000+02:00",
    "title": "Shell poursuivi au Royaume-Uni par des survivants d'un typhon aux Philippines",
    "text": "Shell poursuivi au Royaume-Uni par des survivants d'un typhon aux Philippines\nDes survivants du typhon Rai, qui a fait plus de 400 morts en 2021 aux Philippines, ont déposé plainte à Londres contre le géant britannique des hydrocarbures Shell, accusé de n'avoir pas pris ses responsabilités face aux impacts du changement climatique, ont annoncé jeudi les ONG qui les soutiennent.\nAFPAgence\n- Publié le 11-12-2025 à 07h54\nCette plainte constitue selon ces ONG, dont Greenpeace, \"une contribution essentielle au mouvement mondial grandissant visant à remettre en cause l'impunité des compagnies pétrolières\".\nElle s'inscrit dans la continuité de la reconnaissance en mai par la justice allemande d'une responsabilité mondiale des entreprises productrices d'électricité dans les dommages liés aux émissions de gaz à effet de serre, quel que soit l'endroit où ils se produisent.\nLes affaires de ce genre se multiplient dans le monde entier.\nIl s'agit d'\"une étape décisive pour tenir le géant pétrolier Shell responsable des morts, blessures et destructions causées par cette tempête\", est-il souligné dans le communiqué des ONG, également signé par Philippine Movement for Climate Justice et Legal Rights and Natural Resources Center.\nLe dépôt de la plainte devant la Haute Cour de Londres était consultable mercredi sur le site recensant les procédures au Royaume-Uni.\nÀ lire aussi\"Shell entame des discussions en vue d'un rachat de BP\", selon le Wall Street Journal\n\"Qui paye ? Les pauvres\"\nUn porte-parole de Shell a dénoncé \"une allégation infondée, qui n'aidera pas à lutter contre le changement climatique, ni à réduire les émissions\".\n\"Chez Shell, nous réduisons les émissions de nos opérations et aidons nos clients à réduire les leurs\", a-t-il ajouté dans sa déclaration à l'AFP.\nLes Philippines, classées parmi les pays les plus exposés au changement climatique, sont balayées par près de 20 tempêtes tropicales ou typhons chaque année.\nLe typhon Rai avait ravagé des régions très pauvres du pays en décembre 2021, faisant plus de 400 morts et des centaines de milliers de sans-abri.\nLa plainte, qui s'appuie sur le droit philippin, a été déposée au nom de 103 survivants qui demandent \"réparation pour les vies perdues, les blessures subies et les maisons détruites\", selon le communiqué.\nÀ lire aussiShell verse 15 millions d'euros d'indemnisation à des fermiers nigérians\n\"Les habitants des îles comme nous ne contribuent que très peu à la pollution. Mais qui en paye le prix ? Les pauvres comme nous\", raconte à l'AFP Trixy Elle, l'une des plaignantes dont la maison familiale et quatre bateaux ont été emportés par la tempête.\nCette femme de 34 ans, qui explique que sa famille continue de rembourser les prêts contractés après la catastrophe, réclame un million de pesos philippins de dommages et intérêts, soit environ 14.500 euros.\n\"Preuves scientifiques\"\nLes plaignants disent s'appuyer sur \"des preuves scientifiques, notamment de nouvelles recherches qui permettent désormais d'attribuer directement des événements météorologiques extrêmes individuels au changement climatique et les émissions à des compagnies pétrolières spécifiques\".\nLeur action est également soutenue par l'avis inédit - bien que non contraignant - rendu fin juillet par la Cour de justice internationale, selon lequel les Etats qui violent leurs obligations climatiques pourraient se voir réclamer des réparations par les pays les plus affectés.\nDe nombreux experts concordent à dire que cette analyse va influencer les tribunaux de la planète, les négociations sur le climat et les délibérations politiques à travers le globe.\n\"Les survivants soutiennent que Shell, responsable de plus de 41 milliards de tonnes d'équivalent CO2, soit plus de 2% des émissions mondiales de combustibles fossiles, ne peut pas invoquer l'ignorance\", est-il sougliné dans le communiqué des ONG.\nL'entreprise a fait machine arrière ces dernières années sur certains de ses objectifs climatiques pour se recentrer sur les hydrocarbures, dans l'espoir de doper ses bénéfices.\nLe groupe est régulièrement attaqué pour le coût environnemental de ses activités pétrolières, en particulier au Nigeria.",
    "highlightText": "",
    "highlightTitle": "",
    "highlightThreadTitle": "",
    "language": "french",
    "sentiment": "negative",
    "categories": [
        "Environment",
        "Crime, Law and Justice"
    ],
    "topics": [
        "Environment->climate change",
        "Crime, Law and Justice->civil law"
    ],
    "ai_allow": true,
    "has_canonical": false,
    "breaking": true,
    "webz_reporter": false,
    "external_links": [],
    "external_images": [],
    "internal_images": [],
    "entities": {
        "persons": [],
        "locations": [],
        "organizations": []
    },
    "syndication": {
        "syndicated": null,
        "syndicate_id": null,
        "first_syndicated": false
    },
    "trust": {
        "categories": [
            "trusted_news"
        ],
        "top_news": [
            "top_news_be",
            "top_news_fr",
            "top_news"
        ],
        "bias": "center",
        "source": {
            "type": null,
            "city": null,
            "state": null,
            "country": null,
            "domain_type": null,
            "agency": null,
            "organization_name": null
        }
    },
    "rating": null,
    "crawled": "2025-12-11T09:28:31.711+02:00",
    "updated": "2025-12-11T09:30:22.000+02:00"
}