{
    "thread": {
        "uuid": "91d6bd3c680d0bea033555dfe7f07e31e7009987",
        "url": "https://lasillarota.com/metropoli/2023/12/28/vecinos-de-la-benito-juarez-afectados-por-microsismos-denuncian-abandono-de-las-autoridades-463027.html",
        "site_full": "lasillarota.com",
        "site": "lasillarota.com",
        "site_section": "https://lasillarota.com",
        "site_categories": [
            "politics",
            "law_government_and_politics",
            "media"
        ],
        "section_title": "La Silla Rota",
        "title": "Vecinos de la Benito Juárez afectados por microsismos denuncian abandono de las autoridades | La Silla Rota",
        "title_full": "Vecinos de la Benito Juárez afectados por microsismos denuncian abandono de las autoridades | La Silla Rota",
        "published": "2023-12-28T23:26:00.000+02:00",
        "replies_count": 0,
        "participants_count": 1,
        "site_type": "news",
        "country": "MX",
        "main_image": "https://lasillarota.com/u/fotografias/m/2023/12/28/f1280x720-532324_663999_5050.jpg",
        "performance_score": 0,
        "domain_rank": 53050,
        "domain_rank_updated": "2023-12-26T12:06:25.000+02:00",
        "reach": null,
        "social": {
            "facebook": {
                "likes": 0,
                "comments": 0,
                "shares": 0
            },
            "gplus": {
                "shares": 0
            },
            "pinterest": {
                "shares": 0
            },
            "linkedin": {
                "shares": 0
            },
            "stumbledupon": {
                "shares": 0
            },
            "vk": {
                "shares": 0
            }
        }
    },
    "uuid": "91d6bd3c680d0bea033555dfe7f07e31e7009987",
    "url": "https://lasillarota.com/metropoli/2023/12/28/vecinos-de-la-benito-juarez-afectados-por-microsismos-denuncian-abandono-de-las-autoridades-463027.html",
    "ord_in_thread": 0,
    "parent_url": null,
    "author": "TANIA AGUILAR",
    "published": "2023-12-28T23:26:00.000+02:00",
    "title": "Vecinos de la Benito Juárez afectados por microsismos denuncian abandono de las autoridades | La Silla Rota",
    "text": "Vecinos de la alcaldía Benito Juárez, cuyas viviendas han resultado afectadas por los últimos [microsismos en la Ciudad de México](https://lasillarota.com/metropoli/2023/12/28/geologo-del-politecnico-llama-no-caer-en-paranoia-por-los-microsismos-462993.html), denuncian abandono de las autoridades, a pesar de que sus inmuebles lucen con afectaciones considerables, con profundos agrietamientos e, incluso, en algunos negocios, con riesgo de desprendimiento de loza. Luis Manuel, habitante de la calle cerrada de Guillain, en Insurgentes, Mixcoac refiere que tras el último microsismo percibido durante la madrugada de este 28 de diciembre, las casas volvieron a tambalearse. \"Se siente feo, dicen que hay una falla, pero nadie nos ha informado. Nadie de la Ciudad de México, ni de la alcaldía, no sabemos que está pasando\". [ÚNETE A NUESTRO CANAL DE WHATSAPP. EL PODER DE LA INFORMACIÓN EN LA PALMA DE TU MANO](https://www.whatsapp.com/channel/0029Va6evSkGk1Ftej78ks0B) Te podría interesar Personal de la alcaldía Benito Juárez, que acudió a evaluar la situación de las viviendas, reportó que sí hay daños en las estructuras, sin embargo, Luis señala que las autoridades les notificaron que no les iban a dar ningún tipo de apoyo. En la calle cerrada de Guillain los inmuebles lucen agrietados y las paredes presentan desgajamientos. Luis Reynoso, quien tiene un negocio de veladoras en la colonia, denuncia que personal de Protección Civil no se ha parado en el lugar. Esto a pesar de que el inmueble presenta agrietamientos. Además, teme que con otros movimientos telúricos la loza de su local se desprenda por el peso de los tinacos que tiene en la azotea. \"Se hicieron algunas grietas en los baños y solamente el susto porque los locales son muy viejos, ya tienen muchos años. Cuando vienen los movimientos se oye cómo truenan. Aquí arriba tenemos dos tinacos de mil 500 litros cada uno, entonces es una de las cosas que siempre ha preocupado por el tema de que la loza resista. Hay varias propiedades aquí alrededor que han resultado afectadas\". La calle de Campana en Insurgentes Mixcoac es otra de las zonas afectadas por los microsismos. En el edificio ubicado en el número 21, los habitantes de ocho departamentos fueron desalojados por las autoridades tras los daños que dejaron los microsismos del pasado 12 de diciembre. Un inmueble contigo permanece con cintas amarillas. El edificio presenta agrietamientos y desgajamientos de material de concreto. Maria Luisa, quien trabaja en una cafetería de la calle, refirió que los últimos microsismos sacudieron muy feo la tierra. \"Todos los vecinos empezaron a salir porque sí se sintió muy feo. Vinieron los de Protección Civil y nos dijeron que no hay riesgo\". El local donde trabaja también presenta daños visibles con descarapelamiento de las paredes.",
    "highlightText": "",
    "highlightTitle": "",
    "highlightThreadTitle": "",
    "language": "spanish",
    "sentiment": "negative",
    "categories": [
        "Politics",
        "Human Interest",
        "Social Issue"
    ],
    "external_links": [
        "https://www.whatsapp.com/channel/0029Va6evSkGk1Ftej78ks0B)",
        "https://whatsapp.com/channel/0029Va6evSkGk1Ftej78ks0B)"
    ],
    "external_images": [],
    "entities": {
        "persons": [],
        "organizations": [],
        "locations": []
    },
    "rating": null,
    "crawled": "2023-12-29T00:08:01.955+02:00",
    "updated": "2023-12-29T00:08:01.955+02:00"
}