{
    "thread": {
        "uuid": "51d936c44ca46f100a52e4b45200169343fc8765",
        "url": "https://cadenaser.com/nacional/2023/12/28/sumar-tilda-de-inaceptable-el-nombramiento-de-isabel-garcia-al-frente-del-instituto-de-las-mujeres-no-puede-estar-en-manos-de-quien-insulta-a-personas-lgtbi-cadena-ser/",
        "site_full": "cadenaser.com",
        "site": "cadenaser.com",
        "site_section": "https://cadenaser.com/actualidad",
        "site_categories": [
            "music",
            "hobbies_and_interests",
            "radio",
            "entertainment"
        ],
        "section_title": "Cadena SER: Noticias de Actualidad",
        "title": "Sumar tilda de \"inaceptable\" el nombramiento de Isabel García al frente del Instituto de las Mujeres: \"No puede estar en manos de quien insulta a personas LGTBI\" | Actualidad | Cadena SER",
        "title_full": "Sumar tilda de \"inaceptable\" el nombramiento de Isabel García al frente del Instituto de las Mujeres: \"No puede estar en manos de quien insulta a personas LGTBI\" | Actualidad | Cadena SER",
        "published": "2023-12-28T21:27:00.000+02:00",
        "replies_count": 0,
        "participants_count": 1,
        "site_type": "news",
        "country": "ES",
        "main_image": "https://cadenaser.com/resizer/og5WERG23MfZWYY3DVSUm6lEPyo=/1200x630/filters:quality(70)/cloudfront-eu-central-1.images.arcpublishing.com/prisaradio/ZT6MIDQOBZA6LIKEMLCROUTFSU.JPG",
        "performance_score": 0,
        "domain_rank": 3798,
        "domain_rank_updated": "2023-12-26T12:06:20.000+02:00",
        "reach": null,
        "social": {
            "facebook": {
                "likes": 0,
                "comments": 0,
                "shares": 0
            },
            "gplus": {
                "shares": 0
            },
            "pinterest": {
                "shares": 0
            },
            "linkedin": {
                "shares": 0
            },
            "stumbledupon": {
                "shares": 0
            },
            "vk": {
                "shares": 0
            }
        }
    },
    "uuid": "51d936c44ca46f100a52e4b45200169343fc8765",
    "url": "https://cadenaser.com/nacional/2023/12/28/sumar-tilda-de-inaceptable-el-nombramiento-de-isabel-garcia-al-frente-del-instituto-de-las-mujeres-no-puede-estar-en-manos-de-quien-insulta-a-personas-lgtbi-cadena-ser/",
    "ord_in_thread": 0,
    "parent_url": null,
    "author": "Cadena SER,Agencias",
    "published": "2023-12-28T21:27:00.000+02:00",
    "title": "Sumar tilda de \"inaceptable\" el nombramiento de Isabel García al frente del Instituto de las Mujeres: \"No puede estar en manos de quien insulta a personas LGTBI\" | Actualidad | Cadena SER",
    "text": "[Política](/actualidad/politica/) Sumar tilda de \"inaceptable\" el nombramiento de Isabel García al frente del Instituto de las Mujeres: \"No puede estar en manos de quien insulta a personas LGTBI\" Más Madrid también ha criticado el nombramiento Madrid Sumar, socio del Gobierno de coalición, ha tildado este jueves de \"inaceptable\" el nombramiento de Isabel García frente al Instituto de las Mujeres. \"La dirección del Instituto de las Mujeres no puede estar en manos de quien menosprecia e insulta a las mujeres y las personas LGTBI. La libertad es de todas, todos y todes, o no es de nadie\", ha escrito la formación en su cuenta personal de X. Antes, la portavoz de Sumar en materia de feminismo, igualdad y derechos y libertades LGTBI, Elizabeth Duval, también ha arremetido contra el nombramiento al que calificado como \"vergonzoso\". \"Este nombramiento del Ministerio de Igualdad es vergonzoso y envía un mensaje lamentable. El Instituto de las Mujeres no puede estar dirigido por alguien que sostiene la conspiración del borrado de las mujeres y critica la dictadura queer\", ha indicado en redes sociales Duval, que forma parte de la dirección provisional de Sumar hasta la celebración de su asamblea. Duval lo ha señalado junto a una serie de tuits de García en el que criticaba al movimiento queer. La Federación Plataforma Trans y Euforia Familias Trans-Aliadas han pedido este jueves a la ministra de Igualdad, Ana Redondo, que \"revoque\" la designación de la nueva directora del Instituto de las Mujeres y que, en su lugar, \"ponga al frente a una mujer que defienda a todas las mujeres, también las trans\". En este sentido, los colectivos han denunciado que García \"ha mantenido discursos abiertamente transfóbicos y antiderechos trans, durante la tramitación de la Ley Trans\" y han indicado que \"los recortes de derechos trans llevados a cabo por Ayuso, con la derogación de aspectos fundamentales de las leyes trans y LGTBI de la Comunidad de Madrid y los argumentos esgrimidos para ello, están en los mismos marcos ideológicos que defiende Isabel García\". Más Madrid también critica el nombramiento También la portavoz de Más Madrid en la Asamblea de Madrid, Manuela Bergerot, ha cuestionado la designación de la nueva directora del Instituto de las Mujeres, una \"mala decisión\" que les preocupa. \"El Ministerio de Igualdad debe seguir profundizando en los derechos LGTBI y Trans. Más si cabe ahora, cuando gobiernos como el de Madrid los están recortando\", ha trasladado la sucesora de Mónica García a través de la red social 'X', antes conocida como Twitter. Antonelli: ha \"vejado\" a las mujeres trans La senadora de Más Madrid y activista trans, Carla Antonelli, ha reprochado también la elección de Isabel García, que ha \"vejado\" al colectivo, al frente de este departamento adscrito en Igualdad, junto a la etiqueta '#AsíNo'. \"El Instituto de las Mujeres debe de ser para todas y cada una de las mujeres y esta mujer nos ha señalado a las mujeres trans, vejado e insultado: \"Dictadura queer\" / Lobby trans\" / \"Sigues lanzando odio igual que los queer\" / \"Puro delirio queer\" / \"La teoría queer tiene como objetivo perpetuar el patriarcado\", ha lamentado.",
    "highlightText": "",
    "highlightTitle": "",
    "highlightThreadTitle": "",
    "language": "spanish",
    "sentiment": "negative",
    "categories": [
        "Politics",
        "Human Interest",
        "Social Issue"
    ],
    "external_links": [],
    "external_images": [],
    "entities": {
        "persons": [],
        "organizations": [],
        "locations": []
    },
    "rating": null,
    "crawled": "2023-12-29T00:10:39.985+02:00",
    "updated": "2023-12-29T00:10:39.985+02:00"
}