{
    "thread": {
        "uuid": "3fd408636c72cfb75843c56e1e0be0c5620e2c53",
        "url": "https://abcnews.go.com/US/friendswood-texas-shooting/story?id=105975917",
        "site_full": "abcnews.go.com",
        "site": "go.com",
        "site_section": "http://abcnews.go.com/xmldata/rss?id=81",
        "site_categories": [
            "media"
        ],
        "section_title": "ABC News: U.S.",
        "title": "17-year-old murder suspect accused of shooting 2 teens at his home - ABC News",
        "title_full": "17-year-old murder suspect accused of shooting 2 teens at his home - ABC News",
        "published": "2023-12-28T23:24:00.000+02:00",
        "replies_count": 0,
        "participants_count": 1,
        "site_type": "news",
        "country": "US",
        "main_image": "https://i.abcnewsfe.com/a/6226179b-a28f-4174-9e99-e1f00473f0d2/connor-hilton-mugshot-main-ht-jt-231228_1703790093864_hpMain_16x9.jpg?w=992",
        "performance_score": 0,
        "domain_rank": 135,
        "domain_rank_updated": "2023-12-26T12:06:20.000+02:00",
        "reach": null,
        "social": {
            "facebook": {
                "likes": 0,
                "comments": 0,
                "shares": 0
            },
            "gplus": {
                "shares": 0
            },
            "pinterest": {
                "shares": 0
            },
            "linkedin": {
                "shares": 0
            },
            "stumbledupon": {
                "shares": 0
            },
            "vk": {
                "shares": 0
            }
        }
    },
    "uuid": "3fd408636c72cfb75843c56e1e0be0c5620e2c53",
    "url": "https://abcnews.go.com/US/friendswood-texas-shooting/story?id=105975917",
    "ord_in_thread": 0,
    "parent_url": null,
    "author": "Meredith Deliso",
    "published": "2023-12-28T23:24:00.000+02:00",
    "title": "17-year-old murder suspect accused of shooting 2 teens at his home - ABC News",
    "text": "The booking photo for Connor Hilton. Galveston County Sheriff's Office A Texas teenager accused of shooting two people at his home, one fatally, allegedly told police that he wanted to \"commit a homicide for a long time,\" according to newly released court documents.\nThe suspect -- 17-year-old Connor Hilton -- was showing the two victims a revolver at his Friendswood home Saturday night when he allegedly shot them both in the head, according to a complaint charging the teen with murder.\nA third person who was at the house that night called 911 while hiding in the bathroom and reported hearing two gunshots, according to the complaint.\nThe booking photo for Connor Hilton. Galveston County Sheriff's Office Responding officers found Hilton outside the home appearing \"visibly distraught,\" the complaint stated. When asked by police if anyone was hurt, Hilton nodded yes then held up two fingers, motioned toward the house and said there were two teenagers inside he believed to be dead, according to the complaint.\nOnce inside, an officer found two male victims -- identified as Ethan Riley, 18, and Benjamin Bliek, 19 -- lying on the floor with gunshot wounds as well as a revolver on a table, according to the complaint.\nA second officer located the 911 caller, who \"reported hearing Hilton walk by the bathroom door crying and stating, 'What have I done,'\" the complaint stated.\nMORE: Body believed to be missing pregnant teen found with gunshot wound: Police\nThe shooting victims were transported to local hospitals in critical condition. Riley succumbed to his injuries on Sunday, while Bliek remains in critical condition, police said.\nHilton was brought in for questioning following the shooting and was initially charged by the Galveston County District Attorney's Office with two counts of aggravated assault causing serious bodily injury.\nHe was released after posting $1 million bond before being arrested again at his home on Monday for murder, police said. He is currently being held at the Galveston County Jail on no bond.\nConnor Hilton is seen being taken into custody in Friendswood, Texas, on Dec. 25, 2023. KTRK While being interviewed by police following the shooting, Hilton allegedly confessed to pulling the trigger and said there was no disturbance or disagreement that night, according to the complaint.\nHe allegedly told police \"he had thought about, and wanted, to commit a homicide for a long time,\" according to the complaint. He allegedly said he had talked his mother into buying him a handgun, which he wanted \"with the intent of shooting someone and/or himself,\" according to the complaint.\n\"Hilton stated that he fully understands what he had done and that he should be held accountable,\" the complaint stated.\nMORE: Florida mall shooting: Reward up to $10,000 as police hunt for suspect\nHilton's attorney, Jennifer Carpenter, told ABC News that his mother did not purchase a gun for him.\n\"The parents of Connor Hilton cannot express enough their deepest condolences to the victims' families who have been heavily on the Hiltons' hearts and minds as they try to navigate this devastating situation,\" Hilton's family said in a statement released through the attorney on Thursday.\n\"The Hilton family wants to thank everyone who has reached out in love and support, including all who sent positive comments about Connor's character and good nature in general,\" the statement continued. \"The family asks for continued prayers for everyone affected, especially the victims' families.\"\nHis attorney has filed a motion seeking to conduct a hearing to determine whether his statements to police can be admissible in court, claiming they were not made and preserved in compliance with state law.\nHilton is scheduled to appear in court for a status conference on Feb. 2, online court records show.",
    "highlightText": "",
    "highlightTitle": "",
    "highlightThreadTitle": "",
    "language": "english",
    "sentiment": "negative",
    "categories": [
        "Human Interest",
        "Crime, Law and Justice"
    ],
    "external_links": [],
    "external_images": [],
    "entities": {
        "persons": [
            {
                "name": "connor hilton",
                "sentiment": "negative"
            },
            {
                "name": "ethan riley",
                "sentiment": "none"
            }
        ],
        "organizations": [
            {
                "name": "abc news",
                "sentiment": "negative"
            },
            {
                "name": "galveston county sheriff's office",
                "sentiment": "neutral"
            },
            {
                "name": "galveston county sheriff's office responding",
                "sentiment": "none"
            },
            {
                "name": "hilton",
                "sentiment": "none"
            }
        ],
        "locations": [
            {
                "name": "texas",
                "sentiment": "none"
            },
            {
                "name": "friendswood",
                "sentiment": "none"
            }
        ]
    },
    "rating": null,
    "crawled": "2023-12-29T00:01:05.309+02:00",
    "updated": "2023-12-29T00:01:05.309+02:00"
}