{
    "thread": {
        "uuid": "1ca4cc1b16a3650af5ab3c1a045d88266fb60616",
        "url": "https://laopinion.com/2023/12/28/la-opinion-hoy-juez-rechaza-mocion-del-el-chapo-guzman/",
        "site_full": "laopinion.com",
        "site": "laopinion.com",
        "site_section": "http://www.laopinion.com/feed/",
        "site_categories": [
            "media",
            "law_government_and_politics",
            "immigration"
        ],
        "section_title": "La Opinión",
        "title": "La Opinión Hoy: Juez rechaza moción del el “Chapo” Guzmán",
        "title_full": "La Opinión Hoy: Juez rechaza moción del el “Chapo” Guzmán",
        "published": "2023-12-28T23:41:00.000+02:00",
        "replies_count": 0,
        "participants_count": 1,
        "site_type": "news",
        "country": "US",
        "main_image": "https://laopinion.com/wp-content/uploads/sites/3/2023/12/GettyImages-474221265.jpg?w=1200",
        "performance_score": 0,
        "domain_rank": 16772,
        "domain_rank_updated": "2023-12-26T12:06:20.000+02:00",
        "reach": null,
        "social": {
            "facebook": {
                "likes": 0,
                "comments": 0,
                "shares": 0
            },
            "gplus": {
                "shares": 0
            },
            "pinterest": {
                "shares": 0
            },
            "linkedin": {
                "shares": 0
            },
            "stumbledupon": {
                "shares": 0
            },
            "vk": {
                "shares": 0
            }
        }
    },
    "uuid": "1ca4cc1b16a3650af5ab3c1a045d88266fb60616",
    "url": "https://laopinion.com/2023/12/28/la-opinion-hoy-juez-rechaza-mocion-del-el-chapo-guzman/",
    "ord_in_thread": 0,
    "parent_url": null,
    "author": "Andrea Espinoza",
    "published": "2023-12-28T23:41:00.000+02:00",
    "title": "La Opinión Hoy: Juez rechaza moción del el “Chapo” Guzmán",
    "text": "La Opinión Hoy: Juez rechaza moción del el “Chapo” Guzmán\nEl juez Brian Cogan rechazó mociones de Joaquín \"El Chapo\" Guzmán, incluido un intento de reducir su sentencia y lograr un abogado de oficio, tras acusar \"mala representación\" de su equipo de defensa.\nLos argumentos sobre una supuesta mal asesoría legal de\nJoaquín “El Chapo” Guzmán que tenían como objetivo reducir su sentencia fueron rechazados por el Juez Brian Cogan, quien además no consideró un posible acuerdo de culpabilidad. Jesús García, periodista especializado en política inmigración y asuntos nacionales de La Opinión nos amplió un poco esta información en nuestro pódcast “La Opinión Hoy”.\n“Estas mociones llevan entre junio y julio, que son mociones como muy formales porque son cartas que le envió directamente al juez que tuvieron que tener un proceso de traducción porque las escribió él mismo y tuvieron que ser traducidas al inglés con una traductora digamos autorizada por la corte y aquí había un problema porque Joaquín El Chapo Guzmán ya no tiene un abogado que lo represente en la corte del Distrito Este en Nueva York entonces una de las peticiones era justamente que le asignaran un juez de oficio, parte de esas mociones es también que le redujeran la sentencia porque él acusa que hubo una mala asesoría legal y bueno el juez Brian Cogan le responde varias de estas mociones. El 26 de diciembre que apenas se publicaron recientemente y donde establece que Guzmán debido a la cantidad de dinero que él tiene y que se demostró en el juicio, él tenía acceso miles de millones de dólares, además de que contrató equipos de abogados de muy alto nivel en los Estados Unidos durante su juicio y durante el proceso de apelación, pues no digamos llenaba los requisitos para una persona que necesite justamente un abogado de oficio, así que le rechazó esa moción. Ese es uno de los aspectos más interesantes porque evidentemente El Chapo se nota desesperado porque lo que está buscando es reducir su sentencia y por ende también mejorar las condiciones de prisión que enfrentan“, explicó García.\nLa abogada Mariel Colón dejó de representar a “El Chapo” en enero del 2023, aunque ella solamente le ofrece asesoría de traducción de documentos que el propio narcotraficante envió al juez Cogan de puño y letra.\nEn uno de sus argumentos, “El Chapo” afirma que entre los errores de sus abogados fue no haber considerado un acuerdo de culpabilidad, para lograr ciertas condiciones con los fiscales que pudieran darle la “posibilidad de ser absuelto”.\nSin embargo, el juez Cogan le recordó a “El Chapo” que el proceso sobre un acuerdo de culpabilidad fue agotado en la Corte y durante el juicio.\n“Este Tribunal asumirá para efectos de esta decisión que, de hecho, el equipo judicial del peticionario no hizo tal esfuerzo [de acuerdo de culpabilidad]. Pero el expediente muestra que eso fue tanto porque el peticionario no lo deseaba, como porque la probabilidad de obtener un acuerdo de declaración de culpabilidad fue prácticamente nula”, indicó el juez.\nSeguir leyendo:",
    "highlightText": "",
    "highlightTitle": "",
    "highlightThreadTitle": "",
    "language": "spanish",
    "sentiment": "negative",
    "categories": [
        "Politics",
        "Human Interest",
        "Crime, Law and Justice"
    ],
    "external_links": [],
    "external_images": [],
    "entities": {
        "persons": [],
        "organizations": [],
        "locations": []
    },
    "rating": null,
    "crawled": "2023-12-29T00:08:22.143+02:00",
    "updated": "2023-12-29T00:08:22.143+02:00"
}