{
    "thread": {
        "uuid": "bff96ee26a015363ad99a6ba8bcc50209abb2035",
        "url": "https://ground.news/article/that-is-not-good-cnns-dana-bash-panel-sound-the-alarm-on-poll-for-biden",
        "site_full": "ground.news",
        "site": "ground.news",
        "site_section": "https://ground.news/interest/joe-biden",
        "site_categories": [],
        "section_title": "Joe Biden Breaking News Headlines Today | Ground News",
        "title": "Ground News - ‘That Is … Not Good’: CNN’s Dana Bash, Panel Sound The Alarm On Poll For Biden",
        "title_full": "Ground News - ‘That Is … Not Good’: CNN’s Dana Bash, Panel Sound The Alarm On Poll For Biden",
        "published": "2023-12-28T23:42:00.000+02:00",
        "replies_count": 0,
        "participants_count": 1,
        "site_type": "news",
        "country": "CA",
        "main_image": "",
        "performance_score": 0,
        "domain_rank": 29780,
        "domain_rank_updated": "2023-12-26T12:06:20.000+02:00",
        "reach": null,
        "social": {
            "facebook": {
                "likes": 0,
                "comments": 0,
                "shares": 0
            },
            "gplus": {
                "shares": 0
            },
            "pinterest": {
                "shares": 0
            },
            "linkedin": {
                "shares": 0
            },
            "stumbledupon": {
                "shares": 0
            },
            "vk": {
                "shares": 0
            }
        }
    },
    "uuid": "bff96ee26a015363ad99a6ba8bcc50209abb2035",
    "url": "https://ground.news/article/that-is-not-good-cnns-dana-bash-panel-sound-the-alarm-on-poll-for-biden",
    "ord_in_thread": 0,
    "parent_url": null,
    "author": "The Daily Caller",
    "published": "2023-12-28T23:42:00.000+02:00",
    "title": "Ground News - ‘That Is … Not Good’: CNN’s Dana Bash, Panel Sound The Alarm On Poll For Biden",
    "text": "Summary by The Daily Caller CNN's Dana Bash sounded the alarm on Thursday for President Joe Biden over a poll showing Biden's low approval ratings on key issues. Share menu More\nFilters 1 Articles 1 Articles All Left Center Right\nThe Daily Caller Right Mixed Factuality Individual: Tucker Carlson Individual: Neil Patel ‘That Is … Not Good’: CNN’s Dana Bash, Panel Sound The Alarm On Poll For Biden CNN's Dana Bash sounded the alarm on Thursday for President Joe Biden over a poll showing Biden's low approval ratings on key issues.\n38 minutes ago · Washington, United States Read Full Article\nThe Daily Caller Right Mixed Factuality Individual: Tucker Carlson Individual: Neil Patel\n‘That Is … Not Good’: CNN’s Dana Bash, Panel Sound The Alarm On Poll For Biden CNN's Dana Bash sounded the alarm on Thursday for President Joe Biden over a poll showing Biden's low approval ratings on key issues.\n38 minutes ago · Washington, United States Read Full Article Think freely. Subscribe and get full access to Ground News Subscriptions start at $9.99/year Subscribe",
    "highlightText": "",
    "highlightTitle": "",
    "highlightThreadTitle": "",
    "language": "english",
    "sentiment": "negative",
    "categories": [
        "Politics",
        "Human Interest",
        "Social Issue"
    ],
    "external_links": [
        "https://dailycaller.com/2023/12/28/cnn-dana-bash-immigration-poll-joe-biden/?utm_source=ground.news&utm_medium=referral",
        "https://www.dailycaller.com/2023/12/28/cnn-dana-bash-immigration-poll-joe-biden/?utm_source=ground.news&utm_medium=referral",
        "https://dailycaller.com/2023/12/28/cnn-dana-bash-immigration-poll-joe-biden/"
    ],
    "external_images": [],
    "entities": {
        "persons": [
            {
                "name": "biden",
                "sentiment": "neutral"
            },
            {
                "name": "dana bash",
                "sentiment": "neutral"
            },
            {
                "name": "joe biden",
                "sentiment": "neutral"
            },
            {
                "name": "neil patel",
                "sentiment": "none"
            }
        ],
        "organizations": [
            {
                "name": "cnn",
                "sentiment": "neutral"
            },
            {
                "name": "ground news subscriptions",
                "sentiment": "none"
            },
            {
                "name": "tucker carlson individual",
                "sentiment": "none"
            }
        ],
        "locations": [
            {
                "name": "united states",
                "sentiment": "none"
            },
            {
                "name": "washington",
                "sentiment": "none"
            }
        ]
    },
    "rating": null,
    "crawled": "2023-12-29T00:09:50.736+02:00",
    "updated": "2023-12-29T00:20:37.690+02:00"
}