{
    "thread": {
        "uuid": "9107e8e1340635ba99d8a24b8b65e6b133318343",
        "url": "https://www.guelphtoday.com/wellington-county/deteriorating-weather-interrupting-some-wellington-county-services-9948269",
        "site_full": "www.guelphtoday.com",
        "site": "guelphtoday.com",
        "site_section": "https://www.guelphtoday.com/rss",
        "site_categories": [
            "media"
        ],
        "section_title": "GuelphToday.com: Guelph News",
        "title": "'Deteriorating' weather interrupting some Wellington County services",
        "title_full": "'Deteriorating' weather interrupting some Wellington County services",
        "published": "2024-12-12T23:23:00.000+02:00",
        "replies_count": 0,
        "participants_count": 1,
        "site_type": "news",
        "country": "CA",
        "main_image": "https://www.vmcdn.ca/f/files/guelphtoday/images/government/municipal/snow-plow-6-turl-2016.jpeg;w=1200;h=800;mode=crop",
        "performance_score": 0,
        "domain_rank": 69474,
        "domain_rank_updated": "2024-12-09T23:00:00.000+02:00",
        "social": {
            "facebook": {
                "likes": 0,
                "comments": 0,
                "shares": 0
            },
            "vk": {
                "shares": 0
            }
        }
    },
    "uuid": "9107e8e1340635ba99d8a24b8b65e6b133318343",
    "url": "https://www.guelphtoday.com/wellington-county/deteriorating-weather-interrupting-some-wellington-county-services-9948269",
    "ord_in_thread": 0,
    "parent_url": null,
    "author": "EloraFergusToday Staff",
    "published": "2024-12-12T23:23:00.000+02:00",
    "title": "'Deteriorating' weather interrupting some Wellington County services",
    "text": "WELLINGTON COUNTY — Residents should expect several municipal service interruptions due to heavy snowfall in the northern parts of Wellington County.\nAccording to the County of Wellington website, the county's northern library branches in Arthur, Mount Forest, Clifford, Harriston, Palmerston and Drayton closed Thursday at 3 p.m. due to ongoing weather.\nSolid waste services waste facilities in Harriston, Riverstown and Elora closed at 2:30 p.m. and roll-off trucks have been pulled from the roads. Curbside collection in Wellington North is postponed until Saturday.\nThe Wellington County Archives and municipal offices in Minto, Mapleton and Wellington North are also currently closed due to weather. The Wellington County Museum remains open.\nThe Erin Hillsburgh Recycling App said further curbside collection in Erin is also postponed until Saturday due to \"deteriorating\" road and weather conditions. Anyone who did not receive service today is asked to have materials out for 7 a.m.\nWellington OPP is advising all motorists to stay off the roads.\nHave photos of the wintry weather? Send them to [[email protected]]https://www.guelphtoday.com/cdn-cgi/l/email-protection.",
    "highlightText": "",
    "highlightTitle": "",
    "highlightThreadTitle": "",
    "language": "english",
    "sentiment": "negative",
    "categories": [
        "Weather",
        "Social Issue"
    ],
    "topics": null,
    "ai_allow": true,
    "has_canonical": false,
    "webz_reporter": false,
    "external_links": [],
    "external_images": [],
    "entities": {
        "persons": [],
        "organizations": [],
        "locations": []
    },
    "syndication": {
        "syndicated": false,
        "syndicate_id": "9107e8e1340635ba99d8a24b8b65e6b133318343",
        "first_syndicated": true
    },
    "rating": null,
    "crawled": "2024-12-13T00:13:17.721+02:00",
    "updated": "2024-12-13T00:13:17.721+02:00"
}