{
    "thread": {
        "uuid": "8562be736418835bc3b380054f517ca0d41c202c",
        "url": "https://www.linfo.re/ocean-indien/mayotte/cyclone-intense-chido-l-alerte-orange-declenchee-sur-mayotte",
        "site_full": "www.linfo.re",
        "site": "linfo.re",
        "site_section": "https://linfo.re/sports/football/djibril-cisse-condamne-pour-abus-de-biens-sociaux",
        "site_categories": [
            "media"
        ],
        "section_title": "\n                Djibril Cissé condamné pour abus de biens sociaux  - LINFO.re - Sports, Football\n                             \n                         \n                     \n                 \n            ",
        "title": "Cyclone intense Chido : l’alerte orange déclenchée sur Mayotte - LINFO.re - Océan Indien, Mayotte",
        "title_full": "Cyclone intense Chido : l’alerte orange déclenchée sur Mayotte - LINFO.re - Océan Indien, Mayotte",
        "published": "2024-12-13T02:00:00.000+02:00",
        "replies_count": 0,
        "participants_count": 0,
        "site_type": "news",
        "country": "RE",
        "main_image": "https://www.linfo.re/IMG/png/design_sans_titre_-_2024-12-13t081035.985.png",
        "performance_score": 0,
        "domain_rank": 72303,
        "domain_rank_updated": "2024-12-09T23:00:00.000+02:00",
        "social": {
            "facebook": {
                "likes": 0,
                "comments": 0,
                "shares": 0
            },
            "vk": {
                "shares": 0
            }
        }
    },
    "uuid": "8562be736418835bc3b380054f517ca0d41c202c",
    "url": "https://www.linfo.re/ocean-indien/mayotte/cyclone-intense-chido-l-alerte-orange-declenchee-sur-mayotte",
    "ord_in_thread": 0,
    "parent_url": null,
    "author": null,
    "published": "2024-12-13T02:00:00.000+02:00",
    "title": "Cyclone intense Chido : l’alerte orange déclenchée sur Mayotte - LINFO.re - Océan Indien, Mayotte",
    "text": "Le cyclone tropical intense Chido continue de se rapprocher de Mayotte. L’île aux parfums se prépare et le préfet a déclenché l’alerte orange depuis 7h, heure locale. Selon Météo France, le système devrait passer à proximité de l’île samedi et une dégradation des conditions météorologiques est attendue à partir de la fin de nuit de vendredi à samedi.\nles informations de la préfecture de Mayotte :\nLe préfet de Mayotte a déclenché l’alerte orange cyclonique depuis 7h ce matin, un point sur ce qu’elle prévoit :\nLa fin des cours dans les établissements scolaires et universitaires\nL’arrêt des barges à partir de 17h30 :\ndernière barge au départ de Dzaoudzi (Petite-Terre) : 17h00\ndernière barge au départ de Mamoudzou (Grande-Terre) : 17h30\nVoyageurs, prenez vos dispositions.\nL’aéroport de Mayotte sera fermé après le départ du dernier vol prévu en fin de journée et ce jusqu’à nouvel ordre. Consultez les informations sur votre vol auprès de votre compagnie aérienne. Une communication plus spécifique sera faite dans la journée.\nSuivez toutes les consignes pour bien vous préparez !\nRestez à l’écoute de la radio et suivez les informations officielles à travers les comptes",
    "highlightText": "",
    "highlightTitle": "",
    "highlightThreadTitle": "",
    "language": "french",
    "sentiment": "negative",
    "categories": [
        "Weather"
    ],
    "topics": null,
    "ai_allow": true,
    "has_canonical": false,
    "webz_reporter": false,
    "external_links": [],
    "external_images": [],
    "entities": {
        "persons": [],
        "organizations": [],
        "locations": []
    },
    "syndication": {
        "syndicated": null,
        "syndicate_id": null,
        "first_syndicated": false
    },
    "rating": null,
    "crawled": "2024-12-13T06:44:52.741+02:00",
    "updated": "2024-12-13T06:44:52.741+02:00"
}