{
    "thread": {
        "uuid": "4163ceeae3953b7e5769ebc0b499c30b0b6616e1",
        "url": "https://www.kenyamoja.com/video/heavy-rainfall-expected-parts-sadc-region-kbc-video-1036081",
        "site_full": "www.kenyamoja.com",
        "site": "kenyamoja.com",
        "site_section": "https://kenyamoja.com/videos",
        "site_categories": [
            "media"
        ],
        "section_title": "Videos | KenyaMOJA.com",
        "title": "Heavy rainfall expected in parts of the SADC region | KenyaMOJA.com",
        "title_full": "Heavy rainfall expected in parts of the SADC region | KenyaMOJA.com",
        "published": "2024-12-12T23:00:00.000+02:00",
        "replies_count": 0,
        "participants_count": 1,
        "site_type": "news",
        "country": "KE",
        "main_image": "",
        "performance_score": 0,
        "domain_rank": 111462,
        "domain_rank_updated": "2024-12-09T23:00:00.000+02:00",
        "social": {
            "facebook": {
                "likes": 0,
                "comments": 0,
                "shares": 0
            },
            "vk": {
                "shares": 0
            }
        }
    },
    "uuid": "4163ceeae3953b7e5769ebc0b499c30b0b6616e1",
    "url": "https://www.kenyamoja.com/video/heavy-rainfall-expected-parts-sadc-region-kbc-video-1036081",
    "ord_in_thread": 0,
    "parent_url": null,
    "author": "KBC Video",
    "published": "2024-12-12T23:00:00.000+02:00",
    "title": "Heavy rainfall expected in parts of the SADC region | KenyaMOJA.com",
    "text": "- 8 views\nTropical Cyclone Chido formed over the Southwestern Indian Ocean basin off the Madagascar coastline, is barreling towards Pemba on the Mozambique coastline and could affect parts of Malawi. The Southern Africa Development Cooperation Humanitarian and Emergency Operations Center earlier in the week issued an alert for the weather system.\nConnect with KBC Online; Subscribe to our channel: https://t.ly/86BKN Follow us on Twitter: https://twitter.om/KBCChannel1 Find us on Facebook: https://www.facebook.com/kbcchannel1TV Check our website: https://www.kbc.co.ke/\n#kbcchannel1 #news #kbclive\nHeavy rainfall expected in parts of the SADC region\n- -\n[Chemutai's ambition](https://www.kenyamoja.com/video/chemutais-ambition-ktn-news-1036098)››\n- 13 Dec 2024 - Political activists Kasmuel McOure and Morara Kebaso clashed in a heated debate over their approach to politics following the anti-government protests that rocked the nation in mid-2024.\n- 13 Dec 2024 - The High Court in Nairobi has issued orders stopping an Egyptian national working in Kenya from accessing over Ksh.135 million held in Diamond Trust Bank (DTB).\n- 13 Dec 2024 - Kenya’s candidate for the Africa Union Commission Chairperson, Raila Odinga on Thursday arrived in Addis Ababa, Ethiopia ahead of the Mjadala Afrika Debate scheduled for Friday, December 13.\n- 13 Dec 2024 - The National Government Affirmative Action Fund (NGAAF), which is managed by Women Representatives, is under sharp scrutiny following reports of funds misappropriation.\n- 13 Dec 2024 - The state corporation was closed after the Cabinet ruled its functions were being carried out by other agencies.\n- 13 Dec 2024 - All staff of KWTA will be deployed to the Ministry and its agencies based on their established competencies\n- 13 Dec 2024 - The former coach of the Chinese national men’s football team has been sentenced to 20 years in jail for bribery, state media reported. Li Tie, who also played for Everton in the English Premier League, confessed earlier this year to fixing matches,…\n- 13 Dec 2024 - Two families in Bomet County are seeking answers from the government on the whereabouts of their kin.\n- 13 Dec 2024 - By the end of the project in 2027, it will have taken 42 years to build the government offices.\n- 13 Dec 2024 - The late Ondego was to be buried on November 21, 2020, but the county government filed a case a day before seeking to stop the burial.",
    "highlightText": "",
    "highlightTitle": "",
    "highlightThreadTitle": "",
    "language": "english",
    "sentiment": "negative",
    "categories": [
        "Weather",
        "Environment"
    ],
    "topics": null,
    "ai_allow": true,
    "has_canonical": false,
    "webz_reporter": false,
    "external_links": [],
    "external_images": [],
    "entities": {
        "persons": [],
        "organizations": [],
        "locations": []
    },
    "syndication": {
        "syndicated": false,
        "syndicate_id": null,
        "first_syndicated": false
    },
    "rating": null,
    "crawled": "2024-12-13T13:48:41.953+02:00",
    "updated": "2024-12-13T13:48:41.953+02:00"
}