{
    "thread": {
        "uuid": "e2dcfde2190a33b86150f5394be3a5406c183aef",
        "url": "https://www.newsbreak.com/nws-alerts-1671083/3713789711031-high-wind-warning-by-nws",
        "site_full": "www.newsbreak.com",
        "site": "newsbreak.com",
        "site_section": "https://www.newsbreak.com/monterey-ca",
        "site_categories": [
            "under_construction"
        ],
        "section_title": "Monterey, CA Local News and More | NewsBreak",
        "title": "High Wind Warning by NWS",
        "title_full": "High Wind Warning by NWS",
        "published": "2024-12-13T11:02:00.000+02:00",
        "replies_count": 0,
        "participants_count": 1,
        "site_type": "news",
        "country": "",
        "main_image": "https://img.particlenews.com/img/id/2uBxam_0xP5rblF00?type=thumbnail_1600x1200",
        "performance_score": 0,
        "domain_rank": 3600,
        "domain_rank_updated": "2024-12-09T23:00:00.000+02:00",
        "social": {
            "facebook": {
                "likes": 0,
                "comments": 0,
                "shares": 0
            },
            "vk": {
                "shares": 0
            }
        }
    },
    "uuid": "e2dcfde2190a33b86150f5394be3a5406c183aef",
    "url": "https://www.newsbreak.com/nws-alerts-1671083/3713789711031-high-wind-warning-by-nws",
    "ord_in_thread": 0,
    "parent_url": null,
    "author": "NewsBreak Original",
    "published": "2024-12-13T11:02:00.000+02:00",
    "title": "High Wind Warning by NWS",
    "text": "3 hours ago Check NWS updates here\nEffective: 2024-12-13 00:59:00 PST Expires: 2024-12-13 09:00:00 PST Urgency: Expected Severity: Severe Certainty: Likely Instruction: People are urged to secure loose objects that could be blown around or damaged by the wind. Winds this strong can make driving difficult, especially for high profile vehicles. Use extra caution. Target Area: Southern Monterey Bay and Big Sur Coast * WHAT...For the Wind Advisory, southeast winds 5 to 15 mph with gusts up to 35 mph expected. For the High Wind Warning, southeast winds 15 to 25 mph with gusts up to 45 mph expected.\n* WHERE...Southern Monterey Bay and the Big Sur Coast.\n* WHEN...For the Wind Advisory, from 10 PM this evening to 4 AM PST Saturday. For the High Wind Warning, from 4 AM to 10 AM PST Saturday.\n* IMPACTS...Damaging winds will blow down trees and power lines. Widespread power outages are expected. Travel will be difficult, especially for high profile vehicles. Damaging winds could down trees, snap power lines, and result in property damage. Widespread power outages are possible. Travel could be extremely difficult and hazardous, especially for high profile vehicles. The combination of wind and moist soils will increase the risk for downed trees. Gusty winds will blow around unsecured objects. Tree limbs could be blown down and a few power outages may result.\nBe the first to react",
    "highlightText": "",
    "highlightTitle": "",
    "highlightThreadTitle": "",
    "language": "english",
    "sentiment": "negative",
    "categories": [
        "Weather",
        "Environment"
    ],
    "topics": null,
    "ai_allow": true,
    "has_canonical": true,
    "webz_reporter": false,
    "external_links": [
        "https://img.particlenews.com/image.php?type=thumbnail_580x000&url=2uBxam_0xP5rblF00",
        "https://alerts.weather.gov/search?id=urn:oid:2.49.0.1.840.0.1b2c4c32ce05e0eee0e6b06efa0e0cbf11cb2243.003.2",
        "https://img.particlenews.com/image.php?url=2uBxam_0xP5rblF00",
        "https://img.particlenews.com/image.php",
        "https://www.img.particlenews.com/image.php?url=2uBxam_0xP5rblF00",
        "https://www.img.particlenews.com/image.php?type=thumbnail_580x000&url=2uBxam_0xP5rblF00",
        "https://alerts.weather.gov/search",
        "https://www.alerts.weather.gov/search?id=urn:oid:2.49.0.1.840.0.1b2c4c32ce05e0eee0e6b06efa0e0cbf11cb2243.003.2"
    ],
    "external_images": [],
    "entities": {
        "persons": [],
        "organizations": [],
        "locations": []
    },
    "syndication": {
        "syndicated": false,
        "syndicate_id": null,
        "first_syndicated": false
    },
    "rating": null,
    "crawled": "2024-12-13T14:24:50.543+02:00",
    "updated": "2024-12-13T14:24:50.543+02:00"
}