{
    "thread": {
        "uuid": "3a00b8434adf0be9e5114dad6fd5618bcc1cb3dd",
        "url": "https://www.infobae.com/colombia/2024/07/12/salvatore-mancuso-respondio-a-alvaro-uribe-como-aliado-de-guerra-tras-su-liberacion-construyamos-la-paz",
        "site_full": "www.infobae.com",
        "site": "infobae.com",
        "site_section": "https://www.infobae.com/colombia/",
        "site_categories": [
            "media",
            "top_news"
        ],
        "section_title": "Noticias de Colombia - Infobae",
        "title": "Salvatore Mancuso respondió a Álvaro Uribe como “aliado de guerra” tras su liberación: “Construyamos la paz” - Infobae",
        "title_full": "Salvatore Mancuso respondió a Álvaro Uribe como “aliado de guerra” tras su liberación: “Construyamos la paz” - Infobae",
        "published": "2024-07-12T05:45:00.000+03:00",
        "replies_count": 0,
        "participants_count": 1,
        "site_type": "news",
        "country": "AR",
        "main_image": "https://www.infobae.com/new-resizer/r0vX-xzEgIHn2WpZpUKJ9pOErS0=/1200x630/filters:format(webp):quality(85)/cloudfront-us-east-1.images.arcpublishing.com/infobae/EDYMP7TXM5DIBEA27CJXZEWHQ4.png",
        "performance_score": 0,
        "domain_rank": 1947,
        "domain_rank_updated": "2024-07-09T13:08:43.000+03:00",
        "reach": null,
        "social": {
            "facebook": {
                "likes": 0,
                "comments": 0,
                "shares": 0
            },
            "gplus": {
                "shares": 0
            },
            "pinterest": {
                "shares": 0
            },
            "linkedin": {
                "shares": 0
            },
            "stumbledupon": {
                "shares": 0
            },
            "vk": {
                "shares": 0
            }
        }
    },
    "uuid": "3a00b8434adf0be9e5114dad6fd5618bcc1cb3dd",
    "url": "https://www.infobae.com/colombia/2024/07/12/salvatore-mancuso-respondio-a-alvaro-uribe-como-aliado-de-guerra-tras-su-liberacion-construyamos-la-paz",
    "ord_in_thread": 0,
    "parent_url": null,
    "author": "Katherine Lancheros",
    "published": "2024-07-12T05:45:00.000+03:00",
    "title": "Salvatore Mancuso respondió a Álvaro Uribe como “aliado de guerra” tras su liberación: “Construyamos la paz” - Infobae",
    "text": "Tras la liberación de Salvatore Mancuso, se presentaron mensajes con el expresidente Álvaro Uribe - crédito Colprensa - Migración El ex jefe paramilitar Salvatore Mancuso quedó en libertad tras confirmarse que no existen requerimientos judiciales pendientes en su contra. La noticia, que generó múltiples reacciones en el país, tuvo una respuesta inmediata del expresidente Álvaro Uribe, a la que el exlíder de las Autodefensas Unidas de Colombia (AUC) no tardó en replicar, con un mensaje de reconciliación y llamado a la construcción de la paz.\nEl teniente coronel Rolando Ramírez, director (e) del Instituto Nacional Penitenciario y Carcelario (Inpec), explicó que tras revisar los procesos judiciales pendientes y coordinar con la Unidad Nacional de Protección (UNP) un esquema de seguridad, se determinó que el excomandante de las AUC quedaba en libertad.\nAhora puede seguirnos en nuestro WhatsApp Channel y en Facebook.\n“El día de hoy, el establecimiento La Picota nos confirma que no hay requerimientos pendientes. De igual manera, se han realizado las coordinaciones con la UNP con el fin de brindar un esquema de seguridad en beneficio de Mancuso. Es así que luego de revisados los procesos jurídicos pendientes y no encontrar alguna decisión que permita tenerlo privado de la libertad, y realizadas las coordinaciones frente a la seguridad de él, el señor Salvatore Mancuso quedará en libertad”, detalló Ramírez.\nEl intercambio de mensajes ente Álvaro Uribe y Salvatore Mancuso El expresidente Álvaro Uribe reaccionó rápidamente a la noticia por medio de su cuenta en X. En su mensaje, el líder del Partido Centro Democrático expresó su descontento con la libertad de Mancuso, al destacar una supuesta discriminación hacia otros detenidos que, según él, no se prestan para actuar como “bisagras” en procesos de paz.\n“No sorprende la finalidad de la libertad de Mancuso, pero los otros, con 19 años de cárcel, que no se prestan para hacer el juego de ‘bisagras’, los discriminan y no los reconocen como gestores de paz. Recuerdo que reconocí como gestores de paz, después de muchos años de cárcel, a Francisco Galán y a Felipe Torres del ELN. Por eso obtuvieron libertad”, se lee en el post de Uribe.\nEl expresidente Álvaro Uribe denunció una supuesta discriminación hacia otros detenidos - crédito @AlvaroUribeVel / X En una respuesta conciliadora y sorprendente para muchos, Salvatore Mancuso respondió al expresidente Uribe con un mensaje de reconciliación. En su declaración, el ex jefe paramilitar reconoció el pasado compartido con el expresidente durante los años del conflicto y propuso un nuevo enfoque hacia la construcción de la paz en Colombia.\n“ He cumplido con la justicia, pero no con mi conciencia. Por eso le extiendo la mano @AlvaroUribeVel, quien fue mi aliado en la guerra, para que ahora juntos construyamos la paz ”, escribió Mancuso.\nSalvatore Mancuso respondió al expresidente Álvaro Uribe con un mensaje de reconciliación - crédito @MancusoOficial / X Libertad de Mancuso generó conflicto de competencias entre JEP y el sistema de Justicia y Paz Salvatore Mancuso, que fue uno de los líderes más prominentes de las AUC, estuvo vinculado a múltiples delitos, como masacres y desplazamientos forzados. Tras su desmovilización en 2005, fue extraditado a Estados Unidos en 2008, donde cumplió una condena por narcotráfico. En 2024, Mancuso regresó a Colombia para ser un gestor de paz, tal y como lo propuso el presidente Gustavo Petro, pero primero debía estar en La Picota mientras la justicia determinaba su situación judicial.\nTras unos meses, la solicitud de libertad del antiguo criminal desató un conflicto de competencias entre la Jurisdicción Especial para la Paz (JEP) y el sistema de Justicia y Paz, bajo el cual se desmovilizó y entregó las armas durante el gobierno de Álvaro Uribe.\nEste conflicto aún no fue resuelto por la Corte Constitucional, que debe determinar cuál de estos tribunales tiene la prioridad para decidir sobre la libertad de Mancuso. Mientras se espera esta decisión, el ex jefe paramilitar logró que su expediente fuera devuelto a la jueza de Justicia y Paz, que, bajo el argumento que Mancuso no tiene sentencias pendientes en Colombia, ordenó su libertad. Además, la JEP solicitó un esquema de protección para el exparamilitar.",
    "highlightText": "",
    "highlightTitle": "",
    "highlightThreadTitle": "",
    "language": "spanish",
    "sentiment": "positive",
    "categories": [
        "Human Interest",
        "Politics",
        "War, Conflict and Unrest"
    ],
    "ai_allow": false,
    "webz_reporter": false,
    "external_links": [
        "https://www.facebook.com/infobaecolombia",
        "https://whatsapp.com/channel/0029Va4oNEALikgEL4Y8mb2K",
        "https://www.whatsapp.com/channel/0029Va4oNEALikgEL4Y8mb2K",
        "https://facebook.com/infobaecolombia"
    ],
    "external_images": [],
    "entities": {
        "persons": [],
        "organizations": [],
        "locations": []
    },
    "rating": null,
    "crawled": "2024-07-12T05:51:45.646+03:00",
    "updated": "2024-07-12T05:51:45.646+03:00"
}