{
    "thread": {
        "uuid": "232a41eae176af92b06bc77b3553114719b6b1b8",
        "url": "https://www.democraticunderground.com/132124549",
        "site_full": "www.democraticunderground.com",
        "site": "democraticunderground.com",
        "site_section": "https://democraticunderground.com/index.php",
        "site_categories": [
            "politics",
            "law_government_and_politics",
            "media"
        ],
        "section_title": "Democratic Underground: Forums for U.S. Liberals and Democrats",
        "title": "Our support for Ukraine is not just rhetoric; it is a reality: White House - Morning Joe - MSNBC - Democratic Underground Forums",
        "title_full": "Our support for Ukraine is not just rhetoric; it is a reality: White House - Morning Joe - MSNBC - Democratic Underground Forums",
        "published": "2024-07-12T03:35:00.000+03:00",
        "replies_count": 0,
        "participants_count": 0,
        "site_type": "news",
        "country": "US",
        "main_image": "https://www.democraticunderground.com/imgs/du100x100.gif",
        "performance_score": 0,
        "domain_rank": 10588,
        "domain_rank_updated": "2024-07-09T13:08:43.000+03:00",
        "reach": null,
        "social": {
            "facebook": {
                "likes": 0,
                "comments": 0,
                "shares": 0
            },
            "gplus": {
                "shares": 0
            },
            "pinterest": {
                "shares": 0
            },
            "linkedin": {
                "shares": 0
            },
            "stumbledupon": {
                "shares": 0
            },
            "vk": {
                "shares": 0
            }
        }
    },
    "uuid": "232a41eae176af92b06bc77b3553114719b6b1b8",
    "url": "https://www.democraticunderground.com/132124549",
    "ord_in_thread": 0,
    "parent_url": null,
    "author": null,
    "published": "2024-07-12T03:35:00.000+03:00",
    "title": "Our support for Ukraine is not just rhetoric; it is a reality: White House - Morning Joe - MSNBC - Democratic Underground Forums",
    "text": "Friendly forums for passionate Dems! More than 91 million posts since 2001 Home Latest Greatest Videos Forums Hide ads Join up! Sign in Home Latest Greatest Videos Forums Help Hide ads Join up! Sign in Latest Discussions Greatest Discussions Latest Videos Latest Breaking News General Discussion The DU Lounge Issue Forums Culture Forums Alliance Forums Region Forums Support Forums Help & Search Advanced Search Latest Discussions » Issue Forums » Cable News Clips » Our support for Ukraine i... Welcome to DU! The truly grassroots left-of-center political community where regular people, not algorithms, drive the discussions and set the standards. Join the community: Create a free account Support DU (and get rid of ads!): Become a Star Member Latest Breaking News Editorials & Other Articles General Discussion The DU Lounge All Forums Issue Forums Culture Forums Alliance Forums Region Forums Support Forums Help & Search Cable News Clips Related: About this forum Rhiannon12866 (211,436 posts) Thu Jul 11, 2024, 08:35 PM 24 min ago 2 Recommend Recommend this post WH National Security Advisor Jake Sullivan discusses NATO's 75th anniversary summit and NATO's support for Ukraine. - Aired on 07/11/2024. Info View thread info, including edit history Trash Put this thread in your Trash Can (My DU » Trash Can) Bookmark Add this thread to your Bookmarks (My DU » Bookmarks) 0 replies, 91 views Share Get links to this post and/or share on social media Alert Alert this post for a rule violation Powers There are no powers you can use on this post Edit Cannot edit other people's posts Reply Reply to this post Edit Cannot edit other people's posts Rec (2) Reply Reply to this post Reply to this discussion https://pmatep5f7b.execute-api.us-east-1.amazonaws.com/ProdStage Latest Discussions » Issue Forums » Cable News Clips » Our support for Ukraine i... Home | Latest Discussions | Greatest Discussions | Latest Videos | All Forums About | Copyright | Privacy | Terms of service | Contact In Memoriam © 2001 - 2024 Democratic Underground, LLC. Thank you for visiting.",
    "highlightText": "",
    "highlightTitle": "",
    "highlightThreadTitle": "",
    "language": "english",
    "sentiment": "positive",
    "categories": [
        "Human Interest",
        "Politics"
    ],
    "ai_allow": false,
    "webz_reporter": false,
    "external_links": [
        "https://pmatep5f7b.execute-api.us-east-1.amazonaws.com/ProdStage",
        "https://www.pmatep5f7b.execute-api.us-east-1.amazonaws.com/ProdStage"
    ],
    "external_images": [],
    "entities": {
        "persons": [],
        "organizations": [
            {
                "name": "msnbc",
                "sentiment": "negative"
            },
            {
                "name": "recommend recommend",
                "sentiment": "none"
            },
            {
                "name": "du lounge issue forums culture forums alliance forums region forums support forums help & search",
                "sentiment": "none"
            }
        ],
        "locations": [
            {
                "name": "ukraine",
                "sentiment": "none"
            }
        ]
    },
    "rating": null,
    "crawled": "2024-07-12T04:01:15.792+03:00",
    "updated": "2024-07-12T04:01:15.792+03:00"
}