{
    "thread": {
        "uuid": "aee3b539e040a6864640abb635010e98fabe8a35",
        "url": "https://www.ukrinform.net/rubric-ato/3884452-stoltenberg-ukraine-has-right-to-use-western-weapons-against-targets-in-russia.html",
        "site_full": "www.ukrinform.net",
        "site": "ukrinform.net",
        "site_section": "https://ukrinform.net/rubric-ato",
        "site_categories": [
            "media"
        ],
        "section_title": "War",
        "title": "Stoltenberg: Ukraine has right to use Western weapons against targets in Russia",
        "title_full": "Stoltenberg: Ukraine has right to use Western weapons against targets in Russia",
        "published": "2024-07-11T22:43:00.000+03:00",
        "replies_count": 0,
        "participants_count": 1,
        "site_type": "news",
        "country": "US",
        "main_image": "https://static.ukrinform.com/photos/2024_07/thumb_files/630_360_1720248886-987.jpg",
        "performance_score": 0,
        "domain_rank": 13457,
        "domain_rank_updated": "2024-07-09T13:08:43.000+03:00",
        "reach": null,
        "social": {
            "facebook": {
                "likes": 0,
                "comments": 0,
                "shares": 0
            },
            "gplus": {
                "shares": 0
            },
            "pinterest": {
                "shares": 0
            },
            "linkedin": {
                "shares": 0
            },
            "stumbledupon": {
                "shares": 0
            },
            "vk": {
                "shares": 0
            }
        }
    },
    "uuid": "aee3b539e040a6864640abb635010e98fabe8a35",
    "url": "https://www.ukrinform.net/rubric-ato/3884452-stoltenberg-ukraine-has-right-to-use-western-weapons-against-targets-in-russia.html",
    "ord_in_thread": 0,
    "parent_url": null,
    "author": "@ukrinform",
    "published": "2024-07-11T22:43:00.000+03:00",
    "title": "Stoltenberg: Ukraine has right to use Western weapons against targets in Russia",
    "text": "Stoltenberg: Ukraine has right to use Western weapons against targets in Russia 11.07.2024 21:43 Ukrinform Repelling Russian aggression, Ukraine has a legal right to use weapons it received from partners to strike legitimate targets inside Russia. According to an Ukrinform correspondent, NATO Secretary General Jens Stoltenberg said this during a press conference with Ukrainian President Volodymyr Zelensky after their meeting in Washington on Thursday.\nHe said there was no doubt that Ukraine has the right to use the weapons it has - of its own production and weapons provided by allies - to strike legitimate military targets on Russian territory.\nAccording to Stoltenberg, it is important to remember that this is a war of aggression launched by Russia against its democratic friendly neighbor - Ukraine.\n\"Russia invaded Ukraine. That's a blatant violation of international law, and according to international law, Ukraine, of course, has the right to self-defense. NATO allies have the right to help and uphold Ukraine's right to self-defense without becoming a party to the conflict. And the right of self-defense includes also the right to strike legitimate military targets on the territory of the aggressor - Russia,\" he said.\nIn this regard, he welcomed the fact that some allies reduced and some others did not impose restrictions on the use of weapons provided by Ukraine, and \"this has enabled Ukraine to strike legitimate military targets on the territory of Russia.\"\nTop news Australia announces largest military aid package for Ukraine Zelensky meets with Erdoğan in Washington Sullivan: U.S. not allow Ukraine to strike Russia with ATACMS missiles Pentagon: New aid package for Ukraine includes Patriot battery, munitions for HIMARS More news Top news Kryvyi Rih struck with eight Russian missiles: Hydraulic structures damaged",
    "highlightText": "",
    "highlightTitle": "",
    "highlightThreadTitle": "",
    "language": "english",
    "sentiment": "positive",
    "categories": [
        "Politics",
        "War, Conflict and Unrest"
    ],
    "ai_allow": false,
    "webz_reporter": false,
    "external_links": [],
    "external_images": [],
    "entities": {
        "persons": [
            {
                "name": "stoltenberg",
                "sentiment": "negative"
            },
            {
                "name": "volodymyr zelensky",
                "sentiment": "none"
            },
            {
                "name": "jens stoltenberg",
                "sentiment": "none"
            }
        ],
        "organizations": [
            {
                "name": "nato",
                "sentiment": "none"
            }
        ],
        "locations": [
            {
                "name": "russia stoltenberg",
                "sentiment": "none"
            },
            {
                "name": "ukraine",
                "sentiment": "none"
            },
            {
                "name": "russia",
                "sentiment": "none"
            },
            {
                "name": "washington",
                "sentiment": "none"
            }
        ]
    },
    "rating": null,
    "crawled": "2024-07-12T00:24:20.885+03:00",
    "updated": "2024-07-12T03:49:37.623+03:00"
}