{
    "thread": {
        "uuid": "3502d34afc6794938cf0df5f7d09cecec38fef1a",
        "url": "https://scroll.in/announcements/1061108/jkssb-panchayat-secretary-exam-2023-results-announced-direct-link-to-download-here",
        "site_full": "scroll.in",
        "site": "scroll.in",
        "site_section": "http://feeds.feedburner.com/ScrollinArticles.rss",
        "site_categories": [
            "media"
        ],
        "section_title": "Scroll.in",
        "title": "JKSSB Panchayat Secretary exam 2023 results announced; direct link to download here",
        "title_full": "JKSSB Panchayat Secretary exam 2023 results announced; direct link to download here",
        "published": "2023-12-25T05:00:00.000+02:00",
        "replies_count": 0,
        "participants_count": 1,
        "site_type": "news",
        "country": "IN",
        "main_image": "https://sc0.blr1.cdn.digitaloceanspaces.com/book/151083-lzjpryhnjd-1606288745.jpg",
        "performance_score": 0,
        "domain_rank": 5188,
        "domain_rank_updated": "2023-12-19T12:06:12.000+02:00",
        "reach": null,
        "social": {
            "facebook": {
                "likes": 0,
                "comments": 0,
                "shares": 0
            },
            "gplus": {
                "shares": 0
            },
            "pinterest": {
                "shares": 0
            },
            "linkedin": {
                "shares": 0
            },
            "stumbledupon": {
                "shares": 0
            },
            "vk": {
                "shares": 0
            }
        }
    },
    "uuid": "3502d34afc6794938cf0df5f7d09cecec38fef1a",
    "url": "https://scroll.in/announcements/1061108/jkssb-panchayat-secretary-exam-2023-results-announced-direct-link-to-download-here",
    "ord_in_thread": 0,
    "parent_url": null,
    "author": "Scroll Staff",
    "published": "2023-12-25T05:00:00.000+02:00",
    "title": "JKSSB Panchayat Secretary exam 2023 results announced; direct link to download here",
    "text": "[Recruitment](//scroll.in/topic/56052/recruitment)\nJKSSB Panchayat Secretary exam 2023 results announced; direct link to download here\nEligible candidates can download the result and scoresheet on the official website jkssb.nic.in.\nThe Jammu and Kashmir Services Selection Board (\nJKSSB) has declared the results for the Panchayat Secretary, Rural Development & Panchayati Raj Department recruitment exam 2023. Eligible candidates can download the result and scoresheet on the official website jkssb.nic.in.\nThe OMR based written examination was held on December 10, 2023.\nhttps://scroll.in/announcements/1020526/jkp-si-answer-key-2022-released-at-jkssb-nic-in has advertised a total of 1395 vacancies for the post of Panchayat Secretary in the Rural Development Department.\n“Mere figuring in the result/scoresheet shall not entitle a candidate to be called for document verification or figure in the selection list and he/she has to fulfill other eligibility conditions, as laid down and decision of the Board in this regard shall be final. The J&K Services Selection Board (JKSSB) will call candidates falling in the consideration zone based on the merit obtained by them for document verification. The schedule for document verification shall be notified separately,” reads the official notification.\nSteps to download JKSSB results\n- Visit the official website\njkssb.nic.in\n- On the homepage, click on ‘What’s New’\n- Now click, ‘Result/Scoresheet of Written Examination for the post of Panchayat Secretary - regarding\n.’\n- The Results for Panchayat Secretary exam will appear on screen\n- Check and download a copy of the results\n- Take a printout for future reference\nDirect link to download JKSSB results.\nSelection Process\nThe selection for the post shall be made on the basis of merit obtained in written examination (objective type MCQ) only.\nFor more details, candidates are advised to visit the official website\nhere.",
    "highlightText": "",
    "highlightTitle": "",
    "highlightThreadTitle": "",
    "language": "english",
    "sentiment": "positive",
    "categories": [
        "Labor",
        "Economy, Business and Finance",
        "Education"
    ],
    "external_links": [
        "https://jkssb.nic.in/Pdf/Result_Scoresheet_Panchayat_Secretary_24122023.pdf",
        "https://jkssb.nic.in/",
        "https://www.jkssb.nic.in/",
        "https://www.jkssb.nic.in/Pdf/Result_Scoresheet_Panchayat_Secretary_24122023.pdf",
        "https://jkssb.nic.in"
    ],
    "external_images": [],
    "entities": {
        "persons": [],
        "organizations": [
            {
                "name": "kashmir services selection board",
                "sentiment": "none"
            },
            {
                "name": "j&k services selection board",
                "sentiment": "none"
            },
            {
                "name": "rural development & panchayati raj department",
                "sentiment": "none"
            },
            {
                "name": "rural development department",
                "sentiment": "none"
            }
        ],
        "locations": [
            {
                "name": "jammu",
                "sentiment": "none"
            }
        ]
    },
    "rating": null,
    "crawled": "2023-12-25T11:17:59.594+02:00",
    "updated": "2023-12-25T11:17:59.594+02:00"
}