{
    "thread": {
        "uuid": "cef2b4b468f1e5d0416e06d2942ffc42e37af096",
        "url": "http://www.china.org.cn/china/2023-12/25/content_116900478.htm",
        "site_full": "www.china.org.cn",
        "site": "china.org.cn",
        "site_section": "https://www.china.org.cn",
        "site_categories": [
            "japan",
            "travel"
        ],
        "section_title": "China.org.cn - China news, business, travel &amp; language courses",
        "title": "China sees occupational health improvements- China.org.cn",
        "title_full": "China sees occupational health improvements- China.org.cn",
        "published": "2023-12-25T01:38:00.000+02:00",
        "replies_count": 0,
        "participants_count": 1,
        "site_type": "news",
        "country": "CN",
        "main_image": "",
        "performance_score": 0,
        "domain_rank": 2599,
        "domain_rank_updated": "2023-12-19T12:06:12.000+02:00",
        "reach": null,
        "social": {
            "facebook": {
                "likes": 0,
                "comments": 0,
                "shares": 0
            },
            "gplus": {
                "shares": 0
            },
            "pinterest": {
                "shares": 0
            },
            "linkedin": {
                "shares": 0
            },
            "stumbledupon": {
                "shares": 0
            },
            "vk": {
                "shares": 0
            }
        }
    },
    "uuid": "cef2b4b468f1e5d0416e06d2942ffc42e37af096",
    "url": "http://www.china.org.cn/china/2023-12/25/content_116900478.htm",
    "ord_in_thread": 0,
    "parent_url": null,
    "author": "杨希",
    "published": "2023-12-25T01:38:00.000+02:00",
    "title": "China sees occupational health improvements- China.org.cn",
    "text": "China has witnessed a continuing downward trend of occupational disease prevalence in the country, with a 40 percent decrease in newly diagnosed occupational disease cases between 2019 and 2022.\nOccupational health occupies a pivotal position in China's broader health strategy, and health risk management is deemed a fundamental measure in preventing and controlling occupational diseases at their source.\nIn this regard, the National Health Commission (NHC) in January 2022 launched a four-year campaign targeting workplaces with excessive dust, toxic chemicals, and noise across the country.\nOver the past two years, a total of 185,000 enterprises have been included in the campaign, of which 71,000 have already implemented measures to address relevant risks, according to NHC data released at a press conference held on Friday in Beijing.\nAccording to NHC official Wang Jiandong, the commission has also established a key laboratory for dust hazard protection to develop critical technologies for occupational disease prevention and control.\nChina's fight for workers' health goes beyond traditional occupational maladies. Equal emphasis has been placed on tackling emerging risks such as unhealthy work practices and excessive job-related stress.\nStarting from 2019, China's occupational disease and health risk monitoring system has been covering all types of illnesses. Under this system, 95 percent of county-level regions and 314,000 enterprises, especially smaller businesses, are being monitored.\nChina has formulated work-related mental health promotion guidelines and tailored guidelines to improve occupational health for key groups like medical personnel, nuclear power station workers, and firefighting and rescue personnel.\nAdditionally, targeted monitoring and intervention for people in high-risk professions are underway in the country, and efforts have been made to raise public awareness of occupational health through various activities.\n\"Promoting occupational health in China requires joint efforts from the government, employers and individual workers,\" said Wang.\nAnother element of China's continuous endeavors to address occupational diseases is the promotion of \"healthy enterprises,\" which offer improved working conditions and environments.\nBased on data from the NHC, about 19,000 enterprises nationwide have been recognized as \"healthy enterprises.\" In certain regions, such as Hubei and Sichuan, such enterprises are eligible for favorable policies, including lower premiums for work-related injury insurance.\n\"Further efforts will be undertaken to prompt all regions in China to introduce more incentive and reward policies for the establishment of 'healthy enterprises,' aiming to benefit a larger workforce,\" Wang said.",
    "highlightText": "",
    "highlightTitle": "",
    "highlightThreadTitle": "",
    "language": "english",
    "sentiment": "positive",
    "categories": [
        "Health",
        "Science and Technology",
        "Labor"
    ],
    "external_links": [],
    "external_images": [],
    "entities": {
        "persons": [
            {
                "name": "wang jiandong",
                "sentiment": "none"
            }
        ],
        "organizations": [
            {
                "name": "national health commission",
                "sentiment": "none"
            },
            {
                "name": "nhc",
                "sentiment": "none"
            }
        ],
        "locations": [
            {
                "name": "china",
                "sentiment": "none"
            },
            {
                "name": "beijing",
                "sentiment": "none"
            }
        ]
    },
    "rating": null,
    "crawled": "2023-12-25T04:16:33.304+02:00",
    "updated": "2023-12-25T04:16:33.304+02:00"
}