{
    "thread": {
        "uuid": "7db37a5038cd3cd0a6a5942db2b0831449c36eab",
        "url": "https://www.philstar.com/business/2023/12/26/2321352/petron-sees-p12-billion-profit-2023",
        "site_full": "www.philstar.com",
        "site": "philstar.com",
        "site_section": "http://www.philstar.com/rss/breakingnews",
        "site_categories": [
            "media"
        ],
        "section_title": "philstar.com - RSS Breaking News",
        "title": "Petron sees P12 billion profit for 2023 | Philstar.com",
        "title_full": "Petron sees P12 billion profit for 2023 | Philstar.com",
        "published": "2023-12-25T18:00:00.000+02:00",
        "replies_count": 0,
        "participants_count": 1,
        "site_type": "news",
        "country": "PH",
        "main_image": "https://media.philstar.com/photos/2023/12/25/10_2023-12-25_17-55-35.jpg",
        "performance_score": 0,
        "domain_rank": 4422,
        "domain_rank_updated": "2023-12-19T12:06:12.000+02:00",
        "reach": null,
        "social": {
            "facebook": {
                "likes": 0,
                "comments": 0,
                "shares": 0
            },
            "gplus": {
                "shares": 0
            },
            "pinterest": {
                "shares": 0
            },
            "linkedin": {
                "shares": 0
            },
            "stumbledupon": {
                "shares": 0
            },
            "vk": {
                "shares": 0
            }
        }
    },
    "uuid": "7db37a5038cd3cd0a6a5942db2b0831449c36eab",
    "url": "https://www.philstar.com/business/2023/12/26/2321352/petron-sees-p12-billion-profit-2023",
    "ord_in_thread": 0,
    "parent_url": null,
    "author": "Richmond Mercurio",
    "published": "2023-12-25T18:00:00.000+02:00",
    "title": "Petron sees P12 billion profit for 2023 | Philstar.com",
    "text": "MANILA, Philippines — Oil giant Petron Corp. is poised to achieve a third straight year of growth, with earnings seen rising by more than half.\nPetron president and CEO Ramon Ang said the company is projecting a net income of P12 billion for full year 2023.\nThe amount is 79 percent higher than the P6.7 billion profit the company recorded in 2022.\n“2022 we were hit by sudden drop in world prices. It was up and down. That is where we got hit. Unlike in 2023, it was stable,” Ang said.\nPetron has been on a sustained recovery path since 2021 after suffering a net loss of P11.4 billion in 2020 due to the impact of the COVID-19 pandemic.\nSo far this year, the company has seen consistent growth in all areas of its business, resulting in a 16 percent jump in net income to P9.5 billion in the nine months through September.\nPetron has cited its wide reach, superior product quality, and reliable service as among the factors that have allowed the company to sustain its good performance throughout 2023, which also enabled it to maintain or even strengthen its market share in high-demand sectors.\nFor 2024, Ang said Petron should be “okay” if there would be no inventory loss.\nMeanwhile, Petron is scheduled to complete by mid-2025 its coco-methyl ester (CME) plant in its Bataan Refinery Complex, according to Ang.\nThe CME plant, once finished, will allow the company to produce its own CME.\nAs the country’s largest oil company, Petron has been recognized by the government for being the leading contributor to its fuel marking program, a mechanism to curb fuel smuggling.\nPetron’s Bataan Refinery, which is currently the only remaining refinery in the country, serves as a world-class refining facility and petrochemicals complex.\nThe refinery can supply around 40 percent of the the country’s total domestic fuel requirement given its 180,000-barrel-per-day capacity.\nPetron is also keen on intensifying its environmental, social and governance programs aimed at reducing carbon emission, waste management, and energy conservation.\nThe company recently made available its latest LPG innovation, the Fiesta Gas 170-gram refillable cylinder, in Mindanao as part of its continuing efforts to combat the use of illegally refilled butane canisters.",
    "highlightText": "",
    "highlightTitle": "",
    "highlightThreadTitle": "",
    "language": "english",
    "sentiment": "positive",
    "categories": [
        "Labor",
        "Economy, Business and Finance",
        "Health"
    ],
    "external_links": [
        "https://www.facebook.com/plugins/page.php?href=",
        "https://www.facebook.com/plugins/page.php",
        "https://facebook.com/plugins/page.php?href="
    ],
    "external_images": [],
    "entities": {
        "persons": [
            {
                "name": "ramon ang",
                "sentiment": "none"
            },
            {
                "name": "ang",
                "sentiment": "none"
            }
        ],
        "organizations": [
            {
                "name": "petron corp.",
                "sentiment": "negative"
            },
            {
                "name": "petron",
                "sentiment": "negative"
            }
        ],
        "locations": [
            {
                "name": "philippines",
                "sentiment": "none"
            },
            {
                "name": "manila",
                "sentiment": "none"
            }
        ]
    },
    "rating": null,
    "crawled": "2023-12-25T19:31:13.526+02:00",
    "updated": "2023-12-25T19:31:13.526+02:00"
}