{
    "thread": {
        "uuid": "807c6800b6887ea6ac65f7364614ab723bda0dde",
        "url": "https://www.dvidshub.net/news/460845/local-employees-honored-decades-service",
        "site_full": "www.dvidshub.net",
        "site": "dvidshub.net",
        "site_section": "http://www.dvidshub.net/rss/news",
        "site_categories": [
            "media"
        ],
        "section_title": "DVIDS RSS Feed: News",
        "title": "Local employees honored for decades of service",
        "title_full": "Local employees honored for decades of service",
        "published": "2023-12-27T03:10:00.000+02:00",
        "replies_count": 0,
        "participants_count": 1,
        "site_type": "news",
        "country": "US",
        "main_image": "https://d1ldvf68ux039x.cloudfront.net/thumbs/photos/2312/8181374/1000w_q95.jpg",
        "performance_score": 0,
        "domain_rank": 5446,
        "domain_rank_updated": "2023-12-26T12:06:20.000+02:00",
        "reach": null,
        "social": {
            "facebook": {
                "likes": 0,
                "comments": 0,
                "shares": 0
            },
            "gplus": {
                "shares": 0
            },
            "pinterest": {
                "shares": 0
            },
            "linkedin": {
                "shares": 0
            },
            "stumbledupon": {
                "shares": 0
            },
            "vk": {
                "shares": 0
            }
        }
    },
    "uuid": "807c6800b6887ea6ac65f7364614ab723bda0dde",
    "url": "https://www.dvidshub.net/news/460845/local-employees-honored-decades-service",
    "ord_in_thread": 0,
    "parent_url": null,
    "author": "Sean Kimmons",
    "published": "2023-12-27T03:10:00.000+02:00",
    "title": "Local employees honored for decades of service",
    "text": "ZAMA, Japan – When Naoko Koh took her first job 40 years ago as a filing clerk at Camp Zama, the American work environment was all new to her.\nWhile she initially struggled to speak in English, Koh said she improved her skills and found her co-workers to be very supportive. She eventually held various personnel-related positions over the years, but never left the installation for another job.\nKoh, now the administrative officer at the Directorate of Public Works, said her time on Camp Zama has seemed to have flown by.\n“I don’t feel like I’ve been working here for that long,” she said. “It was like yesterday that I started working here, but I’m still enjoying it so far.”\nKoh was among more than 180 local employees with 10, 20, 30 and 40 years of service to be honored Friday for their dedication to U.S. Forces Japan during a ceremony at Zama Harmony Hall.\nMaj. Gen. Dave Womack, commander of U.S. Army Japan, said it was an honor to recognize the employees for their collective service that represented thousands of years of commitment.\nEver since the longest-serving employees had been working for the U.S. military, Womack said their careers have spanned the tenures of several U.S. presidents and prime ministers in Japan.\nTokyo Disneyland also opened its doors 40 years ago, he added, while Nintendo released its famous “Mario Brothers” arcade game, and Sony introduced the first consumer camcorder.\n“There have been many changes in both of our countries, but the one thing that remains consistent is the people,” he said, “so I want to make sure that I thank every single one of you for your incredible service.”\nRie Suetomi, director general of the South Kanto Defense Bureau, also expressed gratitude to the employees, saying that they have performed well for many years in their respective professions.\n“I would like to extend my deepest respect to you for your daily hard work and endeavors,” she said. “I would also like to thank members of your family who have provided tremendous support by sharing times of joy and hardship with you through all these years.”\nAs another employee to serve at least 40 years, Haruhiko Yamagishi, a technical information specialist for the 311th Military Intelligence Battalion, represented the award recipients in the ceremony.\n“We are very proud to say that we have all given our best efforts in our positions for the past 10, 20, 30 and 40 years,” he said. “We believe our work has contributed to the development of goodwill and friendship between Japan and the United States.”\nThroughout the decades, employees have had to overcome a myriad of challenges to ensure missions were completed.\nAfter the 9/11 terrorist attacks and during the COVID-19 pandemic, for instance, Koh said personnel duties were demanding due to an increase of actions and documentation, such as handling the status of emergency personnel or employees who could not come to work on post.\n“Of course, they are difficult times,” she said. “But, overall, I feel I am so lucky because I really enjoyed each job I had. I worked with good people [and] even on difficult days, they helped me.”\nBesides the unique work environment, Koh said Camp Zama has also offered great job security and opportunities for employees.\n“If you want another job or want to get promoted, you can challenge [yourself],” she said. “You don’t have to stay in the same position for a long time.”\nWhile Koh sometimes thinks about retiring, she still appreciates the sense of purpose her job provides her and how it continues to motivate her to serve others.\n“I feel that many people count on me,” she said. “That’s the reason I stayed here.”\n(Article was originally published on the USAG Japan website on Oct. 30, 2023, and may be found at www.army.mil/article/271250)\n|Date Taken:||10.30.2023|\n|Date Posted:||12.26.2023 20:10|\n|Story ID:||460845|\n|Location:||ZAMA, JP|\n|Web Views:||6|\n|Downloads:||0|\nThis work, Local employees honored for decades of service, by\n[Sean Kimmons](/portfolio/1327030/sean-kimmons), identified by DVIDS, must comply with the restrictions shown on https://www.dvidshub.net/about/copyright.",
    "highlightText": "",
    "highlightTitle": "",
    "highlightThreadTitle": "",
    "language": "english",
    "sentiment": "positive",
    "categories": [
        "Human Interest",
        "Labor",
        "Social Issue"
    ],
    "external_links": [],
    "external_images": [],
    "entities": {
        "persons": [
            {
                "name": "naoko koh",
                "sentiment": "negative"
            },
            {
                "name": "koh",
                "sentiment": "none"
            },
            {
                "name": "dave womack",
                "sentiment": "none"
            }
        ],
        "organizations": [
            {
                "name": "zama",
                "sentiment": "negative"
            },
            {
                "name": "the directorate of public works",
                "sentiment": "none"
            },
            {
                "name": "u.s. army japan",
                "sentiment": "none"
            }
        ],
        "locations": [
            {
                "name": "camp zama",
                "sentiment": "none"
            },
            {
                "name": "japan",
                "sentiment": "none"
            },
            {
                "name": "zama harmony hall",
                "sentiment": "none"
            },
            {
                "name": "u.s.",
                "sentiment": "none"
            }
        ]
    },
    "rating": null,
    "crawled": "2023-12-27T03:25:03.365+02:00",
    "updated": "2023-12-27T03:25:03.365+02:00"
}