{
    "thread": {
        "uuid": "aacab671e28b548ffdfe55f8b8e9cdcc2a9ea9ac",
        "url": "https://www.farodevigo.es/o-morrazo/2026/02/12/imparable-erosion-mar-mourisca-tira-126731450.html",
        "site_full": "www.farodevigo.es",
        "site": "farodevigo.es",
        "site_section": "https://www.farodevigo.es/o-morrazo",
        "site_categories": [
            "arts, culture and entertainment",
            "media",
            "lifestyle and leisure",
            "disaster and accident",
            "weather",
            "economy, business and finance",
            "crime, law and justice",
            "politics",
            "sport"
        ],
        "section_title": "O Morrazo - Actualidad y últimas noticias de Morrazo -  Faro de Vigo",
        "site_title": "Faro de Vigo | Toda la actualidad y última hora de Vigo y Galicia",
        "title": "EFECTOS DE LOS TEMPORALES EN BUEU: La imparable erosión del mar en Mourisca tira más tramos de un muro",
        "title_full": "EFECTOS DE LOS TEMPORALES EN BUEU: La imparable erosión del mar en Mourisca tira más tramos de un muro",
        "published": "2026-02-12T07:03:00.000+02:00",
        "replies_count": 0,
        "participants_count": 1,
        "site_type": "news",
        "country": "ES",
        "main_image": "https://estaticos-cdn.prensaiberica.es/clip/984ffd37-b899-4d18-9275-82e0f1efbd3f_16-9-discover-aspect-ratio_default_0_x1118y559.jpg",
        "performance_score": 0,
        "domain_rank": 30073,
        "domain_rank_updated": "2026-02-08T23:00:00.000+02:00",
        "licensing_agency": [],
        "social": {
            "facebook": {
                "likes": 0,
                "comments": 0,
                "shares": 0
            },
            "vk": {
                "shares": 0
            }
        }
    },
    "uuid": "aacab671e28b548ffdfe55f8b8e9cdcc2a9ea9ac",
    "url": "https://www.farodevigo.es/o-morrazo/2026/02/12/imparable-erosion-mar-mourisca-tira-126731450.html",
    "ord_in_thread": 0,
    "author": "David García",
    "published": "2026-02-12T07:03:00.000+02:00",
    "title": "EFECTOS DE LOS TEMPORALES EN BUEU: La imparable erosión del mar en Mourisca tira más tramos de un muro",
    "text": "Las mareas y los temporales agravan el precario equilibrio de una estructura que sigue desplomándose sobre la playa\nEl imparable avance de la erosión marina en Mourisca (Bueu) / Fdv\nDavid García\nBueu 12 FEB 2026 6:03 El avance del mar es imparable . La playa de Mourisca, en la parroquia de Beluso (Bueu) , es un ejemplo de cómo las mareas conquistan, de manera lenta pero inexorable, más espacio . Estos días se puede comprobar como el muro de una finca situada en la parte superior sigue derrumbándose sobre el arenal. La imagen de un tramo compuesto por hast a doce grandes bloques verticales de perpiaño sobre la playa, apoyado en el talud, impresiona. Asusta .\nLa erosión marina se ceba especialmente con el costado de la playa hacia el que se encuentra la antigua salazón . Hace apenas una década en este entorno crecían grandes árboles y había marineros jubilados que aprovechaban sus raíces para montar una especie de andamiaje de madera o «enjaretado» sobre el que dejaban sus gamelas, lejos de la acción del mar. Hoy lo único que queda es alguno de los grandes «tocones» de raíces sobre el propio arenal.\nEl mar se está «comiendo» el subsuelo de esa franja de terreno, sobre la que antes discurría un sendero. Un paso que cada vez es más estrecho y peligroso .\nEl peligroso estado en el que se encuentra el muro no es nuevo. En el verano de 2024 desde el servicio provincial de Costas del Estado requirió a los propietarios de la finca la retirada de los grandes bloques de piedra de la construcción , situada en el límite del dominio público marítimo terrestre, porque ya se habían registrado los primeros derrumbes y el resto de la construcción amenazaba con desplomarse sobre el playa. Al mismo tiempo, el departamento estatal solicitaba al Concello de Bueu que vallase la zona , un requerimiento al que el consistorio respondió exigiendo a Costas que asumiese sus responsabilidades en una franja que es de su competencia.\nNoticias relacionadas\nDesde entonces el único cambio en la zona es, a todas luces, a peor . El mar no cesa en la erosión del talud y los perpiaños del muro siguen cayendo. Un proceso que se intensifica con los continuos temporales y borrascas que durante este invierno azotan Galicia.\nSuscríbete para seguir leyendo",
    "summary": "Las mareas y los temporales agravan el precario equilibrio de una estructura que sigue desplomándose sobre la playa El imparable avance de la erosión marina en Mourisca (Bueu) / Fdv Bueu 12 FEB 2026 6:03 El avance del mar es imparable . Estos días se puede comprobar como el muro de una finca situada en la parte superior sigue derrumbándose sobre el arenal.",
    "highlightText": "",
    "highlightTitle": "",
    "highlightThreadTitle": "",
    "language": "spanish",
    "sentiment": "negative",
    "categories": [
        "Environment",
        "Disaster and Accident"
    ],
    "topics": [
        "Environment->environmental pollution",
        "Disaster and Accident->natural disaster"
    ],
    "ai_allow": true,
    "has_canonical": false,
    "breaking": false,
    "webz_reporter": false,
    "external_links": [],
    "external_images": [],
    "internal_images": [],
    "entities": {
        "persons": [],
        "locations": [],
        "organizations": []
    },
    "syndication": {
        "syndicated": null,
        "syndicate_id": null,
        "first_syndicated": false
    },
    "trust": {
        "categories": [],
        "top_news": [],
        "bias": null,
        "source": {
            "type": null,
            "city": null,
            "state": null,
            "country": null,
            "domain_type": null,
            "agency": null,
            "organization_name": null
        }
    },
    "rating": null,
    "crawled": "2026-02-12T07:36:22.887+02:00",
    "updated": "2026-02-12T07:42:26.000+02:00"
}