{
    "thread": {
        "uuid": "11af7f3826d43e24826b84fb78f10e0764de2dd6",
        "url": "https://www.francebleu.fr/pays-de-la-loire/mayenne-53/rester-vigilants-la-grippe-aviaire-aux-portes-de-la-mayenne-en-ce-mois-de-fevrier-2026-1946365",
        "site_full": "www.francebleu.fr",
        "site": "francebleu.fr",
        "site_section": "https://www.francebleu.fr/",
        "site_categories": [
            "arts, culture and entertainment",
            "human interest",
            "travel",
            "lifestyle and leisure",
            "france",
            "environment",
            "disaster and accident",
            "crime, law and justice",
            "politics",
            "sport"
        ],
        "section_title": "ICI, le média de la vie locale : actualités en direct",
        "site_title": "ici, le média de la vie locale : actualités en direct",
        "title": "\"Rester vigilants\" : la grippe aviaire aux portes de la Mayenne en ce mois de février 2026 - ICI",
        "title_full": "\"Rester vigilants\" : la grippe aviaire aux portes de la Mayenne en ce mois de février 2026 - ICI",
        "published": "2026-02-12T09:30:00.000+02:00",
        "replies_count": 0,
        "participants_count": 1,
        "site_type": "news",
        "country": "FR",
        "main_image": "https://www.francebleu.fr/pikapi/images/5d6fd848-6604-43f5-81a7-8001d584922a/1200x680?webp=false",
        "performance_score": 0,
        "domain_rank": 4717,
        "domain_rank_updated": "2026-02-08T23:00:00.000+02:00",
        "licensing_agency": [],
        "social": {
            "facebook": {
                "likes": 0,
                "comments": 0,
                "shares": 0
            },
            "vk": {
                "shares": 0
            }
        }
    },
    "uuid": "11af7f3826d43e24826b84fb78f10e0764de2dd6",
    "url": "https://www.francebleu.fr/pays-de-la-loire/mayenne-53/rester-vigilants-la-grippe-aviaire-aux-portes-de-la-mayenne-en-ce-mois-de-fevrier-2026-1946365",
    "ord_in_thread": 0,
    "author": "Raphaël Aubry",
    "published": "2026-02-12T09:30:00.000+02:00",
    "title": "\"Rester vigilants\" : la grippe aviaire aux portes de la Mayenne en ce mois de février 2026 - ICI",
    "text": "Trois foyers de grippe aviaire ont été identifiés entre les 7 et le 9 février 2026 dans le Maine-et-Loire et en Ille-et-Vilaine, à quelques kilomètres de la Mayenne. Le département reste épargné, mais la préfecture et la chambre d'agriculture appellent à la vigilance. La grippe aviaire, arrivera-t-elle en Mayenne ? La maladie est présente à quelques kilomètres du département. Deux foyers ont été identifiés dans le Maine-et-Loire ces derniers jours. Le premier le weekend du 7 et 8 février 2026 dans une exploitation de volailles à Bécon-les-Granits, au sud de Segré-en-Anjou Bleu. Un second a été confirmé le lundi 9 février dans un élevage au Louroux-Béconnais, à proximité. Samedi 7 février, la préfecture d'Ille-et-Vilaine a également annoncé un foyer dans une basse-cour à Teillay , à environ 40 kms du département. En Mayenne, les autorités confirment ce mercredi 11 février à ICI Mayenne que le département est pour l'instant épargné. Les services de la préfecture assurent \"rester vigilants\" . La direction départementale des territoires (DDT) suit le dossier de prêt. Du côté de la chambre d'agriculture, l'état d'esprit est similaire, même si cela fait plusieurs mois que la grippe aviaire est présente dans les Pays de la Loire. Plusieurs foyers ont été détectés en Vendée en novembre 2025 , puis en Loire-Atlantique. Ce qui inquiète surtout la chambre d'agriculture, ce sont les deux nouveaux cas dans le Maine-et-Loire, \"dans une zone d'élevage dense\" . La Mayenne est à seulement quelques kilomètres. Elle appelle les éleveurs à ne pas baisser la garde . La France est placée en risque élevé pour la grippe aviaire depuis octobre 2025. La préfecture de la Mayenne invitait déjà en novembre à suivre deux recommandations : Mayenne 31/10/2025 Toute personne qui identifie un oiseau mort est invitée à ne pas le toucher , mais à bien noter le lieu de sa découverte, et à le signaler au service départemental de l'office français de la biodiversité (02 43 02 97 70) ou à la mairie du lieu de la découverte. Si vous devez ensuite visiter une basse-cour, pensez à changer vos vêtements et vos chaussures. Les détenteurs de volailles, notamment des volailles de basse-cour, doivent impérativement éviter tout contact de leurs animaux avec les oiseaux migrateurs sauvages . Pour cela, il est possible de les maintenir en intérieur ou bien d'installer un filet au-dessus de leur aire de circulation. Ils doivent signaler toute augmentation de la mortalité des oiseaux à un vétérinaire.",
    "summary": "Le département reste épargné, mais la préfecture et la chambre d'agriculture appellent à la vigilance. Samedi 7 février, la préfecture d'Ille-et-Vilaine a également annoncé un foyer dans une basse-cour à Teillay , à environ 40 kms du département. Plusieurs foyers ont été détectés en Vendée en novembre 2025 , puis en Loire-Atlantique. Ce qui inquiète surtout la chambre d'agriculture, ce sont les deux nouveaux cas dans le Maine-et-Loire, \"dans une zone d'élevage dense\" . La France est placée en risque élevé pour la grippe aviaire depuis octobre 2025.",
    "highlightText": "",
    "highlightTitle": "",
    "highlightThreadTitle": "",
    "language": "french",
    "sentiment": "negative",
    "categories": [
        "Environment",
        "Health"
    ],
    "topics": [
        "Environment->animal",
        "Health->communicable disease"
    ],
    "ai_allow": true,
    "has_canonical": false,
    "breaking": false,
    "webz_reporter": false,
    "external_links": [],
    "external_images": [],
    "internal_images": [],
    "entities": {
        "persons": [],
        "locations": [],
        "organizations": []
    },
    "syndication": {
        "syndicated": null,
        "syndicate_id": null,
        "first_syndicated": false
    },
    "trust": {
        "categories": [],
        "top_news": [],
        "bias": null,
        "source": {
            "type": null,
            "city": null,
            "state": null,
            "country": null,
            "domain_type": null,
            "agency": null,
            "organization_name": null
        }
    },
    "rating": null,
    "crawled": "2026-02-12T09:40:46.402+02:00",
    "updated": "2026-02-12T09:45:25.000+02:00"
}