{
    "thread": {
        "uuid": "f6159b80f95458e909e4a5b941e55f1861ce0154",
        "url": "https://translink.com.au/updates/980486",
        "site_full": "translink.com.au",
        "site": "translink.com.au",
        "site_section": "https://translink.com.au/service-updates/rss",
        "site_categories": [
            "air_travel",
            "weather",
            "disaster and accident",
            "travel"
        ],
        "section_title": "Translink service notices feed",
        "site_title": "Translink",
        "title": "⚠ Stop missed - Fig Tree Pocket on Centenary Highway siding, Fig Tree Pocket",
        "title_full": "⚠ Stop missed - Fig Tree Pocket on Centenary Highway siding, Fig Tree Pocket",
        "published": "2026-02-12T08:29:45.215+02:00",
        "replies_count": 0,
        "participants_count": 0,
        "site_type": "news",
        "country": "AU",
        "main_image": "https://translink.widen.net/s/qmqxzfp9xz/og-image",
        "performance_score": 0,
        "domain_rank": 96283,
        "domain_rank_updated": "2026-02-08T23:00:00.000+02:00",
        "licensing_agency": [],
        "social": {
            "facebook": {
                "likes": 0,
                "comments": 0,
                "shares": 0
            },
            "vk": {
                "shares": 0
            }
        }
    },
    "uuid": "f6159b80f95458e909e4a5b941e55f1861ce0154",
    "url": "https://translink.com.au/updates/980486",
    "ord_in_thread": 0,
    "author": null,
    "published": "2026-02-12T08:29:45.215+02:00",
    "title": "⚠ Stop missed - Fig Tree Pocket on Centenary Highway siding, Fig Tree Pocket",
    "text": "Last reviewed: Thursday 12 Feb 2026 at 3.51pm\nRoute 453, 454, 455 and 456 will be temporarily missing the below stop due to a fallen tree.\n- Closed stop\nFig Tree Pocket on Centenary Highway siding, Fig Tree Pocket\n(Stop ID 001578)\n[{\"name\":\"Closed stop\",\"icon\":\"https://translink.com.au/sites/default/files/assets/images/icons/icon_pin_cross.png\",\"markers\":[{\"lat\":\"-27.517792\",\"lng\":\"152.954963\",\"title\":\"Fig Tree Pocket on Centenary Highway siding, Fig Tree Pocket",
    "summary": null,
    "highlightText": "",
    "highlightTitle": "",
    "highlightThreadTitle": "",
    "language": "english",
    "sentiment": "negative",
    "categories": [
        "Disaster and Accident",
        "Environment"
    ],
    "topics": [
        "Disaster and Accident->transportation accident and incident",
        "Disaster and Accident->emergency response",
        "Environment->nature"
    ],
    "ai_allow": true,
    "has_canonical": false,
    "breaking": false,
    "webz_reporter": false,
    "external_links": [],
    "external_images": [],
    "internal_images": [],
    "entities": {
        "persons": [],
        "locations": [
            {
                "name": "Fig Tree Pocket",
                "sentiment": "none"
            },
            {
                "name": "Centenary Highway",
                "sentiment": "none"
            }
        ],
        "organizations": []
    },
    "syndication": {
        "syndicated": false,
        "syndicate_id": null,
        "first_syndicated": false
    },
    "trust": {
        "categories": [],
        "top_news": [],
        "bias": null,
        "source": {
            "type": null,
            "city": null,
            "state": null,
            "country": null,
            "domain_type": null,
            "agency": null,
            "organization_name": null
        }
    },
    "rating": null,
    "crawled": "2026-02-12T08:29:45.215+02:00",
    "updated": "2026-02-12T08:36:00.000+02:00"
}