{
    "thread": {
        "uuid": "c70e2e479ca978ff3e108b024fecf964c34d6d3a",
        "url": "https://www.tichyseinblick.de/kolumnen/lichtblicke-kolumnen/rechtsgutachten-habecks-windradgesetz-verfassungswidrig/",
        "site_full": "www.tichyseinblick.de",
        "site": "tichyseinblick.de",
        "site_section": "https://www.tichyseinblick.de/autoren",
        "site_categories": [
            "politics",
            "law_government_and_politics",
            "economy, business and finance",
            "media",
            "social issue"
        ],
        "section_title": "Autoren",
        "site_title": "Tichys Einblick",
        "title": "Rechtsgutachten: Habecks Windradgesetz verfassungswidrig",
        "title_full": "Rechtsgutachten: Habecks Windradgesetz verfassungswidrig",
        "published": "2026-02-12T08:23:00.000+02:00",
        "replies_count": 0,
        "participants_count": 1,
        "site_type": "news",
        "country": "DE",
        "main_image": "https://www.tichyseinblick.de/wp-content/uploads/2024/12/499356110.jpg",
        "performance_score": 0,
        "domain_rank": 53447,
        "domain_rank_updated": "2026-02-08T23:00:00.000+02:00",
        "licensing_agency": [],
        "social": {
            "facebook": {
                "likes": 0,
                "comments": 0,
                "shares": 0
            },
            "vk": {
                "shares": 0
            }
        }
    },
    "uuid": "c70e2e479ca978ff3e108b024fecf964c34d6d3a",
    "url": "https://www.tichyseinblick.de/kolumnen/lichtblicke-kolumnen/rechtsgutachten-habecks-windradgesetz-verfassungswidrig/",
    "ord_in_thread": 0,
    "author": "Fritz Goergen",
    "published": "2026-02-12T08:23:00.000+02:00",
    "title": "Rechtsgutachten: Habecks Windradgesetz verfassungswidrig",
    "text": "Der sogenannte „Windkraft-Turbo“ des früheren grünen Ministers Robert Habeck ist verfassungswidrig. Habeck hatte bekanntlich viele Rechte ausgehebelt, damit Anwohner praktisch kaum mehr Einsprüche gegen Windräder erheben können. So wollte er seiner Windindustrie freie Bahn verschaffen, damit die noch schneller Windräder in die Wälder pflanzen und die Profite steigern konnten. Wir haben darüber häufig berichtet.\nJetzt kommt Rechtswissenschaftler Prof Volker Boehme-Neßler in einem umfangreichen Rechtsgutachten zu dem Ergebnis, dass § 2 des Erneuerbare-Energien-Gesetzes (EEG) in seiner aktuellen Fassung gegen das Grundgesetz und gegen Europarecht verstößt. Dieser § 2 ist Kernstück des Habeck‘schen Vorstoßes. Der erklärt den Ausbau erneuerbarer Energien pauschal zum „überragenden öffentlichen Interesse“ und ordnet an, dass erneuerbare Energien bis zur nahezu treibhausgasneutralen Stromerzeugung als „vorrangiger Belang“ in alle planerischen Abwägungen einzustellen sind.\nNach der Darlegung von Boehme-Neßler führt § 2 EEG faktisch zur Abschaffung der Abwägung bei Planungs- und Genehmigungsentscheidungen. Da erneuerbare Energien gesetzlich als vorrangiger Belang festgelegt sind, stehe das Ergebnis solcher Verfahren von vornherein fest. Eine echte, ergebnisoffene Abwägung widerstreitender Schutzgüter finde nicht mehr statt.\nDies verstoße gegen zentrale Prinzipien des Grundgesetzes, insbesondere gegen das Rechtsstaats- und Demokratieprinzip. Zudem überschreite der Bund mit § 2 EEG seine Gesetzgebungskompetenz, da die Regelung tief in Bau-, Planungs- und Umweltrecht eingreife, die überwiegend den Ländern zugewiesen seien.\nDas Gutachten sieht darüber hinaus erhebliche Grundrechtsverletzungen. Betroffen seien unter anderem das Eigentumsrecht, die Berufsfreiheit, der Gesundheitsschutz sowie der Gleichheitssatz. Besonders problematisch sei die ungleiche Verteilung der Lasten der Energiewende auf wenige Regionen und Betroffene ohne Ausgleichsmechanismen.\nAuch die kommunale Planungshoheit werde faktisch entleert. Schließlich verstoße § 2 EEG gegen das Nachhaltigkeitsgebot des Grundgesetzes, da Klimaschutz absolut gesetzt und andere Umweltgüter systematisch verdrängt würden. Selbst nach EU-Recht sei ein solcher Abwägungsausschluss unzulässig, so Volker Boehme-Neßler in seinem Gutachten für den Verein Vernunftkraft Niedersachsen.\nKernproblem: Abschaffung der Abwägung Zentraler Befund des Gutachtens ist, dass § 2 EEG die verfassungsrechtlich zwingende Abwägung widerstreitender Schutzgüter faktisch abschafft. Die Norm erklärt den Ausbau erneuerbarer Energien pauschal zum „überragenden öffentlichen Interesse“ und ordnet an, dass erneuerbare Energien bis zur nahezu treibhausgasneutralen Stromerzeugung als „vorrangiger Belang“ in alle Schutzgüterabwägungen einzustellen sind.\nDamit steht das Ergebnis von Planungs- und Genehmigungsverfahren von vornherein fest: In nahezu allen Fällen setzen sich „erneuerbare Energien“ durch. Eine echte, ergebnisoffene Abwägung findet nicht mehr statt. Das widerspricht dem Wesen der Abwägung selbst, die definitionsgemäß offen beginnen muss. Was formal noch als Abwägung bezeichnet wird, ist inhaltlich eine gesetzlich vorentschiedene Rangfolge.\nDas Gutachten zeigt detailliert auf, dass diese faktische Abschaffung der Abwägung gegen mehrere tragende Prinzipien des Grundgesetzes verstößt:\nRechtsstaatsprinzip und Demokratieprinzip Im Rechtsstaat dienen Abwägungen dazu, staatliches Handeln rational, nachvollziehbar und gerichtlich überprüfbar zu machen. Ohne echte Abwägung verlieren Gerichte ihre Kontrollfunktion, Betroffene ihr Recht auf effektiven Rechtsschutz. Zugleich verlangt der Demokratiegrundsatz, dass staatliche Entscheidungen transparent begründet und konfliktlösungsfähig sind. Eine gesetzlich vorgegebene Ergebnisentscheidung untergräbt beide Prinzipien.\nGesetzgebungskompetenz:\nDer Bund stützt § 2 EEG auf seine Kompetenz für das „Recht der Wirtschaft“ (Art. 74 Abs. 1 Nr. 11 GG). Tatsächlich greift die Norm jedoch tief in Bau-, Planungs-, Umwelt- und Naturschutzrecht ein – Bereiche, die überwiegend in der Gesetzgebungskompetenz der Länder liegen. § 2 EEG wirkt damit wie ein kompetenzwidriger „Durchgriff“ des Bundes in fremde Rechtsmaterien.\nMassive Grundrechtsverletzungen Besonders schwer wiegen die grundrechtlichen Auswirkungen der Norm. Der pauschale Vorrang erneuerbarer Energien führt zu strukturellen, mittelbaren Eingriffen in mehrere Grundrechte:\nEigentum (Art. 14 GG):\nGrundstückseigentümer werden durch Flächeninanspruchnahmen, Wertverluste, Immissionen und dauerhafte Nutzungsbeschränkungen erheblich belastet. § 2 EEG ignoriert die verfassungsrechtlich gebotene Prüfung, ob solche Belastungen noch sozialverträglich oder bereits unzumutbare Sonderopfer darstellen.\nBerufsfreiheit (Art. 12 GG):\nStandortgebundene Berufe – etwa in Land- und Forstwirtschaft, Tourismus oder Gesundheitswirtschaft – werden systematisch zurückgedrängt. Existenzgefährdende Eingriffe werden nicht mehr individuell geprüft, sondern pauschal als hinnehmbar behandelt.\nLeben und körperliche Unversehrtheit (Art. 2 Abs. 2 GG):\nGesundheitsbelange, etwa durch Lärm oder andere Immissionen, werden nicht mehr eigenständig abgewogen. Der Staat verletzt damit seine grundrechtliche Schutzpflicht.\nGleichheit (Art. 3 Abs. 1 GG):\nDie Lasten der Energiewende werden ungleich verteilt. Wenige Regionen und Bürger tragen die Hauptbelastung, während andere verschont bleiben – ohne Ausgleichs- oder Korrekturmechanismen.\nBesonders gravierend ist die kumulative Belastungswirkung: Eigentum, Berufsfreiheit und Gesundheit sind häufig gleichzeitig betroffen. Gerade in solchen Konstellationen verlangt das Grundgesetz eine besonders sorgfältige Abwägung – genau diese wird durch § 2 EEG verhindert.\nEingriff in die kommunale Selbstverwaltung Auch die verfassungsrechtlich garantierte Planungshoheit der Gemeinden (Art. 28 Abs. 2 GG) wird durch § 2 EEG ausgehöhlt. Kommunen haben faktisch keinen Entscheidungsspielraum mehr, da der gesetzliche Vorrang der erneuerbaren Energien alle anderen Belange überlagert. Planung wird zur bloßen Formalie. Zudem verschärft § 2 EEG die ungleiche Belastung einzelner Gemeinden und verstößt damit zusätzlich gegen den Gleichheitssatz.\nVerstoß gegen das Nachhaltigkeitsgebot Art. 20a GG verpflichtet den Staat zu einer ganzheitlichen, nachhaltigen Umweltpolitik. Klimaschutz ist dabei ein wichtiges, aber kein absolutes Ziel. § 2 EEG reduziert Nachhaltigkeit auf CO₂-Vermeidung und verdrängt andere Umweltgüter wie Artenschutz, Landschaftsschutz und Bodenschutz. Das widerspricht ausdrücklich der Rechtsprechung des Bundesverfassungsgerichts, das auch im Klimabeschluss von 2021 betont hat, dass Klimaschutz stets mit anderen Verfassungsgütern abzuwägen ist.\nEuroparechtliche Unvereinbarkeit Schließlich zeigt das Gutachten, dass § 2 EEG auch gegen Unionsrecht verstößt. Die EU-Richtlinien zu erneuerbaren Energien räumen diesen zwar einen hohen Stellenwert ein, verlangen aber ausdrücklich eine Abwägung im Einzelfall. Ein absoluter Vorrang ohne Abwägung ist weder von der Richtlinie gedeckt noch mit der EU-Grundrechtecharta vereinbar. § 2 EEG geht damit über die europarechtlichen Vorgaben hinaus und ist unionsrechtswidrig unanwendbar.\nDas Gutachten kommt zu einem klaren Gesamtergebnis: § 2 EEG ist verfassungswidrig und europarechtswidrig. Die Norm darf trotz ihres Wortlauts keinen absoluten Vorrang erneuerbarer Energien begründen. Planungs- und Genehmigungsbehörden sind verpflichtet, weiterhin eine vollständige, ergebnisoffene Abwägung aller betroffenen Rechtsgüter vorzunehmen. Gerichte müssen diese Abwägungen weiterhin inhaltlich kontrollieren.",
    "summary": "So wollte er seiner Windindustrie freie Bahn verschaffen, damit die noch schneller Windräder in die Wälder pflanzen und die Profite steigern konnten. Zudem überschreite der Bund mit § 2 EEG seine Gesetzgebungskompetenz, da die Regelung tief in Bau-, Planungs- und Umweltrecht eingreife, die überwiegend den Ländern zugewiesen seien. Schließlich verstoße § 2 EEG gegen das Nachhaltigkeitsgebot des Grundgesetzes, da Klimaschutz absolut gesetzt und andere Umweltgüter systematisch verdrängt würden. Der pauschale Vorrang erneuerbarer Energien führt zu strukturellen, mittelbaren Eingriffen in mehrere Grundrechte: Grundstückseigentümer werden durch Flächeninanspruchnahmen, Wertverluste, Immissionen und dauerhafte Nutzungsbeschränkungen erheblich belastet.",
    "highlightText": "",
    "highlightTitle": "",
    "highlightThreadTitle": "",
    "language": "german",
    "sentiment": "negative",
    "categories": [
        "Politics",
        "Environment"
    ],
    "topics": [
        "Politics->government policy",
        "Politics->constitution (law)",
        "Environment->energy resources"
    ],
    "ai_allow": true,
    "has_canonical": false,
    "breaking": false,
    "webz_reporter": false,
    "external_links": [],
    "external_images": [],
    "internal_images": [],
    "entities": {
        "persons": [
            {
                "name": "Volker Boehme - Neßler",
                "sentiment": "neutral"
            },
            {
                "name": "Robert Habeck",
                "sentiment": "none"
            }
        ],
        "locations": [],
        "organizations": []
    },
    "syndication": {
        "syndicated": null,
        "syndicate_id": null,
        "first_syndicated": false
    },
    "trust": {
        "categories": [],
        "top_news": [],
        "bias": null,
        "source": {
            "type": null,
            "city": null,
            "state": null,
            "country": null,
            "domain_type": null,
            "agency": null,
            "organization_name": null
        }
    },
    "rating": null,
    "crawled": "2026-02-12T08:45:10.793+02:00",
    "updated": "2026-02-12T12:25:12.765+02:00"
}