{
    "thread": {
        "uuid": "0ee6769e4493f6d85cd00c834561c4cf96ad1df7",
        "url": "https://www.abc.es/espana/comunidad-valenciana/agricultores-reclaman-llorca-unir-pp-espana-frenar-20260212080115-nt.html",
        "site_full": "www.abc.es",
        "site": "abc.es",
        "site_section": "https://www.sevilla24horas.com/",
        "site_categories": [
            "arts, culture and entertainment",
            "entertainment",
            "media",
            "lifestyle and leisure",
            "sports",
            "disaster and accident",
            "music",
            "economy, business and finance",
            "crime, law and justice",
            "politics",
            "sport"
        ],
        "section_title": "Diario Digital de Sevilla y sus pueblos - Diario Digital de Sevilla",
        "site_title": "ABC - Últimas noticias de España y el mundo hoy",
        "title": "Los agricultores reclaman a Llorca unir al PP de toda España para frenar a Page y su recorte al trasvase Tajo-Segura",
        "title_full": "Los agricultores reclaman a Llorca unir al PP de toda España para frenar a Page y su recorte al trasvase Tajo-Segura",
        "published": "2026-02-12T09:01:00.000+02:00",
        "replies_count": 0,
        "participants_count": 1,
        "site_type": "news",
        "country": "ES",
        "main_image": "https://s1.abcstatics.com/abc/www/multimedia/espana/2026/02/12/agricultores-asaja-llorca-U81435345532YOw-1024x512@diario_abc.jpeg",
        "performance_score": 0,
        "domain_rank": 1014,
        "domain_rank_updated": "2026-02-08T23:00:00.000+02:00",
        "licensing_agency": [],
        "social": {
            "facebook": {
                "likes": 0,
                "comments": 0,
                "shares": 0
            },
            "vk": {
                "shares": 0
            }
        }
    },
    "uuid": "0ee6769e4493f6d85cd00c834561c4cf96ad1df7",
    "url": "https://www.abc.es/espana/comunidad-valenciana/agricultores-reclaman-llorca-unir-pp-espana-frenar-20260212080115-nt.html",
    "ord_in_thread": 0,
    "author": "José Luis Fernández",
    "published": "2026-02-12T09:01:00.000+02:00",
    "title": "Los agricultores reclaman a Llorca unir al PP de toda España para frenar a Page y su recorte al trasvase Tajo-Segura",
    "text": "Esta funcionalidad es sólo para registrados\nIniciar sesión\nEspaña Los agricultores reclaman a Llorca unir al PP de toda España para frenar a Page y su recorte al trasvase Tajo-Segura Asaja Alicante advierte al presidente de la Generalitat Valenciana de que «los postulados de Castilla-La Mancha se impongan» en su partido Ana Serna: «El rechazo a financiar el proyecto de 'Vertido Cero' demuestra el desprecio del Gobierno a Alicante» Reunión de agricultores de Asaja Alicante con el presidente de la Generalitat Valenciana, Juanfran Pérez Llorca abc José Luis Fernández\nAlicante\nEsta funcionalidad es sólo para registrados\nIniciar sesión 12/02/2026 a las 08:01h. Compartir Esta funcionalidad es sólo para registrados\nIniciar sesión Esta funcionalidad es sólo para suscriptores\nSuscribete Asaja Alicante ha reclamado al presidente de la Generalitat Valenciana, Juanfran Pérez Llorca , que una al PP de toda España frente a su homólogo castellanomanchego, Emiliano García Page , en su intención de aplicar un recorte drástico al trasvase Tajo-Segura .\nEn su primera ... reunión con el máximo dirigente autonómico, esta organización agraria le ha «exigido una defensa sin matices ante las nuevas normas de explotación previstas para 2026 y 2027» en el acueducto. «Resulta esencial una estrategia común y un posicionamiento firme a nivel nacional que impida que los postulados restrictivos de Castilla-La Mancha se impongan dentro del propio Partido Popular », han exhortado a Pérez Llorca.\nDel mismo modo, el trasvase Júcar–Vinalopó debe ser «plenamente operativo»: el embalse de San Diego necesita su «urgente restauración por parte del Estado, porque sin agua el sistema no es viable».\nMÁS INFORMACIÓN\nEl escándalo de las viviendas VPP de Alicante mueve al Gobierno a una inspección de datos en toda España Y en paralelo, el presidente de Asaja Alicante, José Vicente Andreu , ha solicitado a Pérez Llorca que la Generalitat Valenciana asuma el liderazgo definitivo para la puesta en marcha del proyecto Vertido Cero ante la UE y el Gobierno central.\n«Que cojan las riendas de forma inminente, de lo contrario, Alicante seguirá perdiendo tiempo, oportunidades y recursos hídricos esenciales tanto para mantener playas limpias como para garantizar agua depurada a un precio razonable para el regadío», ha subrayado.\n«Coherencia» en la UE con Mercosur En la misma reunión, los representantes agrarios han pedido también al presidente de la Generalitat Valenciana -como representante del PP- «mantener coherencia respecto al acuerdo Unión Europea- Mercosur para frenar su ratificación, pues el apoyo brindado por los europarlamentarios del Partido Popular a través de sus votaciones en el Parlamento Europeo, desde un principio, ha roto la línea de unidad de acción».\nPara Asaja, ha faltado así al acuerdo que había entre Consell y organizaciones agrarias sobre «rechazar cualquier iniciativa europea que debilite al sector primario y genere competencia desleal».\nEsta inquietud ha sido puesta de manifiesto también ante el conseller de Agricultura, Miguel Barrachina , así como el director territorial de la Conselleria de Agricultura en Alicante, Juan Planelles , en la sede de la organización agraria alicantina.\nPara Asaja, «es incomprensible que los europarlamentarios valencianos del PP hayan respaldado un tratado que contradice el manifiesto firmado el 29 de julio de 2025 entre el Consell, cooperativas y organizaciones agrarias«, en el que también se hacía frente común frente a la reducción de la asignación presupuestaria para la PAC . »No se puede defender al campo en casa y ponerlo en jaque en Europa», han abundado.\nAndreu ha hecho énfasis en que si el posicionamiento frente al Mercosur ha empezado a rectificarse no ha sido por convicción política, sino por la presión firme y constante de las organizaciones agrarias en Bruselas y Estrasburgo en diciembre y enero, como han mostrado con sus tractoradas . El dirigente agrario ha criticado «duramente» que los europarlamentarios del PP votaran «no» a llevar el tratado ante el Tribunal de Justicia de la Unión Europea, alineándose con el partido socialista y «dando la espalda al campo español».\nArtículo solo para suscriptores\nSi ya estás suscrito, inicia sesión",
    "summary": "En su primera ... reunión con el máximo dirigente autonómico, esta organización agraria le ha «exigido una defensa sin matices ante las nuevas normas de explotación previstas para 2026 y 2027» en el acueducto. «Resulta esencial una estrategia común y un posicionamiento firme a nivel nacional que impida que los postulados restrictivos de Castilla-La Mancha se impongan dentro del propio Partido Popular », han exhortado a Pérez Llorca.",
    "highlightText": "",
    "highlightTitle": "",
    "highlightThreadTitle": "",
    "language": "spanish",
    "sentiment": "negative",
    "categories": [
        "Politics",
        "Environment"
    ],
    "topics": [
        "Politics->political parties and movements",
        "Politics->government",
        "Environment->water"
    ],
    "ai_allow": true,
    "has_canonical": false,
    "breaking": false,
    "webz_reporter": false,
    "external_links": [
        "https://x.com/abc_es/",
        "https://www.facebook.com/ABCes/",
        "https://es.linkedin.com/company/diario-abc/",
        "https://instagram.com/abc_diario/",
        "https://s3.abcstatics.com/abc/www/multimedia/espana/2026/02/12/agricultores-asaja-llorca-R3IjIckcYjLGxwpGP1lyzEJ-1200x840@diario_abc.jpeg",
        "https://www.x.com/abc_es/",
        "https://www.s3.abcstatics.com/abc/www/multimedia/espana/2026/02/12/agricultores-asaja-llorca-R3IjIckcYjLGxwpGP1lyzEJ-1200x840@diario_abc.jpeg",
        "https://www.facebook.com/ABCes",
        "https://facebook.com/ABCes/",
        "https://www.instagram.com/abc_diario/",
        "https://es.linkedin.com/company/diario-abc",
        "https://x.com/abc_es",
        "https://www.es.linkedin.com/company/diario-abc/",
        "https://instagram.com/abc_diario"
    ],
    "external_images": [],
    "internal_images": [],
    "entities": {
        "persons": [],
        "locations": [],
        "organizations": []
    },
    "syndication": {
        "syndicated": null,
        "syndicate_id": null,
        "first_syndicated": false
    },
    "trust": {
        "categories": [
            "trusted_news"
        ],
        "top_news": [],
        "bias": "center",
        "source": {
            "type": null,
            "city": null,
            "state": null,
            "country": null,
            "domain_type": null,
            "agency": null,
            "organization_name": null
        }
    },
    "rating": null,
    "crawled": "2026-02-12T09:13:59.987+02:00",
    "updated": "2026-02-12T10:12:26.062+02:00"
}