{
    "thread": {
        "uuid": "8ecb02d81bfa7aa1f4b4d396e91ba030c0a9f368",
        "url": "https://www.asiae.co.kr/en/article/2026021215504804694",
        "site_full": "www.asiae.co.kr",
        "site": "asiae.co.kr",
        "site_section": "https://www.asiae.co.kr/en/list/society",
        "site_categories": [
            "politics",
            "science and technology",
            "economy, business and finance",
            "crime, law and justice",
            "education"
        ],
        "section_title": "Society News - The Asia Business Daily",
        "site_title": "아시아경제 : 투자가를 위한 경제콘텐츠 플랫폼",
        "title": "African Swine Fever Spreads... Agriculture Ministry to Conduct Nationwide Inspections of Pig Farms and Slaughterhouses - The Asia Business Daily",
        "title_full": "African Swine Fever Spreads... Agriculture Ministry to Conduct Nationwide Inspections of Pig Farms and Slaughterhouses - The Asia Business Daily",
        "published": "2026-02-12T08:50:00.000+02:00",
        "replies_count": 0,
        "participants_count": 1,
        "site_type": "news",
        "country": "KR",
        "main_image": "https://cphoto.asiae.co.kr/listimglink/1/2023080810085733126_1691456938.jpg",
        "performance_score": 0,
        "domain_rank": 30690,
        "domain_rank_updated": "2026-02-08T23:00:00.000+02:00",
        "licensing_agency": [],
        "social": {
            "facebook": {
                "likes": 0,
                "comments": 0,
                "shares": 0
            },
            "vk": {
                "shares": 0
            }
        }
    },
    "uuid": "8ecb02d81bfa7aa1f4b4d396e91ba030c0a9f368",
    "url": "https://www.asiae.co.kr/en/article/2026021215504804694",
    "ord_in_thread": 0,
    "author": "세종=주상돈",
    "published": "2026-02-12T08:50:00.000+02:00",
    "title": "African Swine Fever Spreads... Agriculture Ministry to Conduct Nationwide Inspections of Pig Farms and Slaughterhouses - The Asia Business Daily",
    "text": "Eleven ASF Cases Reported This Year\nQuarantine Measures Strengthened, Including Nationwide Inspection of Dead Pigs at Pig Farms\nAs African swine fever (ASF) continues to spread, the government has decided to launch a nationwide inspection of pig farms and slaughterhouses.\nThe Central Accident Control Headquarters for ASF announced on February 12 that ASF had been confirmed at a farm in Dangjin, South Chungcheong Province. The farm raises 5,223 pigs. With this case, the total number of ASF outbreaks this year has reached 11, which is about twice the total number of cases last year (6).\nDue to the ASF outbreak at the Dangjin pig farm in South Chungcheong Province, 5,223 pigs will be culled, which is less than 0.04% of the total pig population of 11,754,000. An official from the Ministry of Agriculture, Food and Rural Affairs said, \"The impact on domestic pork supply and demand is not significant. However, with the Lunar New Year holiday approaching, the Central Accident Control Headquarters will continue to closely monitor supply and demand conditions and ensure there are no disruptions in the management of livestock product supplies.\"\nTo prevent the spread of ASF, the Central Accident Control Headquarters decided to implement strengthened quarantine measures, including: nationwide simultaneous inspections of dead pigs at pig farms; inspections of pigs shipped to slaughterhouses; and continuous surveillance of pathological examination samples by utilizing private testing agencies.\nFirst, simultaneous inspections will be carried out at 5,300 pig farms nationwide through February 28 to block the spread of the disease by detecting it early. To this end, the inspections will initially focus on dead pigs, which provide highly effective test samples, at 150 breeding pig farms and 271 specialized breeding farms that have a high risk of transmission, and will then be gradually expanded to general farms.\nPigs shipped to the 69 pig slaughterhouses nationwide will also be tested. By conducting these tests in parallel with inspections of dead pigs at pig farms nationwide, the authorities aim to strengthen the early detection system through a dual approach. Participation by private testing agencies will also be expanded. Samples submitted by pig farms across the country to private testing agencies for the purpose of early disease diagnosis will be subject to continuous surveillance and testing, and ASF tests will be conducted even when the samples are submitted under suspicion of similar diseases.\nJung-hoon Park, policy chief of the Food Grain Policy Office at the Ministry of Agriculture, Food and Rural Affairs, said, \"There have been 11 ASF outbreaks this year, and the situation is grave due to concerns about additional cases,\" and requested, \"As the movement of people and vehicles increases during the Lunar New Year holiday, please thoroughly disinfect areas around farms, main roads used by livestock vehicles, and livestock-related facilities on the 'National Simultaneous Disinfection Day' that will be implemented before and after the holiday, and also strengthen the promotion of quarantine guidelines to pig farmers and the general public.\"\n© The Asia Business Daily(www.asiae.co.kr). All rights reserved.",
    "summary": "An official from the Ministry of Agriculture, Food and Rural Affairs said, \"The impact on domestic pork supply and demand is not significant. However, with the Lunar New Year holiday approaching, the Central Accident Control Headquarters will continue to closely monitor supply and demand conditions and ensure there are no disruptions in the management of livestock product supplies.\"",
    "highlightText": "",
    "highlightTitle": "",
    "highlightThreadTitle": "",
    "language": "english",
    "sentiment": "negative",
    "categories": [
        "Environment"
    ],
    "topics": [
        "Environment->ecosystem",
        "Environment->animal"
    ],
    "ai_allow": true,
    "has_canonical": false,
    "breaking": false,
    "webz_reporter": false,
    "external_links": [],
    "external_images": [],
    "internal_images": [],
    "entities": {
        "persons": [],
        "locations": [
            {
                "name": "South Chungcheong Province",
                "sentiment": "none"
            },
            {
                "name": "Dangjin",
                "sentiment": "none"
            }
        ],
        "organizations": [
            {
                "name": "Asia Business Daily",
                "sentiment": "negative",
                "tickers": [
                    {
                        "ticker": null,
                        "exchange": null
                    }
                ]
            },
            {
                "name": "Central Accident Control Headquarters",
                "sentiment": "none",
                "tickers": []
            },
            {
                "name": "ASF",
                "sentiment": "none",
                "tickers": [
                    {
                        "ticker": null,
                        "exchange": null
                    }
                ]
            }
        ]
    },
    "syndication": {
        "syndicated": false,
        "syndicate_id": null,
        "first_syndicated": false
    },
    "trust": {
        "categories": [],
        "top_news": [],
        "bias": null,
        "source": {
            "type": null,
            "city": null,
            "state": null,
            "country": null,
            "domain_type": null,
            "agency": null,
            "organization_name": null
        }
    },
    "rating": null,
    "crawled": "2026-02-12T09:26:31.501+02:00",
    "updated": "2026-02-12T09:28:42.000+02:00"
}