{
    "thread": {
        "uuid": "7a17b13f39ea92d249844be4743a70776ee6e4ec",
        "url": "https://cenews.com.cn/news.html?aid=1768389",
        "site_full": "cenews.com.cn",
        "site": "cenews.com.cn",
        "site_section": "https://cmsapi.cenews.com.cn/api/getarticles?cid=291&pagesize=20",
        "site_categories": [
            "home_and_garden",
            "economy, business and finance",
            "environment",
            "science and technology",
            "politics",
            "environmental_safety"
        ],
        "section_title": "",
        "site_title": "中国环境网_全国生态环境信息平台",
        "title": "一项由德国波茨坦气候影响研究所开展的新研究警示：随着全球变暖加剧，以草原为基础的放牧系统正面临前所未",
        "title_full": "一项由德国波茨坦气候影响研究所开展的新研究警示：随着全球变暖加剧，以草原为基础的放牧系统正面临前所未",
        "published": "2026-02-12T03:38:00.000+02:00",
        "replies_count": 0,
        "participants_count": 1,
        "site_type": "news",
        "country": "CN",
        "main_image": "",
        "performance_score": 0,
        "domain_rank": 159851,
        "domain_rank_updated": "2026-02-08T23:00:00.000+02:00",
        "licensing_agency": [],
        "social": {
            "facebook": {
                "likes": 0,
                "comments": 0,
                "shares": 0
            },
            "vk": {
                "shares": 0
            }
        }
    },
    "uuid": "7a17b13f39ea92d249844be4743a70776ee6e4ec",
    "url": "https://cenews.com.cn/news.html?aid=1768389",
    "ord_in_thread": 0,
    "author": "刘 霞",
    "published": "2026-02-12T03:38:00.000+02:00",
    "title": "一项由德国波茨坦气候影响研究所开展的新研究警示：随着全球变暖加剧，以草原为基础的放牧系统正面临前所未",
    "text": "一项由德国波茨坦气候影响研究所开展的新研究警示：随着全球变暖加剧，以草原为基础的放牧系统正面临前所未有的生存危机。研究预测，到2100年，目前适合放牧的36%至50%土地将因气候恶化而不再适宜放牧，直接影响超过1亿牧民和多达16亿头牲畜。相关论文发表于最新一期《美国国家科学院院刊》。\n　　牛、绵羊和山羊等家畜依赖特定气候条件生存。研究首次定义了它们的“安全气候空间”：年均气温介于-3℃至29℃之间，年降水量在50至2627毫米范围内，相对湿度保持在39%至67%，风速不超过每秒6米。\n　　然而，气候变化正迅速压缩这一生存边界。研究显示，全球多地的温度、降水和湿度正在偏离这一理想区间，导致适宜放牧区域显著萎缩。尤其值得警惕的是，受影响最严重的往往是那些本就面临粮食短缺、经济脆弱、政治动荡和性别不平等问题的国家。\n　　草原畜牧业高度依赖自然环境，对水、热、湿等条件极为敏感。气候的持续变化不仅威胁草场生产力，更从根本上动摇了延续数百年的传统牧业模式。\n　　非洲将成为重灾区。即便在低排放情景下，该大陆的可放牧草原也将减少16%；若化石燃料继续扩张、升温失控，损失可能高达65%。原因在于，非洲多数地区已处于“安全气候空间”的高温边缘，稍有升温便易越界。\n　　更令人忧心的是，随着气候带南移，埃塞俄比亚高原、东非大裂谷、喀拉哈里盆地和刚果盆地等关键牧区将逐渐失去适宜气候。但由于非洲大陆南端止于海洋，这些生态位无处可迁，最终只能消失于海天尽头，这意味着，曾经丰饶的牧场或将永久消失。",
    "summary": null,
    "highlightText": "",
    "highlightTitle": "",
    "highlightThreadTitle": "",
    "language": "chinese",
    "sentiment": "negative",
    "categories": [
        "Environment"
    ],
    "topics": [
        "Environment->ecosystem",
        "Environment->animal",
        "Environment->global warming"
    ],
    "ai_allow": true,
    "has_canonical": false,
    "breaking": null,
    "webz_reporter": false,
    "external_links": [],
    "external_images": [],
    "internal_images": [],
    "entities": {
        "persons": [],
        "locations": [],
        "organizations": []
    },
    "syndication": {
        "syndicated": null,
        "syndicate_id": null,
        "first_syndicated": false
    },
    "trust": {
        "categories": [],
        "top_news": [],
        "bias": null,
        "source": {
            "type": null,
            "city": null,
            "state": null,
            "country": null,
            "domain_type": null,
            "agency": null,
            "organization_name": null
        }
    },
    "rating": null,
    "crawled": "2026-02-12T07:47:28.289+02:00",
    "updated": "2026-02-12T07:49:30.000+02:00"
}