{
    "thread": {
        "uuid": "dbcdf911aef221bd96f875d141327931479a979b",
        "url": "https://www.paralympic.org.au/2024/09/redemption-for-hodge-at-the-2024-paris-paralympic-games",
        "site_full": "www.paralympic.org.au",
        "site": "paralympic.org.au",
        "site_section": "https://www.paralympic.org.au/rss",
        "site_categories": [],
        "section_title": "Paralympics Australia",
        "title": "Redemption For Hodge At The 2024 Paris Paralympic Games",
        "title_full": "Redemption For Hodge At The 2024 Paris Paralympic Games",
        "published": "2024-09-05T11:03:00.000+03:00",
        "replies_count": 0,
        "participants_count": 1,
        "site_type": "news",
        "country": "AU",
        "main_image": "https://www.paralympic.org.au/wp-content/uploads/2024/09/D8_SWM_HODGE_200mIM-S9-final_DEL__639-scaled.jpg",
        "performance_score": 0,
        "domain_rank": 129130,
        "domain_rank_updated": "2024-09-03T00:00:00.000+03:00",
        "reach": null,
        "social": {
            "facebook": {
                "likes": 0,
                "comments": 0,
                "shares": 0
            },
            "vk": {
                "shares": 0
            }
        }
    },
    "uuid": "dbcdf911aef221bd96f875d141327931479a979b",
    "url": "https://www.paralympic.org.au/2024/09/redemption-for-hodge-at-the-2024-paris-paralympic-games",
    "ord_in_thread": 0,
    "parent_url": null,
    "author": "Zoe",
    "published": "2024-09-05T11:03:00.000+03:00",
    "title": "Redemption For Hodge At The 2024 Paris Paralympic Games",
    "text": "Turning silver to gold, Tim Hodge’s golden moment arrived on Night 8 of the Paris Paralympic Games, delivering a dominant performance to win the men’s SM9 200m individual medley.\nAfter taking silver in Tokyo, Hodge immediately turned his sights to winning gold in Paris in his pet event. Not only did he achieve this dream, but he also went one stroke further, claiming top spot in a new Paralympic record of 2:13.31.\nSetting a blistering pace, Hodge led from the outset finishing 2.67 seconds ahead of hometown hero, France’s Ugo Didier.\nAdding to the gold medal he claimed earlier in the week in the Mixed 4x100m Medley Relay (34 points), Hodge admitted he had to refocus to get himself ready for his main event.\n“After the relay earlier in the meet, I knew I had to bring myself back down, bring myself back into the right headspace to race tonight and I was able to do that,” he said.\n“I’m really happy with that result and now it’s time to have a little bit of a celebration with the gold medal…then once the meet is over, my coach and I can really let the feeling sink in.\n“Going into the race, I knew a lot of the guys would go fairly easy in the heats so going into the finals they’d be going a lot harder.\n“I was confident in myself and my race plans that I would be able to execute and get the race I wanted and hopefully the time I wanted as well, so quite happy with how it worked out.”\nAfter not getting the desired outcome he had hoped for earlier in the week in the men’s S9 400m freestyle, Hodge said he put that race out of his mind and focused on the task at hand.\n“The key thing with good athletes is they can keep getting themselves up race after race no matter the result and keep swimming their best.\n“I’ve had issues like that in the past where I haven’t had the best first race…but I’ve been able to back up and go on to do PBs, even after a bad race,” he said.\nIn the women’s SM9 200m individual medley, Lakeisha Patterson wasn’t able to add to her silver medal from earlier in the week, having to settle for fifth place in a time of 2:39.99.\nJenna Jones wrapped up her Paralympic Games with a PB and Oceania Record in the women’s SB12 100m breaststroke where she finished sixth, clocking 1:22.04.\nBy: Jodie Hawkins, Paralympics Australia\nPublished: 5 September 2024",
    "highlightText": "",
    "highlightTitle": "",
    "highlightThreadTitle": "",
    "language": "english",
    "sentiment": "positive",
    "categories": [
        "Sport"
    ],
    "ai_allow": true,
    "webz_reporter": false,
    "external_links": [],
    "external_images": [],
    "entities": {
        "persons": [
            {
                "name": "tim hodge",
                "sentiment": "none"
            },
            {
                "name": "ugo didier",
                "sentiment": "none"
            }
        ],
        "organizations": [],
        "locations": []
    },
    "syndication": {
        "syndicated": false,
        "syndicate_id": null
    },
    "rating": null,
    "crawled": "2024-09-06T00:07:00.854+03:00",
    "updated": "2024-09-06T00:07:00.854+03:00"
}