{
    "thread": {
        "uuid": "ba99d642e120c67113ca418d88f8906d2775ce0e",
        "url": "https://www.eluniversal.com.co/deportes/futbol/2024/09/05/conozca-el-rival-de-atlantico-en-la-final-del-torneo-nacional-sub-23",
        "site_full": "www.eluniversal.com.co",
        "site": "eluniversal.com.co",
        "site_section": "https://eluniversal.com.co/deportes",
        "site_categories": [
            "media",
            "top_news"
        ],
        "section_title": "Deportes | El Universal",
        "title": "Conozca el rival de Atlántico en la final del Torneo Nacional Sub-23",
        "title_full": "Conozca el rival de Atlántico en la final del Torneo Nacional Sub-23",
        "published": "2024-09-05T23:13:00.000+03:00",
        "replies_count": 0,
        "participants_count": 1,
        "site_type": "news",
        "country": "CO",
        "main_image": "https://www.eluniversal.com.co/resizer/v2/4NB5ZSFD2FGDXCZQ4FUDTLEWEU.jpeg?auth=b5f8b99611cdd87ad5d1ed93113fe29fed4082c51a88242ed13a57b2d89f274f&amp;smart=true&amp;width=1200&amp;height=630&amp;quality=70",
        "performance_score": 0,
        "domain_rank": 26875,
        "domain_rank_updated": "2024-09-03T00:00:00.000+03:00",
        "reach": null,
        "social": {
            "facebook": {
                "likes": 0,
                "comments": 0,
                "shares": 0
            },
            "vk": {
                "shares": 0
            }
        }
    },
    "uuid": "ba99d642e120c67113ca418d88f8906d2775ce0e",
    "url": "https://www.eluniversal.com.co/deportes/futbol/2024/09/05/conozca-el-rival-de-atlantico-en-la-final-del-torneo-nacional-sub-23",
    "ord_in_thread": 0,
    "parent_url": null,
    "author": "El Universal",
    "published": "2024-09-05T23:13:00.000+03:00",
    "title": "Conozca el rival de Atlántico en la final del Torneo Nacional Sub-23",
    "text": "La Selección Atlántico Sub-23 se clasificó a la gran final del Torneo Nacional Sub-23 de Fútbol, organizado por la División Aficionada del Fútbol Colombiano, Difútbol, tras imponerse 4-2 en la definición por penales contra Antioquia. El primer juego de las semifinales, que se jugó en el Polideportivo del municipio de Puerto Rico, Caquetá, tuvo que definirse desde el punto blanco luego de un cerrado empate a cero goles. Lea aquí: El paro camionero también está afectando al Junior de Barranquilla La gran figura del conjunto atlanticense fue el arquero Camilo Racedo, quien atajó los cobros de dos de los cobradores del seleccionado antioqueño. Los atlanticenses no fallaron los disparos desde el punto blanco al acertar con sus cuatro cobradores y de esa manera avanzaron al partido final por el título. El equipo dirigido por el técnico Williams Fiorillo se mantiene invicto en el certamen, con 3 victorias y un empate; con cinco goles a favor y apenas uno en contra. Y la final será costeña, pues el rival será el seleccionado de Sucre, que venció 1 gol por 0 al representativo de Huila. El compromiso se jugará en el Polideportivo del municipio de Puerto Rico a las 10:00 de la mañana. En el año del centenario de la Liga de Fútbol del Atlántico esta es la tercera final que alcanzan las selecciones durante el año 2024. Se espera que esta sea la vencida, pues no hubo fortuna en las que disputaron la Sub-15 y la Sub-19. Los penales Así fue la definición de tiros libres desde el punto penal entre los seleccionados de Antioquia y Atlántico: ANT: Santiago Flórez - tapó Racedo. 0-0 ATL: Brayan Marín - gol. 1-0 ANT: Johan Rodríguez - gol 1-1. ATL: Ronaldo Mejía - gol. -2-1 ANT: Santiago Posada - gol. 2-2 Siga Leyendo: Llegaron seis nuevos fiscales para combatir a las bandas criminales ATL: Humberto González - gol. 3-2 ANT: Mateo López - tapó Racedo. 3-2 ATL: Julián López - gol. 4-2.\"} {\"@type\":\"BreadcrumbList",
    "highlightText": "",
    "highlightTitle": "",
    "highlightThreadTitle": "",
    "language": "spanish",
    "sentiment": "positive",
    "categories": [
        "Sport",
        "Human Interest"
    ],
    "ai_allow": true,
    "webz_reporter": false,
    "external_links": [],
    "external_images": [],
    "entities": {
        "persons": [],
        "organizations": [],
        "locations": []
    },
    "syndication": null,
    "rating": null,
    "crawled": "2024-09-06T00:03:00.871+03:00",
    "updated": "2024-09-06T02:05:40.231+03:00"
}