{
    "thread": {
        "uuid": "f5b4ed8052d191f42b4fb8ae784de7fdbbd42939",
        "url": "https://cadenaser.com/nacional/2024/09/05/el-bonito-homenaje-de-portugal-a-pepe-cadena-ser",
        "site_full": "cadenaser.com",
        "site": "cadenaser.com",
        "site_section": "https://cadenaser.com",
        "site_categories": [
            "music",
            "hobbies_and_interests",
            "radio",
            "entertainment"
        ],
        "section_title": "Cadena SER: Noticias y Radio Online",
        "title": "El bonito homenaje de Portugal a Pepe | Deportes | Cadena SER",
        "title_full": "El bonito homenaje de Portugal a Pepe | Deportes | Cadena SER",
        "published": "2024-09-05T21:26:00.000+03:00",
        "replies_count": 0,
        "participants_count": 1,
        "site_type": "news",
        "country": "ES",
        "main_image": "https://cadenaser.com/resizer/v2/CKL3FGYIVVCWVOMF5OYP6XFOZM.png?auth=c0a4b47cc1ba88be2b9f5918d9fef2c73f3a62442552b00e1795a476ee3bd46f&amp;quality=70&amp;width=1200&amp;height=675&amp;smart=true",
        "performance_score": 0,
        "domain_rank": 3863,
        "domain_rank_updated": "2024-09-03T00:00:00.000+03:00",
        "reach": null,
        "social": {
            "facebook": {
                "likes": 0,
                "comments": 0,
                "shares": 0
            },
            "vk": {
                "shares": 0
            }
        }
    },
    "uuid": "f5b4ed8052d191f42b4fb8ae784de7fdbbd42939",
    "url": "https://cadenaser.com/nacional/2024/09/05/el-bonito-homenaje-de-portugal-a-pepe-cadena-ser",
    "ord_in_thread": 0,
    "parent_url": null,
    "author": "Daniel Caballero",
    "published": "2024-09-05T21:26:00.000+03:00",
    "title": "El bonito homenaje de Portugal a Pepe | Deportes | Cadena SER",
    "text": "[Fútbol](/deportes/futbol/) El bonito homenaje de Portugal a Pepe La selección lusa ha desplegado un tifo en honor al defensa que anunció su retirada la pasada temporada Képler Laverán Lima, más conocido como Pepe, anunció su retirada oficial del fútbol hace menos de un mes. El central luso disputó un total de 894 partidos en su carrera en los que ganó 31 títulos, entre ellos, tres Champions Leagues con el Real Madrid. Pepe terminó su carrera en la última Eurocopa en la que la selección portuguesa cayó en cuartos de final ante Francia. Sin embargo, el central demostró seguir a un alto nivel a sus 41 años, tanto en el conjunto nacional como en el FC Porto. Más información [Rodri: \"Creo que España ha merecido ganar el Balón de Oro, pero en nuestra mejor época estaban Cristiano y Messi...\"](https://cadenaser.com/nacional/2024/09/05/rodri-creo-que-espana-ha-merecido-ganar-el-balon-de-oro-pero-en-nuestra-mejor-epoca-estaban-cristiano-y-messi-cadena-ser/) [\"Carvajal no estaría en las quinielas por el Balón de Oro si no hubiese nacido en Madrid\"](https://cadenaser.com/nacional/2024/09/04/sique-rodriguez-carvajal-no-estaria-en-las-quinielas-por-el-balon-de-oro-si-no-hubiese-nacido-en-madrid-cadena-ser/) [El Gobierno de España responde a Vinicius sobre el racismo en España: \"El respeto a la diversidad forma parte de nuestro ADN\"](https://cadenaser.com/nacional/2024/09/05/el-gobierno-de-espana-responde-a-vinicius-sobre-el-racismo-en-espana-el-respeto-a-la-diversidad-forma-parte-de-nuestro-adn-cadena-ser/) La selección portuguesa ha querido rendir un homenaje al jugador que ha vestido la elástica del país luso hasta en 141 ocasiones, lo que lo sitúa como el tercero con más apariciones, a tan solo 5 partidos de João Moutinho pero con una distancia un poco más grande de la primera posición, que ostenta Cristiano Ronaldo con 212 (y subiendo). Antes del partido ante Croacia en la nueva edición de la Nations League, la selección portuguesa ha desplegado un tifo en el que podía leerse 'P3PE' en honor al dorsal que tantas veces ha vestido el futbolista, acompañado de varias fotos de los momentos destacados de Pepe con la selección, entre ellos, la Eurocopa de 2016 o la Nations League de 2019.",
    "highlightText": "",
    "highlightTitle": "",
    "highlightThreadTitle": "",
    "language": "spanish",
    "sentiment": "positive",
    "categories": [
        "Sport",
        "Human Interest"
    ],
    "ai_allow": true,
    "webz_reporter": false,
    "external_links": [],
    "external_images": [],
    "entities": {
        "persons": [],
        "organizations": [],
        "locations": []
    },
    "syndication": null,
    "rating": null,
    "crawled": "2024-09-06T00:18:03.686+03:00",
    "updated": "2024-09-06T00:18:03.686+03:00"
}