{
    "thread": {
        "uuid": "f526ba7a0bf3a075dad255121ea3b45475a1e1f3",
        "url": "https://www.francetvinfo.fr/jeux-paralympiques/paralympiques-2024-frederic-villeroux-c-est-un-extraterrestre-comment-le-capitaine-des-bleus-du-cecifoot-a-guide-les-siens-vers-la-finale-des-jeux_6765100.html",
        "site_full": "www.francetvinfo.fr",
        "site": "francetvinfo.fr",
        "site_section": "https://francetvinfo.fr/sports",
        "site_categories": [
            "travel",
            "france",
            "top_news"
        ],
        "section_title": "franceinfo sports ; l&#039;actualit&eacute; du sport en Direct, image et vid&eacute;o",
        "title": "Paralympiques 2024 : \"Frédéric Villeroux, c'est un extraterrestre\"... Comment le capitaine des Bleus du cécifoot a guidé les siens vers la finale des Jeux",
        "title_full": "Paralympiques 2024 : \"Frédéric Villeroux, c'est un extraterrestre\"... Comment le capitaine des Bleus du cécifoot a guidé les siens vers la finale des Jeux",
        "published": "2024-09-06T00:23:00.000+03:00",
        "replies_count": 0,
        "participants_count": 1,
        "site_type": "news",
        "country": "FR",
        "main_image": "https://www.francetvinfo.fr/pictures/U06ReIuFk3HqgY4nt2kVWJJQPpM/0x156:6000x3529/1500x843/2024/09/05/043-kmsp-001860-0186-66d9f90147655380631577.jpg",
        "performance_score": 0,
        "domain_rank": 1353,
        "domain_rank_updated": "2024-09-03T00:00:00.000+03:00",
        "reach": null,
        "social": {
            "facebook": {
                "likes": 2,
                "comments": 1,
                "shares": 1
            },
            "vk": {
                "shares": 0
            }
        }
    },
    "uuid": "f526ba7a0bf3a075dad255121ea3b45475a1e1f3",
    "url": "https://www.francetvinfo.fr/jeux-paralympiques/paralympiques-2024-frederic-villeroux-c-est-un-extraterrestre-comment-le-capitaine-des-bleus-du-cecifoot-a-guide-les-siens-vers-la-finale-des-jeux_6765100.html",
    "ord_in_thread": 0,
    "parent_url": null,
    "author": "Clément Mariotti Pons",
    "published": "2024-09-06T00:23:00.000+03:00",
    "title": "Paralympiques 2024 : \"Frédéric Villeroux, c'est un extraterrestre\"... Comment le capitaine des Bleus du cécifoot a guidé les siens vers la finale des Jeux",
    "text": "Paralympiques 2024 : \"Frédéric Villeroux, c'est un extraterrestre\"... Comment le capitaine des Bleus du cécifoot a guidé les siens vers la finale des Jeux Timoré pendant une bonne partie de [la rencontre entre la France et la Colombie (1-0)](/jeux-paralympiques/football/video-paralympiques-2024-grace-a-un-nouveau-but-de-frederic-villeroux-contre-la-colombie-la-france-se-hisse-en-finale-du-cecifoot_6765049.html), jeudi 5 septembre, le public du stade tour Eiffel a mis du temps avant de soutenir à fond les Bleus du cécifoot. Ce n'est pas faute, pourtant, d'avoir été harangué pendant tout le match par le capitaine tricolore, qui demandait de la voix lors de chaque arrêt de jeu. Sans doute un peu rattrapés par l'enjeu – une place en finale des Jeux paralympiques à la maison – les supporters ont fini, comme ses coéquipiers sur le terrain, par suivre le guide Frédéric Villeroux. \"Il mène cette équipe comme un vrai maestro\" A la 26e minute, sa frappe surpuissante à bout portant, sous la barre du portier colombien, délivrait les 12 000 personnes présentes dans les tribunes, et bien plus devant leur télévision. Un but victorieux célébré par le natif de Montpellier avec un grand dégagement du ballon dans les tribunes, devant sa famille, dès le coup de sifflet final prononcé. Sans nul doute, des émotions similaires à son doublé réalisé face à l'Espagne en demi-finales des Jeux de Londres en 2012 – \"mon plus beau moment\" – l'ont alors traversé. \"On a un petit monstre qui s'appelle Frédéric Villeroux, notre \"capi\", notre numéro 10. Il mène cette équipe comme un vrai maestro. Nous on est là, on complète, on joue avec lui.\" Dix minutes, montre en main, après la qualification des Bleus pour leur deuxième finale paralympique, les mots forts du défenseur français Hakim Arezki allaient directement vers lui. \"C'est un extraterrestre, il est... imprévisible\", complétait le portier Alessandro Bartolomucci, lui aussi auteur d'un grand match. Un génie du cécifoot Pour mieux comprendre ces éloges, il faut avoir vu évoluer le joueur de 41 ans sur un terrain. \"On a l'impression qu'il voit, c'est fou\", pouvait-on entendre dans les travées, quand le qualificatif de \"Zizou du cécifoot\" n'était pas prononcé. \"Aujourd'hui, il est dans le top 3 des meilleurs joueurs mondiaux avec [les Brésiliens] Ricardinho et Jefferson\", analyse Sébastien Munos. Ancien gardien de l'équipe de France lors des Jeux à Athènes en 2004, celui qui est consultant pour France Télévisions à Paris a vu l'éclosion de ce talent étincelant. \"Il était tout jeune, il avait 20 ans. Le voir maintenant en tant que pièce maîtresse de cette équipe, c'est émouvant.\" Ses qualités ? \"Il a une ouïe très développée, il sent le jeu, les joueurs, le ballon... Toutes ses frappes, ce n'est jamais du pointu, c'est travaillé, poursuit Sébastien Munos. Et il participe à l'équilibre de l'équipe avec toutes ses récupérations de ballons.\" Un rôle à mi-chemin entre un numéro 6 et un numéro 10, capable d'aller de l'avant et de casser les lignes adverses, qui fait de lui un maillon essentiel du collectif du sélectionneur Toussaint Akpweh. Jeudi soir, toutes les occasions de but sont venues de lui, un peu comme [contre la Turquie (2-0)](/jeux-paralympiques/football/video-cecifoot-aux-paralympiques-2024-avec-deux-superbes-buts-les-bleus-dominent-la-turquie-et-se-qualifient-pour-le-dernier-carre_6761296.html), mardi soir en poules. Ces derniers jours, des internautes pleins d'humour soulignaient sur la plateforme X que Frédéric Villeroux, atteint d'une maladie congénitale aux yeux, était [\"le meilleur joueur de foot de Bordeaux\"](https://x.com/FFLose/status/1831039945127129458), sous-entendu [joueurs des Girondins](/sports/foot/girondins-de-bordeaux/football-les-girondins-de-bordeaux-sauves-par-l-arrivee-de-24-joueurs-dont-rio-mavuba_6749482.html) compris. Un statut qui en dit long pour l'éducateur sportif au Sport athlétique mérignacais, dans la banlieue de la capitale aquitaine, qui n'a de cesse de rappeler en interview les sacrifices réalisés pour résister face aux meilleures nations internationales. \"On est une équipe amateur, comparé aux autres. On prend sur nos vacances et nos boulots pour se réunir entre nous, expliquait-il de nouveau après le match face à la Colombie. On s'entraîne 45 jours par an, le Brésil c'est trois ou quatre mois par an. Et pourtant, on est en finale des Jeux, chez nous, en France. C'est merveilleux !\" Une médaille d'or pour finir ? Pas prétentieux pour un sou, Frédéric Villeroux se verrait bien décrocher l'or après vingt-cinq ans d'une carrière débutée au siècle dernier. D'autant plus face aux champions du monde argentins qui ont fait tomber en demi-finales l'ogre brésilien, pourtant invaincu depuis l'apparition de la discipline aux Jeux paralympiques, en 2004. \"Ce sera un gros match\", glissait-il dans un sourire jeudi soir. En revanche, ce sera peut-être le dernier du capitaine avec l'équipe de France. \"Je pense que ce sera la fin, oui, le corps commence à piquer. Je ne récupère pas autant et aussi bien.\" \"Est-ce qu'on voit vraiment un mec qui va prendre sa retraite ? Je vous laisse juger, je ne sais pas, je ne suis pas sûr\", s'interrogeait Hakim Arezki après la demi-finale. \"Moi, je n'annoncerai pas sa retraite, se montrait tout aussi prudent Sébastien Munos. A 41 ans, il est encore jeune ! Le sélectionneur a dit qu'il poursuivrait jusqu'à Los Angeles. Elle est tellement fabuleuse, cette équipe, qu'il va peut-être motiver ses gars à continuer...\" Commentaires Connectez-vous à votre compte franceinfo pour participer à la conversation.",
    "highlightText": "",
    "highlightTitle": "",
    "highlightThreadTitle": "",
    "language": "french",
    "sentiment": "positive",
    "categories": [
        "Sport",
        "Human Interest",
        "War, Conflict and Unrest"
    ],
    "ai_allow": true,
    "webz_reporter": false,
    "external_links": [
        "https://x.com/FFLose/status/1831039945127129458),",
        "https://www.x.com/FFLose/status/1831039945127129458),"
    ],
    "external_images": [],
    "entities": {
        "persons": [],
        "organizations": [],
        "locations": []
    },
    "syndication": null,
    "rating": null,
    "crawled": "2024-09-06T00:25:20.277+03:00",
    "updated": "2024-10-01T01:19:00.028+03:00"
}