{
    "thread": {
        "uuid": "dc978420f6f786f8706b3569510b291aa8d409c5",
        "url": "https://www.ilgiornale.it/news/tennis/cielo-azzurro-sopra-new-york-errani-e-vavassori-trionfano-2365519.html",
        "site_full": "www.ilgiornale.it",
        "site": "ilgiornale.it",
        "site_section": "https://www.ilgiornale.it:443",
        "site_categories": [
            "media",
            "tech",
            "top_news"
        ],
        "section_title": "il Giornale - Ultime notizie su attualit&#xE0;, politica ed economia",
        "title": "Il cielo è azzurro sopra New York: Errani e Vavassori trionfano nel doppio misto - il Giornale",
        "title_full": "Il cielo è azzurro sopra New York: Errani e Vavassori trionfano nel doppio misto - il Giornale",
        "published": "2024-09-05T03:00:00.000+03:00",
        "replies_count": 0,
        "participants_count": 1,
        "site_type": "news",
        "country": "IT",
        "main_image": "https://img.ilgcdn.com/sites/default/files/styles/social/public/foto/2024/09/05/1725567469-img-1076.jpg?_=1725567469",
        "performance_score": 0,
        "domain_rank": 7421,
        "domain_rank_updated": "2024-09-03T00:00:00.000+03:00",
        "reach": null,
        "social": {
            "facebook": {
                "likes": 0,
                "comments": 0,
                "shares": 0
            },
            "vk": {
                "shares": 0
            }
        }
    },
    "uuid": "dc978420f6f786f8706b3569510b291aa8d409c5",
    "url": "https://www.ilgiornale.it/news/tennis/cielo-azzurro-sopra-new-york-errani-e-vavassori-trionfano-2365519.html",
    "ord_in_thread": 0,
    "parent_url": null,
    "author": "Salvatore Stanizzi",
    "published": "2024-09-05T03:00:00.000+03:00",
    "title": "Il cielo è azzurro sopra New York: Errani e Vavassori trionfano nel doppio misto - il Giornale",
    "text": "Gli azzurri conquistano la prima vittoria di sempre nella categoria mista e portano a casa l’ultimo Slam della stagione",
    "highlightText": "",
    "highlightTitle": "",
    "highlightThreadTitle": "",
    "language": "italian",
    "sentiment": "positive",
    "categories": [
        "Sport",
        "Human Interest"
    ],
    "ai_allow": true,
    "webz_reporter": false,
    "external_links": [],
    "external_images": [],
    "entities": {
        "persons": [],
        "organizations": [],
        "locations": []
    },
    "syndication": null,
    "rating": null,
    "crawled": "2024-09-06T00:24:30.597+03:00",
    "updated": "2024-09-06T07:54:13.557+03:00"
}