{
    "thread": {
        "uuid": "c3882c897239a1f631e7ba273b0fadd0d3778efa",
        "url": "https://www.diez.hn/internacionales/jugar-contra-un-perro-es-lo-mas-dificil-que-puedes-hacer-confesion-lamine-yamal-comparado-messi-DG21276371",
        "site_full": "www.diez.hn",
        "site": "diez.hn",
        "site_section": "https://diez.hn/videos",
        "site_categories": [
            "media",
            "entertainment",
            "sports"
        ],
        "section_title": "Videos",
        "title": "“Jugar contra un perro es lo más difícil que puedes hacer”: la confesión de Lamine Yamal al ser comparado con Messi",
        "title_full": "“Jugar contra un perro es lo más difícil que puedes hacer”: la confesión de Lamine Yamal al ser comparado con Messi",
        "published": "2024-09-05T22:06:00.000+03:00",
        "replies_count": 0,
        "participants_count": 1,
        "site_type": "news",
        "country": "HN",
        "main_image": "https://www.diez.hn/binrepository/1201x797/0c0/1200d630/none/3014757/UUXV/salarios-barcelona-15_8466372_20240905132305.jpg",
        "performance_score": 0,
        "domain_rank": 175793,
        "domain_rank_updated": "2024-09-03T00:00:00.000+03:00",
        "reach": null,
        "social": {
            "facebook": {
                "likes": 0,
                "comments": 0,
                "shares": 0
            },
            "vk": {
                "shares": 0
            }
        }
    },
    "uuid": "c3882c897239a1f631e7ba273b0fadd0d3778efa",
    "url": "https://www.diez.hn/internacionales/jugar-contra-un-perro-es-lo-mas-dificil-que-puedes-hacer-confesion-lamine-yamal-comparado-messi-DG21276371",
    "ord_in_thread": 0,
    "parent_url": null,
    "author": "Redacción",
    "published": "2024-09-05T22:06:00.000+03:00",
    "title": "“Jugar contra un perro es lo más difícil que puedes hacer”: la confesión de Lamine Yamal al ser comparado con Messi",
    "text": "En España y Barcelona están enamorados de Lamine Yamal, el jugador de 17 años sigue sorprendiendo al mundo del fútbol por su gran erupción con el balón. [Le quitaron el ‘10’ a Messi: ¿Quién es el jugador que usará el histórico dorsal en el Argentina vs Chile?](https://www.diez.hn/internacionales/messi-quitaron-numero-10-quien-es-jugador-que-usara-historico-dorsal-argentina-vs-chile-JG21270867) Hablando de la esférica, Yamal fue nominado al Balón de Oro y en una entrevista con France Football confesó sus inicios y que no quiere que lo comparen con Lionel Messi. “Siempre he tenido una pelota a mis pies”, confesó Yamal. “ Recuerdo que me la llevaba con una bolsa en el cole y le iba dando patadas hasta llegar a clase. En el colegio, la escondía en la mochila para poder jugar durante los recreos”. Los perros fueron sus propios rivales en su infancia: “Jugar contra un perro es lo más difícil que puedes hacer”. Estas experiencias, lejos de ser anecdóticas, fueron fundamentales para desarrollar su habilidad y confianza. “En la calle, jugaba contra chicos mucho mayores que yo. Eso me quitó el miedo y me hizo más fuerte. Siempre te ayuda porque cuando ves a uno más grande que tú sabes cómo ir a por él y regatearle para que no te pueda dar”, aseguró. -No quiere que lo comparen con Messi- “Para mí lo más importante es dejar un legado, tener tu carrera. Al final que te comparen con Leo es más importante no fijarte. Sí que es verdad que si te comparan con el mejor jugador de la historia es que estás haciendo las cosas bien. No me molesta, obviamente, pero intento ser yo siempre”, afirmó. Dejó claro que Neymar es su ídolo de la infancia y que miraba muchos videos sobre el brasileño. [Ter Stegen confirma el club en el que quiere jugar los próximos años y envía mensaje a Neuer: “no me veo...”](https://www.diez.hn/internacionales/ter-stegen-confirma-club-quiere-jugar-proximos-anos-envia-mensaje-neuer-no-me-veo-jugando-tanto-EH21266938) “Quedábamos después del cole en casa de un amigo porque él tenía un ordenador y poníamos vídeos de Neymar. Nos pasábamos toda la tarde mirando ahí. Luego me iba a dormir a mi casa y me ponía hacerlo en mi casa, en mi habitación”, concluyó Lamine.",
    "highlightText": "",
    "highlightTitle": "",
    "highlightThreadTitle": "",
    "language": "spanish",
    "sentiment": "positive",
    "categories": [
        "Sport",
        "Human Interest"
    ],
    "ai_allow": true,
    "webz_reporter": false,
    "external_links": [],
    "external_images": [],
    "entities": {
        "persons": [],
        "organizations": [],
        "locations": []
    },
    "syndication": null,
    "rating": null,
    "crawled": "2024-09-06T00:32:40.697+03:00",
    "updated": "2024-09-06T00:32:40.697+03:00"
}