{
    "thread": {
        "uuid": "474a66970604236042323e1576b610691cc4a95c",
        "url": "https://wapa.pe/moda-y-belleza/2024/12/26/cazzu-llevo-otro-nivel-look-venganza-ruptura-christian-nodal-2454738",
        "site_full": "wapa.pe",
        "site": "wapa.pe",
        "site_section": "https://wapa.pe/",
        "site_categories": [
            "media",
            "top_news_pe",
            "top_news"
        ],
        "section_title": "Wapa - Noticias en vivo, famosos, TV, horóscopo, novelas, moda y más",
        "title": "Cazzu llevó a otro nivel el look de la venganza con la que cautiva en redes sociales",
        "title_full": "Cazzu llevó a otro nivel el look de la venganza con la que cautiva en redes sociales",
        "published": "2024-12-26T22:37:00.000+02:00",
        "replies_count": 0,
        "participants_count": 1,
        "site_type": "news",
        "country": "PE",
        "main_image": "https://imgmedia.wapa.pe/1200x630/wapa/original/2024/12/26/676d954edf574c43915b8cb2.webp",
        "performance_score": 0,
        "domain_rank": 131392,
        "domain_rank_updated": "2024-12-23T23:00:00.000+02:00",
        "social": {
            "facebook": {
                "likes": 0,
                "comments": 0,
                "shares": 0
            },
            "vk": {
                "shares": 0
            }
        }
    },
    "uuid": "474a66970604236042323e1576b610691cc4a95c",
    "url": "https://wapa.pe/moda-y-belleza/2024/12/26/cazzu-llevo-otro-nivel-look-venganza-ruptura-christian-nodal-2454738",
    "ord_in_thread": 0,
    "parent_url": null,
    "author": "Saraí Pachas",
    "published": "2024-12-26T22:37:00.000+02:00",
    "title": "Cazzu llevó a otro nivel el look de la venganza con la que cautiva en redes sociales",
    "text": "Cazzu llevó a otro nivel el look de la venganza con la que cautiva en redes sociales\n[Únete al canal de Whatsapp de Wapa](https://whatsapp.com/channel/0029Va74JgYIXnlju3agk203)\nLa separación entre\n[Cazzu y Christian Nodal](https://wapa.pe/espectaculos-y-tv/celebridades/2024/07/25/cazzu-demanda-nodal-contundente-razon-pero-responde-estocada-final-cazzu-pension-nodal-hijos-demanda-millones-406625) fue uno de los escándalos más comentado del año. Y tras un largo silencio, la cantante argentina regresó al show business por la puerta grande y ahora deslumbró con un gran look que llamó la atención de sus seguidores y que muchos calificaron como el [‘look de la venganza’](https://wapa.pe/moda-y-belleza/2023/08/20/vanessa-lopez-deslumbra-su-propio-look-venganza-enfrentamiento-carlos-tomate-barraza-carlos-tomate-barraza-magaly-medina-magaly-tv-atv--1593260), pero renovado, ya que no es la misma prenda que elevó al estrellato a Lady Di.\nLa cantante argentina, Cazzu compartió una publicación donde se la ve luciendo un conjunto de dos piezas de lencería, si bien no es un outfit que se use para mostrar en la calle. La artista se puso una tendencia que muchas mujeres hemos adquirido.\nEl look de la venganza: Cazzu brilla más que nunca\nComo se recuerda, hace unos días Cazzu lanzó una nueva canción y las redes sociales reventaron, y en una última publicación en Instagram, la artista subió una foto en un espejo, con un look que muchos llamaron ‘look de la venganza’. En la imagen, la cantante sin tapujos se muestra al natural y mostrando seguridad. La foto, tomada en Miami, sumo varios comentarios que muestran empoderamiento. “Cazzu siempre regia”, “Brillando más que nunca desde que se alejó de Nodal”, y “Cazzu diciéndole a Nodal que no lo necesita”.\nCazzu lució lencería estilo Boudoir\nEl estilo boudoir es una tendencia que evoca la elegancia y sensualidad de las habitaciones privadas (también conocidas como boudoirs), y se traslada al día a día este 2025.\nRopa interior transparente y piezas confeccionadas en satén, seda y encajes, se convierten en protagonistas del look.\nTambién, las prendas loungewear y los detalles como cintas y lazos estarán en auge y serán un must-have para cualquier ocasión.",
    "highlightText": "",
    "highlightTitle": "",
    "highlightThreadTitle": "",
    "language": "spanish",
    "sentiment": "positive",
    "categories": [
        "Arts, Culture and Entertainment",
        "Lifestyle and Leisure",
        "Human Interest"
    ],
    "topics": [
        "Arts, Culture and Entertainment->fashion",
        "Arts, Culture and Entertainment->arts and entertainment",
        "Arts, Culture and Entertainment->culture",
        "Lifestyle and Leisure->lifestyle",
        "Human Interest->celebrity"
    ],
    "ai_allow": true,
    "has_canonical": false,
    "webz_reporter": false,
    "external_links": [
        "https://whatsapp.com/channel/0029Va74JgYIXnlju3agk203",
        "https://www.whatsapp.com/channel/0029Va74JgYIXnlju3agk203"
    ],
    "external_images": [],
    "entities": {
        "persons": [
            {
                "name": "Christian Nodal",
                "sentiment": "none"
            },
            {
                "name": "Cazzu",
                "sentiment": "none"
            }
        ],
        "organizations": [],
        "locations": []
    },
    "syndication": {
        "syndicated": null,
        "syndicate_id": null,
        "first_syndicated": false
    },
    "rating": null,
    "crawled": "2024-12-27T00:20:33.444+02:00",
    "updated": "2024-12-27T00:20:33.444+02:00"
}