{
    "thread": {
        "uuid": "08ecab64c2928bdbd85d66e2e83bcf826700442e",
        "url": "https://www.tunisienumerique.com/les-chiffres-des-echanges-commerciaux-un-excedent-record-de-la-tunisie-avec-lue-en-2023",
        "site_full": "www.tunisienumerique.com",
        "site": "tunisienumerique.com",
        "site_section": "https://www.tunisienumerique.com/feed-actualites-tunisie.xml",
        "site_categories": [
            "media",
            "top_news_ma",
            "top_news"
        ],
        "section_title": "Tunisie",
        "title": "Les chiffres des échanges commerciaux : un excédent record de la Tunisie avec l'UE en 2023",
        "title_full": "Les chiffres des échanges commerciaux : un excédent record de la Tunisie avec l'UE en 2023",
        "published": "2024-12-26T22:37:00.000+02:00",
        "replies_count": 0,
        "participants_count": 1,
        "site_type": "news",
        "country": "TN",
        "main_image": "https://www.tunisienumerique.com/wp-content/uploads/2022/05/aleca-ue-1.jpg",
        "performance_score": 0,
        "domain_rank": 98347,
        "domain_rank_updated": "2024-12-23T23:00:00.000+02:00",
        "social": {
            "facebook": {
                "likes": 0,
                "comments": 0,
                "shares": 0
            },
            "vk": {
                "shares": 0
            }
        }
    },
    "uuid": "08ecab64c2928bdbd85d66e2e83bcf826700442e",
    "url": "https://www.tunisienumerique.com/les-chiffres-des-echanges-commerciaux-un-excedent-record-de-la-tunisie-avec-lue-en-2023",
    "ord_in_thread": 0,
    "parent_url": null,
    "author": "balkis",
    "published": "2024-12-26T22:37:00.000+02:00",
    "title": "Les chiffres des échanges commerciaux : un excédent record de la Tunisie avec l'UE en 2023",
    "text": "Une performance remarquable avec l’Union européenne\nLa Tunisie enregistre une année 2023 exceptionnelle dans ses échanges commerciaux avec l’Union européenne, affichant un excédent de 9.182 millions de dinars, soit une amélioration spectaculaire de 7.803 millions de dinars par rapport à 2022.\nSelon le rapport de la Banque Centrale de Tunisie, cette performance résulte d’une double dynamique : une progression de 12,3% des exportations conjuguée à une baisse de 8,1% des importations.\nLa France consolide sa position de premier partenaire\nPremier partenaire commercial de la Tunisie, la France représente 23% des exportations totales et 10% des importations en 2023. Les échanges bilatéraux ont généré un excédent de 5.854 millions de dinars, en hausse par rapport aux 4.170 millions de 2022.\nCette amélioration s’explique par une augmentation de 10,7% des exportations et une diminution de 3,8% des importations. Toutefois, en excluant le régime de transformation, la balance devient déficitaire de 950 millions de dinars.\nL’Italie réalise un spectaculaire retournement\nDeuxième partenaire commercial, l’Italie a absorbé 18% des exportations tunisiennes et fourni 13% des importations en 2023. Le pays est passé d’un déficit de 2.411 millions de dinars en 2022 à un excédent de 1.385 millions en 2023, grâce à une baisse de 17,4% des importations et une hausse de 17,5% des exportations.\nLes ventes de produits énergétiques ont notamment doublé, dépassant le milliard de dinars.\nL’Allemagne maintient sa position stratégique\nTroisième client de la Tunisie, l’Allemagne maintient un excédent commercial stable, passant de 2.800 à 2.745 millions de dinars. Les échanges ont été marqués par une progression plus rapide des importations (+16,8%) que des exportations (+9,8%).\nLes industries manufacturières dominent ces échanges, avec une forte croissance des exportations d’appareils électriques (+18%) et de pièces automobiles (+55,4%).\nL’Espagne opère un redressement significatif\nLa balance commerciale avec l’Espagne s’est nettement améliorée, passant d’un déficit de 873 millions de dinars à un excédent de 356 millions.\nCette performance résulte d’une baisse de 15,5% des importations, notamment céréalières (-89%), et d’une hausse de 27% des exportations, particulièrement d’huile d’olive (+90%).\nQue se passe-t-il en Tunisie?\nNous expliquons sur notre chaîne YouTube . Abonnez-vous!",
    "highlightText": "",
    "highlightTitle": "",
    "highlightThreadTitle": "",
    "language": "french",
    "sentiment": "positive",
    "categories": [
        "Economy, Business and Finance",
        "Human Interest"
    ],
    "topics": [
        "Economy, Business and Finance->financial and economic news",
        "Economy, Business and Finance->economy",
        "Human Interest->record and achievement"
    ],
    "ai_allow": true,
    "has_canonical": false,
    "webz_reporter": false,
    "external_links": [],
    "external_images": [],
    "entities": {
        "persons": [],
        "organizations": [],
        "locations": []
    },
    "syndication": {
        "syndicated": null,
        "syndicate_id": null,
        "first_syndicated": false
    },
    "rating": null,
    "crawled": "2024-12-27T00:26:21.256+02:00",
    "updated": "2024-12-27T00:26:21.256+02:00"
}