{
    "thread": {
        "uuid": "eb15dc004f2a3a9c78880d3ae383c64aeb45d16b",
        "url": "https://www.epe.es/es/sociedad/20241226/cuento-infantil-desvela-epilepsia-traves-112931023",
        "site_full": "www.epe.es",
        "site": "epe.es",
        "site_section": "https://www.epe.es/es/podcast",
        "site_categories": [],
        "section_title": "Pódcast",
        "title": "Un cuento infantil desvela la epilepsia a través de las estrellas",
        "title_full": "Un cuento infantil desvela la epilepsia a través de las estrellas",
        "published": "2024-12-27T00:08:00.000+02:00",
        "replies_count": 0,
        "participants_count": 1,
        "site_type": "news",
        "country": "ES",
        "main_image": "https://estaticos-cdn.prensaiberica.es/clip/3bb0304f-7540-4196-9e3e-67f145a276c1_16-9-discover-aspect-ratio_default_0.jpg",
        "performance_score": 0,
        "domain_rank": 22800,
        "domain_rank_updated": "2024-12-23T23:00:00.000+02:00",
        "social": {
            "facebook": {
                "likes": 0,
                "comments": 0,
                "shares": 0
            },
            "vk": {
                "shares": 0
            }
        }
    },
    "uuid": "eb15dc004f2a3a9c78880d3ae383c64aeb45d16b",
    "url": "https://www.epe.es/es/sociedad/20241226/cuento-infantil-desvela-epilepsia-traves-112931023",
    "ord_in_thread": 0,
    "parent_url": null,
    "author": "Miriam Bouiali",
    "published": "2024-12-27T00:08:00.000+02:00",
    "title": "Un cuento infantil desvela la epilepsia a través de las estrellas",
    "text": "Salud\nUn cuento infantil desvela la epilepsia a través de las estrellas\nLa neuropediatra Patricia Smeyers, del Hospital La Fe de València, ha creado un universo infantil donde los diferentes personajes encarnan las epilepsias más atípicas, para divulgar sobre esta dolencia y eliminar los estigmas\nMiriam Bouiali\nCon el objetivo de desestigmatizar una [enfermedad ](/es/temas/enfermedades-5160)como la epilepsia y hacerla comprensible tanto a mayores como pequeños, sale a la luz \"El universo de las estrellas mágicas\", un cuento creado por la doctora Patricia Smeyers, responsable del área de Epilepsia de la sección de Neuropediatría del Hospital Universitario y Politécnico La Fe de València, e ilustrado por la joven artista Noa Smeyers.\nEl cuento sigue la aventura de Frintina, una robot que viaja por el oscuro espacio y lo ilumina con su linterna mágica. En el viaje, encuentra estrellas como Dravetina o Lenoxina, que representan, respectivamente, las formas epilépticas infantiles poco frecuentes de Dravet y Lennox-Gastaut. Junto a ellas, el cuento también comparte conocimientos sobre otras convertidas en más estrellas: Westina, por el síndrome de West; Esclerosina, por la Esclerosis Tuberosa, o Sturgewerina, por el síndrome de Sturge Weber.\nTodas ellas, encefalopatías epilépticas del desarrollo (EED): formas poco frecuentes de epilepsia que se inician en los primeros años o meses de vida de los pacientes. A través de una historia entretenida y tiernas ilustraciones, el cuento refleha cómo son las distintas encefalopatías, las crisis epilépticas que provocan, por qué suceden y cómo se pueden controlar. Entre otras cosas, detalla el papel del ADN, el uso de los electroencefalogramas para detectar la actividad eléctrica neuronal o las características de las diferentes crisis epilépticas que provocan.\nEl universo de las estrellas mágicas no es la primera historia de la doctora Smeyers. Empezó a escribir relatos sobre la epilepsia hace 15 años, como \"La pócima de las ausencias\", \"El baile de gigante\", \"El bosque de las tormentas\" o \"El laberinto circular\", aunque en esta ocasión centra la narración en los tipos menos conocidos. Como detalla, el objetivo es «contar con material para explicar las epilepsias a los niños, porque no hay nada dirigido a ellos» pero también «que pueda servir para los mayores, para los padres, madres, profesores y demás cuidadores». Se inspira, como reconoce, en historias como \"El Principito\" de Antoine de Saint-Exupéry, que hace reflexionar a todas las edades.\n\"Con este cuento quería explicar el origen de este tipo de epilepsias muy raras, poco frecuentes pero graves, difíciles de controlar, que se sufren desde muy pequeños y se arrastran durante toda la vida. Son muy desconocidas y poco estudiadas pero, poco a poco y con los avances de la genética, hay terapias cada vez más avanzadas\", indica Smeyers.\nEl \"lenguaje del cuento\" para concienciar\nPara ello utiliza la magia, personajes llamativos y, como ella lo llama, \"el lenguaje del cuento\" para \"intentar explicar lo complicado de una forma simple y, siempre, con una moraleja final positiva». Aunque indica que \"poco a poco va cambiando\", la doctora de La Fe es consciente de que la epilepsia «es una enfermedad muy estigmatizada», hecho que lamenta y que también le anima a escribir los cuentos. \"Quiero dar un poco de luz con un lenguaje positivo, para que la epilepsia no sea vista de manera negativa, que no genere rechazo en la población, porque donde hay conocimiento hay menos miedo y estigma\", asegura.\nCon esta visión menos negativa y más integradora, Smeyers asegura que el feedback que recibe siempre es positivo. \"Va más allá de ser un folleto informativo adaptado a los niños… a la gente le encanta la historia, gustan mucho los dibujos, los mayores también lo leen, los piden en las escuelas para trabajarlo en clase y que la enfermedad sea más conocida… Se acoge de una manera muy positiva porque el cuento resulta útil\", explica.\nTambién da importancia al hecho de que los más pequeños que conviven con esta enfermedad \"se sienten protagonistas\" y, entre otras cosas, «entienden que deben tomarse la medicación».\nEl cuento se presentó recientemente en el Colegio de Médicos de València y ha sido impulsado por la biofarmacéutica UCB, con el aval de la Sociedad Española de Neurología Pediátrica (Senep) y la Federación Española de Epilepsia (Fede), como el resto de historias publicadas anteriormente. Se puede descargar a través de la web https://vivirconepilepsia.es, gratuitamente.\n\"Mi objetivo era crear una herramienta que no solo informara de manera entretenida, sino que también transmitiera empatía y mostrara que detrás de cada diagnóstico hay historias llenas de luz, valentía y resiliencia\", concluye la doctora. En España, la epilepsia afecta a unas 400.000 personas, y de los nuevos casos que se detectan, el 40 % son en menores de 15 años.\n[RRSS WhatsApp](https://api.whatsapp.com/send?text=Un%20cuento%20infantil%20desvela%20la%20epilepsia%20a%20trav%C3%A9s%20de%20las%20estrellas%20https://www.epe.es/es/sociedad/20241226/cuento-infantil-desvela-epilepsia-traves-112931023%3Futm_source%3Dwhatsapp%26utm_medium%3Dsocial%26utm_campaign%3Dbtn-share)\n[RRSS Facebook](https://www.facebook.com/sharer/sharer.php?u=https://www.epe.es/es/sociedad/20241226/cuento-infantil-desvela-epilepsia-traves-112931023%3Futm_source%3Dfacebook%26utm_medium%3Dsocial%26utm_campaign%3Dbtn-share)\n[RRSS Twitter](https://twitter.com/intent/tweet?original_referer=https://www.epe.es/es/sociedad/20241226/cuento-infantil-desvela-epilepsia-traves-112931023&text=Un%20cuento%20infantil%20desvela%20la%20epilepsia%20a%20trav%C3%A9s%20de%20las%20estrellas%20%20https://www.epe.es/es/sociedad/20241226/cuento-infantil-desvela-epilepsia-traves-112931023%3Futm_source%3Dtwitter%26utm_medium%3Dsocial%26utm_campaign%3Dbtn-share%20a%20trav%C3%A9s%20de%20%40elperiodico_Esp)\n[RRSS email](mailto:?subject=Un%20cuento%20infantil%20desvela%20la%20epilepsia%20a%20trav%C3%A9s%20de%20las%20estrellas%20&body=https://www.epe.es/es/sociedad/20241226/cuento-infantil-desvela-epilepsia-traves-112931023%3Futm_source%3Dmail%26utm_medium%3Dsocial%26utm_campaign%3Dbtn-share)\n[Copiar URL](javascript: void(0))\nNoticia guardada en tu perfil",
    "highlightText": "",
    "highlightTitle": "",
    "highlightThreadTitle": "",
    "language": "spanish",
    "sentiment": "positive",
    "categories": [
        "Health",
        "Human Interest",
        "Education"
    ],
    "topics": [
        "Health->medical condition",
        "Health->health facility",
        "Education->teachers",
        "Education->students",
        "Education->early childhood education"
    ],
    "ai_allow": true,
    "has_canonical": false,
    "webz_reporter": false,
    "external_links": [
        "https://twitter.com/intent/tweet?original_referer=https://www.epe.es/es/sociedad/20241226/cuento-infantil-desvela-epilepsia-traves-112931023&text=Un%20cuento%20infantil%20desvela%20la%20epilepsia%20a%20trav%C3%A9s%20de%20las%20estrellas%20%20https://www.epe.es/es/sociedad/20241226/cuento-infantil-desvela-epilepsia-traves-112931023%3Futm_source%3Dtwitter%26utm_medium%3Dsocial%26utm_campaign%3Dbtn-share%20a%20trav%C3%A9s%20de%20%40elperiodico_Esp",
        "https://api.whatsapp.com/send?text=Un%20cuento%20infantil%20desvela%20la%20epilepsia%20a%20trav%C3%A9s%20de%20las%20estrellas%20https://www.epe.es/es/sociedad/20241226/cuento-infantil-desvela-epilepsia-traves-112931023%3Futm_source%3Dwhatsapp%26utm_medium%3Dsocial%26utm_campaign%3Dbtn-share",
        "https://www.facebook.com/sharer/sharer.php?u=https://www.epe.es/es/sociedad/20241226/cuento-infantil-desvela-epilepsia-traves-112931023%3Futm_source%3Dfacebook%26utm_medium%3Dsocial%26utm_campaign%3Dbtn-share",
        "https://api.whatsapp.com/send?text=Un%20cuento%20infantil%20desvela%20la%20epilepsia%20a%20trav%C3%A9s%20de%20las%20estrellas%20https://epe.es/es/sociedad/20241226/cuento-infantil-desvela-epilepsia-traves-112931023%3Futm_source%3Dwhatsapp%26utm_medium%3Dsocial%26utm_campaign%3Dbtn-share",
        "https://facebook.com/sharer/sharer.php?u=https://epe.es/es/sociedad/20241226/cuento-infantil-desvela-epilepsia-traves-112931023%3Futm_source%3Dfacebook%26utm_medium%3Dsocial%26utm_campaign%3Dbtn-share",
        "https://twitter.com/intent/tweet?original_referer=https://epe.es/es/sociedad/20241226/cuento-infantil-desvela-epilepsia-traves-112931023&text=Un%20cuento%20infantil%20desvela%20la%20epilepsia%20a%20trav%C3%A9s%20de%20las%20estrellas%20%20https://epe.es/es/sociedad/20241226/cuento-infantil-desvela-epilepsia-traves-112931023%3Futm_source%3Dtwitter%26utm_medium%3Dsocial%26utm_campaign%3Dbtn-share%20a%20trav%C3%A9s%20de%20%40elperiodico_Esp",
        "https://www.facebook.com/sharer/sharer.php",
        "https://api.whatsapp.com/send",
        "https://twitter.com/intent/tweet"
    ],
    "external_images": [],
    "entities": {
        "persons": [
            {
                "name": "Patricia Smeyers",
                "sentiment": "none"
            },
            {
                "name": "Miriam Bouiali",
                "sentiment": "none"
            }
        ],
        "organizations": [],
        "locations": [
            {
                "name": "Hospital La Fe de València",
                "sentiment": "none"
            }
        ]
    },
    "syndication": {
        "syndicated": null,
        "syndicate_id": null,
        "first_syndicated": false
    },
    "rating": null,
    "crawled": "2024-12-27T00:18:30.584+02:00",
    "updated": "2024-12-27T00:18:30.584+02:00"
}