{
    "thread": {
        "uuid": "83ef02026b2ef583439e0fba91fbf671807a6d1a",
        "url": "https://www.standard-journal.com/news/local/article_d009879d-00cd-5cc0-8941-fcdf1d3f8504.html",
        "site_full": "www.standard-journal.com",
        "site": "standard-journal.com",
        "site_section": "http://www.standard-journal.com//search/?q=&t=article&l=100&d=&d1=&d2=&s=start_time&sd=desc&nsa=eedition&c[]=news,news/*&f=rss",
        "site_categories": [
            "media"
        ],
        "section_title": "www.standard-journal.com - RSS Results in news,news/* of type article",
        "title": "Boilo, limoncello 'adopted into Coal Region culture'",
        "title_full": "Boilo, limoncello 'adopted into Coal Region culture'",
        "published": "2024-12-27T00:00:00.000+02:00",
        "replies_count": 0,
        "participants_count": 1,
        "site_type": "news",
        "country": "US",
        "main_image": "https://bloximages.chicago2.vip.townnews.com/standard-journal.com/content/tncms/assets/v3/editorial/f/de/fde18835-bd82-5b44-82e2-e4774ab210f5/676d1ed680df2.image.jpg?crop=1765%2C927%2C0%2C123&amp;resize=1200%2C630&amp;order=crop%2Cresize",
        "performance_score": 0,
        "domain_rank": 167287,
        "domain_rank_updated": "2024-12-23T23:00:00.000+02:00",
        "social": {
            "facebook": {
                "likes": 0,
                "comments": 0,
                "shares": 0
            },
            "vk": {
                "shares": 0
            }
        }
    },
    "uuid": "83ef02026b2ef583439e0fba91fbf671807a6d1a",
    "url": "https://www.standard-journal.com/news/local/article_d009879d-00cd-5cc0-8941-fcdf1d3f8504.html",
    "ord_in_thread": 0,
    "parent_url": null,
    "author": "MACKENZIE WITT THE (SHAMOKIN) NEWS-ITEM",
    "published": "2024-12-27T00:00:00.000+02:00",
    "title": "Boilo, limoncello 'adopted into Coal Region culture'",
    "text": "MOUNT CARMEL — There’s no such thing as a bad batch of boilo.\nAt least, that’s what Greg Sacavage, 65, of Kulpmont, believes after brewing the citrusy alcoholic drink for decades.\nkAm$242G286 H2D =@42==J 5F3365 E96 “3@:=@ <:?8” 2?5 :D 2? 24E:G6 >6>36C @7 E96 |@F?E r2C>6= uC2E6C?2= ~C56C @7 t28=6D[ p6C:6 cec[ 2?5 E96 {:E9F2?:2? $@4:2= r=F3]k^Am\nkAmr@?4@4E:?8 3@:=@[ 2 36G6C286 25@AE65 :?E@ r@2= #68:@? 4F=EFC6 2?5 56C:G65 7C@> 2 EC25:E:@?2= {:E9F2?:2? 9@?6J65 2?5 DA:465 >625 42==65 <CFA?:<2D[ 92D 364@>6 2 EC25:E:@? 7@C $242G286[ @E96C >6>36CD @7 E96 t28=6D 2?5 72>:=:6D E9C@F89@FE E96 C68:@?]k^Am\nkAmw6 H2D :?EC@5F465 E@ 3@:=@ H96? 96 H2D 2 J@F?8 49:=5[ 3FE 96 DE2CE65 3C6H:?8 9:D @H? 32E496D 27E6C 96 8C25F2E65 7C@> 4@==686] xE E@@< 9:> 23@FE E9C66 E@ 7@FC J62CD @7 EC@F3=6D9@@E:?8 F?E:= 96 7@F?5 2 3@:=@ C64:A6 E92E 96 C62==J =:<65 2?5 DF:E65 9:D E2DE6]k^Am\nkAm$242G286 DEC2:?D 9:D 3@:=@ 23@FE 7@FC E:>6D[ 3FE @E96CD >2J AC676C E@ DEC2:? :E H:E9 2 4966D64=@E9 @?46[ EH:46 @C E9C:46] w6 2=D@ 255D 2==DA:46 2?5 4=@G6D E@ 9:D 3@:=@]k^Am\nkAmu@C E96 7:7E9 J62C :? 2 C@H[ E96 uC2E6C?2= ~C56C @7 E96 t28=6D 9@DE65 :ED 2??F2= 3@:=@ 2?5 =:>@?46==@ 4@?E6DE @? s64] `b] u@C 2 Sd 766[ >6>36CD @7 E96 AF3=:4 4@F=5 D2>A=6 `c =@42==J >256 2?5 DF3>:EE65 3@EE=6D @7 3@:=@ 2?5 =:>@?46==@] p== AC@4665D 7C@> E96 4@?E6DE 7F?565 E96 @C82?:K2E:@?’D 2??F2= r9C:DE>2D A2CEJ 7@C 2C62 49:=5C6?]k^Am\nkAmv2=6 +2=2C[ ec[ @7 r@2= %@H?D9:A[ 6?E6C65 2 3@EE=6 @7 96C 2?5 96C 9FD32?5’D =:>@?46==@ :?E@ E96 4@?E6DE 2?5 3C@F89E 2 D64@?5\\A=246 AC:K6 9@>6]k^Am\nkAm{:>@?46==@ :D 2 =6>@?\\7=2G@C65 =:BF6FC E92E @C:8:?2E65 :? D@FE96C? xE2=J] %9@F89 E96 C64:A6 :D?’E 4@>A=:42E65[ >2<:?8 2 32E49 @7 =:>@?46==@ :D E:>6\\4@?DF>:?8]k^Am\nkAm+2=2C A66=D `c =6>@?D 2?5 >:I6D E96 C:?5D :? 2 ;2C H:E9 8C2:? 2=4@9@=[ DF82C 2?5 H2E6C] %96 C:?5D D9@F=5 @?=J :?4=F56 E96 J6==@H A2CED @7 E96 D<:?[ D96 D2:5[ 3642FD6 E96 H9:E6 2=365@ @7 E96 =6>@? :D E@@ 3:EE6C]k^Am\nkAm~?46 DE:CC65 E@86E96C[ E96 =:>@?46==@ :D D62=65 :? 2 ;2C 2?5 =67E :? 2 4@@= A=246 7@C c_ 52JD] x?DE625 @7 @A6?:?8 E96 ;2C E@ >:I :E[ +2=2C D92<6D E96 =:>@?46==@ E@ 6?DFC6 E96 >:IEFC6 4@>3:?6D H6==] ~?46 E96 2AAC@AC:2E6 E:>6 92D A2DD65[ E96 C:?5D 42? 36 C6>@G65 7C@> E96 =:>@?46==@ :7 56D:C65 2?5 6?;@J65 4@=5]k^Am\nkAmw6C 72>:=J >256 2== <:?5D @7 >:I65 5C:?<D D:>:=2C E@ =:>@?46==@ H96? D96 H2D 8C@H:?8 FA :? pE=2D] $96 DE2CE65 >2<:?8 =:>@?46==@ 23@FE E9C66 J62CD 28@[ 3FE D96 2?5 96C 9FD32?5 92G6 366? >2<:?8 2?:D6EE6[ 2>2C6EE@ 2?5 H:?6 7@C D6G6C2= J62CD]k^Am\nkAm%96J 92G6?’E EH62<65 E96 C64:A6 >F49 @G6C E96 J62CD[ 3FE D96 D2:5 FD:?8 `d_\\AC@@7 2=4@9@= 4@>A2C65 E@ 8C2:? 2=4@9@= — H9:49 :D `h_\\AC@@7 2=4@9@= — 492?86D E96 E2DE6 @7 E96 =:>@?46==@]k^Am\nkAm“xE’D ;FDE ?@E E96 D2>6[” D96 D2:5]k^Am\nkAmq@:=@ C64:A6D[ 9@H6G6C[ 42? 36 492?865 2?5 C6:>28:?65 E@ 2AA62D6 E96 E2DE63F5D @7 E96 >2<6C]k^Am\nkAm(9:=6 D:>:=2C E@ =:>@?46==@[ 3@:=@ 42? 36 >256 :? ;FDE 2 76H 9@FCD E:>6 2?5 :D @7E6? 6?;@J65 H2C> @C :? 9@E E62]k^Am\nkAm$242G286 D2:5 E96 4@C6 @7 3@:=@ :D E96 D2>6i =6>@? 2?5 @C2?86 D=:46D 2?5 DA:46D 2C6 3@:=65 :? 2 G2E @7 H2E6C 2?5[ @?46 4@@=[ >:I65 H:E9 2=4@9@=]k^Am\nkAm~E96C 7@=<D E2<6 4C62E:G6 =:36CE:6D 2?5 >2<6 “2AA=6 A:6” 3@:=@ 2?5 >:I 2AA=6D 2?5 4:??2>@? DE:4<D :?E@ E96 3@:=:?8 >:IEFC6 :?DE625 @7 =6>@?D 2?5 @C2?86D 2?5[ 7@C 6I2>A=6[ @?=J FD6 2 DA64:7:4 EJA6 @7 2=4@9@=[ =:<6 u@FC \"F66?D H9:D<6J[ 96 25565]k^Am\nkAm“%@ >2<6 2 8@@5 3@:=@[ J@F ?665 2 9:89\\=6G6= 2=4@9@=[” 96 D2:5] “$@>6 A6@A=6 FD6 >@@?D9:?6[ D@>6 A6@A=6 FD6 8C2:? 2=4@9@=[ @E96CD FD6 2 4@>3:?2E:@?]”k^Am\nkAm$@>6 C64:A6D DF3DE:EFE6 =6>@?D 2?5 @C2?86D 7@C 2AA=6D @C 255 52E6D 2?5 C2:D:?D]k^Am\nkAm%@ <66A 2 =6G6= A=2J:?8 7:6=5[ $242G286 D2:5 E96 3@:=@ 2?5 =:>@?46==@ @?=J 2446AE65 “EC25:E:@?2=” 3@:=@[ 255:?8 E92E 2AA=6 A:6 3:@=@ @C @E96C G2C:6E:6D @7 E96 36G6C286 EFC? :E “:?E@ 2 H9@=6 5:776C6?E <:?5 @7 5C:?<]”k^Am\nkAmr92C=6?6 $9F56C[ eg[ @7 |@F?E r2C>6=[ EJA:42==J >2<6D 2 EC25:E:@?2= 3@:=@ 2?5 2 >@F?E2:? 36CCJ\\7=2G@C65 3@:=@] $96 2=D@ E@@< 9@>6 E96 D64@?5\\A=246 2H2C5 7@C E96 EC25:E:@?2= 3@:=@ D96 6?E6C65 :?E@ E96 4@?E6DE 62C=:6C E9:D >@?E9]k^Am\nkAm“x 8@E E92E :562 W7@C >@F?E2:? 36CCJ 3@:=@X 7C@> 2 A2E:6?E E92E x 925 H96? x H2D H@C<:?8 2D 2 ?FCD6[” D96 D2:5] “!2E:6?ED D@>6E:>6D 3C@F89E FD AC6D6?ED[ 2?5 96 WE96 A2E:6?EX 3C@F89E >6 2 D:I\\A24< @7 3@:=@[ 2?5 @?6 @7 E96 7=2G@CD H2D 36CCJ]”k^Am\nkAm$96 FD6D u@FC \"F66?D H9:D<6J @C 3C2?5J :? 96C 32E496D @7 3@:=@[ 2D H6== 2D @C2?86D[ =6>@?[ 4:??2>@? DE:4<D[ 42C2H2J D665D 2?5 F?AC@46DD65 9@?6J] $96 DF3DE:EFE6D E96 H2E6C 7@C E96 4962A6DE G2C:6EJ @7 8:?86C 2=6 @? E96 >2C<6E]k^Am\nkAm$9F56C D2:5 D96 2?5 96C D64@?5 9FD32?5[ H9@ H2D {:E9F2?:2?[ FD65 E@ >2<6 H:?6 2?5 3@:=@ 6G6CJ J62C] }@H[ D96 4@?E:?F6D E96 2??F2= EC25:E:@? H:E9 96C D@?D]k^Am\nkAm“}@E 2 =@E @7 EC25:E:@?D 2C6 A2DD65 5@H? 2?J>@C6j H6’C6 =24<:?8 E9@D6 E@52J] x E9:?< E92E’D H92E >2<6D :E :>A@CE2?E[” D96 D2:5 @7 96C 72>:=J’D EC25:E:@? @7 >2<:?8 3@:=@ E@86E96C]k^Am\nkAm+2=2C D2:5 >2<:?8 3@:=@ 2?5 =:>@?46==@ @C @E96C 36G6C286D 2C@F?5 E96 9@=:52JD :D 2?@E96C <6J H2J @7 3C:?8:?8 72>:=J E@86E96C]k^Am\nkAm“(6 =:<6 4@@<:?8 2?5 >2<:?8 5C:?<D 2?5 H:?6 E@86E96C[ 2?5 H6 3@EE=6 :E FA E@86E96C[” D96 D2:5] “xE’D 2=D@ 23@FE =6EE:?8 A6@A=6 <?@H H92E J@FC 96C:E286 :D 2?5 H96C6 J@F 42>6 7C@>] %96 9@=:52JD 2C6 2 DA64:2= E:>6[ 2?5 3C:?8:?8 324< E96 7@@5 2?5 E96 5C:?<D J@F 8C6H FA @? :D D@ :>A@CE2?E]”k^Am\nkAmq@:=@ 2?5 =:>@?46==@ 2C6 =:<6 “2 7@F?52E:@? @7 @FC 4F=EFC2= 96C:E286[” $242G286 D2:5[ 2?5 2C6 ;FDE 2D :>A@CE2?E :? =@42= 96C:E286 2D <:6=32D2[ xE2=:2? D2FD286D 2?5 D@FA:6D]k^Am\nkAmw6 2=D@ 36=:6G6D E92E >2<:?8 E96D6 36G6C286D 2?5 9@DE:?8 2??F2= 4@>A6E:E:@?D 86?6C2E6D 2 D6?D6 @7 AC:56]k^Am\nkAmw6 4@?E:?F65[ “x? E9:D 52J 2?5 286[ H6 92G6 E@ 36 AC@F5 @7 E96 4@>>F?:EJ H6 =:G6 :?] $@>6E:>6D[ H6 =@D6 E92E 2 =:EE=6]”k^Am\nkAm$9F56C @7E6? 6I492?86D ;2CD @7 3@:=@ @C H:?6 H:E9 96C 7C:6?5D] %96J 5:D4FDD 9@H 6249 36G6C286 H2D >256 2?5 8:G6 6249 @E96C A@:?E6CD 23@FE 9@H E@ :>AC@G6 E96 C64:A6D]k^Am\nkAm“%96 :>A@CE2?E E9:?8 :D :7 J@F 86E E96 3@EE=6 324< W7C@> D@>6@?6X E92E >62?D E96J =:<65 J@FC 3@:=@[” $242G286 D2:5 H:E9 2 =2F89]k^Am",
    "highlightText": "",
    "highlightTitle": "",
    "highlightThreadTitle": "",
    "language": "english",
    "sentiment": "positive",
    "categories": [
        "Lifestyle and Leisure",
        "Human Interest"
    ],
    "topics": [
        "Lifestyle and Leisure->lifestyle"
    ],
    "ai_allow": false,
    "has_canonical": true,
    "webz_reporter": false,
    "external_links": [],
    "external_images": [],
    "entities": {
        "persons": [
            {
                "name": "Greg Sacavage",
                "sentiment": "none"
            }
        ],
        "organizations": [],
        "locations": []
    },
    "syndication": {
        "syndicated": false,
        "syndicate_id": null,
        "first_syndicated": false
    },
    "rating": null,
    "crawled": "2024-12-27T00:05:50.397+02:00",
    "updated": "2024-12-27T00:05:50.397+02:00"
}