{
    "thread": {
        "uuid": "7207c48679b8cdda749538534feee9110eb7faf3",
        "url": "https://www.elimparcial.com:443/locurioso/2024/12/26/que-te-valga-padre-se-viraliza-mientras-le-ensena-a-manejar-a-su-hija",
        "site_full": "www.elimparcial.com",
        "site": "elimparcial.com",
        "site_section": "https://elimparcial.com/tijuana",
        "site_categories": [
            "media",
            "top_news_mx",
            "top_news"
        ],
        "section_title": "Noticias de Tijuana | El Imparcial",
        "title": "\"¡Que te valga!: Padre se viraliza mientras le enseña a manejar a su hija",
        "title_full": "\"¡Que te valga!: Padre se viraliza mientras le enseña a manejar a su hija",
        "published": "2024-12-27T00:08:00.000+02:00",
        "replies_count": 0,
        "participants_count": 1,
        "site_type": "news",
        "country": "MX",
        "main_image": "https://www.elimparcial.com/resizer/v2/YTEDFAIOI5ES5JU4S6UB73ETWU.jpg?auth=5ac8dcb7e552d1f412203cfc40b4c11eefa8a5715a3d09336c21d8b9c4bbd33c&amp;smart=true&amp;width=1200&amp;height=630&amp;quality=70",
        "performance_score": 0,
        "domain_rank": 31119,
        "domain_rank_updated": "2024-12-23T23:00:00.000+02:00",
        "social": {
            "facebook": {
                "likes": 0,
                "comments": 0,
                "shares": 0
            },
            "vk": {
                "shares": 0
            }
        }
    },
    "uuid": "7207c48679b8cdda749538534feee9110eb7faf3",
    "url": "https://www.elimparcial.com:443/locurioso/2024/12/26/que-te-valga-padre-se-viraliza-mientras-le-ensena-a-manejar-a-su-hija",
    "ord_in_thread": 0,
    "parent_url": null,
    "author": "El Imparcial",
    "published": "2024-12-27T00:08:00.000+02:00",
    "title": "\"¡Que te valga!: Padre se viraliza mientras le enseña a manejar a su hija",
    "text": "“¡Que te valga!: Padre se viraliza mientras le enseña a manejar a su hija\nEl video, en tan solo 2 días, llegó a más de 15.3 millones de reproducciones en TikTok y cerca de 2.6 millones de “me gusta”.\nMÉXICO.- Aprender a manejar puede ser una experiencia sumamente estresante, tanto para quien aprende como para quien enseña. Con esto, la reacción de un padre se viralizó mientras intentó enseñar a manejar a su hija.\nAndrea, en su cuenta de TikTok (@andrea_maya19) compartió el momento en el que su padre intenta enseñar a manejar a su hermana; sin embargo, no contó con el temperamento de su padre, quien le gritaba y le daba órdenes para seguir.\nEn el video, de tan solo 58 segundos, se muestra cómo el hombre le da indicaciones, desde sencillas que le dan dirección como “pégate más o para allá” hasta aquellas que la insultan directamente.\n“No, no, no, estás bien pendeja para manejar”, le dice el padre.\nFinalmente, el padre le pide frenar a su hija “despacio”; pero la mujer no calculó bien y el carro frenó bruscamente: “despacito, pendeja”, le dijo el padre mientras apagó el vehículo.\nEl video, en tan solo 2 días, llegó a más de 15.3 millones de reproducciones en TikTok y cerca de 2.6 millones de “me gusta”.\nSigue nuestro canal de WhatsApp\nRecibe las noticias más importantes del día. Da click [aquí](https://www.elimparcial.com/boletin-whatsapp/)",
    "highlightText": "",
    "highlightTitle": "",
    "highlightThreadTitle": "",
    "language": "spanish",
    "sentiment": "positive",
    "categories": [
        "Human Interest",
        "Lifestyle and Leisure",
        "Social Issue"
    ],
    "topics": [
        "Lifestyle and Leisure->lifestyle",
        "Lifestyle and Leisure->trend",
        "Lifestyle and Leisure->exercise and fitness",
        "Social Issue->social networking",
        "Social Issue->parenting",
        "Social Issue->family"
    ],
    "ai_allow": true,
    "has_canonical": false,
    "webz_reporter": false,
    "external_links": [],
    "external_images": [],
    "entities": {
        "persons": [
            {
                "name": "Andrea",
                "sentiment": "none"
            }
        ],
        "organizations": [],
        "locations": []
    },
    "syndication": {
        "syndicated": null,
        "syndicate_id": null,
        "first_syndicated": false
    },
    "rating": null,
    "crawled": "2024-12-27T00:23:14.789+02:00",
    "updated": "2024-12-27T00:23:14.789+02:00"
}