{
    "thread": {
        "uuid": "f71374c52c90b6ec238755b3abc99285bcf5d17d",
        "url": "https://www.sportskeeda.com/anime/news-coco-uzuki-s-fall-love-you-false-angels-manga-set-receive-anime-adaptation",
        "site_full": "www.sportskeeda.com",
        "site": "sportskeeda.com",
        "site_section": "https://sportskeeda.com/anime",
        "site_categories": [
            "media",
            "cricket",
            "sports"
        ],
        "section_title": "Latest Anime News, Themes, Characters, Series, and More | Sportskeeda",
        "title": "Coco Uzuki's Fall in Love, You False Angels manga reportedly set to receive anime adaptation",
        "title_full": "Coco Uzuki's Fall in Love, You False Angels manga reportedly set to receive anime adaptation",
        "published": "2024-12-26T06:06:00.000+02:00",
        "replies_count": 0,
        "participants_count": 1,
        "site_type": "news",
        "country": "US",
        "main_image": "https://staticg.sportskeeda.com/editor/2024/12/a7e04-17352072812223-1920.jpg",
        "performance_score": 0,
        "domain_rank": 2879,
        "domain_rank_updated": "2024-12-23T23:00:00.000+02:00",
        "social": {
            "facebook": {
                "likes": 0,
                "comments": 0,
                "shares": 1
            },
            "vk": {
                "shares": 0
            }
        }
    },
    "uuid": "f71374c52c90b6ec238755b3abc99285bcf5d17d",
    "url": "https://www.sportskeeda.com/anime/news-coco-uzuki-s-fall-love-you-false-angels-manga-set-receive-anime-adaptation",
    "ord_in_thread": 0,
    "parent_url": null,
    "author": "Apratim Chakraborty",
    "published": "2024-12-26T06:06:00.000+02:00",
    "title": "Coco Uzuki's Fall in Love, You False Angels manga reportedly set to receive anime adaptation",
    "text": "') > -1) { addClass($('.section-container'), 'pill-tag'); } Follow Us Share 0 Discuss 0 Discuss What's your opinion? Coco Uzuki's Fall in Love, You False Angels manga reportedly set to receive anime adaptation Discuss Now Coco Uzuki's Fall in Love, You False Angels manga reportedly set to receive anime adaptation (Image via Kodansha) Coco Uzuki's Fall in Love, You False Angels manga series is receiving an anime adaptation production , according to a tweet posted by a renowned animanga news leaker, @SugoiLite on X (formerly Twitter) on Thursday, December 26, 2024.\nHowever, no pertinent information, such as the release date, cast & staff, studio, and other details are revealed as of this writing. Having said that, the leaker mentioned an official announcement regarding the anime adaptation would come soon. The leaker's previous records in providing accurate information ahead of their official release give the news credibility.\nAn anime adaptation of Coco Uzuki's Fall in Love, You False Angels manga is allegedly green-lit for production Expand Tweet Trending Prominent animanga news leaker, Sugoi LITE ( @SugoiLITE ) posted a tweet on Wednesday, December 25, 2024, at 11:57 pm IST, to reveal that Fall in Love, You False Angels anime, based on Coco Uzuki's eponymous shoujo manga , is in the works.\nHowever, no details regarding the anime's studio, release date, or cast and staff were disclosed. Although the official staff hasn't shared any news regarding the manga's anime adaptation, the leaker said the announcement will be made in time.\nNotably, this is not the first time the user has leaked anime-manga-related news ahead of their official announcement. On previous occasions, the leaker correctly predicted the news of the Ranma 1/2 remake, Lookism anime adaptation, Omniscient Reader's Viewpoint anime, and others.\nOtogi and Toki, as seen in the volume 4 cover (Image via Kodansha) The user's track record in reporting anime-related news prior to their official announcements gives the Fall in Love, You False Angels anime adaptation's news credibility. Having said that, it's interesting how the series has been reportedly green-lit for adaptation with only four volumes published thus far.\nNotably, Coco Uzuki's Fall in Love, You False Angels manga has been serialized in Kodansha 's Dessert magazine since April 2023. Since its debut in the magazine, the shojo manga has released four tankobon volumes.\nKodansha released the first volume on September 13, 2023, in Japan. Following that, the second volume was released on February 13, 2024, while the third volume came out on July 11, 2024. The latest volume was released on December 13, 2024. Kodansha USA has published two volumes of the manga in English.",
    "highlightText": "",
    "highlightTitle": "",
    "highlightThreadTitle": "",
    "language": "english",
    "sentiment": "positive",
    "categories": [
        "Arts, Culture and Entertainment",
        "Lifestyle and Leisure",
        "Human Interest"
    ],
    "topics": [
        "Arts, Culture and Entertainment->cinema",
        "Arts, Culture and Entertainment->culture",
        "Arts, Culture and Entertainment->animation",
        "Lifestyle and Leisure->trend",
        "Lifestyle and Leisure->lifestyle"
    ],
    "ai_allow": true,
    "has_canonical": false,
    "webz_reporter": false,
    "external_links": [
        "https://news.google.com/publications/CAAqBggKMKSlJzCz-QU?hl=en-IN&gl=IN&ceid=IN%3Aen",
        "https://twitter.com/SugoiLITE/status/1871986033526714593?s=08",
        "https://twitter.com/SugoiLITE/status/1871986033526714593",
        "https://news.google.com/publications/CAAqBggKMKSlJzCz-QU",
        "https://www.twitter.com/SugoiLITE/status/1871986033526714593?s=08",
        "https://www.news.google.com/publications/CAAqBggKMKSlJzCz-QU?hl=en-IN&gl=IN&ceid=IN%3Aen"
    ],
    "external_images": [],
    "entities": {
        "persons": [],
        "organizations": [
            {
                "name": "Twitter",
                "sentiment": "none"
            }
        ],
        "locations": []
    },
    "syndication": {
        "syndicated": false,
        "syndicate_id": null,
        "first_syndicated": false
    },
    "rating": null,
    "crawled": "2024-12-27T00:22:19.974+02:00",
    "updated": "2024-12-27T00:22:19.974+02:00"
}