{
    "thread": {
        "uuid": "adfeeb053e5f0e047933d3d4024d23d7539a1bfc",
        "url": "https://www.europapress.es/andalucia/cadiz-00351/noticia-cartera-real-llega-alcazar-jerez-cadiz-recoger-cartas-reyes-magos-ninos-ciudad-20241226220414.html",
        "site_full": "www.europapress.es",
        "site": "europapress.es",
        "site_section": "https://www.europapress.es/noticias/",
        "site_categories": [
            "media",
            "top_news_es",
            "top_news_pe",
            "top_news"
        ],
        "section_title": "\r\n\t Últimas Noticias - EUROPA PRESS\r\n",
        "title": "La Cartera Real llega al Alcázar de Jerez (Cádiz) para recoger las cartas a los Reyes Magos de los niños de la ciudad",
        "title_full": "La Cartera Real llega al Alcázar de Jerez (Cádiz) para recoger las cartas a los Reyes Magos de los niños de la ciudad",
        "published": "2024-12-26T23:04:00.000+02:00",
        "replies_count": 0,
        "participants_count": 1,
        "site_type": "news",
        "country": "ES",
        "main_image": "https://img.europapress.es/fotoweb/fotonoticia_20241226220414_1200.jpg",
        "performance_score": 0,
        "domain_rank": 2656,
        "domain_rank_updated": "2024-12-23T23:00:00.000+02:00",
        "social": {
            "facebook": {
                "likes": 0,
                "comments": 0,
                "shares": 0
            },
            "vk": {
                "shares": 0
            }
        }
    },
    "uuid": "adfeeb053e5f0e047933d3d4024d23d7539a1bfc",
    "url": "https://www.europapress.es/andalucia/cadiz-00351/noticia-cartera-real-llega-alcazar-jerez-cadiz-recoger-cartas-reyes-magos-ninos-ciudad-20241226220414.html",
    "ord_in_thread": 0,
    "parent_url": null,
    "author": "Europa Press",
    "published": "2024-12-26T23:04:00.000+02:00",
    "title": "La Cartera Real llega al Alcázar de Jerez (Cádiz) para recoger las cartas a los Reyes Magos de los niños de la ciudad",
    "text": "JEREZ DE LA FRONTERA (CÁDIZ), 26 (EUROPA PRESS) La Cartera Real, encarnada por Laura Barba, ha llegado este jueves al Alcázar de Jerez, donde permanecerá hasta el próximo 3 de enero para recoger las cartas a los Reyes Magos de los niños de la ciudad.\nTras un recorrido por las calles del centro de Jerez, la alcaldesa, María José García-Pelayo, acompañada de miembros del Gobierno Municipal y de los representantes jerezanos de los Reyes Magos, ha sido la encargada de recibir a la emisaria de los Reyes de Oriente y entregarle las llaves del Alcázar, según ha detallado el Consistorio jerezano en una nota.\nLa Cabalgata de la emisaria de Melchor, Gaspar y Baltasar ha recorrido de forma este jueves las calles del centro, saludando a todas las familias que salieron a su encuentro y anunciando la llegada de Sus Majestades de Oriente. Un desfile en el que miles de niños han recibido con ilusión a la emisaria de los Reyes.\nLa Cartera Real ha invitado a todas las familias de Jerez a visitar el Alcázar para que los niños entreguen sus cartas a los Reyes. La Cartera y su séquito estarán los días 28, 29 y 30 de diciembre y 2 y 3 de enero en horario de 10,00 a 14,00 horas y de 17,30 a 20,30 horas. Por segundo año consecutivo, y como parte de las medidas para una Navidad más inclusiva y accesible, la Cartera Real ha establecido dos días para que las personas con discapacidad puedan entregar su carta a los Reyes Magos con unas condiciones más favorables.\nEl día 2 de enero, a las 16,00 horas atenderá a las personas con trastornos del espectro autista y a sus familias. El día 3 de enero, a partir de las 16,00 horas, atenderá a las personas con otras discapacidades que quieran entregar sus cartas sin necesidad de hacer colas.\nPara concertar estas visitas a la Cartera Real es necesario inscribirse a través de la web ' www.omad.jerez.es ', indicando los datos de la persona con discapacidad, para posteriormente esperar un SMS con la confirmación de la visita y una resolución firmada por correo electrónico para el acceso sin colas a la puerta de El Alcázar. De este modo, la mensajera de los Reyes Magos pondrá el colofón a su labor de días atrás, de recoger las peticiones que por escrito le han entregado los más pequeños de los distintos distritos de la ciudad.",
    "highlightText": "",
    "highlightTitle": "",
    "highlightThreadTitle": "",
    "language": "spanish",
    "sentiment": "positive",
    "categories": [
        "Human Interest",
        "Social Issue"
    ],
    "topics": [
        "Human Interest->ceremony",
        "Social Issue->values",
        "Social Issue->communities",
        "Social Issue->children"
    ],
    "ai_allow": true,
    "has_canonical": false,
    "webz_reporter": false,
    "external_links": [
        "http://www.omad.jerez.es",
        "http://omad.jerez.es"
    ],
    "external_images": [],
    "entities": {
        "persons": [
            {
                "name": "Laura Barba",
                "sentiment": "negative"
            },
            {
                "name": "María José García-Pelayo",
                "sentiment": "none"
            },
            {
                "name": "Reyes Magos",
                "sentiment": "none"
            },
            {
                "name": "Baltasar",
                "sentiment": "none"
            },
            {
                "name": "Gaspar",
                "sentiment": "none"
            }
        ],
        "organizations": [
            {
                "name": "EUROPA PRESS",
                "sentiment": "negative"
            },
            {
                "name": "Gobierno Municipal",
                "sentiment": "none"
            },
            {
                "name": "Cartera Real",
                "sentiment": "none"
            }
        ],
        "locations": [
            {
                "name": "Sus Majestades de Oriente",
                "sentiment": "none"
            }
        ]
    },
    "syndication": {
        "syndicated": null,
        "syndicate_id": null,
        "first_syndicated": false
    },
    "rating": null,
    "crawled": "2024-12-27T00:11:43.385+02:00",
    "updated": "2024-12-27T00:11:43.385+02:00"
}