{
    "thread": {
        "uuid": "83897d5f3ee0c042928cbc7c78b7e8be8424dfdd",
        "url": "https://selecoes.ig.com.br/beleza/cortes-de-cabelo-para-comecar-2025-renovada",
        "site_full": "selecoes.ig.com.br",
        "site": "ig.com.br",
        "site_section": "https://selecoes.ig.com.br/beleza",
        "site_categories": [
            "top_news_br",
            "top_news"
        ],
        "section_title": "Beleza ",
        "title": "5 cortes de cabelo para começar 2025 renovada",
        "title_full": "5 cortes de cabelo para começar 2025 renovada",
        "published": "2024-12-26T21:00:00.000+02:00",
        "replies_count": 0,
        "participants_count": 1,
        "site_type": "news",
        "country": "BR",
        "main_image": "https://selecoes.ig.com.br/media/_versions/2024/12/cortando-o-cabelo_widelg.jpg",
        "performance_score": 0,
        "domain_rank": 3893,
        "domain_rank_updated": "2024-12-23T23:00:00.000+02:00",
        "social": {
            "facebook": {
                "likes": 0,
                "comments": 0,
                "shares": 0
            },
            "vk": {
                "shares": 0
            }
        }
    },
    "uuid": "83897d5f3ee0c042928cbc7c78b7e8be8424dfdd",
    "url": "https://selecoes.ig.com.br/beleza/cortes-de-cabelo-para-comecar-2025-renovada",
    "ord_in_thread": 0,
    "parent_url": null,
    "author": "Thyago Soares",
    "published": "2024-12-26T21:00:00.000+02:00",
    "title": "5 cortes de cabelo para começar 2025 renovada",
    "text": "Nada como começar o ano com um novo visual, não é mesmo? Há algumas excelentes opções de cortes de cabelo que podem servir perfeitamente para você dar o start no novo ciclo que está iniciando no Réveillon de visual renovado.\nApostar em novas tendências de cabelo pode trazer o frescor que você deseja para o seu visual, colocando você ainda mais próxima de expressar a sua personalidade da maneira que mais deseja.\n5 cortes de cabelo para começar 2025 renovada 5. Clavicut Esse corte é conhecido como \"clavicut\", ou estilo gatinho, e é ideal para quem deseja um visual elegante e delicado. Ele tem um comprimento que alcança a altura das clavículas, com as pontas suavemente curvadas e uma franja lateral que destaca os traços do rosto.\n(Reprodução / Divulgação) 4. Long bob O long bob é um estilo atemporal e é sempre uma boa pedida quando se trata de mudar de visual. Porém, para deixar esse corte mais atual, invista em camadas sutis que trazem leveza e dinamismo ao cabelo.\n(Reprodução / Divulgação) 3. Butterfly cut Esse estilo de cabelo é inspirado no formato das asas de uma borboleta e é perfeito para quem busca cabelos com volume e fluidez. O estilo combina camadas superiores mais curtas com pontas mais longas, proporcionando leveza e movimento aos fios.\n(Reprodução / Divulgação) 2. Pixie O pixie cut segue como tendência incrível entre as apaixonadas por cabelos mais curtos. Para modernizar esse corte, aposte em franjas irregulares e laterais mais curtas, isso pode garantir um estilo descontraído e cheio de atitude, perfeito para quem deseja um look moderno e funcional.\n(Reprodução / Divulgação) 1. French bob Esse corte de cabelo é uma releitura moderna do corte bob, trazendo um comprimento que chega aos ombros e com as pontas suavemente desfiadas. O french bob une charme e funcionalidade, ideal para quem deseja um look refinado e atual.\n(Reprodução / Divulgação) Thyago Soares\nJornalismo, redator e podcaster, Thyago Soares é apaixonado por música, entretenimento, cultura e beleza, porém está sempre aberto a falar e explorar todos os assuntos. Acredita que o respeito e a pluralidade podem mudar o mundo.",
    "highlightText": "",
    "highlightTitle": "",
    "highlightThreadTitle": "",
    "language": "portuguese",
    "sentiment": "positive",
    "categories": [
        "Lifestyle and Leisure",
        "Human Interest"
    ],
    "topics": [
        "Lifestyle and Leisure->trend"
    ],
    "ai_allow": true,
    "has_canonical": false,
    "webz_reporter": false,
    "external_links": [],
    "external_images": [],
    "entities": {
        "persons": [],
        "organizations": [],
        "locations": []
    },
    "syndication": {
        "syndicated": null,
        "syndicate_id": null,
        "first_syndicated": false
    },
    "rating": null,
    "crawled": "2024-12-27T00:07:17.612+02:00",
    "updated": "2024-12-27T00:07:17.612+02:00"
}