{
    "thread": {
        "uuid": "6e82be49fe88bcc2ee3418f73af2a2a51f24e2a6",
        "url": "https://www.ledauphine.com/societe/2024/12/26/angelique-et-nicolas",
        "site_full": "www.ledauphine.com",
        "site": "ledauphine.com",
        "site_section": "https://www.ledauphine.com/societe/societe",
        "site_categories": [
            "media",
            "top_news_fr",
            "top_news"
        ],
        "section_title": "Société : toutes les infos sur Le Dauphiné Libéré",
        "title": "La Chapelle-de-Surieu | Mariage. Angélique et Nicolas",
        "title_full": "La Chapelle-de-Surieu | Mariage. Angélique et Nicolas",
        "published": "2024-12-26T20:39:00.000+02:00",
        "replies_count": 0,
        "participants_count": 1,
        "site_type": "news",
        "country": "FR",
        "main_image": "https://cdn-s-www.ledauphine.com/images/41524C70-8555-4B73-BAC1-805B2A31EB7D/FB1200/photo-1735241971.jpg",
        "performance_score": 0,
        "domain_rank": 8061,
        "domain_rank_updated": "2024-12-23T23:00:00.000+02:00",
        "social": {
            "facebook": {
                "likes": 0,
                "comments": 0,
                "shares": 0
            },
            "vk": {
                "shares": 0
            }
        }
    },
    "uuid": "6e82be49fe88bcc2ee3418f73af2a2a51f24e2a6",
    "url": "https://www.ledauphine.com/societe/2024/12/26/angelique-et-nicolas",
    "ord_in_thread": 0,
    "parent_url": null,
    "author": "Le Dauphiné Libéré",
    "published": "2024-12-26T20:39:00.000+02:00",
    "title": "La Chapelle-de-Surieu | Mariage. Angélique et Nicolas",
    "text": "La Chapelle-de-Surieu | Mariage Angélique et Nicolas\nAngélique et Nicolas se sont dit “oui” ce samedi 21 décembre. Leur mariage a été célébré par le maire Gabriel Girard et son adjointe Céline...\nConnectez-vous ou créez un compte\nPour pouvoir enregistrer un article, un compte est nécessaire.\nLe Dauphiné Libéré, en tant que responsable de traitement, recueille dans ce formulaire des informations qui sont enregistrées dans un fichier informatisé par son Service Relations Clients, la finalité étant d’assurer la création et la gestion de votre compte, ainsi que des abonnements et autres services souscrits. Si vous y avez consenti, ces données peuvent également être utilisées pour l’envoi de newsletters et/ou d’offres promotionnelles par Le Dauphiné Libéré, les sociétés qui lui sont affiliées et/ou ses partenaires commerciaux. Vous pouvez exercer en permanence vos droits d’accès, rectification, effacement, limitation, opposition, retirer votre consentement et/ou pour toute question relative au traitement de vos données à caractère personnel en contactant [LDLABOWEB@ledauphine.com](mailto:LDLABOWEB@ledauphine.com) ou consulter les liens suivants : [Protection des données](/protection-des-donnees), [CGU du site](/espace-client/cgu) et [Contact](/contact). Le Délégué à la Protection des Données personnelles ([dpo@ebra.fr](mailto:dpo@ebra.fr)) est en copie de toute demande relative à vos informations personnelles.",
    "highlightText": "",
    "highlightTitle": "",
    "highlightThreadTitle": "",
    "language": "french",
    "sentiment": "positive",
    "categories": [
        "Human Interest"
    ],
    "topics": [
        "Human Interest->wedding"
    ],
    "ai_allow": true,
    "has_canonical": false,
    "webz_reporter": false,
    "external_links": [],
    "external_images": [],
    "entities": {
        "persons": [],
        "organizations": [],
        "locations": []
    },
    "syndication": {
        "syndicated": null,
        "syndicate_id": null,
        "first_syndicated": false
    },
    "rating": null,
    "crawled": "2024-12-27T00:23:03.911+02:00",
    "updated": "2024-12-27T00:23:03.911+02:00"
}