{
    "thread": {
        "uuid": "1c0b33fad35b0609c632b2b78cbd8d815e334d61",
        "url": "https://investorshangout.com/rhinebeck-bancorp-enhances-financial-strategy-for-growth-160382-",
        "site_full": "investorshangout.com",
        "site": "investorshangout.com",
        "site_section": "https://investorshangout.com/recovery",
        "site_categories": [
            "stocks",
            "finance",
            "options"
        ],
        "section_title": "Password Recovery",
        "title": "Rhinebeck Bancorp Enhances Financial Strategy for Growth",
        "title_full": "Rhinebeck Bancorp Enhances Financial Strategy for Growth",
        "published": "2024-12-27T00:09:00.000+02:00",
        "replies_count": 0,
        "participants_count": 1,
        "site_type": "news",
        "country": "US",
        "main_image": "https://investorshangout.com/images/blog/ihnews-Rhinebeck%20Bancorp%20Enhances%20Financial%20Strategy%20for%20Growth.jpg",
        "performance_score": 0,
        "domain_rank": 123803,
        "domain_rank_updated": "2024-12-23T23:00:00.000+02:00",
        "social": {
            "facebook": {
                "likes": 0,
                "comments": 0,
                "shares": 0
            },
            "vk": {
                "shares": 0
            }
        }
    },
    "uuid": "1c0b33fad35b0609c632b2b78cbd8d815e334d61",
    "url": "https://investorshangout.com/rhinebeck-bancorp-enhances-financial-strategy-for-growth-160382-",
    "ord_in_thread": 0,
    "parent_url": null,
    "author": "Olivia Taylor",
    "published": "2024-12-27T00:09:00.000+02:00",
    "title": "Rhinebeck Bancorp Enhances Financial Strategy for Growth",
    "text": "Rhinebeck Bancorp Enhances Financial Strategy for Growth\n[Olivia Taylor](https://investorshangout.com/profile/view?id=79141)Updated: 12-26-2024 05:09 PM\nRhinebeck Bancorp Repositions Assets for Future Earnings\nRhinebeck Bancorp, Inc. (NASDAQ: RBKB), a regional bank with a market capitalization of $103 million, is making headlines with its recent strategic moves. The bank has successfully completed the sale and reinvestment of part of its available-for-sale investment securities portfolio, an effort aimed at optimizing its balance sheet. These transactions included the sale of $71 million in securities in one month, followed closely by an additional $21 million sale.\nThe proceeds from these transactions were not left idle; instead, they were reinvested into new securities boasting yields 3.06% higher than those sold. This significant restructuring is anticipated to enhance the bank's earnings per share quite notably by $0.04 and increase its net interest margin by 0.04% starting the first quarter of the following year.\nLeadership Insights on Strategic Moves\nThe President and CEO of Rhinebeck Bank, Michael J. Quinn, shared insights into the strategic adjustments, stating, \"This restructuring is a proactive measure that will bolster our profitability moving forward, benefiting our company, shareholders, and customers alike.\" His comments underline the thoughtful approach the bank is taking during this transitional phase.\nDetails of the Reinvestment Strategy\nIn this strategic shift, Rhinebeck Bancorp decided to sell longer-term securities that yielded merely 1.37%, with a weighted average life of roughly 6.2 years. Reinvesting into newer options that offer a yield of 4.44% and a much shorter average life of 1.8 years signifies a decisive move towards improving the bank's financial health. This change is expected to not only enhance earnings but also to provide increased liquidity for growth in commercial loans, thus reducing dependency on wholesale funding sources.\nUnderstanding the Financial Landscape\nDespite facing a one-time pre-tax loss amounting to $4.1 million due to these transactions, Rhinebeck Bank continues to maintain a \"well capitalized\" standing with commendable liquidity positions. The bank currently holds over $35 million in cash and equivalents while also boasting an unused secured line of credit exceeding $250 million with the Federal Home Loan Bank.\nIn evaluating its overall financial condition, the bank has been characterized with a WEAK Financial Health Score, but it has also demonstrated impressive price momentum with a notable 19.25% return year-to-date. This mixed outlook fuels the importance of their strategic realignment.\nCorporate Dynamics and Future Direction\nRhinebeck Bancorp is not just focused on financial restructuring but also on refining its leadership structure. Recent changes have resulted in the non-renewal of contracts for notable executives, including CEO Michael J. Quinn and COO Jamie J. Bloom. Such leadership shifts are indicative of a broader strategy aimed at strengthening the bank's operations and adapting to market demands.\nKevin Nihill, who brings over two decades of banking experience, has been appointed the new Chief Financial Officer, taking over from Michael McDermott. Nihill's experience is expected to lead Rhinebeck Bancorp into a new era of growth and stability.\nThe Path Ahead for Rhinebeck Bancorp\nThe strategic overhaul implemented by Rhinebeck Bancorp emphasizes a commitment to growth and adaptability in a fluctuating financial landscape. Each decision, from asset management to leadership changes, reflects a broader strategy aimed at maximizing profitability and sustaining long-term operational success.\nFrequently Asked Questions\nWhat is Rhinebeck Bancorp's recent financial strategy?\nRhinebeck Bancorp is repositioning its assets by selling lower-yielding securities and reinvesting in higher-yielding ones to enhance profitability.\nWho made statements regarding the strategic restructuring?\nThe statements were made by Michael J. Quinn, President and CEO of Rhinebeck Bank, emphasizing the positive impact of the restructuring.\nWhat are the expected outcomes of the recent asset sales?\nThe expected outcomes include an increase in earnings per share by $0.04 and a 0.04% rise in net interest margin in the following year.\nWho has been appointed as the new Chief Financial Officer?\nKevin Nihill, a banking veteran, has been appointed as the new Chief Financial Officer, succeeding Michael McDermott.\nHow does Rhinebeck Bancorp's financial health currently look?\nDespite recent losses, Rhinebeck Bancorp maintains a \"well capitalized\" status with strong liquidity metrics and is focusing on enhancing its financial conditions moving forward.\nAbout Investors Hangout\n[Investors Hangout](https://investorshangout.com/) is a leading online stock forum for financial discussion and learning, offering a wide range of free tools and resources. It draws in traders of all levels, who exchange market knowledge, investigate trading tactics, and keep an eye on industry developments in real time. Featuring financial articles, stock message boards, quotes, charts, company profiles, and live news updates. Through cooperative learning and a wealth of informational resources, it helps users from novices creating their first portfolios to experts honing their techniques. Join Investors Hangout today: [https://investorshangout.com/](https://investorshangout.com/)\nDisclaimer: The content of this article is solely for general informational purposes only; it does not represent legal, financial, or investment advice. Investors Hangout does not offer financial advice; the author is not a licensed financial advisor. Consult a qualified advisor before making any financial or investment decisions based on this article. The author's interpretation of publicly available data shapes the opinions presented here; as a result, they should not be taken as advice to purchase, sell, or hold any securities mentioned or any other investments. The author does not guarantee the accuracy, completeness, or timeliness of any material, providing it \"as is.\" Information and market conditions may change; past performance is not indicative of future outcomes. If any of the material offered here is inaccurate, please [contact us](https://investorshangout.com/contact) for corrections.",
    "highlightText": "",
    "highlightTitle": "",
    "highlightThreadTitle": "",
    "language": "english",
    "sentiment": "positive",
    "categories": [
        "Economy, Business and Finance",
        "Human Interest"
    ],
    "topics": [
        "Economy, Business and Finance->financial service",
        "Economy, Business and Finance->business strategy and marketing"
    ],
    "ai_allow": true,
    "has_canonical": false,
    "webz_reporter": false,
    "external_links": [],
    "external_images": [],
    "entities": {
        "persons": [],
        "organizations": [
            {
                "name": "Rhinebeck Bancorp Enhances Financial Strategy for Growth Rhinebeck Bancorp",
                "sentiment": "none"
            }
        ],
        "locations": []
    },
    "syndication": {
        "syndicated": false,
        "syndicate_id": null,
        "first_syndicated": false
    },
    "rating": null,
    "crawled": "2024-12-27T00:16:04.954+02:00",
    "updated": "2024-12-27T00:16:04.954+02:00"
}