{
    "thread": {
        "uuid": "0c49d93c90eb0f1cbf453e0f8869db50d879ad2c",
        "url": "https://www.businessinsider.nl/a-75-year-old-whos-worked-at-mcdonalds-for-53-years-says-she-has-no-plans-to-retire-soon/",
        "site_full": "www.businessinsider.nl",
        "site": "businessinsider.nl",
        "site_section": "https://www.businessinsider.nl/feed",
        "site_categories": [
            "search_engine",
            "media",
            "tech"
        ],
        "section_title": "Business Insider Nederland",
        "title": "A 75-year-old who’s worked at McDonald’s for 53 years says she has no plans to retire soon",
        "title_full": "A 75-year-old who’s worked at McDonald’s for 53 years says she has no plans to retire soon",
        "published": "2023-12-27T12:14:00.000+02:00",
        "replies_count": 0,
        "participants_count": 1,
        "site_type": "news",
        "country": "NL",
        "main_image": "https://cdn.businessinsider.nl/wp-content/uploads/2023/12/658bfeb11c5c7b8c9a0c279b-scaled.jpg?ver=1703678532",
        "performance_score": 0,
        "domain_rank": 11806,
        "domain_rank_updated": "2023-12-26T12:06:20.000+02:00",
        "reach": null,
        "social": {
            "facebook": {
                "likes": 0,
                "comments": 0,
                "shares": 0
            },
            "gplus": {
                "shares": 0
            },
            "pinterest": {
                "shares": 0
            },
            "linkedin": {
                "shares": 0
            },
            "stumbledupon": {
                "shares": 0
            },
            "vk": {
                "shares": 0
            }
        }
    },
    "uuid": "0c49d93c90eb0f1cbf453e0f8869db50d879ad2c",
    "url": "https://www.businessinsider.nl/a-75-year-old-whos-worked-at-mcdonalds-for-53-years-says-she-has-no-plans-to-retire-soon/",
    "ord_in_thread": 0,
    "parent_url": null,
    "author": "@binederland",
    "published": "2023-12-27T12:14:00.000+02:00",
    "title": "A 75-year-old who’s worked at McDonald’s for 53 years says she has no plans to retire soon",
    "text": "- Barbara Cramer, 75, has worked at McDonald's since 1970.\n- WPTV reported that she works part-time and considers herself \"semi-retired,\" but doesn't plan to fully retire anytime soon.\n- \"I just love it here,\" she told the channel.\nA 75-year-old recently celebrated working at McDonald's for 53 years.\nBarbara Cramer, who has worked at the fast-food giant since 1970, told\nWPTV that she'd applied for a job at a school board at the same time but started working for the burger giant instead because it got back to her first.\n\"So I came here, and I winded up, you know, working my way up,\" she said. She's spent most of her time at McDonald's working at its restaurant in Fort Pierce, Florida, WPTV reported.\nCramer's first husband worked at the same restaurant with her, while her second husband worked at another McDonald's in the state, WPTV reported.\nWPTV reported that Cramer worked part-time and considered herself \"semi-retired.\" She has no plans to fully retire anytime soon and has never considered working elsewhere, the outlet reported.\n\"I just love it here,\" she said through tears.\nThe restaurant recently held a celebration to mark Cramer's tenure at the restaurant. The celebration meant \"everything\" to her, she said.\nMcDonald's is known to have some older workers in roles such as greeting customers and wiping down tables. One restaurant in North Huntingdon, Pennsylvania, had a\n100-year-old greeter who starred in its TikTok videos. A 90-year-old worker at a McDonald's in Japan told local news outlets that she planned on working until she was at least 100, saying that it kept her healthy.\nThe median age of workers in the US was 42.3 years in 2022, according to data from the\nBureau of Labor Statistics. But this varied a lot by industry — for people working at restaurants and other food services, this was just 29.5. People aged 65 and older make up just 3.1% of workers at restaurants and food-service places, per the BLS data.\nMcDonald's UK\nsaid in 2018 that the average age of its hourly-paid workers was 20. Business Insider",
    "highlightText": "",
    "highlightTitle": "",
    "highlightThreadTitle": "",
    "language": "english",
    "sentiment": "positive",
    "categories": [
        "Labor",
        "Human Interest"
    ],
    "external_links": [
        "https://www.wptv.com/news/region-st-lucie-county/fort-pierce/fort-pierce-woman-works-at-mcdonalds-for-53-years",
        "https://www.insider.com/ruth-shuster-100-year-old-mcdonalds-employee-tiktok-dies-2022-1",
        "https://www.businessinsider.com/mcdonalds-japan-90-year-old-employee-plans-work-100-2023-9",
        "https://www.bls.gov/cps/cpsaat18b.htm",
        "https://www.mcdonalds.com/gb/en-gb/help/faq/what-is-the-average-age-of-a-mcdonalds-employee.html",
        "https://www.businessinsider.com/mcdonalds-worker-75-years-old-no-plan-to-retire-soon-2023-12",
        "https://wptv.com/news/region-st-lucie-county/fort-pierce/fort-pierce-woman-works-at-mcdonalds-for-53-years",
        "https://businessinsider.com/mcdonalds-worker-75-years-old-no-plan-to-retire-soon-2023-12",
        "https://insider.com/ruth-shuster-100-year-old-mcdonalds-employee-tiktok-dies-2022-1",
        "https://businessinsider.com/mcdonalds-japan-90-year-old-employee-plans-work-100-2023-9",
        "https://mcdonalds.com/gb/en-gb/help/faq/what-is-the-average-age-of-a-mcdonalds-employee.html",
        "https://bls.gov/cps/cpsaat18b.htm"
    ],
    "external_images": [],
    "entities": {
        "persons": [
            {
                "name": "barbara cramer",
                "sentiment": "negative"
            },
            {
                "name": "cramer",
                "sentiment": "none"
            }
        ],
        "organizations": [
            {
                "name": "wptv",
                "sentiment": "positive"
            },
            {
                "name": "mcdonald",
                "sentiment": "negative"
            }
        ],
        "locations": [
            {
                "name": "fort pierce",
                "sentiment": "none"
            },
            {
                "name": "florida",
                "sentiment": "none"
            }
        ]
    },
    "rating": null,
    "crawled": "2023-12-27T14:15:01.484+02:00",
    "updated": "2023-12-27T14:15:01.484+02:00"
}