{
    "thread": {
        "uuid": "793b2717e82d5dbf2449b4bea95e2f01c53de8e1",
        "url": "https://www.examiner.com.au/story/8470490/glass-supplies-employee-wins-workers-compensation-battle/?cs=12",
        "site_full": "www.examiner.com.au",
        "site": "examiner.com.au",
        "site_section": "https://examiner.com.au",
        "site_categories": [
            "media"
        ],
        "section_title": "Latest Launceston and Tasmania news, sport and weather | The Examiner | Launceston, TAS",
        "title": "Glass Supplies employee wins workers compensation battle | The Examiner | Launceston, TAS",
        "title_full": "Glass Supplies employee wins workers compensation battle | The Examiner | Launceston, TAS",
        "published": "2023-12-26T08:30:00.000+02:00",
        "replies_count": 0,
        "participants_count": 1,
        "site_type": "news",
        "country": "AU",
        "main_image": "https://www.examiner.com.au/images/transform/v1/crop/frm/181418411/a90f486c-2d29-4d9b-9760-ef13734d6813.jpg/r0_62_555_353_w1200_h630_fmax.jpg",
        "performance_score": 0,
        "domain_rank": 39359,
        "domain_rank_updated": "2023-12-26T12:06:25.000+02:00",
        "reach": null,
        "social": {
            "facebook": {
                "likes": 0,
                "comments": 0,
                "shares": 0
            },
            "gplus": {
                "shares": 0
            },
            "pinterest": {
                "shares": 0
            },
            "linkedin": {
                "shares": 0
            },
            "stumbledupon": {
                "shares": 0
            },
            "vk": {
                "shares": 0
            }
        }
    },
    "uuid": "793b2717e82d5dbf2449b4bea95e2f01c53de8e1",
    "url": "https://www.examiner.com.au/story/8470490/glass-supplies-employee-wins-workers-compensation-battle/?cs=12",
    "ord_in_thread": 0,
    "parent_url": null,
    "author": "Stephanie Dalton",
    "published": "2023-12-26T08:30:00.000+02:00",
    "title": "Glass Supplies employee wins workers compensation battle | The Examiner | Launceston, TAS",
    "text": "A Glass Supplies employee suffering post-operative pain from an injury sustained on the job has won their bid for additional workers compensation - despite the glass and aluminium window manufacturer claiming the injury had already been fairly compensated for. In late 2019, the male employee \"experienced discomfort\" in his groins when leaning against his workbench and was found to have bilateral hernias. This was treated as a work-related injury, with the worker stating, \"It was assumed to be due to work because in his job he has to do occasional heavy lifting\". The worker underwent surgery to repair the hernia. Post-surgery, the worker said he experienced intermittent pain in his groin, saying it sometimes hindered his ability to \"stand straight for around 30 seconds\". The man consulted his GP via a Zoom appointment, who advised a \"watch-and-wait approach\". On September 5, 2023, the worker said the pain intensified, leading to another work cover claim and further medical investigations. An ultrasound scan and a CT scan revealed an incidental umbilical hernia but no recurrent inguinal hernia or other causes. Dr Dale said the worker was suffering from post-hernia repair pain. He described the pain as a disease and said that the surgery the worker underwent for his hernias was \"likely an important contributor\". In the work cover claim, Dr Leung said the worker was suffering a recurrence of a previously compensable condition. The worker said he had not suffered a new injury, and his current condition results from the original hernias he suffered and the surgery he underwent for those hernias. In a recent TASCAT decision, Glass Supplies disputed its liability for the employee's claim to compensation on the basis that the worker was suffering a separate injury, not a consequence of the original hernia injuries. Lawyers for Glass Supplies argued that the worker's injury should be treated as a new injury under the definition of an \"injury\". They also said they believed the worker's condition was not work-related and that the worker had full capacity to work. TASCAT Deputy President Alison Clues rejected this, saying there is no evidence that the worker suffered a separate and distinct injury at work that caused his partial incapacity. \"The claim made on or about September 7, 2023 is not for a distinct new injury, it is a claim for ongoing symptoms caused by the original injury in 2019, for which a claim for compensation was made by the worker, which was accepted by the employer,\" Ms Clues said. \"It is clear from Dr Leung's medical certificate that she considered the worker's partial incapacity for work to be a consequence of the original hernia injuries, for which there was an accepted claim. She uses the term \"recurrence\" in that context.\" Ms Clues said a reasonable case did not exist. The Glass Supplies' claim was dismissed, and the worker was found to be entitled to workers compensation. Sign up for our newsletter to stay up to date. We care about the protection of your data. Read our [Privacy Policy](/privacy/).",
    "highlightText": "",
    "highlightTitle": "",
    "highlightThreadTitle": "",
    "language": "english",
    "sentiment": "positive",
    "categories": [
        "Health",
        "Labor",
        "Human Interest"
    ],
    "external_links": [],
    "external_images": [],
    "entities": {
        "persons": [],
        "organizations": [
            {
                "name": "glass supplies",
                "sentiment": "negative"
            }
        ],
        "locations": [
            {
                "name": "launceston",
                "sentiment": "none"
            }
        ]
    },
    "rating": null,
    "crawled": "2023-12-26T19:40:40.959+02:00",
    "updated": "2023-12-26T19:40:40.959+02:00"
}