{
    "thread": {
        "uuid": "20b75ef8552c08f428aafa3d2163e5d845eb4296",
        "url": "https://www.forbes.com/sites/forbestechcouncil/2023/12/27/business-scheduling-is-broken-heres-how-to-fix-it/",
        "site_full": "www.forbes.com",
        "site": "forbes.com",
        "site_section": "http://www.forbes.com/real-time/feed2",
        "site_categories": [
            "media"
        ],
        "section_title": "Latest from Forbes",
        "title": "Business Scheduling Is Broken—Here’s How To Fix It",
        "title_full": "Business Scheduling Is Broken—Here’s How To Fix It",
        "published": "2023-12-27T02:00:00.000+02:00",
        "replies_count": 0,
        "participants_count": 1,
        "site_type": "news",
        "country": "US",
        "main_image": "https://imageio.forbes.com/specials-images/imageserve/63ebe11c149f71a7d2caa566/0x0.jpg?format=jpg&amp;height=900&amp;width=1600&amp;fit=bounds",
        "performance_score": 0,
        "domain_rank": 63,
        "domain_rank_updated": "2023-12-26T12:06:20.000+02:00",
        "reach": null,
        "social": {
            "facebook": {
                "likes": 0,
                "comments": 0,
                "shares": 6
            },
            "gplus": {
                "shares": 0
            },
            "pinterest": {
                "shares": 0
            },
            "linkedin": {
                "shares": 0
            },
            "stumbledupon": {
                "shares": 0
            },
            "vk": {
                "shares": 0
            }
        }
    },
    "uuid": "20b75ef8552c08f428aafa3d2163e5d845eb4296",
    "url": "https://www.forbes.com/sites/forbestechcouncil/2023/12/27/business-scheduling-is-broken-heres-how-to-fix-it/",
    "ord_in_thread": 0,
    "parent_url": null,
    "author": "Gleb Polyakov",
    "published": "2023-12-27T02:00:00.000+02:00",
    "title": "Business Scheduling Is Broken—Here’s How To Fix It",
    "text": "Co-founder and CEO of Nylas .\nNo matter what your morning routine involves, odds are that it involves you looking over your calendar to see how many meetings you have that day. And odds are, it’s a lot. In the United States alone, there are 11 million meetings held each day . This extrapolates out to 55 million meetings every week and more than 1 billion per year. Throw in remote and hybrid work, and this number is only expected to climb.\nYet despite the number of meetings we find ourselves in, the process of scheduling meetings and managing our calendars remains inefficient, archaic and frustrating. While this may seem like a minor inconvenience, the reality is that the manual processes that come with business scheduling and calendar management can have very tangible impacts on productivity and, thus, impact business outcomes and growth.\nWhy Scheduling Is Ripe For Disruption 1. Increased complexity: As businesses grow and teams become more dispersed, the complexity of scheduling meetings has become significantly more challenging. The need to take into account multiple time zones, work patterns and personal preferences of various team members has made scheduling much more difficult and time-consuming.\n2. Lack of integration: Many scheduling systems and tools simply do not integrate well with other business tools and platforms. Furthermore, many people now operate off of multiple calendars, so while they may appear to be available, they are actually booked.\nMORE FOR YOU Taylor Swift And Other Jet-Setters Can Send A Climate Message Looking For A Career Change In 2024? 5 Steps For A YOLO Strategy. The World’s Best Rums-2023 Competition Edition 3. Inefficient scheduling: Plain and simple, trying to schedule a time to meet, especially when it involves multiple people, can be incredibly time-consuming.\nEnter AI And APIs The combination of AI and APIs can completely disrupt the way we schedule meetings. These tools can automate scheduling workflows, curate personalized and data-driven user experiences and ultimately increase productivity and collaboration at scale.\n1. Advanced learning algorithms: AI and APIs can combine contextual information with machine learning in order to better understand individual preferences and historical meeting patterns. Over time, with the use of these tools, teams can not only automate the scheduling process but also do so in a way that predicts optimal meeting times, durations and much more.\n2. Cross-platform data integrations: With numerous calendars and tools, the ability to integrate them all and synchronize information and availability has become increasingly important. With these integrations in place, organizations can ensure that changes in one calendar are immediately reflected across all connected devices and platforms.\n3. Interoperability: By integrating scheduling platforms into other communication channels and parts of your tech stack, users no longer have to switch tools to get a meeting in the books. By enabling users to do all of their work and scheduling within a single interface companies can dramatically cut down on the time needed to toggle between various systems in order to simply schedule a meeting. In doing so, organizations can not only foster a better user experience but enhance time management, productivity and efficiency as well.\nInstilling The Right Culture Modern business and strong leadership today extend beyond just great technology. Implementing a scalable company culture that fosters collaboration, creativity and a positive work-life balance is critical to success. And business scheduling plays a key role in this. Meetings are important but not always necessary, and sometimes, it can be more challenging to find time and schedule a meeting than it is to run it.\nOne thing we've done at Nylas is to try to define the types of meetings we aim to have more clearly. This allows people to understand the objective of the meeting, come prepared and work toward a unified goal. We also empower our team to take ownership of their calendar by adopting working hours. This articulates to everyone when they are available and when they do their best work; thus, these are the time frames when meetings should take place.\nWhat The Future Of Scheduling Looks Like The infusion of AI and APIs into the scheduling process represents a significant leap forward in efficiency and functionality. These tools harness the power of predictive analytics, automation, personalization and the ability to work well with and plug into other systems. Together, they create a robust, intelligent and interconnected scheduling ecosystem that can dramatically improve the way businesses manage their time and resources. By embracing these disruptive technologies and taking the necessary steps to assess these tools and layout implementation plans and roadmaps, businesses can begin taking steps toward infusing AI and APIs into their scheduling workflows right away.\nChanging the way we think about and go about scheduling meetings can be a game changer for businesses of all sizes and across all industries. The time is now to begin transforming the way we manage our calendars, and through the use of technology, we can enhance user experiences and foster more collaboration and productivity all through our calendars.",
    "highlightText": "",
    "highlightTitle": "",
    "highlightThreadTitle": "",
    "language": "english",
    "sentiment": "positive",
    "categories": [
        "Science and Technology",
        "Economy, Business and Finance",
        "Labor"
    ],
    "external_links": [
        "https://www.notta.ai/en/blog/meeting-statistics",
        "https://capi.connatix.com/tr/si?token=d1021730-df4b-4127-8be2-fb6a0e4e96e4",
        "https://www.nylas.com/",
        "https://www.capi.connatix.com/tr/si?token=d1021730-df4b-4127-8be2-fb6a0e4e96e4",
        "https://notta.ai/en/blog/meeting-statistics",
        "https://nylas.com/",
        "https://capi.connatix.com/tr/si",
        "https://www.nylas.com"
    ],
    "external_images": [],
    "entities": {
        "persons": [],
        "organizations": [],
        "locations": [
            {
                "name": "nylas",
                "sentiment": "none"
            },
            {
                "name": "united states",
                "sentiment": "none"
            }
        ]
    },
    "rating": null,
    "crawled": "2023-12-27T14:10:20.825+02:00",
    "updated": "2023-12-27T14:10:20.825+02:00"
}