{
    "thread": {
        "uuid": "1ca629472f1430eef227add5968045fd0f3a8fee",
        "url": "https://hk.crntt.com/doc/1071/0/7/0/107107080.html?coluid=7&kindid=0&docid=107107080&mdate=0814144915",
        "site_full": "hk.crntt.com",
        "site": "crntt.com",
        "site_section": "http://hk.crntt.com/crn-webapp/rss/rss_msg.jsp?coluid=7&kindid=0&v=rss_2.0",
        "site_categories": [
            "media"
        ],
        "section_title": "中國評論新聞-中評電訊",
        "site_title": null,
        "title": "國際無線電加密算法再現\"後門\"",
        "title_full": "國際無線電加密算法再現\"後門\"",
        "published": "2025-08-14T09:49:00.000+03:00",
        "replies_count": 0,
        "participants_count": 0,
        "site_type": "news",
        "country": "CN",
        "main_image": "",
        "performance_score": 0,
        "domain_rank": 132111,
        "domain_rank_updated": "2025-06-03T00:00:00.000+03:00",
        "licensing_agency": [],
        "social": {
            "facebook": {
                "likes": 0,
                "comments": 0,
                "shares": 0
            },
            "vk": {
                "shares": 0
            }
        }
    },
    "uuid": "1ca629472f1430eef227add5968045fd0f3a8fee",
    "url": "https://hk.crntt.com/doc/1071/0/7/0/107107080.html?coluid=7&kindid=0&docid=107107080&mdate=0814144915",
    "ord_in_thread": 0,
    "author": null,
    "published": "2025-08-14T09:49:00.000+03:00",
    "title": "國際無線電加密算法再現\"後門\"",
    "text": "【\n大\n中\n小\n】 【\n打 印\n】\n【 第1頁\n第2頁\n第3頁\n】\n國際無線電加密算法再現“後門”\nhttp://www.CRNTT.com\n2025-08-14 14:49:15\n中評社北京8月14日電／據新華社報導，陸地集群無線電標準（TETRA）由歐洲電信標準協會制定，是國際上應用最廣的無線電加密通信標準之一，被摩托羅拉、賽普樂等相關通信設備生產企業廣泛採用，使用範圍遍布100多個國家，主要用於警察、救援、軍隊等部門的加密通信或關鍵基礎設施工業控制系統的數據傳輸。\n2023年，荷蘭安全公司Midnight Blue研究團隊發布報告稱，TETRA的加密算法存在“後門”，部分設備間的無線電加密通信可被快速破解。之後，歐洲電信標準協會建議使用該算法進行敏感通信的用戶需要在TETRA的基礎上增加“端到端加密”。然而，今年8月，Midnight Blue團隊再次宣布，至少有一種歐洲電信標準協會認可的端到端加密系統也存在與TETRA“後門”類似的漏洞。\n研究人員認為，用戶可能在不知情的情況下，獲得了有漏洞、可被破解的無線電加密通信系統。\n巧合的“後門”\nTETRA由歐洲電信標準協會於1995年發布。該標準包含四種加密算法——TEA1、TEA2、TEA3和TEA4，無線電設備製造商可根據產品用途和客戶需求使用這四種算法。名義上，四種加密算法都使用80位密鑰，即使到今天，如此長度的密鑰仍能提供較高的安全性。\n問世以來，TETRA的加密算法長期處於保密狀態，只能提供給簽署保密協議且受信任的第三方，如摩托羅拉等無線電設備製造商，且製造商必須在其產品中加入保護措施，以確保這些算法不會被輕易提取和分析。\n荷蘭研究人員購買了摩托羅拉某型無線電設備，並突破了摩托羅拉的保護措施，找到並提取這些算法。在對算法進行逆向研究後，他們發現了TEA1中的“後門”。\n【 第1頁\n第2頁\n第3頁\n】\n【\n大\n中\n小\n】 【\n打 印\n】\n相關新聞：\n遙遠無綫電信號或來自百光年外神秘行星\n(2021-10-13 11:13:49)",
    "highlightText": "",
    "highlightTitle": "",
    "highlightThreadTitle": "",
    "language": "chinese",
    "sentiment": "negative",
    "categories": [
        "Science and Technology",
        "Social Issue",
        "Crime, Law and Justice"
    ],
    "topics": [
        "Science and Technology->scientific standards",
        "Science and Technology->information technology and computer science",
        "Science and Technology->technology and engineering",
        "Social Issue->social problem",
        "Social Issue->social networking",
        "Crime, Law and Justice->law enforcement",
        "Crime, Law and Justice->corruption",
        "Crime, Law and Justice->cyber crime"
    ],
    "ai_allow": true,
    "has_canonical": false,
    "breaking": false,
    "webz_reporter": false,
    "external_links": [],
    "external_images": [],
    "internal_images": [],
    "entities": {
        "persons": [],
        "locations": [],
        "organizations": []
    },
    "syndication": {
        "syndicated": null,
        "syndicate_id": null,
        "first_syndicated": false
    },
    "trust": {
        "categories": [],
        "top_news": [],
        "bias": null,
        "source": {
            "type": null,
            "city": null,
            "state": null,
            "country": null,
            "domain_type": null,
            "agency": null,
            "organization_name": null
        }
    },
    "rating": null,
    "crawled": "2025-08-14T10:06:29.144+03:00",
    "updated": "2025-08-14T10:24:11.000+03:00"
}