{
    "thread": {
        "uuid": "cc234856ba6b33aeb10f08c2249d82068f00c7b0",
        "url": "https://news.knowledia.com/IN/en/articles/climate-heat-extremes-driving-tropical-bird-decline-study-5070f1fcd56b1aef2561d935fea3a8bd7f4ddf5e",
        "site_full": "news.knowledia.com",
        "site": "knowledia.com",
        "site_section": "https://news.knowledia.com/us/en",
        "site_categories": [
            "uncategorized"
        ],
        "section_title": "Knowledia News",
        "site_title": null,
        "title": "Climate heat extremes driving tropical bird decline: study",
        "title_full": "Climate heat extremes driving tropical bird decline: study",
        "published": "2025-08-14T10:05:00.000+03:00",
        "replies_count": 0,
        "participants_count": 1,
        "site_type": "news",
        "country": "US",
        "main_image": "",
        "performance_score": 0,
        "domain_rank": 88553,
        "domain_rank_updated": "2025-06-03T00:00:00.000+03:00",
        "licensing_agency": [],
        "social": {
            "facebook": {
                "likes": 0,
                "comments": 0,
                "shares": 0
            },
            "vk": {
                "shares": 0
            }
        }
    },
    "uuid": "cc234856ba6b33aeb10f08c2249d82068f00c7b0",
    "url": "https://news.knowledia.com/IN/en/articles/climate-heat-extremes-driving-tropical-bird-decline-study-5070f1fcd56b1aef2561d935fea3a8bd7f4ddf5e",
    "ord_in_thread": 0,
    "author": "AFP - Climate and Environment",
    "published": "2025-08-14T10:05:00.000+03:00",
    "title": "Climate heat extremes driving tropical bird decline: study",
    "text": "6 hours ago\ntimesofindia.indiatimes.com\n3 min read difficult Environment Europe News: Tropical bird populations have plummeted not only due to deforestation but also extreme heat attributable to climate change, according to a study publ Representative image\nInvasive species another threat\nPARIS: Tropical bird populations have plummeted not only due to deforestation but also extreme heat attributable to climate change, according to a study published on Monday in the journal Nature Ecology & Evolution.Intensifying temepratures caused a 25-38 percent reduction in tropical bird populations between 1950 and 2020, compared to a scenario without manmade global warming, scientists based in Europe and Australia reported.\"The findings are pretty stark,\" lead author Maximilian Kotz, a researcher at the National Supercomputing Centre in Barcelona and the Potsdam Institute for Climate Impact Research (PIK), told AFP.Bird populations in the tropics now face 30 days of heat extremes per year compared to three per year in the mid-20th century, he noted.\"This has major consequences for how we think about biodiversity conservation,\" Kotz said by email. \"Protecting pristine habitats is crucial, but without dealing with climate change it won't be enough for birds.\"Nearly half of all bird species are found in biodiversity-rich tropical regions.These often colourful…\nAFP - Climate and Environment",
    "highlightText": "",
    "highlightTitle": "",
    "highlightThreadTitle": "",
    "language": "english",
    "sentiment": "negative",
    "categories": [
        "Environment",
        "Social Issue",
        "Science and Technology"
    ],
    "topics": [
        "Environment->endangered species",
        "Environment->climate change",
        "Environment->ecosystem",
        "Social Issue->social condition",
        "Social Issue->demographics",
        "Science and Technology->biology",
        "Science and Technology->natural science"
    ],
    "ai_allow": true,
    "has_canonical": false,
    "breaking": false,
    "webz_reporter": false,
    "external_links": [
        "https://timesofindia.indiatimes.com/world/europe/climate-heat-extremes-driving-tropical-bird-decline-study/articleshow/123292473.cms",
        "https://www.timesofindia.indiatimes.com/world/europe/climate-heat-extremes-driving-tropical-bird-decline-study/articleshow/123292473.cms"
    ],
    "external_images": [],
    "internal_images": [],
    "entities": {
        "persons": [
            {
                "name": "Maximilian Kotz",
                "sentiment": "none"
            }
        ],
        "locations": [
            {
                "name": "Europe",
                "sentiment": "none"
            }
        ],
        "organizations": [
            {
                "name": "Potsdam Institute for Climate Impact Research",
                "sentiment": "none",
                "tickers": []
            },
            {
                "name": "National Supercomputing Centre",
                "sentiment": "none",
                "tickers": []
            }
        ]
    },
    "syndication": {
        "syndicated": false,
        "syndicate_id": null,
        "first_syndicated": false
    },
    "trust": {
        "categories": [],
        "top_news": [],
        "bias": null,
        "source": {
            "type": null,
            "city": null,
            "state": null,
            "country": null,
            "domain_type": null,
            "agency": null,
            "organization_name": null
        }
    },
    "rating": null,
    "crawled": "2025-08-14T10:15:03.760+03:00",
    "updated": "2025-08-14T15:39:28.702+03:00"
}