{
    "thread": {
        "uuid": "e316dba5ec68f4ab5f4aaa49e09b26ea63435bea",
        "url": "https://www.asriran.com/fa/news/1085450/گلیوبلاستوما-یکی-از-چالش‌برانگیزترین-سرطان‌هاست-مشاهده-این-تومور-در-کودکان-نادر-است",
        "site_full": "www.asriran.com",
        "site": "asriran.com",
        "site_section": "https://www.asriran.com",
        "site_categories": [
            "media"
        ],
        "section_title": "عصر ایران",
        "site_title": null,
        "title": "گلیوبلاستوما یکی از چالش‌برانگیزترین سرطان‌هاست/ مشاهده این تومور در کودکان نادر است",
        "title_full": "گلیوبلاستوما یکی از چالش‌برانگیزترین سرطان‌هاست/ مشاهده این تومور در کودکان نادر است",
        "published": "2025-08-14T09:09:00.000+03:00",
        "replies_count": 0,
        "participants_count": 1,
        "site_type": "news",
        "country": "US",
        "main_image": "https://cdn.asriran.com/files/fa/news/1404/5/23/2264541_211.webp",
        "performance_score": 0,
        "domain_rank": 34565,
        "domain_rank_updated": "2025-06-03T00:00:00.000+03:00",
        "licensing_agency": [],
        "social": {
            "facebook": {
                "likes": 0,
                "comments": 0,
                "shares": 0
            },
            "vk": {
                "shares": 0
            }
        }
    },
    "uuid": "e316dba5ec68f4ab5f4aaa49e09b26ea63435bea",
    "url": "https://www.asriran.com/fa/news/1085450/گلیوبلاستوما-یکی-از-چالش‌برانگیزترین-سرطان‌هاست-مشاهده-این-تومور-در-کودکان-نادر-است",
    "ord_in_thread": 0,
    "author": "عصر ایران",
    "published": "2025-08-14T09:09:00.000+03:00",
    "title": "گلیوبلاستوما یکی از چالش‌برانگیزترین سرطان‌هاست/ مشاهده این تومور در کودکان نادر است",
    "text": "گلیوبلاستوما یک نوع تومور مغزی بدخیم و تهاجمی است که از سلولهای گلیال (سلولهای پشتیبان مغز) منشا میگیرد. این تومور به سرعت رشد میکند و به بافتهای اطراف مغز نفوذ میکند، که همین امر تشخیص و درمان آن را چالشبرانگیز میکند.\nبه همین بهانه با دکتر مرتضی اشرافی فوق تخصص جراحی مغز واعصاب کودکان بیمارستان فوق تخصصی محک درباره این تومور مغزی، علایم، روش های درمان و ... گفت وگو کرده ایم که در ادامه می خوانید:\nگلیوبلاستوما چیست و چرا تا این حد نگرانکننده محسوب میشود؟\nمغز ما از سلولهای مختلفی تشکیل شده است. دستهای از این سلولها، سلولهای «گلیال» یا «پشتیبان» نام دارند که وظیفهشان حمایت و تغذیه سلولهای اصلی عصبی یا همان نورونهاست. گلیوبلاستوما (Glioblastoma) یا به اختصار GBM، نوعی تومور سرطانی است که از همین سلولهای پشتیبان نشأت میگیرد.\nدلیل نگرانی اصلی ما دو مورد است: اول، سرعت رشد بسیار بالای این تومور. دوم، ماهیت تهاجمی و نفوذی آن. برخلاف بسیاری از تومورها که یک توده مشخص و با مرزهای واضح دارند، گلیوبلاستوما مانند ریشههای یک گیاه در بافت سالم مغز نفوذ میکند. این ویژگی، حذف کامل تومور را از طریق جراحی فوقالعاده دشوار و تقریباً غیرممکن میسازد، چرا که ما نمیتوانیم بافت سالم مغز را بیش از حد دستکاری کنیم.\nچه علائمی ممکن است یک فرد را مشکوک به این بیماری کند؟ آیا علائم خاص و منحصر به فردی دارد؟\nمتأسفانه گلیوبلاستوما علائم اختصاصی ندارد و علائم آن بسته به محل قرارگیری تومور در مغز متفاوت است. اما برخی علائم عمومی و شایع وجود دارند که باید جدی گرفته شوند، خصوصاً اگر به صورت پیشرونده و جدید باشند. این علائم عبارتند از:\nسردردهای شدید و مداوم: که معمولاً صبحها بدتر است و با مسکنهای معمولی بهبود پیدا نمیکند.\nتشنج: شروع ناگهانی تشنج در فردی که سابقه آن را نداشته، یک زنگ خطر جدی است.\nتغییرات شخصیتی یا رفتاری: مثلاً بیتفاوتی، پرخاشگری ناگهانی یا اختلال در قضاوت.\nمشکلات شناختی: مانند اختلال در حافظه کوتاهمدت، مشکل در پیدا کردن کلمات یا عدم تمرکز.\nضعف یا بیحسی پیشرونده در یک سمت بدن (دست یا پا).\nاختلال در تکلم یا بینایی.\nنکته کلیدی این است که این علائم به مرور زمان بدتر میشوند. اگر فردی چنین علائمی را تجربه کرد، باید هرچه سریعتر به متخصص مغز و اعصاب مراجعه کند.\nفرآیند تشخیص چگونه انجام میشود؟\nقدم اول، یک معاینه دقیق عصبی است. ما رفلکسها، قدرت عضلانی، حس، بینایی و تعادل بیمار را بررسی میکنیم. اگر به وجود ضایعهای در مغز مشکوک شویم، قدم بعدی و قطعی، تصویربرداری است.\nابزار طلایی ما برای تشخیص، امآرآی (MRI) مغز با تزریق ماده حاجب است. در تصاویرMRI، گلیوبلاستوما معمولاً به شکل یک توده حلقوی با مرکز مرده (نکروز) دیده میشود که ماده حاجب را به شدت جذب میکند. این نما بسیار شاخص است.\nاما تشخیص نهایی و قطعی، همیشه با نمونهبرداری (بیوپسی) و بررسی آسیبشناسی (پاتولوژی) تایید میشود. یعنی تکهای از تومور، یا در حین جراحی برای برداشتن توده و یا به صورت مجزا، برداشته شده و زیر میکروسکوپ بررسی میشود تا نوع دقیق و درجه بدخیمی سلولها مشخص شود.\nوقتی تشخیص قطعی شد، چه راهکارهایی برای بیمار وجود دارد؟\nدرمان گلیوبلاستوما یک کار تیمی و چند رشتهای است و صرفاً به جراحی محدود نمیشود. پروتکل استاندارد شامل سه بخش اصلی است:\n1. جراحی (Surgical Resection): هدف اول ما، برداشتن حداکثر میزان ممکن از تومور است، البته تا جایی که به عملکردهای حیاتی مغز بیمار (مثل تکلم یا حرکت) آسیبی وارد نشود. هرچه تومور بیشتری برداشته شود، فشار از روی مغز کمتر شده، علائم بیمار بهبود مییابد و اثربخشی درمانهای بعدی بیشتر میشود..\n2. رادیوتراپی (پرتودرمانی): پس از جراحی و بهبود بیمار، مرحله پرتودرمانی به همراه شیمیدرمانی خوراکی آغاز میشود. به مدت حدود شش هفته، به بستر تومور و حاشیه آن اشعه تابانده میشود تا سلولهای سرطانی باقیمانده از بین بروند.\n3. شیمیدرمانی (Chemotherapy): همزمان با رادیوتراپی، بیمار یک داروی شیمیدرمانی خوراکی به نام تموزولوماید (Temozolomide) را دریافت میکند. پس از اتمام دوره پرتودرمانی، این دارو برای چندین دوره دیگر به تنهایی ادامه مییابد.\nپیشآگهی این بیماری چگونه است و چه چشماندازی برای آینده وجود دارد؟\nباید صادقانه بگویم که گلیوبلاستوما همچنان یکی از چالشبرانگیزترین سرطانهاست و متاسفانه علیرغم تمام این درمانهای ترکیبی، بیماری در اکثر موارد پس از مدتی عود میکند. اما این به معنای ناامیدی نیست. اولاً، هدف ما از درمان، افزایش طول عمر بیمار همراه با حفظ کیفیت زندگی است. ما برای هر روز و هر ماه زندگی باکیفیت بیمار میجنگیم.\nثانیاً، علم به سرعت در حال پیشرفت است. تحقیقات گستردهای در زمینه ژنتیک تومور، درمانهای هدفمند (Targeted Therapy) و فعالسازی سیستم ایمنی بدن برای حمله به سلولهای سرطانی در جریان است. هر سال که میگذرد، ما درک بهتری از این بیماری پیدا میکنیم و گامهای کوچکی به جلو برمیداریم.\nیک سوال که شاید ذهن بسیاری از خانوادهها را درگیر کند این است که آیا این بیماری در کودکان هم دیده میشود؟ آیا در بچهها هم گلیوبلاستوما داریم؟\nبله، اما با ملاحظات بسیار مهمی. گلیوبلاستوما میتواند در کودکان هم رخ دهد، اما خوشبختانه بسیار نادر است. به طور کلی، تومورهای مغزی در کودکان نسبت به بزرگسالان الگوهای متفاوتی دارند.\nآگلیوبلاستومای واقعی اطفال، زیرمجموعهای از HGG اطفال است. اما امروزه بسیاری از تومورهایی که قبلاً این نام را میگرفتند، بر اساس پروفایل ژنتیکیشان، نامهای دقیقتری پیدا کردهاند.\nهنوز میتوانیم از این لغت برای تومورهایی در کودکان استفاده کنیم که معیارهای تشخیصی مولکولی و بافتی گلیوبلاستوما را طبق تعریف (WHO) داشته باشند و جهشهای اختصاصی دیگری در آنها یافت نشود. اما پزشکان و پاتولوژیستهای مدرن، تمایل دارند از اصطلاح جامعتر و دقیقتر گلیومای درجه بالای اطفال (Pediatric High-Grade Glioma) استفاده کنند و سپس نوع مولکولی آن را مشخص کنند. این کار به انتخاب درمان هدفمند و پیشبینی آینده بیماری کمک شایانی میکند.\nدر واقع، این تغییر نام، صرفاً یک بازی با کلمات نیست؛ بلکه نشاندهنده درک عمیقتر ما از بیولوژی این تومورها و حرکت به سوی پزشکی دقیق و شخصیسازی شده (Precision Medicine) برای این کودکان است.",
    "highlightText": "",
    "highlightTitle": "",
    "highlightThreadTitle": "",
    "language": "persian",
    "sentiment": "negative",
    "categories": [
        "Health",
        "Science and Technology",
        "Social Issue"
    ],
    "topics": [
        "Health->health treatment and procedure",
        "Health->cancer",
        "Health->medical condition",
        "Science and Technology->biomedical science",
        "Science and Technology->medical research",
        "Science and Technology->biology",
        "Social Issue->children",
        "Social Issue->social services",
        "Social Issue->social problem"
    ],
    "ai_allow": true,
    "has_canonical": false,
    "breaking": false,
    "webz_reporter": false,
    "external_links": [],
    "external_images": [],
    "internal_images": [],
    "entities": {
        "persons": [],
        "locations": [],
        "organizations": []
    },
    "syndication": {
        "syndicated": null,
        "syndicate_id": null,
        "first_syndicated": false
    },
    "trust": {
        "categories": [],
        "top_news": [],
        "bias": null,
        "source": {
            "type": null,
            "city": null,
            "state": null,
            "country": null,
            "domain_type": null,
            "agency": null,
            "organization_name": null
        }
    },
    "rating": null,
    "crawled": "2025-08-14T09:20:49.880+03:00",
    "updated": "2025-08-14T09:34:40.000+03:00"
}