{
    "thread": {
        "uuid": "124e5360746f79c3216d49bc62ae7cc4c6c000e7",
        "url": "https://www.rbc.ru/rbcfreenews/688aad269a7947bb833edfe6",
        "site_full": "www.rbc.ru",
        "site": "rbc.ru",
        "site_section": "http://static.feed.rbc.ru/rbc/logical/footer/news.rss",
        "site_categories": [
            "non_standard_content",
            "adult",
            "top_news_ru",
            "top_news_il",
            "top_news"
        ],
        "section_title": "www.rbc.ru",
        "site_title": "Последние новости дня в России и мире сегодня - свежие новости на РБК",
        "title": "Замглавы «Роскосмоса» Крикалев: утечка воздуха на российской части МКС продолжается - РБК",
        "title_full": "Замглавы «Роскосмоса» Крикалев: утечка воздуха на российской части МКС продолжается - РБК",
        "published": "2025-07-31T03:04:00.000+03:00",
        "replies_count": 0,
        "participants_count": 1,
        "site_type": "news",
        "country": "RU",
        "main_image": "https://s0.rbk.ru/v6_top_pics/media/img/7/29/347539687390297.jpg",
        "performance_score": 0,
        "domain_rank": 1758,
        "domain_rank_updated": "2025-06-03T00:00:00.000+03:00",
        "licensing_agency": [],
        "social": {
            "facebook": {
                "likes": 0,
                "comments": 0,
                "shares": 0
            },
            "vk": {
                "shares": 1
            }
        }
    },
    "uuid": "124e5360746f79c3216d49bc62ae7cc4c6c000e7",
    "url": "https://www.rbc.ru/rbcfreenews/688aad269a7947bb833edfe6",
    "ord_in_thread": 0,
    "author": "@ru_rbc",
    "published": "2025-07-31T03:04:00.000+03:00",
    "title": "Замглавы «Роскосмоса» Крикалев: утечка воздуха на российской части МКС продолжается - РБК",
    "text": "Фото: Госкорпорация «Роскосмос» На российской части МКС продолжается утечка воздуха, заявил замглавы «Роскосмоса» по пилотируемым и автоматическим комплексам Сергей Крикалев на предстартовой пресс-конференции миссии Crew-11.\n«Утечка продолжается», — отметил Крикалев.\nПо его словам, потеря воздуха на российском сегменте значительно снизилась после недавнего ремонта.\nrbc.group В середине июля в «Роскосмосе» сообщили , что утечка воздуха из модуля «Звезда» после очередного этапа герметизации переходной камеры впервые с момента обнаружения полностью прекратилась.\nrbc.group\nВпервые утечку заметили в 2019 году. С августа 2020 года экипаж МКС устраняет дефекты в модуле «Звезда». В «Роскосмосе» предполагали, что причина неполадки находится в американском сегменте МКС, однако она была в модуле «Звезда», позднее там обнаружили трещину.\nПосле падения давления на МКС в августе 2020 года весь экипаж станции был изолирован в модуле «Звезда» . Герметичность модуля пообещали восстановить и заверили в отсутствии угроз жизни и здоровью экипажа. Трещину замазали, утечка кислорода уменьшилась, но не прекратилась.\nЧитайте РБК в Telegram .\nПоделиться Поделиться Вконтакте Одноклассники Telegram Дарья Беспалько Пять стратегий инвестора в недвижимость: как устроены и какую выбрать",
    "highlightText": "",
    "highlightTitle": "",
    "highlightThreadTitle": "",
    "language": "russian",
    "sentiment": "negative",
    "categories": [
        "Science and Technology",
        "Social Issue"
    ],
    "topics": [
        "Science and Technology->scientific exploration",
        "Science and Technology->scientific research",
        "Science and Technology->technology and engineering",
        "Social Issue->demographics"
    ],
    "ai_allow": true,
    "has_canonical": false,
    "breaking": null,
    "webz_reporter": false,
    "external_links": [
        "https://s0.rbk.ru/v6_top_pics/resized/900xH/media/img/1/50/347539446669501.jpeg",
        "https://s0.rbk.ru/v6_top_pics/media/img/1/50/347539446669501.jpeg",
        "https://s0.rbk.ru/v6_top_pics/resized/1010xH/media/img/1/50/347539446669501.jpeg",
        "https://s0.rbk.ru/v6_top_pics/resized/640xH/media/img/1/50/347539446669501.jpeg",
        "https://s0.rbk.ru/v6_top_pics/resized/500xH/media/img/1/50/347539446669501.jpeg",
        "https://s0.rbk.ru/v6_top_pics/resized/590xH/media/img/1/50/347539446669501.jpeg",
        "https://s0.rbk.ru/v6_top_pics/resized/600xH/media/img/2/39/347435097185392.jpeg",
        "https://t.me/+o--H2lU_IO83NmUy",
        "https://s0.rbk.ru/v6_top_pics/media/img/2/39/347435097185392.jpeg",
        "https://t.me/roscosmos_gk/17593",
        "https://rbc.group/advertisers/",
        "https://s0.rbk.ru/v6_top_pics/resized/300xH/media/img/2/39/347435097185392.jpeg",
        "https://s0.rbk.ru/v6_top_pics/resized/320xH/media/img/1/50/347539446669501.jpeg",
        "https://s0.rbk.ru/v6_top_pics/resized/400xH/media/img/1/50/347539446669501.jpeg",
        "https://s0.rbk.ru/v6_top_pics/resized/800xH/media/img/1/50/347539446669501.jpeg",
        "https://s0.rbk.ru/v6_top_pics/resized/768xH/media/img/1/50/347539446669501.jpeg",
        "http://www.youtube.com/watch?v=fZXBSV6B37I",
        "https://www.s0.rbk.ru/v6_top_pics/resized/1010xH/media/img/1/50/347539446669501.jpeg",
        "https://www.s0.rbk.ru/v6_top_pics/resized/900xH/media/img/1/50/347539446669501.jpeg",
        "https://www.s0.rbk.ru/v6_top_pics/media/img/2/39/347435097185392.jpeg",
        "http://youtube.com/watch?v=fZXBSV6B37I",
        "https://www.t.me/roscosmos_gk/17593",
        "https://www.s0.rbk.ru/v6_top_pics/resized/768xH/media/img/1/50/347539446669501.jpeg",
        "https://www.s0.rbk.ru/v6_top_pics/resized/590xH/media/img/1/50/347539446669501.jpeg",
        "https://www.rbc.group/advertisers/",
        "https://www.s0.rbk.ru/v6_top_pics/resized/640xH/media/img/1/50/347539446669501.jpeg",
        "https://rbc.group/advertisers",
        "https://www.s0.rbk.ru/v6_top_pics/resized/800xH/media/img/1/50/347539446669501.jpeg",
        "https://www.s0.rbk.ru/v6_top_pics/media/img/1/50/347539446669501.jpeg",
        "https://www.s0.rbk.ru/v6_top_pics/resized/320xH/media/img/1/50/347539446669501.jpeg",
        "https://www.s0.rbk.ru/v6_top_pics/resized/600xH/media/img/2/39/347435097185392.jpeg",
        "https://www.t.me/+o--H2lU_IO83NmUy",
        "http://www.youtube.com/watch",
        "https://www.s0.rbk.ru/v6_top_pics/resized/300xH/media/img/2/39/347435097185392.jpeg",
        "https://www.s0.rbk.ru/v6_top_pics/resized/400xH/media/img/1/50/347539446669501.jpeg",
        "https://www.s0.rbk.ru/v6_top_pics/resized/500xH/media/img/1/50/347539446669501.jpeg"
    ],
    "external_images": [],
    "internal_images": [],
    "entities": {
        "persons": [],
        "locations": [],
        "organizations": []
    },
    "syndication": {
        "syndicated": null,
        "syndicate_id": null,
        "first_syndicated": false
    },
    "trust": {
        "categories": [],
        "top_news": [
            "top_news_ru",
            "top_news_il",
            "top_news"
        ],
        "bias": null,
        "source": {
            "type": null,
            "city": null,
            "state": null,
            "country": null,
            "domain_type": null,
            "agency": null,
            "organization_name": null
        }
    },
    "rating": null,
    "crawled": "2025-08-14T08:26:39.852+03:00",
    "updated": "2025-08-15T09:10:05.000+03:00"
}