{
    "thread": {
        "uuid": "012b92f833b38a12440fb4e00b84e5994f992ba1",
        "url": "https://ana.ir/fa/news/990619/آتش-پارکینسون-از-روده-زبانه-می‌کشد",
        "site_full": "ana.ir",
        "site": "ana.ir",
        "site_section": "https://ana.ir",
        "site_categories": [
            "media"
        ],
        "section_title": "آنا؛ خبرگزاری دانشگاه",
        "site_title": null,
        "title": "آتش پارکینسون از روده زبانه می‌کشد - خبرگزاری آنا",
        "title_full": "آتش پارکینسون از روده زبانه می‌کشد - خبرگزاری آنا",
        "published": "2025-08-14T07:27:00.000+03:00",
        "replies_count": 0,
        "participants_count": 1,
        "site_type": "news",
        "country": "IR",
        "main_image": "https://ana.ir/files/fa/news/1404/5/21/932367_565.jpg",
        "performance_score": 0,
        "domain_rank": 177044,
        "domain_rank_updated": "2025-06-03T00:00:00.000+03:00",
        "licensing_agency": [],
        "social": {
            "facebook": {
                "likes": 0,
                "comments": 0,
                "shares": 0
            },
            "vk": {
                "shares": 0
            }
        }
    },
    "uuid": "012b92f833b38a12440fb4e00b84e5994f992ba1",
    "url": "https://ana.ir/fa/news/990619/آتش-پارکینسون-از-روده-زبانه-می‌کشد",
    "ord_in_thread": 0,
    "author": "ستایش آل یاسین",
    "published": "2025-08-14T07:27:00.000+03:00",
    "title": "آتش پارکینسون از روده زبانه می‌کشد - خبرگزاری آنا",
    "text": "آتش پارکینسون از روده زبانه میکشد\nسالها «بیماری پارکینسون» تنها به عنوان اختلالی مغزی شناخته میشد؛ بیماریای که با خاموش شدن سلولهای تولیدکننده «دوپامین» (Dopamine) در مغز، حرکت و تعادل را بهتدریج از بیمار میگیرد. اما نشانههایی که گاه دههها پیش از بروز مشکلات حرکتی پدیدار میشوند، داستان دیگری روایت میکنند؛ یبوست مزمن، خوابهای ناآرام و کاهش حس بویایی، همه خبر از آغاز مسیری میدهند که ظاهراً از مغز شروع نشده است. در دل روده، جایی که میلیاردها میکروب در سکوت زندگی میکنند، تغییری آرام، اما عمیق رخ میدهد و همین تغییر، شاید نخستین جرقه این بیماری باشد. امروز، پژوهشهای تازه با دنبال کردن رد این تغییرات، ارتباطی شگفتانگیز میان میکروبهای روده و «بیماری پارکینسون» را آشکار ساختهاند.\nروده و میکروبیوم؛ کلید راز بیماری\nنشانههای این تغییر دیدگاه به تدریج و از چند دهه پیش آشکار شد. پزشکان متوجه شدند که بسیاری از بیماران، سالها پیش از بروز علائم حرکتی، از مشکلاتی مانند یبوست مزمن، اختلالات خواب و حتی کاهش حس بویایی رنج میبرند. این علائم زودهنگام، که گاهی تا ۲۰ سال پیش از مشکلات حرکتی دیده میشوند، سرنخی مهم برای دانشمندان بود که شاید بیماری از جایی خارج از مغز آغاز میشود. با پیشرفت فناوری «توالییابی ژنوم میکروبی» (Microbiome sequencing) و امکان بررسی دقیق «میکروبیوم روده»\n(Gut microbiome)، پژوهشگران شروع به مقایسه جمعیت باکتریهای روده در بیماران و افراد سالم کردند. نتایج اولیه حیرتآور بود. بیماران پارکینسون نهتنها ترکیب متفاوتی از باکتریها داشتند، بلکه تغییرات میکروبیوم آنها سالها پیش از ظهور علائم حرکتی رخ میداد.\nمطالعه جدید و کشف ارتباط ویتامینها\nدر تازهترین گام، تیمی به سرپرستی «هیروشی نیشیوآکی» (Hiroshi Nishiwaki) از «دانشگاه ناگویا» (Nagoya University) ژاپن، پژوهشی منتشر کرد که نقطه عطفی در فهم این ارتباط به شمار میرود. آنها نمونههای مدفوع ۹۴ بیمار پارکینسونی و ۷۳ فرد سالم نسبی را در ژاپن آنالیز کردند و نتایج را با دادههای حاصل از چین، تایوان، آلمان و آمریکا مقایسه کردند. با وجود تفاوتهای جغرافیایی و گونههای مختلف باکتریایی، الگوی یکسانی دیده شد: مسیرهای زیستی مربوط به تولید دو ویتامین حیاتی به نامهای «ریبوفلاوین» (Riboflavin)، «ب ۲» (B2)، «بیوتین» (Biotin) و «ب ۷» (B7) در بیماران دچار اختلال بود.\nتأثیر کمبود ویتامینها بر سلامت مخاط روده\nاین یافته نقطه شروع زنجیرهای از اتفاقات بیوشیمیایی را توضیح میدهد. کاهش ریبوفلاوین و بیوتین به افت سطح «اسیدهای چرب کوتاهزنجیر» (Short-chain fatty acids - SCFAs) و «پلیآمینها» (Polyamines) منجر میشود. این دو ترکیب برای حفظ سلامت لایه مخاطی روده و جلوگیری از افزایش نفوذپذیری آن حیاتیاند. وقتی لایه مخاطی ضعیف میشود، روده به اصطلاح «نشتپذیر» میگردد و سموم محیطی از جمله مواد شوینده، آفتکشها و علفکشها به آسانی وارد جریان خون میشوند.\nاینجاست که نقش این سموم در مکانیسم پارکینسون آشکار میشود. تحقیقات نشان دادهاند که چنین ترکیباتی میتوانند تولید بیشازحد «فیبریلهای آلفا-سینوکلئین» (Alpha-synuclein fibrils) را تحریک کنند. این پروتئینها به شکل غیرطبیعی تاخورده، تمایل به تجمع در سلولهای عصبی دارند و در بیماران پارکینسون، بهویژه در سلولهای تولیدکننده دوپامین، انباشته میشوند. تجمع آنها نهتنها عملکرد سلولی را مختل میکند، بلکه التهاب عصبی را نیز دامن میزند. این التهاب، به مرور زمان، مسیرهای حرکتی مغز را تخریب کرده و علائم کلاسیک بیماری را آشکار میکند.\nاز روده تا مغز؛ مسیر انتقال پروتئینهای آسیبزا\nبه گزارش سایت «ساینس آلارت» (science alert) شواهد نشان میدهند که این پروتئینهای سمی میتوانند از روده به مغز منتقل شوند، احتمالاً این کار از طریق «عصب واگ» (Vagus nerve) که یکی از مهمترین شاهراههای ارتباطی روده و مغز است؛ انجام میشود. این مسیر انتقال، ایده «محور روده-مغز» (Gut-Brain Axis) را از یک فرضیه به یک مدل علمی معتبر ارتقا داده است.\nاین یافتهها همچنین با شواهد تاریخی همخوانی دارند. یک مطالعه در سال ۲۰۰۳ نشان داد که مصرف دوز بالای ریبوفلاوین میتواند عملکرد حرکتی بیماران پارکینسون را بهبود دهد، بهویژه در بیمارانی که گوشت قرمز را از رژیم خود حذف کردهاند. آن زمان ارتباط مستقیمی میان کمبود این ویتامین و تغییرات میکروبیوم مطرح نبود، اما امروز این حلقه گمشده بهخوبی پیدا شده است.\nبا این حال، پژوهشگران تأکید میکنند که پارکینسون یک بیماری چندعاملی است و همه بیماران از مسیر بیوشیمیایی یکسانی به آن نمیرسند. برخی ممکن است بیشتر تحت تأثیر عوامل ژنتیکی باشند، برخی دیگر بیشتر از عوامل محیطی آسیب ببینند، و در تعدادی، ترکیبی از هر دو عامل نقش داشته باشد. از این رو، توصیه میشود که پیش از هر مداخله درمانی، آنالیز میکروبهای روده یا بررسیهای مدفوع انجام شود تا کمبودهای خاص هر بیمار شناسایی گردد. سپس میتوان بهطور هدفمند مکمل ریبوفلاوین و بیوتین را تجویز کرد.\nنگاهی فراگیر به آینده درمان پارکینسون\nاین دیدگاه جدید، پیام مهمی برای پیشگیری نیز دارد. اگر میکروبیوم سالم بتواند از بروز تغییرات آغازین بیماری جلوگیری کند، آنگاه تغییرات سبک زندگی، رژیم غذایی غنی از فیبر و پروبیوتیکها، و کاهش تماس با آلایندههای شیمیایی میتواند بخشی از استراتژی پیشگیری باشد. چنین رویکردی نهتنها بر بهبود کیفیت زندگی بیماران تمرکز دارد، بلکه ممکن است بتواند آغاز بیماری را به تأخیر بیندازد یا حتی از آن جلوگیری کند.\nبه این ترتیب، آنچه زمانی تنها در محدوده مغز جستوجو میشد، اکنون به نقشهای گستردهتر و چندبعدی بدل شده است که روده، سیستم ایمنی، محیط زیست و سبک زندگی را در هم میآمیزد. آینده درمان پارکینسون شاید در ترکیبی از مداخلات دارویی، اصلاح میکروبیوم و تغییرات محیطی نهفته باشد رویکردی که ریشه بیماری را هدف میگیرد، نه فقط شاخههای آن.\nآنچه سالها به عنوان یک اختلال صرفاً مغزی شناخته میشد، امروز چهرهای تازه یافته است. «بیماری پارکینسون» دیگر فقط داستان مرگ سلولهای عصبی در مغز نیست؛ بخشی از روایت آن در ژرفای رودهها نوشته میشود، جایی که تغییرات میکروبیوم میتواند آغازگر زنجیرهای از رویدادها باشد که به تخریب عصبی منتهی میشوند. این کشف نهتنها افق تازهای برای درک مکانیزم بیماری گشوده، بلکه امید به مداخلات سادهتر و مؤثرتر از مکملهای ویتامینهای گروه «ب» گرفته تا اصلاح سبک زندگی و کاهش تماس با سموم را زنده کرده است. آینده درمان پارکینسون، بیش از هر زمان دیگر، در گرو نگاه جامع به بدن و احترام به پیوند ظریف میان روده و مغز خواهد بود.\nانتهای پیام/",
    "highlightText": "",
    "highlightTitle": "",
    "highlightThreadTitle": "",
    "language": "persian",
    "sentiment": "negative",
    "categories": [
        "Health",
        "Social Issue",
        "Science and Technology"
    ],
    "topics": [
        "Health->medical condition",
        "Health->mental health and disorder",
        "Health->disease and condition",
        "Social Issue->social services",
        "Social Issue->disabilities",
        "Science and Technology->biomedical science",
        "Science and Technology->medical research"
    ],
    "ai_allow": true,
    "has_canonical": false,
    "breaking": false,
    "webz_reporter": false,
    "external_links": [
        "https://www.sciencealert.com/parkinsons-link-to-gut-bacteria-hints-at-an-unexpected-simple-treatment",
        "https://scholar.google.com/scholar?hl=fa&as_sdt=0,5&q=Hiroshi+Nishiwaki",
        "https://en.nagoya-u.ac.jp/",
        "https://www.scielo.br/j/bjmbr/a/BM4WLJBtjxF8Cx3wFsjFhKb/?format=pdf",
        "https://en.nagoya-u.ac.jp",
        "https://www.scholar.google.com/scholar?hl=fa&as_sdt=0,5&q=Hiroshi+Nishiwaki",
        "https://scholar.google.com/scholar",
        "https://www.en.nagoya-u.ac.jp/",
        "https://sciencealert.com/parkinsons-link-to-gut-bacteria-hints-at-an-unexpected-simple-treatment",
        "https://scielo.br/j/bjmbr/a/BM4WLJBtjxF8Cx3wFsjFhKb/?format=pdf",
        "https://www.scielo.br/j/bjmbr/a/BM4WLJBtjxF8Cx3wFsjFhKb/"
    ],
    "external_images": [],
    "internal_images": [
        "https://ana.ir/files/fa/news/1404/5/21/932367_565.jpg"
    ],
    "entities": {
        "persons": [],
        "locations": [],
        "organizations": []
    },
    "syndication": {
        "syndicated": null,
        "syndicate_id": null,
        "first_syndicated": false
    },
    "trust": {
        "categories": [],
        "top_news": [],
        "bias": null,
        "source": {
            "type": null,
            "city": null,
            "state": null,
            "country": null,
            "domain_type": null,
            "agency": null,
            "organization_name": null
        }
    },
    "rating": null,
    "crawled": "2025-08-14T08:18:38.758+03:00",
    "updated": "2025-08-14T08:22:46.000+03:00"
}