{
    "thread": {
        "uuid": "f71394f4f5f89807d2e23ee3122036107ce6411c",
        "url": "https://www.ip-insider.de/kommunikation-am-abgrund-wenn-die-cloud-telefonie-versagt-a-9a009ca27a5ea36924f539e5c2b17192/",
        "site_full": "www.ip-insider.de",
        "site": "ip-insider.de",
        "site_section": "https://ip-insider.de/anbieter/",
        "site_categories": [
            "tech"
        ],
        "section_title": "Anbieterübersicht auf ip-insider",
        "site_title": "IP-Insider - Fachportal für Netzwerktechnik, Routing &amp; Switching, SDN, IP-Kommunikation und UCC",
        "title": "Cloud-Telefonie: Ausfälle bedrohen Unternehmenskommunikation",
        "title_full": "Cloud-Telefonie: Ausfälle bedrohen Unternehmenskommunikation",
        "published": "2025-08-14T08:00:00.000+03:00",
        "replies_count": 0,
        "participants_count": 1,
        "site_type": "news",
        "country": "DE",
        "main_image": "https://cdn1.vogel.de/n7yrQFU9vOc5SktiHNyW77okDbs=/fit-in/1200x630/filters:format(png):quality(90)/p7i.vogel.de/wcms/a2/8d/a28d505d872b0dd0ea34139151406f79/0125540026v1.jpeg",
        "performance_score": 0,
        "domain_rank": 155865,
        "domain_rank_updated": "2025-06-03T00:00:00.000+03:00",
        "licensing_agency": [],
        "social": {
            "facebook": {
                "likes": 0,
                "comments": 0,
                "shares": 0
            },
            "vk": {
                "shares": 0
            }
        }
    },
    "uuid": "f71394f4f5f89807d2e23ee3122036107ce6411c",
    "url": "https://www.ip-insider.de/kommunikation-am-abgrund-wenn-die-cloud-telefonie-versagt-a-9a009ca27a5ea36924f539e5c2b17192/",
    "ord_in_thread": 0,
    "author": "Berk Kutsal",
    "published": "2025-08-14T08:00:00.000+03:00",
    "title": "Cloud-Telefonie: Ausfälle bedrohen Unternehmenskommunikation",
    "text": "Ausfallrisiko Cloud Kommunikation am Abgrund: Wenn die Cloud-Telefonie versagt 14.08.2025 Von Berk Kutsal 2 min Lesedauer Anbieter zum Thema\nCloud-Telefonie gilt in deutschen Unternehmen als Rückgrat der Kommunikation – bis ein Ausfall die Prozesse lahmlegt und Millionenschäden drohen. Die jüngsten Störungen zeigen, wie verwundbar die digitale Infrastruktur ist. Vodia-CEO Stredicke benennt technische Schwachstellen und konkrete Handlungsoptionen.\nCloud-Telefonie-Ausfälle verursachen Millionenschäden. Wie Unternehmen Risiken mit Multi-Cloud, Backups und Transparenz minimieren können. (Bild: KI-generiert) Laut dem Cloud Report 2025 von Bitkom könnten fast zwei Drittel der deutschen Unternehmen nicht mehr ohne Cloud arbeiten. Doch zentrale Dienste bergen Risiken. Fällt die Cloud-Telefonie aus, steht die Kommunikation oft still. Nach Berechnungen des Beratungshauses Gartner schlägt jede Ausfallminute im Durchschnitt mit 5.150 Euro zu Buche. Der Schaden bei einem Tagesausfall, wie jüngst bei Google Cloud oder Cloudflare , könne damit die Sieben-Millionen-Marke überschreiten. „Zentrale IT-Strukturen sorgen dafür, dass ein Fehler zu einem Ausfall vieler Systeme gleichzeitig führt, wie ein Dominoeffekt“, erklärt Dr. Christian Stredicke, CEO des Telefonanlagenanbieters Vodia .\nMulti-Cloud und Backups als Rettungsanker Das Problem: Die operative Schlagkraft moderner Unternehmen hängt heute an Cloud-basierten Diensten. Besonders die Cloud-Telefonie vereinfache zwar hybride Arbeitsmodelle und biete Flexibilität, mache die Betriebe aber auch anfällig. Um die Ausfallsicherheit zu erhöhen, empfiehlt Stredicke unter anderem Multi-Cloud-Strategien. Dabei werden verschiedene Anbieter gezielt kombiniert – etwa für Telefonie und Videokonferenzen – um Abhängigkeiten zu verringern.\nAlternativ könnten Unternehmen sensible Systeme lokal betreiben. „On-Premises bietet maximale Sicherheit, erfordert aber mehr Aufwand, weil die Skalierungseffekte der Cloud verloren gehen“, so Stredicke. Ein zentraler Baustein bleibt das Backup: Nur wer regelmäßig Sicherungskopien extern speichert, kann im Ernstfall schnell wieder einsatzbereit sein. Automatisierte Skripte, die Backups auf externe Server übertragen, sind gängige Praxis. Doch viele Cloud-Dienste bieten gar keine Möglichkeit, Backups außerhalb der eigenen Umgebung einzuspielen, warnt der Experte.\nVertrauensfrage: Daten, KI und Chat-Inhalte Die Risiken der Cloud sind oft schwer zu durchschauen – gerade im Zeitalter der Künstlichen Intelligenz. Laut Stredicke sei vielen IT-Verantwortlichen nicht bewusst, dass Cloud-Anbieter Daten nicht nur speichern, sondern auch für KI-Training nutzen könnten. Dabei gehe es zunehmend um Gesprächsinhalte, nicht mehr nur um Metadaten.\nBei günstigen Anbietern könnten Gespräche analysiert und die Inhalte für neue Dienste verwendet werden. „Im Extremfall kann das bedeuten, dass man seinen Chat-Roboter der Wahl fragen kann, worüber die Konkurrenz gestern mit dem Kunden gesprochen hat, wenn man das richtige Abonnement bezahlt hat“, so Stredicke. Zudem empfiehlt er, auf Cloud-Systeme zu setzen, die Gesprächsinhalte nicht auswerten. Die Nutzungsbedingungen seien oft undurchsichtig und vor allem auf Seiten der Anbieter ausgelegt. Wer auf Progressive Web Apps setzt, könne das Risiko von unerwünschtem Datenzugriff zumindest technisch begrenzen.\n(ID:50476527)",
    "highlightText": "",
    "highlightTitle": "",
    "highlightThreadTitle": "",
    "language": "german",
    "sentiment": "negative",
    "categories": [
        "Science and Technology",
        "Economy, Business and Finance",
        "Social Issue"
    ],
    "topics": [
        "Science and Technology->information technology and computer science",
        "Science and Technology->technology and engineering",
        "Economy, Business and Finance->business service",
        "Economy, Business and Finance->business information",
        "Economy, Business and Finance->computing and information technology",
        "Social Issue->social networking",
        "Social Issue->social services"
    ],
    "ai_allow": true,
    "has_canonical": false,
    "breaking": null,
    "webz_reporter": false,
    "external_links": [
        "https://web.vodia.com/",
        "https://blog.synology.com/ger/cloud-ausfall-wie-unternehmen-trotzdem-handlungsfaehig-bleiben/",
        "https://mashable.com/article/google-cloudflare-amazon-internet-outage-june-2025",
        "https://www.bitkom.org/Presse/Presseinformation/Wirtschaft-ruft-nach-deutscher-Cloud",
        "https://cdn1.vogel.de/qkv8OR64-REuIFa_RAd2zMqYpWI=/fit-in/1000x0/p7i.vogel.de/wcms/a2/8d/a28d505d872b0dd0ea34139151406f79/0125540026v1.jpeg",
        "https://cdn1.vogel.de/xPhszNy7NXn-FBvpXyrwu7NFAJ4=/fit-in/800x0/p7i.vogel.de/wcms/a2/8d/a28d505d872b0dd0ea34139151406f79/0125540026v1.jpeg",
        "https://www.cdn1.vogel.de/qkv8OR64-REuIFa_RAd2zMqYpWI=/fit-in/1000x0/p7i.vogel.de/wcms/a2/8d/a28d505d872b0dd0ea34139151406f79/0125540026v1.jpeg",
        "https://www.mashable.com/article/google-cloudflare-amazon-internet-outage-june-2025",
        "https://www.web.vodia.com/",
        "https://bitkom.org/Presse/Presseinformation/Wirtschaft-ruft-nach-deutscher-Cloud",
        "https://www.cdn1.vogel.de/xPhszNy7NXn-FBvpXyrwu7NFAJ4=/fit-in/800x0/p7i.vogel.de/wcms/a2/8d/a28d505d872b0dd0ea34139151406f79/0125540026v1.jpeg",
        "https://web.vodia.com",
        "https://blog.synology.com/ger/cloud-ausfall-wie-unternehmen-trotzdem-handlungsfaehig-bleiben",
        "https://www.blog.synology.com/ger/cloud-ausfall-wie-unternehmen-trotzdem-handlungsfaehig-bleiben/"
    ],
    "external_images": [],
    "internal_images": [],
    "entities": {
        "persons": [],
        "locations": [],
        "organizations": []
    },
    "syndication": {
        "syndicated": null,
        "syndicate_id": null,
        "first_syndicated": false
    },
    "trust": {
        "categories": [],
        "top_news": [],
        "bias": null,
        "source": {
            "type": null,
            "city": null,
            "state": null,
            "country": null,
            "domain_type": null,
            "agency": null,
            "organization_name": null
        }
    },
    "rating": null,
    "crawled": "2025-08-14T09:33:54.981+03:00",
    "updated": "2025-08-14T09:42:32.000+03:00"
}