{
    "thread": {
        "uuid": "8f251ea3730189459f2fee30e22620e82f479064",
        "url": "https://news.myseldon.com/en/news/index/333589396",
        "site_full": "news.myseldon.com",
        "site": "myseldon.com",
        "site_section": "https://news.myseldon.com/en/rubric/1",
        "site_categories": [
            "media"
        ],
        "section_title": "Seldon.News - your go-to news aggregator",
        "site_title": null,
        "title": "Эксперт Никольская: Массовое внедрение гуманоидных роботов в быт пока невозможно | Hi-Tech | Seldon News",
        "title_full": "Эксперт Никольская: Массовое внедрение гуманоидных роботов в быт пока невозможно | Hi-Tech | Seldon News",
        "published": "2025-08-14T08:47:29.252+03:00",
        "replies_count": 0,
        "participants_count": 0,
        "site_type": "news",
        "country": "RU",
        "main_image": "https://b1.mskagency.ru/c/1030808.400xp.jpg",
        "performance_score": 0,
        "domain_rank": 21802,
        "domain_rank_updated": "2025-06-03T00:00:00.000+03:00",
        "licensing_agency": [],
        "social": {
            "facebook": {
                "likes": 0,
                "comments": 0,
                "shares": 0
            },
            "vk": {
                "shares": 0
            }
        }
    },
    "uuid": "8f251ea3730189459f2fee30e22620e82f479064",
    "url": "https://news.myseldon.com/en/news/index/333589396",
    "ord_in_thread": 0,
    "author": null,
    "published": "2025-08-14T08:47:29.252+03:00",
    "title": "Эксперт Никольская: Массовое внедрение гуманоидных роботов в быт пока невозможно | Hi-Tech | Seldon News",
    "text": "На сегодняшний день использование гуманоидных роботов в домашних условиях пока невозможно из соображений безопасности и отсутствия необходимой инфраструктуры для их эксплуатации. Об этом в интервью Агентству городских новостей «Москва» сообщила заместитель директора Института искусственного интеллекта РТУ МИРЭА Мария Никольская. «Хотя технически зарядка таких роботов в домашних условиях возможна, так как они используют перезаряжаемые литиевые аккумуляторы, которые используются у нас в пауэрбанках, на данный момент это может быть сопряжено с рисками и не является полностью безопасным для... Copyright information of photo and video materials was taken from the website «Agency of city news \"Moscow\"» , more details in our Terms of Service Article analysis\nFind out everything about this article. See the connections between persons, companies and events. 30 MIREA Main activity: Science and education 30 71 Artificial neural networks Technology creator: Warren Mak-Kallok 71 121 Artificial intelligence Technology creator: John Makkarti 121 View details",
    "highlightText": "",
    "highlightTitle": "",
    "highlightThreadTitle": "",
    "language": "russian",
    "sentiment": "negative",
    "categories": [
        "Science and Technology"
    ],
    "topics": [
        "Science and Technology->biomedical science",
        "Science and Technology->technology and engineering"
    ],
    "ai_allow": true,
    "has_canonical": false,
    "breaking": false,
    "webz_reporter": false,
    "external_links": [
        "https://www.mskagency.ru/materials/3500421",
        "https://mskagency.ru/materials/3500421"
    ],
    "external_images": [],
    "internal_images": [],
    "entities": {
        "persons": [],
        "locations": [],
        "organizations": []
    },
    "syndication": {
        "syndicated": null,
        "syndicate_id": null,
        "first_syndicated": false
    },
    "trust": {
        "categories": [],
        "top_news": [],
        "bias": null,
        "source": {
            "type": null,
            "city": null,
            "state": null,
            "country": null,
            "domain_type": null,
            "agency": null,
            "organization_name": null
        }
    },
    "rating": null,
    "crawled": "2025-08-14T08:47:29.252+03:00",
    "updated": "2025-08-14T08:49:30.000+03:00"
}