{
    "thread": {
        "uuid": "5c5ec61453396ae0e6fd144b21bd3c1d40999471",
        "url": "https://www.panewslab.com/zh/articles/1e3c3256-9c29-4a01-af70-3d4f1ce3fd79",
        "site_full": "www.panewslab.com",
        "site": "panewslab.com",
        "site_section": "https://rss.panewslab.com/zh/gtimg/rss",
        "site_categories": [
            "finance"
        ],
        "section_title": "PANews News",
        "site_title": "PANews 你的Web3信息官",
        "title": "分析：ETH上涨或过于依赖降息预期，若未降息后果不堪设想",
        "title_full": "分析：ETH上涨或过于依赖降息预期，若未降息后果不堪设想",
        "published": "2025-08-14T09:13:00.000+03:00",
        "replies_count": 0,
        "participants_count": 1,
        "site_type": "news",
        "country": "RU",
        "main_image": "https://image.panewslab.com/images/logo1.jpg",
        "performance_score": 0,
        "domain_rank": 71940,
        "domain_rank_updated": "2025-06-03T00:00:00.000+03:00",
        "licensing_agency": [],
        "social": {
            "facebook": {
                "likes": 0,
                "comments": 0,
                "shares": 0
            },
            "vk": {
                "shares": 0
            }
        }
    },
    "uuid": "5c5ec61453396ae0e6fd144b21bd3c1d40999471",
    "url": "https://www.panewslab.com/zh/articles/1e3c3256-9c29-4a01-af70-3d4f1ce3fd79",
    "ord_in_thread": 0,
    "author": "@PANewsCN",
    "published": "2025-08-14T09:13:00.000+03:00",
    "title": "分析：ETH上涨或过于依赖降息预期，若未降息后果不堪设想",
    "text": "PANews 8月14日消息，据 Cointelegraph 报道，ETH 近期上涨至 4,700 美元以上，这主要得益于市场预期美国联邦储备委员会将于 9 月降息。加密货币分析师警告称，如果降息未能实现，后果可能不堪设想。根据 CME Watch Tool 的数据，市场参与者预计美联储 9 月份降息的可能性为 95.8%。\nSwyftx 首席分析师 Pav Hundal 表示：“目前的主要问题是，整个市场走势都基于美联储将在下个月降息的假设。”Capriole Investments 创始人 Charles Edwards 表示非常看好以太币，并预计其价格将进一步上涨，但其也认为美联储的意外举动可能会产生影响，这可能“导致流动性恐慌，导致资本冻结，资金流动停止。”虽然 Edwards 不会“排除任何可能性”，但他表示，只要机构需求超过比特币和ETH的供应量，他仍然看涨。",
    "highlightText": "",
    "highlightTitle": "",
    "highlightThreadTitle": "",
    "language": "chinese",
    "sentiment": "negative",
    "categories": [
        "Economy, Business and Finance",
        "Science and Technology",
        "Social Issue"
    ],
    "topics": [
        "Economy, Business and Finance->financial and economic news",
        "Economy, Business and Finance->macro economics",
        "Science and Technology->economics",
        "Science and Technology->technology and engineering",
        "Social Issue->social condition",
        "Social Issue->social problem",
        "Social Issue->welfare"
    ],
    "ai_allow": true,
    "has_canonical": false,
    "breaking": false,
    "webz_reporter": false,
    "external_links": [],
    "external_images": [],
    "internal_images": [],
    "entities": {
        "persons": [],
        "locations": [],
        "organizations": []
    },
    "syndication": {
        "syndicated": null,
        "syndicate_id": null,
        "first_syndicated": false
    },
    "trust": {
        "categories": [],
        "top_news": [],
        "bias": null,
        "source": {
            "type": null,
            "city": null,
            "state": null,
            "country": null,
            "domain_type": null,
            "agency": null,
            "organization_name": null
        }
    },
    "rating": null,
    "crawled": "2025-08-14T09:38:32.991+03:00",
    "updated": "2025-08-14T09:46:10.000+03:00"
}