{
    "thread": {
        "uuid": "3432803cd625ee6d039b369567e8661070a591e5",
        "url": "https://news-life.pro/novosibirsk-obl/409323599",
        "site_full": "news-life.pro",
        "site": "news-life.pro",
        "site_section": "https://news-life.pro/rss/",
        "site_categories": [
            "uncategorized"
        ],
        "section_title": "Новости России",
        "site_title": null,
        "title": "Жителей Новосибирской области предупредили об ограничениях в работе мобильного интернета",
        "title_full": "Жителей Новосибирской области предупредили об ограничениях в работе мобильного интернета",
        "published": "2025-08-14T07:30:00.000+03:00",
        "replies_count": 0,
        "participants_count": 0,
        "site_type": "news",
        "country": "RU",
        "main_image": "",
        "performance_score": 0,
        "domain_rank": 154954,
        "domain_rank_updated": "2025-06-03T00:00:00.000+03:00",
        "licensing_agency": [],
        "social": {
            "facebook": {
                "likes": 0,
                "comments": 0,
                "shares": 0
            },
            "vk": {
                "shares": 0
            }
        }
    },
    "uuid": "3432803cd625ee6d039b369567e8661070a591e5",
    "url": "https://news-life.pro/novosibirsk-obl/409323599",
    "ord_in_thread": 0,
    "author": null,
    "published": "2025-08-14T07:30:00.000+03:00",
    "title": "Жителей Новосибирской области предупредили об ограничениях в работе мобильного интернета",
    "text": "Жителей Новосибирской области предупредили об ограничениях в работе мобильного интернета\nВ Минцифры пообещали до конца лета представить карту региона с точками Wi-Fi.\nВ целях обеспечения безопасности жителей и инфраструктуры на некоторых территориях Новосибирской области могут быть введены ограничения на предоставление услуг мобильного интернета операторами связи. Об этом сообщил заместитель руководителя администрации губернатора и правительства региона Сергей Нешумов. Его заявление опубликовано в телеграм-канале Антитеррористической комиссии Новосибирской области.\nПри этом Нешумов уточнил, что голосовая связь, SMS-сообщения и проводной интернет будут работать в штатном режиме.\nРанее Министерство цифрового развития Новосибирской области опубликовало рекомендации для жителей в случае введения ограничений на мобильный интернет. В частности, гражданам рекомендуется иметь при себе наличные деньги, осуществлять платежи через Wi-Fi, заранее собрать необходимую информацию, чтобы иметь к ней доступ без интернета, и соблюдать базовые правила цифровой гигиены.\nМинистр цифрового развития региона Сергей Цукарь сообщил ТАСС, что до конца лета будет готова карта точек доступа к Wi-Fi. В правительстве региона также отметили, что частичные ограничения на мобильный интернет были введены в регионах с мая 2025 года в связи с усилением мер безопасности.",
    "highlightText": "",
    "highlightTitle": "",
    "highlightThreadTitle": "",
    "language": "russian",
    "sentiment": "negative",
    "categories": [
        "Social Issue",
        "Science and Technology",
        "Crime, Law and Justice"
    ],
    "topics": [
        "Social Issue->social networking",
        "Social Issue->demographics",
        "Social Issue->social condition",
        "Science and Technology->information technology and computer science",
        "Science and Technology->social sciences",
        "Science and Technology->technology and engineering",
        "Crime, Law and Justice->law enforcement"
    ],
    "ai_allow": true,
    "has_canonical": false,
    "breaking": false,
    "webz_reporter": false,
    "external_links": [],
    "external_images": [],
    "internal_images": [],
    "entities": {
        "persons": [],
        "locations": [],
        "organizations": []
    },
    "syndication": {
        "syndicated": null,
        "syndicate_id": null,
        "first_syndicated": false
    },
    "trust": {
        "categories": [],
        "top_news": [],
        "bias": null,
        "source": {
            "type": null,
            "city": null,
            "state": null,
            "country": null,
            "domain_type": null,
            "agency": null,
            "organization_name": null
        }
    },
    "rating": null,
    "crawled": "2025-08-14T08:12:56.652+03:00",
    "updated": "2025-08-14T08:22:54.000+03:00"
}