{
    "thread": {
        "uuid": "4a41f2ad6591ed909325e911c613a2f768cf5369",
        "url": "https://economictimes.indiatimes.com/news/international/us/dangerous-virus-on-the-prowl-scientists-investigate-colorado-rabbits-with-tentacles-after-alarming-mutation-fears/articleshow/123294764.cms?from=mdr",
        "site_full": "economictimes.indiatimes.com",
        "site": "indiatimes.com",
        "site_section": "https://news.google.com/search?q=after%20when%3a1h&hl=en-us&gl=us&ceid=us%3aen",
        "site_categories": [
            "media",
            "top_news_nz",
            "top_news_au",
            "top_news_ae",
            "top_news_us",
            "top_news_gb",
            "top_news_th",
            "top_news_sa",
            "top_news_sg",
            "top_news_ph",
            "top_news_hk",
            "top_news_nl",
            "top_news_qa",
            "top_news_ie",
            "top_news_pk",
            "top_news_id",
            "top_news_dk",
            "top_news_eg",
            "top_news_za",
            "top_news_my",
            "top_news_kw",
            "top_news_be",
            "top_news_in",
            "top_news_ca",
            "top_news_iq",
            "top_news"
        ],
        "section_title": "Google News - Search",
        "site_title": "Business News Live, Share Market News - Read Latest Finance News, IPO, Mutual Funds News",
        "title": "Dangerous virus on the prowl? Scientists investigate Colorado rabbits with tentacles after alarming mutation fears - The Economic Times",
        "title_full": "Dangerous virus on the prowl? Scientists investigate Colorado rabbits with tentacles after alarming mutation fears - The Economic Times",
        "published": "2025-08-14T07:14:00.000+03:00",
        "replies_count": 0,
        "participants_count": 1,
        "site_type": "news",
        "country": "IN",
        "main_image": "https://img.etimg.com/thumb/msid-123294781,width-1200,height-630,imgsize-108038,overlay-economictimes/articleshow.jpg",
        "performance_score": 0,
        "domain_rank": 294,
        "domain_rank_updated": "2025-06-03T00:00:00.000+03:00",
        "licensing_agency": [],
        "social": {
            "facebook": {
                "likes": 5,
                "comments": 0,
                "shares": 6
            },
            "vk": {
                "shares": 0
            }
        }
    },
    "uuid": "4a41f2ad6591ed909325e911c613a2f768cf5369",
    "url": "https://economictimes.indiatimes.com/news/international/us/dangerous-virus-on-the-prowl-scientists-investigate-colorado-rabbits-with-tentacles-after-alarming-mutation-fears/articleshow/123294764.cms?from=mdr",
    "ord_in_thread": 0,
    "author": "-",
    "published": "2025-08-14T07:14:00.000+03:00",
    "title": "Dangerous virus on the prowl? Scientists investigate Colorado rabbits with tentacles after alarming mutation fears - The Economic Times",
    "text": "Colorado wildlife officials are urging calm after a spate of unusual sightings, rabbits with dark, horn-like growths sprouting from their heads and faces, has stirred public unease and speculation online. While experts say the condition, known as cottontail rabbit papillomavirus (CRPV), is not currently transmissible to humans, some epidemiologists are warning that close monitoring is essential to guard against any future spillover.The disease, spread by biting insects such as mosquitoes and fleas, causes grotesque, wart-like tumors on infected rabbits. In recent days, residents across Northern Colorado have reported seeing the animals in alarming numbers, sometimes with growths obstructing their vision or mouths.Although CRPV has been documented for decades and is considered largely benign in wild rabbit populations, veterinary virologists note that papillomaviruses have a history of evolving. In rare cases, similar animal viruses have jumped species barriers, raising questions about whether climate change, urban expansion, and surging insect populations could create conditions for mutation.Possible impacts on domestic animalsThe virus is more dangerous for domesticated rabbits, where it can cause malignant tumors. Pet owners are advised to keep rabbits indoors if infected wildlife are present nearby and to seek veterinary care immediately if symptoms appear.There is currently no vaccine or treatment for CRPV, either for wild or domestic rabbits. Colorado wildlife officials stress that the public should avoid touching, feeding, or attempting to capture the infected animals.For now, the official message remains clear to keep your distance, protect your pets, and let scientists do their work.FAQsWhat is the horned rabbit virus?The horned rabbit virus, formally known as cottontail rabbit papillomavirus (CRPV), is a wildlife disease that causes wart-like or horn-like growths on rabbits’ heads and faces.Can the horned rabbit virus infect humans?Currently, there is no evidence that CRPV can infect humans or most household pets. Scientists say it is species-specific, but they continue to monitor for potential mutations.How does the virus spread?CRPV spreads mainly through biting insects such as mosquitoes, fleas, and ticks, making infections more common in warmer months.",
    "highlightText": "",
    "highlightTitle": "",
    "highlightThreadTitle": "",
    "language": "english",
    "sentiment": "negative",
    "categories": [
        "Health",
        "Social Issue",
        "Science and Technology"
    ],
    "topics": [
        "Health->public health",
        "Health->health organisation",
        "Health->disease and condition",
        "Social Issue->social problem",
        "Social Issue->disabilities",
        "Social Issue->social services",
        "Science and Technology->biomedical science",
        "Science and Technology->scientific research",
        "Science and Technology->biology"
    ],
    "ai_allow": true,
    "has_canonical": true,
    "breaking": true,
    "webz_reporter": false,
    "external_links": [],
    "external_images": [],
    "internal_images": [],
    "entities": {
        "persons": [],
        "locations": [
            {
                "name": "Northern",
                "sentiment": "none"
            }
        ],
        "organizations": [
            {
                "name": "Economic Times",
                "sentiment": "negative",
                "tickers": [
                    {
                        "ticker": null,
                        "exchange": null
                    }
                ]
            }
        ]
    },
    "syndication": {
        "syndicated": false,
        "syndicate_id": null,
        "first_syndicated": false
    },
    "trust": {
        "categories": null,
        "top_news": [
            "top_news_nz",
            "top_news_au",
            "top_news_ae",
            "top_news_us",
            "top_news_gb",
            "top_news_th",
            "top_news_sa",
            "top_news_sg",
            "top_news_ph",
            "top_news_hk",
            "top_news_nl",
            "top_news_qa",
            "top_news_ie",
            "top_news_pk",
            "top_news_id",
            "top_news_dk",
            "top_news_eg",
            "top_news_za",
            "top_news_my",
            "top_news_kw",
            "top_news_be",
            "top_news_in",
            "top_news_ca",
            "top_news_iq",
            "top_news"
        ],
        "bias": "center",
        "source": {
            "type": null,
            "city": null,
            "state": null,
            "country": null,
            "domain_type": null,
            "agency": null,
            "organization_name": null
        }
    },
    "rating": null,
    "crawled": "2025-08-14T08:10:12.827+03:00",
    "updated": "2025-08-15T09:05:09.000+03:00"
}