{
    "thread": {
        "uuid": "262cbb7eb4db51fbba3bb00de6f16f281eca2e88",
        "url": "https://xnews.jin10.com/details/187680",
        "site_full": "xnews.jin10.com",
        "site": "jin10.com",
        "site_section": "https://hero.jin10.com",
        "site_categories": [],
        "section_title": "金十数据 官方网站 - 一个交易工具！",
        "site_title": null,
        "title": "\"特普会\"前夕：普京准备试射\"海燕\"核动力导弹-市场参考-金十数据",
        "title_full": "\"特普会\"前夕：普京准备试射\"海燕\"核动力导弹-市场参考-金十数据",
        "published": "2025-08-14T09:11:32.248+03:00",
        "replies_count": 0,
        "participants_count": 0,
        "site_type": "news",
        "country": null,
        "main_image": "https://cdn.jin10.com/assets/img/commons/logo_v3_s.jpg",
        "performance_score": 0,
        "domain_rank": 107147,
        "domain_rank_updated": "2025-06-03T00:00:00.000+03:00",
        "licensing_agency": [],
        "social": {
            "facebook": {
                "likes": 0,
                "comments": 0,
                "shares": 0
            },
            "vk": {
                "shares": 0
            }
        }
    },
    "uuid": "262cbb7eb4db51fbba3bb00de6f16f281eca2e88",
    "url": "https://xnews.jin10.com/details/187680",
    "ord_in_thread": 0,
    "author": null,
    "published": "2025-08-14T09:11:32.248+03:00",
    "title": "\"特普会\"前夕：普京准备试射\"海燕\"核动力导弹-市场参考-金十数据",
    "text": "AI播客：换个方式听新闻. 下载mp3\n研究人员表示，俄罗斯似乎正准备测试其新型核动力巡航导弹。就在俄罗斯总统普京准备与美国总统特朗普就俄乌冲突举行会谈之际，这一举动引发了高度关注。\n明德学院研究核不扩散问题的杰弗里·刘易斯（Jeffrey Lewis）和CNA研究分析组织的德克尔·埃夫莱斯（Decker Eveleth）通过分析商业卫星公司Planet Labs截至本周二的图像，得出了上述结论。\n他们发现位于新地岛潘科沃试验场的活动显著增加，包括人员、装备以及与9M730“海燕”导弹前期测试相关的舰机调动。\n“我们看到试验场所有准备工作——既有支撑行动的海量物资运输，也有导弹实际发射点的移动迹象。”刘易斯表示。一位要求匿名的西方安全人士证实了俄方准备测试的消息。\n这种被称为9M370海燕（Burevestnik，北约代号SSC-X-9 Skyfall） 的武器被普京宣称能“无视现有及未来所有导弹防御系统”，具备近乎无限的航程和不可预测的飞行轨迹。\n然而，专家指出，该导弹13次已知测试中仅2次部分成功，且会在飞行轨迹上遗留辐射污染。随着特朗普政府今年1月宣布开发“金穹”导弹防御系统，这款武器的研发对莫斯科显得更具战略意义。\n值得注意的是，研究人员认为测试计划早在特朗普与普京会晤消息公布前就已制定，但普京本可暂停准备以释放善意信号。前美国军控事务代理副国务卿汤姆·康特里曼（Tom Countryman）指出：“有时你会出于政治原因调整时间表。”目前美俄间仅存的《新削减战略武器条约》将于明年2月到期。\n卫星图像显示，自7月下旬以来，试验场陆续出现集装箱堆场、特种设备及配套人员。两架配备测试数据采集系统的特种飞机自7月中旬起停驻在罗加乔沃军用机场，图像显示其搭载着碟形雷达罩。至少五艘与往次测试相关的舰船已抵达附近海域，追踪网站显示第六艘货轮“捷里别尔卡”号原定于周二到达。\n挪威军方确认巴伦支海是俄方导弹测试的“主要场所”，但拒绝透露具体武器类型。埃夫莱斯特别指出，用于保护发射装置的移动式掩体近期频繁滑动，这被视为测试准备的“明确证据”。刘易斯提供的8月7日图像显示，现场除发射器防护罩外，还有集装箱堆场、起重机和直升机等配套设施，“所有准备工作正在全速推进”。\n白宫、五角大楼、中情局及俄国防部均未就测试可能性置评。分析人士担忧，若测试在阿拉斯加峰会期间进行，可能加剧本已紧张的美俄关系。",
    "highlightText": "",
    "highlightTitle": "",
    "highlightThreadTitle": "",
    "language": "chinese",
    "sentiment": "negative",
    "categories": [
        "War, Conflict and Unrest",
        "Politics",
        "Science and Technology"
    ],
    "topics": [
        "War, Conflict and Unrest->international military intervention",
        "War, Conflict and Unrest->armed conflict",
        "War, Conflict and Unrest->war",
        "Politics->defence",
        "Politics->international relations",
        "Science and Technology->political science",
        "Science and Technology->technology and engineering"
    ],
    "ai_allow": true,
    "has_canonical": false,
    "breaking": false,
    "webz_reporter": false,
    "external_links": [],
    "external_images": [],
    "internal_images": [],
    "entities": {
        "persons": [],
        "locations": [],
        "organizations": []
    },
    "syndication": {
        "syndicated": null,
        "syndicate_id": null,
        "first_syndicated": false
    },
    "trust": {
        "categories": [],
        "top_news": [],
        "bias": null,
        "source": {
            "type": null,
            "city": null,
            "state": null,
            "country": null,
            "domain_type": null,
            "agency": null,
            "organization_name": null
        }
    },
    "rating": null,
    "crawled": "2025-08-14T09:11:32.248+03:00",
    "updated": "2025-08-14T09:18:04.000+03:00"
}