{
    "thread": {
        "uuid": "7588206aa4c34ca14aa3fde1df4d3e04010015d4",
        "url": "https://montreal.ctvnews.ca/quebec-students-forbidden-from-using-cellphones-in-classrooms-after-winter-break-1.6701203",
        "site_full": "montreal.ctvnews.ca",
        "site": "ctvnews.ca",
        "site_section": "https://kitchener.ctvnews.ca",
        "site_categories": [
            "media",
            "education",
            "entertainment"
        ],
        "section_title": "Kitchener News | Local Breaking | CTV News Kitchener",
        "title": "Quebec cell phone ban starts after winter break | CTV News",
        "title_full": "Quebec cell phone ban starts after winter break | CTV News",
        "published": "2023-12-26T13:58:00.000+02:00",
        "replies_count": 0,
        "participants_count": 1,
        "site_type": "news",
        "country": "CA",
        "main_image": "https://www.ctvnews.ca/content/dam/ctvnews/en/images/2022/3/22/cell-phone-1-5830486-1647996926286.jpg",
        "performance_score": 0,
        "domain_rank": 980,
        "domain_rank_updated": "2023-12-26T12:06:20.000+02:00",
        "reach": null,
        "social": {
            "facebook": {
                "likes": 0,
                "comments": 0,
                "shares": 0
            },
            "gplus": {
                "shares": 0
            },
            "pinterest": {
                "shares": 0
            },
            "linkedin": {
                "shares": 0
            },
            "stumbledupon": {
                "shares": 0
            },
            "vk": {
                "shares": 0
            }
        }
    },
    "uuid": "7588206aa4c34ca14aa3fde1df4d3e04010015d4",
    "url": "https://montreal.ctvnews.ca/quebec-students-forbidden-from-using-cellphones-in-classrooms-after-winter-break-1.6701203",
    "ord_in_thread": 0,
    "parent_url": null,
    "author": "@CTVMontreal",
    "published": "2023-12-26T13:58:00.000+02:00",
    "title": "Quebec cell phone ban starts after winter break | CTV News",
    "text": "[Skip to main content](#main) Quebec's new rule banning cellphones in classrooms will be in effect when students return from the holiday break, making the province the second to implement such a measure, after Ontario. The directive, which aims to reduce distractions in class, enters into force Dec. 31 and applies to public elementary and secondary schools, but it offers teachers flexibility to let students use phones for specific pedagogical purposes. Many Quebec schools already had rules limiting cellphones in classes before Education Minister Bernard Drainville introduced the ban in August, but some child advocates say it's in the interest of children to make restrictions as tough as possible. Days ahead of Drainville's announcement, Étienne Bergeron, a high school teacher from Warwick, Que., launched a petition calling on the government to forbid cellphones anywhere on school property. \"I would have gone a lot further,\" Bergeron said in an interview, comparing his petition to what the province ultimately decided to do. \"What I want is all personal devices banned in schools — even in the corridors, the public spaces, the libraries, everywhere.\" If a teacher wants students to use cellphones for a pedagogical purpose, he said, the lesson \"would have to be something well-defined.\" Bergeron says he's not anti-technology — he manages his school's creative laboratory and teaches students about programming, music, and video game design, but he says his lessons use digital tools to expand the mind, not to surf aimlessly online. \"The reality is when young people are on the phone, they are on TikTok, they're playing games,\" Bergeron said. \"I'm convinced it's not in the mission of Quebec schools to leave our young people in front of these devices that literally make them anti-social.\" Quebec’s Education Department says that by Dec. 31 all schools must have a policy restricting the use of cellphones in classrooms. It will be up to individual school boards to come up with penalties for students who don't follow the rules. Some boards, including the province's largest French-language one — Centre de services scolaire de Montréal — and the English Montreal School Board, have had rules for some time prohibiting cellphones in class outside of authorized lessons. In Ontario, teachers unions have lamented that their province's 2019 ban is not being enforced and that cellphones pop up routinely in classrooms. \\ At the Toronto District School Board — the largest school board in Canada — chair Rachel Chernos Lin introduced a motion to revisit the issue in January and come up with a new, robust policy to ban cellphones. \"I would like to see something that has some teeth in it,\" Chernos Lin said. \"But ultimately (…) I hope we will create a culture around cellphone use that is different than what we have now.\" Joel Westheimer, a University of Ottawa education professor, isn't surprised the Toronto board wants to reopen the debate, calling Ontario's rule \"an extremely imperfect one because it wasn't written in a way that was really going to make it happen across the province.\" The issue of cellphones has been on the front burner since a UNESCO report in July found that they can disrupt learning; Drainville has said that report spurred him to act. Several countries have gone further than Quebec and Ontario. In 2018, France banned phones on school grounds for those under the age of 15, while China banned phones for schoolchildren in 2021. The U.K. government announced in October it would issue guidance to support head teachers who want to ban phones in schools, adding that its measure would be in line with similar bans in Italy and Portugal. \"Lots of jurisdictions around the world ... have implemented cellphone bans and have found very positive outcomes from that. Students are less distracted, they report more engagement, and there's even been some measures of academic growth and also less loneliness,\" Westheimer said. In Quebec, Mélanie Laviolette, president of parent group Fédération des comités de parents du Québec, is welcoming the rules. \"What we hope is that our kids are in the best position to learn, so not having TikTok at their fingertips is a good thing,\" Laviolette said. Katherine Korakakis, head of the English Parents Committee Association of Quebec, called the government's decision a \"missed opportunity\" that avoids looking at issues like technology addiction, media literacy or fake news and focuses instead on punitive measures. \"I think courses on being a digital citizen, how to use technology, talking about addiction, talking about this type of stuff with the students will make a much bigger impact than taking away a phone,\" she said. This report by The Canadian Press was first published Dec. 26, 2023. Shopping Trends The Shopping Trends team is independent of the journalists at CTV News. We may earn a commission when you use our links to shop. Read about us. Montreal Top Stories CTVNews.ca Top Stories 'Like we were in a Hallmark movie': 4 strangers drive to Winnipeg together after their flight was cancelled due to fog After their flight to Winnipeg was cancelled due to intense fog, four strangers banded together to forge their way home in time for Christmas, not by plane, but by rental car. Israeli forces bombard central Gaza in apparent move toward expanding ground offensive Israeli forces bombarded Palestinian refugee camps in central Gaza on Tuesday, residents said, in apparent preparation to expand their ground offensive into a third section of the besieged territory. 4 young children and their mother were killed in their French home. The father is in custody Four children between nine months and 10 years old and their mother were killed in their apartment east of Paris, in what the local prosecutor called an exceptionally violent crime. Authorities said the children's father was arrested Tuesday and is the primary suspect. Unaccompanied 6-year-old child put on wrong Spirit Airlines flight An unaccompanied 6-year-old child flying on Spirit Airlines to visit his grandmother in Fort Myers, Florida, was instead put on a flight to Orlando. Canada in an unfamiliar position ahead of world junior opener against Finland Macklin Celebrini hasn't been an underdog many times in his life. The same goes for Canada whenever the country hits the ice for an international tournament. Heading into the 2024 world junior hockey championship, however, the powerhouse nation isn't viewed as the favourite -- at least from the outside. TV actor Kamar de los Reyes of 'One Life to Live' and 'Call of Duty' dies at 56 Kamar de los Reyes, a television, movie and voice actor best known for playing a gang member-turned-cop in the soap \"One Life to Live\" and a villain in the video game \"Call of Duty: Black Ops II,\" has died in Los Angeles at 56, the family announced. 276 Indians stuck in a French airport for days for a human trafficking probe arrive in India A charter plane grounded in France for a human trafficking investigation departed on Monday for India, after an exceptional holiday ordeal that left about 300 Indians en route to Central America blocked inside a rural French airport for four days. New guest guidelines circulating after MPs applauded man who fought for Nazis Speaker Greg Fergus is looking to implement new guidelines for recognizing certain guests in the House of Commons, after MPs stood twice to applaud a man without knowing he had fought for a Nazi unit. Russian naval ship in Crimea damaged in airstrike by Ukrainian forces, Russian Defence Ministry says A Russian naval ship in Crimea was damaged in an airstrike by Ukrainian forces, Russia's Defence Ministry said Tuesday. The landing ship Novocherkassk was hit at a base in the city of Feodosia by plane-launched guided missiles, the ministry said, adding that two Ukrainian fighter jets were destroyed by anti-aircraft fire during the attack. Toronto - Foggy conditions continue for third day throughout Ontario Drivers in Ontario could experience “near-zero-visibility” for a third day as fog continues to blanket several parts of the province. - 'Elegance personified': Canadian menswear mogul Harry Rosen dies at 92 Harry Rosen, who created one of Canada's most prominent menswear chains, has died. He was 92. - One person seriously injured in downtown stabbing: Toronto police One person has been rushed to hospital with serious injuries following a downtown stabbing. Atlantic - Halifax community helps people spending holidays in tents Living in a tent on Christmas Eve is a stark reality for the residents of Grand Parade, where circumstances have forced many into challenging situations. - 'Check on neighbours, check on families': NB Power outages linger into Christmas NB Power says work will continue Christmas Day until all customers are back on the grid following a windstorm one week ago. - Two dead after house fire in New Glasgow, N.S. A house fire on Pleasant Street in New Glasgow, Nova Scotia has claimed the lives of two individuals who were located inside the home. London - 'The impact of missing persons can be life-changing for families': Sarnia police renew call for assistance locating 3 missing men Sarnia police are renewing their plea for assistance in helping locate men who went missing in separate circumstances within the last 18 months and whose whereabouts remain unknown. - Two women struck by vehicle while riding e-scooter, driver fails to remain at scene of accident Police in St. Thomas, Ont. are requesting the public’s help in identifying a driver who crashed into two pedestrians riding an e-scooter and then left the scene on Saturday. - A green Christmas: London, Ont. to bask in double digit temperatures on Monday While Monday will be jolly and jolly for Londoners as Christmas Day finally arrives, it definitely won’t be frosty, as Environment Canada is calling for a daytime high approximately 10 C above average. Northern Ontario - 'A joyous occasion': NORAD crew waiting for Santa Claus' journey across Canada Santa Claus is coming to town tonight and the crew responsible for his Canadian escort is eagerly awaiting his arrival, with their eyes glued to their monitors. - The 'cold' moon: A rare full moon is expected to rise soon after Christmas Not long after presents are unwrapped and Canadians gather to celebrate the holiday season, a rare full moon will appear, shining the brightest on Boxing Day. - Closed gas station partially collapses in Greater Sudbury Emergency crews in Greater Sudbury were called to the community of Azilda on Saturday afternoon following a report that part of a closed gas station had collapsed. Calgary - Ukraine celebrates Christmas on Dec. 25 for the first time, distancing itself from Russia Christmas carried more than spiritual weight for many Ukrainians this year as the country newly observed it as a public holiday on Dec. 25 rather than the later date followed in Russia. - King Charles III's Christmas message reflects a coronation theme and calls for planet's protection King Charles III reflected his coronation theme of public service Monday in a Christmas message that he connected to the health of the planet and wars that are raging. - Byfield scores twice as Kings halt hot Flames 5-3 Quinton Byfield scored twice, Trevor Moore got his team-leading 16th goal, and the Los Angeles Kings defeated the Calgary Flames 5-3 on Saturday night. Kitchener - - Dozens left stranded in Breslau following rescheduled flight to Mexico Four friends from Toronto are dealing with Christmas chaos after their flight to Mexico was rescheduled last minute. - One dead after early-morning Brant County crash One person has died after an early-morning crash in Brant County, east of Paris. Vancouver - Multiple ferry sailings cancelled as windstorm batters B.C.'s South Coast Strong winds forced the cancellation of several ferry sailings on Christmas Day, upending many passengers' holiday travel plans. - 'Cup of vomit' tossed at officer during busy Christmas Eve for Victoria police, chief says A suspect threw a \"cup of vomit\" at a Victoria police officer during a busy Christmas Eve for law enforcement, according to the city's police chief. - Watch Monday's special online edition of CTV News at Six here With tonight's 6 p.m. newscast pre-empted, CTV News Vancouver is airing a special online edition of CTV News at Six anchored by Kevin Charach. Edmonton - Ukraine celebrates Christmas on Dec. 25 for the first time, distancing itself from Russia Christmas carried more than spiritual weight for many Ukrainians this year as the country newly observed it as a public holiday on Dec. 25 rather than the later date followed in Russia. - King Charles III's Christmas message reflects a coronation theme and calls for planet's protection King Charles III reflected his coronation theme of public service Monday in a Christmas message that he connected to the health of the planet and wars that are raging. - 'Beauty in the struggle': Edmonton TikToker aims to end hunger with street outreach Kora-lea Vidal, once a running back for Canada's silver-medal-winning national football team, says she never thought she'd escape domestic violence and become homeless. Windsor - American man charged with attempted murder after woman 'intentionally' struck with vehicle: Windsor police An American man is facing multiple charges, including attempted murder, after he allegedly struck a woman with his vehicle in downtown Windsor, Ont. on Saturday night. - What’s open and closed this Christmas holiday in Windsor With the big day only one day away, Windsorites are busy getting ready to host family and friends or are out running last minute errands. From shopping malls to city services, here’s what’s open and closed in Windsor this Christmas Eve, Christmas Day and Boxing Day. - Pet parents hit the store so pets can have 'pawsitive' Christmas holiday Mike Hall entered a store in Windsor, Ont., to do some Christmas Eve shopping on Sunday and walked out with a small toy. But, it wasn’t for a child. Instead, it was for his fur baby. Regina - Sask. sheepdogs make feature film debut in Hallmark movie Hallmark movies are a holiday tradition for many – and one of the latest features some canine talent from right here in Saskatchewan. - Check your cameras: Regina police asking for public's help after man shot in North Central Regina's police service is asking for the public's help after a man was shot in the city's North Central neighbourhood early this morning. - Saskatoon Blades' Fraser Minten to serve as Team Canada's captain at 2024 World Juniors Saskatoon Blade Fraser Minten will serve as Team Canada's captain at the upcoming 2024 World Juniors in Gothenburg, Sweden. Ottawa - Ottawa Bylaw hands out noise fines to Palestine protesters, organizers vow legal action The pro-Palestine protesters who marched through downtown Ottawa this weekend are facing nearly $1,500 in noise fines. - No reported injures but 4 displaced after two-alarm fire in ByWard Market Christmas Day No one has been reported hurt but four people have been displaced after a two-alarm fire in the ByWard Market on Christmas Day, Ottawa Fire Services says. - 'Elegance personified': Canadian menswear mogul Harry Rosen dies at 92 Harry Rosen, who created one of Canada's most prominent menswear chains, has died. He was 92. Saskatoon - 'Its beautiful': Saskatoon residents enjoy the outdoors for mild Christmas Eve With a light skiff of snow – it may not be a totally brown Christmas in Saskatoon. It’s only -2 and the warm weather is drawing people outside to celebrate the season. - Saskatoon Blades' Fraser Minten to serve as Team Canada's captain at 2024 World Juniors Saskatoon Blade Fraser Minten will serve as Team Canada's captain at the upcoming 2024 World Juniors in Gothenburg, Sweden. - Sask. sheepdogs make feature film debut in Hallmark movie Hallmark movies are a holiday tradition for many – and one of the latest features some canine talent from right here in Saskatchewan.",
    "highlightText": "",
    "highlightTitle": "",
    "highlightThreadTitle": "",
    "language": "english",
    "sentiment": "negative",
    "categories": [
        "Education",
        "Lifestyle and Leisure",
        "Social Issue"
    ],
    "external_links": [],
    "external_images": [],
    "entities": {
        "persons": [
            {
                "name": "étienne bergeron",
                "sentiment": "none"
            },
            {
                "name": "bergeron",
                "sentiment": "none"
            },
            {
                "name": "drainville",
                "sentiment": "none"
            },
            {
                "name": "bernard drainville",
                "sentiment": "none"
            }
        ],
        "organizations": [],
        "locations": [
            {
                "name": "warwick",
                "sentiment": "none"
            },
            {
                "name": "que.",
                "sentiment": "none"
            },
            {
                "name": "ontario",
                "sentiment": "none"
            }
        ]
    },
    "rating": null,
    "crawled": "2023-12-26T16:00:26.471+02:00",
    "updated": "2023-12-26T16:00:26.471+02:00"
}