{
    "thread": {
        "uuid": "0be5381ea93e43b40ebb64ce2b05a18512232d57",
        "url": "https://www.taipeitimes.com/News/editorials/archives/2023/12/27/2003811206",
        "site_full": "www.taipeitimes.com",
        "site": "taipeitimes.com",
        "site_section": "http://taipeitimes.com/xml/index.rss",
        "site_categories": [
            "media"
        ],
        "section_title": "Taipei Times",
        "title": "Teachers should be flexible on dress code",
        "title_full": "Teachers should be flexible on dress code",
        "published": "2023-12-26T18:00:00.000+02:00",
        "replies_count": 0,
        "participants_count": 1,
        "site_type": "news",
        "country": "TW",
        "main_image": "https://www.taipeitimes.com/assets/images/TaipeiTimesLogo-1200X1200px_new.jpg",
        "performance_score": 0,
        "domain_rank": 4516,
        "domain_rank_updated": "2023-12-26T12:06:20.000+02:00",
        "reach": null,
        "social": {
            "facebook": {
                "likes": 0,
                "comments": 0,
                "shares": 0
            },
            "gplus": {
                "shares": 0
            },
            "pinterest": {
                "shares": 0
            },
            "linkedin": {
                "shares": 0
            },
            "stumbledupon": {
                "shares": 0
            },
            "vk": {
                "shares": 0
            }
        }
    },
    "uuid": "0be5381ea93e43b40ebb64ce2b05a18512232d57",
    "url": "https://www.taipeitimes.com/News/editorials/archives/2023/12/27/2003811206",
    "ord_in_thread": 0,
    "parent_url": null,
    "author": "台北時報",
    "published": "2023-12-26T18:00:00.000+02:00",
    "title": "Teachers should be flexible on dress code",
    "text": "Whenever a cold front arrives, there are always news reports of teachers punishing students for wearing extra clothing over their uniform to keep warm. Those who get punished feel aggrieved and complain to the media, resulting in the school offering a public apology and promising to remedy the situation.\nThis year was no exception.\nNew Taipei City’s Shulin High School was called out for having students do jumping jacks due to breaches of the dress code.\nThe latest dress code policy promulgated by the Ministry of Education says that schools do not have a set date for students to change to the winter dress code. They are allowed to wear long-sleeve or short-sleeve uniforms in accordance with their comfort level. When the temperature drops, students are allowed to wear extra layers of clothing underneath or over their school uniforms, the guiding principle being that the attire should still display the student’s school identity. In other words, students are adhering to the rule as long as they have a piece of uniform on, regardless of it being a summer or winter uniform.\nStudents have come up with a variety of ways of expressing themselves. There are students who wear sports uniform shorts with uniform tops. A few years ago, a male student went to school in a skirt, while female students sometimes prefer to wear short skirts on casual days. Due to gender equality, respect of bodily autonomy and out of fear of wardrobe malfunctions, teachers can provide advice, or a long moral lecture if that is their wont, but should not mete out punishments, and they need to choose their words carefully in case students feel offended and file complaints, ending in the school having to offer a public apology.\nI find a freer dress code not necessarily a bad thing, as the school uniform and jacket might not always be able to provide the comfort and warmth that the student needs. During major events, students have always complied with the school’s regulations for the wearing of uniforms.\nAs education has evolved from “spoon feeding” to diverse learning, so the dress code should shift from fixed and rigid to flexible and at individual discretion. As long as the attire is not provocative or overly revealing, we should respect students’ rights to bodily autonomy and self-expression, not to mention that corporal punishment has been banned for years by the legislature. It is ludicrous that there are still teachers meting out corporal punishment to students for breaching the dress code.\nThere is a joke that goes like this: During a flag-raising ceremony, a teacher conducted a dress code inspection and reprimanded a student for having blond hair, threatening to punish him. Another classmate raised his hand to say that the student in question had naturally blond hair. The teacher responded that rules are rules and asked him to dye it black.\nIn regards to regulations and rules, teachers should keep up with the times to abolish those that are out of date and think carefully about whether the rules actually carry instructive meaning, instead of blindly applying their past learning experiences to students. If I were the parent of that student forced to do jumping jacks for breaching the dress code due to the cold temperature, I would be gravely disappointed as well.\nLin Cheng-wu is a junior-high schoolteacher.\nTranslated by Rita Wang\nUntil recently, the war narrative on Gaza has been very largely controlled by the Israel Defense Forces (IDF) and Israel’s Ministry of Defense. Its international reputation might have plummeted with the killing of more than 20,000 Palestinians, the wounding of more than 50,000 and the destruction of much of Gaza, but the IDF could still sell a plausible narrative of a severely weakened Hamas, even claiming that the war in northern Gaza was largely complete and that success in southern Gaza would follow before too long. The narrative was helped by severe difficulties for the few journalists still operating in Gaza,\nIn May 2021, the Economist published an article saying that the Taiwan Strait was “the most dangerous place on Earth.” Events since then have shown that regardless of the apparent level of geopolitical tension in an area, conflict might break out elsewhere with little warning. Just as Ukraine was settling in for another long winter of war and observers were saying that Taiwan was next, violence erupted in the Middle East. Events that have been building for years now suggest that the West Philippine Sea — the Philippine government’s official designation of the parts of the South China Sea that it\nWith Beijing’s hostile rhetoric trumpeted and its saber increasingly rattled, Taiwanese are naturally looking to Japan to supplement and complement US military power. The sense of necessity is considerable since the US has experienced serious relative decline vis-a-vis China, now compounded severely by the protracted war in Ukraine and the Gaza conflict. The US might not be able to cope with three concurrent major regional conflicts in Europe, the Middle East and Northeast Asia, and thus is an increasingly less reliable sole security guarantor for Taiwan. No wonder Taiwanese felt relieved to learn of former Japanese prime minister Shinzo Abe’s statement\nChinese President Xi Jinping (習近平) is attempting to position himself as a mediator, promoting diplomatic ties with China as a credible alternative to aligning with the US. This has potential implications for countries such as Israel, Ukraine and Taiwan. Yet in these countries, as in Myanmar, the Chinese Communist Party (CCP) is prioritizing its economic and diplomatic goals without regard for democracy or human rights. On Friday last week, the China Daily, a media outlet associated with the CCP, reported that Myanmar’s armed ethnic groups agreed to a ceasefire brokered by China, attributing the success to Beijing’s “relentless efforts.” However, the",
    "highlightText": "",
    "highlightTitle": "",
    "highlightThreadTitle": "",
    "language": "english",
    "sentiment": "negative",
    "categories": [
        "Education",
        "Social Issue"
    ],
    "external_links": [],
    "external_images": [],
    "entities": {
        "persons": [],
        "organizations": [
            {
                "name": "ministry of education",
                "sentiment": "none"
            },
            {
                "name": "new taipei city’s shulin high school",
                "sentiment": "none"
            }
        ],
        "locations": []
    },
    "rating": null,
    "crawled": "2023-12-26T18:48:50.902+02:00",
    "updated": "2023-12-26T18:48:50.902+02:00"
}