{
    "thread": {
        "uuid": "f168a499fd08601f93827e64c0ab0e4392506ae1",
        "url": "https://www.cairo24.com/2234974",
        "site_full": "www.cairo24.com",
        "site": "cairo24.com",
        "site_section": "https://www.cairo24.com/rss.aspx",
        "site_categories": [
            "uncategorized",
            "top_news_iq",
            "top_news_kw",
            "top_news_eg",
            "top_news"
        ],
        "section_title": "جميع الموضوعات",
        "site_title": "القاهرة 24",
        "title": "إصابة طالبة بحالة تشنجات ونقلها للمستشفى داخل لجنة امتحانات ثانوية عامة في قنا",
        "title_full": "إصابة طالبة بحالة تشنجات ونقلها للمستشفى داخل لجنة امتحانات ثانوية عامة في قنا",
        "published": "2025-06-26T11:47:58.084+03:00",
        "replies_count": 0,
        "participants_count": 1,
        "site_type": "news",
        "country": "EG",
        "main_image": "https://www.cairo24.com/UploadCache/libfiles/143/0/600x338o/73.jpeg",
        "performance_score": 0,
        "domain_rank": 136281,
        "domain_rank_updated": "2025-06-03T00:00:00.000+03:00",
        "licensing_agency": [],
        "social": {
            "facebook": {
                "likes": 0,
                "comments": 0,
                "shares": 0
            },
            "vk": {
                "shares": 0
            }
        }
    },
    "uuid": "f168a499fd08601f93827e64c0ab0e4392506ae1",
    "url": "https://www.cairo24.com/2234974",
    "ord_in_thread": 0,
    "author": "@cairo24_",
    "published": "2025-06-26T11:47:58.084+03:00",
    "title": "إصابة طالبة بحالة تشنجات ونقلها للمستشفى داخل لجنة امتحانات ثانوية عامة في قنا",
    "text": "إصابة طالبة بحالة تشنجات ونقلها للمستشفى داخل لجنة امتحانات ثانوية عامة في قنا\nالخميس 26/يونيو/2025 - 11:38 ص\nأصيبت طالبة ثانوية عامة بحالة تشنجات، اليوم الخميس، اثناء أدائها الامتحانات داخل لجنة الثانوية بنات بمركز أبوتشت شمالي محافظة قنا.\nإصابة طالبة بحالة تشنجات ونقلها للمستشفى داخل لجنة امتحانات ثانوية عامة في قنا\nتلقت الأجهزة الأمنية بمديرية أمن قنا، إخطارًا من غرفة العمليات، بورود بلاغ من مرفق إسعاف قنا، برئاسة الدكتور محمد فؤاد، بإصابة طالبة بحالة تشنجات داخل لجنة الثانوية بنات بمركز أبوتشت.\nوأسفر ذلك عن إصابة زينب.ر.ف، 17 عاما، طالبة، بحالة تشنجات، وتم نقلها إلى مستشفى أبوتشت العام لتلقي العلاج، وأخطرت الأجهزة المعنية لاتخاذ الإجراءات القانونية اللازمة.",
    "highlightText": "",
    "highlightTitle": "",
    "highlightThreadTitle": "",
    "language": "arabic",
    "sentiment": "negative",
    "categories": [
        "Health",
        "Education",
        "Social Issue"
    ],
    "topics": [
        "Health->health facility",
        "Health->medical condition",
        "Health->emergency care",
        "Education->educational testing and examinations",
        "Education->students",
        "Social Issue->children",
        "Social Issue->social services"
    ],
    "ai_allow": true,
    "has_canonical": false,
    "breaking": false,
    "webz_reporter": false,
    "external_links": [],
    "entities": {
        "persons": [],
        "locations": [],
        "organizations": []
    },
    "syndication": {
        "syndicated": null,
        "syndicate_id": null,
        "first_syndicated": false
    },
    "trust": {
        "categories": [],
        "top_news": [
            "top_news_iq",
            "top_news_kw",
            "top_news_eg",
            "top_news"
        ],
        "bias": null
    },
    "rating": null,
    "crawled": "2025-06-26T11:47:58.084+03:00",
    "updated": "2025-06-27T09:07:52.000+00:00"
}