{
    "thread": {
        "uuid": "a0f1997c40bb9c767777e03ff1f9aec0a02522f3",
        "url": "https://actu.fr/ile-de-france/saint-pathus_77430/seine-et-marne-des-parents-deleves-mobilises-contre-la-fermeture-dune-classe-dans-cette-ecole-elementaire_62822123.html",
        "site_full": "actu.fr",
        "site": "actu.fr",
        "site_section": "https://actu.fr/bretagne",
        "site_categories": [
            "travel",
            "france",
            "top_news_be",
            "top_news_fr",
            "top_news"
        ],
        "section_title": "Actu Bretagne, l&#039;actualité régionale en continu | actu.fr",
        "site_title": "Actu : toute l&#039;information locale et nationale en direct",
        "title": "Seine-et-Marne : des parents d'élèves mobilisés contre la fermeture d'une classe dans cette école élémentaire",
        "title_full": "Seine-et-Marne : des parents d'élèves mobilisés contre la fermeture d'une classe dans cette école élémentaire",
        "published": "2025-06-26T08:00:00.000+03:00",
        "replies_count": 0,
        "participants_count": 1,
        "site_type": "news",
        "country": "FR",
        "main_image": "https://static.actu.fr/uploads/2025/06/2436d2da655869836d2da65589c36dv.jpg",
        "performance_score": 1,
        "domain_rank": 4579,
        "domain_rank_updated": "2025-06-03T00:00:00.000+03:00",
        "licensing_agency": [],
        "social": {
            "facebook": {
                "likes": 12,
                "comments": 0,
                "shares": 18
            },
            "vk": {
                "shares": 0
            }
        }
    },
    "uuid": "a0f1997c40bb9c767777e03ff1f9aec0a02522f3",
    "url": "https://actu.fr/ile-de-france/saint-pathus_77430/seine-et-marne-des-parents-deleves-mobilises-contre-la-fermeture-dune-classe-dans-cette-ecole-elementaire_62822123.html",
    "ord_in_thread": 0,
    "author": "@JournalLaMarne",
    "published": "2025-06-26T08:00:00.000+03:00",
    "title": "Seine-et-Marne : des parents d'élèves mobilisés contre la fermeture d'une classe dans cette école élémentaire",
    "text": "Ce n’est pas un cas unique, mais ce sont des décisions qui passent très souvent mal auprès des parents d’élèves. Mercredi 11 juin, les syndicats avaient alerté sur cette fermeture mais rien n’était officiel. Mardi 17 juin, le rectorat de l’Académie de Créteil a finalement confirmé cette fermeture.\nL’une des 14 classes de l’école élémentaire Vivaldi de Saint-Pathus (Seine-et-Marne) ne rouvrira pas à compter de la rentrée prochaine.\nÀ lire aussi\nDans ce collège de Seine-et-Marne, grève et opération « école morte » en attente de classes supplémentaires Un effectif qui augmente Une annonce qui n’a pas tardé de faire réagir l ‘association Bougeons pour les enfants de Vivaldi , qui multiplie les actions avec le lancement, notamment, d’une pétition.\nCette décision « actée sans prendre en considération les alertes de notre directeur, de nos enseignants et de notre municipalité (qui a averti plus d’une fois qu’une augmentation considérable des effectifs à la rentrée est à prendre en compte avec les livraisons d’appartements à venir sur notre commune) entraînera des conséquences graves sur les conditions d’apprentissage de nos enfants et sur le travail des enseignants », lance Claire Braud, parent d’élève et trésorière de l’association.\nDe plus, sur cette école qui comptait 348 élèves pour l’année 2024/2025, « l’effectif de rentrée ne cesse d’augmenter, nous sommes actuellement à 351, et c’est sans compter les arrivées sur la période estivale . Nos classes vont être surchargées. »\nC’est une aberration totale. Chez les CP/CE1, les effectifs vont être plafonnés à 24. Chez les plus grands, et c’est là que c’est encore pire, ils vont être jusqu’à 30 élèves par classe.\nClaire Braud « En fait, l’inspection n’a pas pris en compte nos projections et est partie sur un volume de 331 élèves pour la rentrée », ajoute Benjamin Regnier, adjoint au maire en charge du Scolaire à Saint-Pathus.\nÀ lire aussi\nDans ce collège de Seine-et-Marne, des artistes ont sensibilisé les élèves au harcèlement scolaire Banderoles, flyers et pétition Face à cette décision, « qui met en danger le bien-être de nos enfants et de l’équipe enseignante », l’association a décidé de se mobiliser. Dès l’annonce des syndicats, des banderoles ont été accrochées sur les grilles de l’école, et des flyers ont été distribués aux parents afin de les informer. « Nous avons également rédigé un courrier type pour tous les parents afin que chacun l’envoi à l’Académie. La municipalité, qui nous soutient, a également adressé un courrier à l’inspecteur. »\nÀ la rentrée, les classes de CE2, CM1 et CM 2 comprendront au moins 28 élèves. ©Photo transmise à La Marne « Nous n’avons pas encore eu de retour mais on espère en avoir un rapidement et ne pas attendre l’été », poursuit la municipalité.\nUne pétition a également été lancée et a déjà récolté plus de 530 signataires. « En moins de 7 h, nous avions déjà 254 signatures », se félicite Claire Braud qui compte poursuivre ses actions en espérant un retournement de situation.\n« De toute façon, à la rentrée de septembre, le comptage de la rentrée nous donnera raison. L’Académie n’aura pas d’autres choix que de rouvrir la classe. Problème : les enfants vont commencer l’année avec une maîtresse et certains élèves, puis ils vont continuer avec une autre enseignante et d’autres camarades. Autant éviter ça, et revenir sur cette décision tout de suite », conclut-elle.\nSuivez toute l’actualité de vos villes et médias favoris en vous inscrivant à Mon Actu .",
    "highlightText": "",
    "highlightTitle": "",
    "highlightThreadTitle": "",
    "language": "french",
    "sentiment": "negative",
    "categories": [
        "Education"
    ],
    "topics": [
        "Education->school",
        "Education->parents group",
        "Education->primary education"
    ],
    "ai_allow": true,
    "has_canonical": false,
    "breaking": true,
    "webz_reporter": false,
    "external_links": [
        "https://www.change.org/p/r%C3%A9viser-la-d%C3%A9cision-de-fermeture-de-classe-%C3%A0-l-%C3%A9cole-%C3%A9l%C3%A9mentaire-antonio-vivaldi?recruited_by_id=ea16f150-4c42-11f0-aaf1-1b02eca7b551&utm_source=share_petition&utm_campaign=share_petition&utm_term=psf_combo_share_message&utm_medium=copylink",
        "https://change.org/p/r%C3%A9viser-la-d%C3%A9cision-de-fermeture-de-classe-%C3%A0-l-%C3%A9cole-%C3%A9l%C3%A9mentaire-antonio-vivaldi?recruited_by_id=ea16f150-4c42-11f0-aaf1-1b02eca7b551&utm_source=share_petition&utm_campaign=share_petition&utm_term=psf_combo_share_message&utm_medium=copylink",
        "https://www.change.org/p/r%C3%A9viser-la-d%C3%A9cision-de-fermeture-de-classe-%C3%A0-l-%C3%A9cole-%C3%A9l%C3%A9mentaire-antonio-vivaldi"
    ],
    "entities": {
        "persons": [],
        "locations": [],
        "organizations": []
    },
    "syndication": {
        "syndicated": null,
        "syndicate_id": null,
        "first_syndicated": false
    },
    "trust": {
        "categories": [],
        "top_news": [
            "top_news_be",
            "top_news_fr",
            "top_news"
        ],
        "bias": null
    },
    "rating": null,
    "crawled": "2025-06-26T08:03:53.726+03:00",
    "updated": "2025-06-27T05:10:18.000+00:00"
}