{
    "thread": {
        "uuid": "ae4c898a83644152758701b0234224a28e6611f8",
        "url": "https://v1.ru/text/ecology/2025/06/26/75639947/comments",
        "site_full": "v1.ru",
        "site": "v1.ru",
        "site_section": "https://www.v1.ru/text",
        "site_categories": [
            "media",
            "top_news_ru",
            "top_news"
        ],
        "section_title": "Все новости Волгограда за последние сутки | V1.ру",
        "site_title": "Новости Волгограда и Волгоградской области | V1.ру",
        "title": "На пляжах Анапы не нашли новых выбросов мазута, но туристы не возвращаются - обсуждение новости | V1.ру",
        "title_full": "На пляжах Анапы не нашли новых выбросов мазута, но туристы не возвращаются - обсуждение новости | V1.ру",
        "published": "2025-06-26T12:02:00.000+03:00",
        "replies_count": 0,
        "participants_count": 1,
        "site_type": "news",
        "country": "RU",
        "main_image": "https://cdn.hsmedia.ru/ump-webapp-public/dist/client/projects/v1/og/image-default.jpeg",
        "performance_score": 0,
        "domain_rank": 54059,
        "domain_rank_updated": "2025-06-03T00:00:00.000+03:00",
        "licensing_agency": [],
        "social": {
            "facebook": {
                "likes": 0,
                "comments": 0,
                "shares": 0
            },
            "vk": {
                "shares": 0
            }
        }
    },
    "uuid": "ae4c898a83644152758701b0234224a28e6611f8",
    "url": "https://v1.ru/text/ecology/2025/06/26/75639947/comments",
    "ord_in_thread": 0,
    "author": "Ольга Чиги",
    "published": "2025-06-26T12:02:00.000+03:00",
    "title": "На пляжах Анапы не нашли новых выбросов мазута, но туристы не возвращаются - обсуждение новости | V1.ру",
    "text": "Недвижимость\nЗнакомства\nПогода\nТелепрограмма\nАфиша\nВидео\nГороскоп\nОбъявления\nКурсы валют\nПробки\nСейчас\n+22°C\nСейчас в Волгограде\n+22°\nпасмурно, дождь\nощущается как +15\n13 м/c,\nю-з.\n747мм\n60%\nПодробнее\nUSD 78,20\nEUR 91,06\nВ Волгограде перебои со связью и интернетом\nГород здоровья\nУчастник СВО расстрелял двух друзей из автомата\nАрсен Мелконян заявил, что больше не может молчать\nПутешествие в авангард\nУмер в подъезде, не дождавшись помощи\nЛишенный статуса судьи вновь устроил аварию\nШесть дней грузовой блокады Волгограда\nЖенщина пропала при странных обстоятельствах\nУчастника «Битвы экстрасенсов» обвинили в «пирамиде»\nперейти к публикации\n3 комментария к публикации\nНа пляжах Анапы не нашли новых выбросов мазута, но туристы не возвращаются\n26 июня 2025, 12:02\nГость\nВойти\nОтправить\nГость\n4 минуты\nАнапа подволгоградом, круто.\nответить\n+0\n–0\nГость\n4 минуты\nтакой розлив темных нефтепродуктов , даже не помню ... наверное в ссср не было . маленькие розливы были , например в 1982 г махачкала , танкер Волгонефть 124 , стоял под погрузкой мазутом в нефтегавани , Второй штурман ответственный за погрузку отправил на палубу смотреть уровень погрузки практиканта , ( не обученного Что смотреть ) фонтан из 6 ти танков через лючата - вся палуба в мазуте , в воду попало около 2 тонн . Отмывали палубу неделю . Второй штурман получил 2 года , капитан 1.5 условно .\nответить\n+0\n–0\nГость\n5 минут\n\"убирают камку вдоль уреза воды\". А камка это не сгустки вонючего мазута? Хоть как назовите, мазут есть мазут.\nответить\n+0\n–0",
    "highlightText": "",
    "highlightTitle": "",
    "highlightThreadTitle": "",
    "language": "russian",
    "sentiment": "negative",
    "categories": [
        "Economy, Business and Finance",
        "Education",
        "Social Issue"
    ],
    "topics": [
        "Economy, Business and Finance->tourism and leisure industry",
        "Education->social learning",
        "Education->students",
        "Education->parents group",
        "Social Issue->communities",
        "Social Issue->social condition"
    ],
    "ai_allow": true,
    "has_canonical": false,
    "breaking": true,
    "webz_reporter": false,
    "external_links": [],
    "entities": {
        "persons": [],
        "locations": [],
        "organizations": []
    },
    "syndication": {
        "syndicated": null,
        "syndicate_id": null,
        "first_syndicated": false
    },
    "trust": {
        "categories": [],
        "top_news": [
            "top_news_ru",
            "top_news"
        ],
        "bias": null
    },
    "rating": null,
    "crawled": "2025-06-26T12:25:52.067+03:00",
    "updated": "2025-06-27T10:09:38.000+00:00"
}