{
    "thread": {
        "uuid": "190909070956305dd0226bed1d9053c15bf1e234",
        "url": "https://www.albawabhnews.com/5223377",
        "site_full": "www.albawabhnews.com",
        "site": "albawabhnews.com",
        "site_section": "https://albawabhnews.com/rss.aspx",
        "site_categories": [
            "media",
            "top_news_eg",
            "top_news"
        ],
        "section_title": "احدث الموضوعات",
        "site_title": "البوابة نيوز",
        "title": "الثانوية العامة 2025| جروبات الغش تزعم تداول امتحان التاريخ.. ووزير التعليم يتابع اللجان",
        "title_full": "الثانوية العامة 2025| جروبات الغش تزعم تداول امتحان التاريخ.. ووزير التعليم يتابع اللجان",
        "published": "2025-06-26T10:13:01.197+03:00",
        "replies_count": 0,
        "participants_count": 1,
        "site_type": "news",
        "country": "EG",
        "main_image": "https://www.albawabhnews.com/UploadCache/libfiles/760/9/600x338o/486.jpg",
        "performance_score": 0,
        "domain_rank": 89266,
        "domain_rank_updated": "2025-06-03T00:00:00.000+03:00",
        "licensing_agency": [],
        "social": {
            "facebook": {
                "likes": 0,
                "comments": 0,
                "shares": 0
            },
            "vk": {
                "shares": 0
            }
        }
    },
    "uuid": "190909070956305dd0226bed1d9053c15bf1e234",
    "url": "https://www.albawabhnews.com/5223377",
    "ord_in_thread": 0,
    "author": "البوابة نيوز",
    "published": "2025-06-26T10:13:01.197+03:00",
    "title": "الثانوية العامة 2025| جروبات الغش تزعم تداول امتحان التاريخ.. ووزير التعليم يتابع اللجان",
    "text": "تابع أحدث الأخبار عبر تطبيق\nزعمت جروبات الغش على مواقع التواصل الاجتماعي تداول نماذج لامتحان التاريخ الذي يؤديه طلاب الثانوية العامة منذ التاسعة صباحا.\nمن جهته يتابع فريق مكافحة الغش بغرفة العمليات المركزية بوزارة التربية والتعليم ما يتم تداوله واتخاذ الإجراءات القانونية اللازمة حال ثبوته.\nويؤدي طلاب الثانوية العامة 2025، اليوم الخميس، امتحان الدور الأول في مادة الفيزياء لشعبة العلوم والرياضيات، والتاريخ للشعبة الأدبية.\nوزير التعليم يتابع اللجان عبر كاميرات المراقبة\nويتابع وزير التربية والتعليم محمد عبد اللطيف عبر كاميرات المراقبة من داخل غرفة العمليات مختلف اللجان الامتحانية على مستوى الجمهورية ومتابعة متواصلة لسير العملية الامتحانية داخل اللجان.\nووجه وزير التربية والتعليم محمد عبد اللطيف، مديري المديريات التعليمية، بتحويل الطالب الذي يتم ضبطه في حالة غش أثناء أداء الامتحان، إلى لجنة خاصة لاستكمال الامتحانات بها، مشيرًا إلى أن هذا الإجراء يأتي في إطار الحرص على ضمان نزاهة وشفافية سير العملية الامتحانية، وتطبيق القوانين واللوائح المنظمة، بما يحقق مبدأ تكافؤ الفرص بين جميع الطلاب.\nوشدد الوزير على الالتزام الحاسم بإجراءات التفتيش قبل دخول الطلاب إلى اللجان، والتأكيد على عدم التهاون مع أي محاولة لمخالفة القواعد أو سوء التصرف داخل اللجان، مؤكدًا أنه سيتم اتخاذ إجراءات صارمة وفورية ضد المخالفين.\nوفي إطار متابعة انتظام سير الامتحانات، شدد خالد عبد الحكم رئيس عام امتحانات الثانوية العامة ورئيس الإدارة المركزية لشؤون المديريات التعليمية على رؤساء اللجان بتنظيم دخول الطلاب إلى اللجان بداية من الساعة الثامنة والنصف صباحا، للانتهاء من إجراءات التفتيش قبل بدء الامتحان، وعدم السماح بأي تأخير في توزيع أوراق الإجابة بحيث يتم توزيعها فى تمام الساعة التاسعة إلا عشر دقائق، لإتاحة الوقت لكتابة الطالب البيانات، ومراجعتها، وتوزيع أوراق الأسئلة فى تمام الساعة التاسعة دون تأخير.\nويؤدي امتحانات الثانوية العامة هذا العام 768 ألفًا و353 طالبًا بنظام التعليم الجديد، و45 ألفًا و522 طالبًا بالنظام القديم، موزعين على 2029 لجنة امتحانية على مستوى الجمهورية، من بينها 9 لجان بالسجون، و6 بالمستشفيات، و24 لجنة للمكفوفين، و17 لجنة لطلاب مدارس المتفوقين في العلوم والتكنولوجيا (STEM). ويشارك في أعمال المراقبة 120،232 ملاحظ.\nويبلغ إجمالي عدد الطلاب المتقدمين للامتحانات هذا العام 768 ألفا و353 طالبا يؤدون الامتحانات بالنظام الجديد و45 ألفا و522 طالبا بالنظام القديم، كما يبلغ عدد اللجان الامتحانية 1973 لجنة، بالإضافة إلى 9 لجان بالسجون و6 لجان بالمستشفيات و24 لجنة للطلاب المكفوفين، و17 لجنة لطلاب مدارس المتفوقين في العلوم والتكنولوجيا، ويبلغ عدد الملاحظين 120232 وعدد اللجان الكلية 2029 لجنة بجميع أنحاء الجمهورية.",
    "highlightText": "",
    "highlightTitle": "",
    "highlightThreadTitle": "",
    "language": "arabic",
    "sentiment": "negative",
    "categories": [
        "Education",
        "Social Issue",
        "Politics"
    ],
    "topics": [
        "Education->educational testing and examinations",
        "Education->upper secondary education",
        "Education->students",
        "Social Issue->social services",
        "Social Issue->social problem",
        "Politics->civil rights",
        "Politics->government",
        "Politics->education policy"
    ],
    "ai_allow": true,
    "has_canonical": false,
    "breaking": false,
    "webz_reporter": false,
    "external_links": [
        "https://news.google.com/publications/CAAqBwgKMIPOqAsw9djAAw",
        "https://www.news.google.com/publications/CAAqBwgKMIPOqAsw9djAAw"
    ],
    "entities": {
        "persons": [],
        "locations": [],
        "organizations": []
    },
    "syndication": {
        "syndicated": null,
        "syndicate_id": null,
        "first_syndicated": false
    },
    "trust": {
        "categories": [],
        "top_news": [
            "top_news_eg",
            "top_news"
        ],
        "bias": null
    },
    "rating": null,
    "crawled": "2025-06-26T10:13:01.197+03:00",
    "updated": "2025-06-27T08:11:50.000+00:00"
}