{
    "thread": {
        "uuid": "78383ff933d574cd557cb54fe0598db5fd3f7922",
        "url": "https://www.sinchew.com.my/news/20250626/nation/6647429",
        "site_full": "www.sinchew.com.my",
        "site": "sinchew.com.my",
        "site_section": "https://sinchew.com.my/latest",
        "site_categories": [
            "media",
            "top_news_sg",
            "top_news_my",
            "top_news"
        ],
        "section_title": "最新 | 星洲网每日最新新闻 Latest Malaysia News",
        "site_title": "星洲网 Sin Chew Daily Malaysia Latest News and Headlines",
        "title": "华人文化协会：长年深耕日新独中 郑奕南离世 华教损失  - 国内 - 华社",
        "title_full": "华人文化协会：长年深耕日新独中 郑奕南离世 华教损失  - 国内 - 华社",
        "published": "2025-06-26T10:49:00.000+03:00",
        "replies_count": 0,
        "participants_count": 1,
        "site_type": "news",
        "country": "MY",
        "main_image": "https://cdn.sinchew.com.my/wp-content/uploads/2025/06/e695ace682bce7bc85e68080e9a9ace69da5e8a5bfe4ba9ae58d8ee4babae69687e58c96e58d8fe4bc9ae7acace4b99de5b18aefbc882021e5b9b4efbc89e69687-aspect-ratio-1600-900.jpg",
        "performance_score": 0,
        "domain_rank": 34908,
        "domain_rank_updated": "2025-06-03T00:00:00.000+03:00",
        "licensing_agency": [],
        "social": {
            "facebook": {
                "likes": 0,
                "comments": 0,
                "shares": 0
            },
            "vk": {
                "shares": 0
            }
        }
    },
    "uuid": "78383ff933d574cd557cb54fe0598db5fd3f7922",
    "url": "https://www.sinchew.com.my/news/20250626/nation/6647429",
    "ord_in_thread": 0,
    "author": "星洲网",
    "published": "2025-06-26T10:49:00.000+03:00",
    "title": "华人文化协会：长年深耕日新独中 郑奕南离世 华教损失  - 国内 - 华社",
    "text": "华人文化协会：长年深耕日新独中 郑奕南离世 华教损失\n（吉隆坡26日讯）马来西亚华人文化协会说，已故高级拿督斯里郑奕南的离世，是华教界的重大损失，更是全体文化同道心中无法磨灭的缺口。\n文化协会在文告中说，郑奕南不仅是大山脚日新独中长年深耕的董事长，更是文化协会第9届文协文化奖教育贡献奖的得主，他的离世，令人万分震痛，哀思难抑。\nADVERTISEMENT\n文告指出，郑奕南一生热心公益、关怀文化教育，几十年来不遗余力推动独中发展，是华教战线上不可或缺的精神灯塔。他以坚定的信念、谦和的人格和务实的行动，带领日新独中多次突破资源困境，提升办学水准，赢得社会各界的广泛敬重。他相信教育是民族的根本，文化是灵魂的依托，始终站在前线捍卫母语教育，为子孙后代争取更好的未来。\n“在2021年第9届文协文化奖颁奖礼上，郑奕南荣膺‘教育贡献奖’，是对他长期默默耕耘与领导力的高度肯定。他当时谦逊地表示，所做一切只是‘尽一份身为华社子弟的责任’，其言简意深，令人动容。\n“今天，我们送别的不仅是一位教育家，更是一位用生命书写文化使命的时代典范。”\n文化协会总会长陈志雄代表全体理事，向已故郑奕南的家属致以最深切的哀悼与诚挚的慰问。\nADVERTISEMENT\n热门新闻\n百格视频\nADVERTISEMENT",
    "highlightText": "",
    "highlightTitle": "",
    "highlightThreadTitle": "",
    "language": "chinese",
    "sentiment": "negative",
    "categories": [
        "Human Interest",
        "Education"
    ],
    "topics": [
        "Human Interest->funeral and memorial service",
        "Education->educational grading",
        "Education->religious education",
        "Education->social learning"
    ],
    "ai_allow": true,
    "has_canonical": false,
    "breaking": true,
    "webz_reporter": false,
    "external_links": [],
    "entities": {
        "persons": [],
        "locations": [],
        "organizations": []
    },
    "syndication": {
        "syndicated": null,
        "syndicate_id": null,
        "first_syndicated": false
    },
    "trust": {
        "categories": [],
        "top_news": [
            "top_news_sg",
            "top_news_my",
            "top_news"
        ],
        "bias": null
    },
    "rating": null,
    "crawled": "2025-06-26T10:55:39.112+03:00",
    "updated": "2025-06-27T08:08:23.000+00:00"
}