{
    "thread": {
        "uuid": "0da41c43c6958da240dc5a3f4a3f2198a2f6f84c",
        "url": "https://coincentral.com/bullzilla-presale-reigns-supreme-among-the-top-meme-coin-presales-to-join-in-q3-as-doge-wavers-and-xrp-surges/",
        "site_full": "coincentral.com",
        "site": "coincentral.com",
        "site_section": "https://coincentral.com/corporate-bitcoin-adoption-set-to-surge-financial-advisor-predicts-25-of-sp-500-will-hold-btc-by-2030",
        "site_categories": [
            "finance"
        ],
        "section_title": "Corporate Bitcoin Adoption Set to Surge: Financial Advisor Predicts 25% of S&amp;P 500 Will Hold BTC by 2030 - CoinCentral",
        "site_title": "CoinCentral: All The Latest Crypto, Web3, AI, Finance &amp; Tech News",
        "title": "BullZilla Presale Reigns Supreme Among the Top Meme Coin Presales to Join in Q3 as DOGE Wavers and XRP Surges",
        "title_full": "BullZilla Presale Reigns Supreme Among the Top Meme Coin Presales to Join in Q3 as DOGE Wavers and XRP Surges",
        "published": "2025-09-04T07:30:00.000+03:00",
        "replies_count": 0,
        "participants_count": 1,
        "site_type": "news",
        "country": "US",
        "main_image": "https://coincentral.com/wp-content/uploads/2025/09/1-144.png",
        "performance_score": 0,
        "domain_rank": 38318,
        "domain_rank_updated": "2025-06-03T00:00:00.000+03:00",
        "licensing_agency": [],
        "social": {
            "facebook": {
                "likes": 0,
                "comments": 0,
                "shares": 0
            },
            "vk": {
                "shares": 0
            }
        }
    },
    "uuid": "0da41c43c6958da240dc5a3f4a3f2198a2f6f84c",
    "url": "https://coincentral.com/bullzilla-presale-reigns-supreme-among-the-top-meme-coin-presales-to-join-in-q3-as-doge-wavers-and-xrp-surges/",
    "ord_in_thread": 0,
    "author": "Oliver Dale",
    "published": "2025-09-04T07:30:00.000+03:00",
    "title": "BullZilla Presale Reigns Supreme Among the Top Meme Coin Presales to Join in Q3 as DOGE Wavers and XRP Surges",
    "text": "The market is shifting, and investors are chasing the top meme coin presales to join in Q3. Dogecoin’s institutional pivot, XRP’s surge in real-world adoption, and BullZilla’s explosive presale create a perfect storm for traders and analysts. Each of these tokens brings a unique angle to the table, offering lessons in community strength, institutional alignment, and forward-thinking tokenomics.\nFor students of finance and blockchain developers, the top meme coin presales to join in Q3 highlight how utility and community intersect to drive momentum. Dogecoin anchors its value with a treasury, XRP sets a new benchmark in cross-border liquidity, and BullZilla steps forward with powerful staking mechanics and loyalty systems.\nWith volatility defining crypto cycles, ignoring the top meme coin presales to join in Q3 risks missing the kind of early-entry opportunities that shape long-term portfolios.\nBullZilla Presale Roars Ahead with Roarblood Vault and 70 % Yield\nEnter BullZilla ($BZIL). Its presale stage 1‑C is booming: over 16.25 billion $BZIL tokens sold, raising more than $119,711, at a price of $0.00001908 each. As one of the top meme coin presales to join in Q3, BullZilla stands out.\nRoarblood Vault: The Heart of Community Power\nThe narrative centers on the Roarblood Vault, a community-first treasury mechanism. It drives loyalty and growth with two standout functions:\n- Referral System rewards both newcomers and introducers: a 10 % bonus on $50+ purchases for referred users, and 10 % of their buys for referring owners.\n- It secures ongoing support for the ecosystem, even after the presale completes.\n- The Vault is more than a token pool. It builds aligned interests, embedding rewards into loyalty and community expansion. That ecosystem-centric design is rare in presale projects.\nHODL Furnace: Stake, Lock, Earn\nStakeholders can lock their Bull Zilla in the HODL Furnace, earning 70 % APY, among the highest in crypto. This protocol encourages long-term holding, discouraging quick flips. Returns vest and grow larger over time, rewarding those committed to the project.\nROI in Action: $3,000 Investment Scenario\nAt the presale price of $0.00001908, a $3,000 investment buys approximately 157,274,500 $BZIL tokens. Staking them in the HODL Furnace at 70 % APY would yield substantial growth, compounding returns invite robust speculative interest while backing loyalty with solid yield mechanics.\nKey Indicators:\n- Fast-moving token sales imply momentum and community trust.\n- Vault and Furnace show design depth, not just hype.\n- APY transparency allows analysts to model scenarios.\nThe ROI potential is unmistakable, and Deck’s community structure ensures that holders are part of the ecosystem’s rise.\nDogecoin’s Realignment: Community Meme Goes Institutional\nDogecoin staged a subtle yet compelling bounce off a $0.210 support level. The trigger? CleanCore Solutions secured $175 million in a private placement to build the first official Dogecoin treasury, backed by the Dogecoin Foundation and its commercial arm, the House of Doge. CleanCore intends to use the proceeds to purchase DOGE and make it its core reserve asset. This opening offer is scheduled to close on September 4 and must obtain NYSE American approvals.\nLeadership appointments also add weight. Alex Spiro, counsel to Elon Musk, is now Chairman of the board. Timothy Stebbing (Dogecoin Foundation CTO) and House of Doge CEO Marco Margiotta take key strategic roles.\nThis move represents Dogecoin’s bid for institutional legitimacy. CleanCore plans to expand DOGE’s utility, exploring staking-like yields and exchange partnerships.\nThe key indicators are clear: technical resilience at $0.210, institutional treasury strategy, and executive alignment with governance and compliance. For analysts and developers, Dogecoin now merits renewed scrutiny beyond its meme origin.\nXRP’s Mileage Rises: Reward Cards, ETF Tweaks, and Global Liquidity Vision\nRipple and XRP have triggered noticeable excitement. Gemini launched a new credit card offering rewards directly in XRP and its RLUSD stablecoin, bringing spending and crypto closer.\nMeanwhile, a novel ETF model from Amplify proposes income-generating XRP exposure. Rather than a spot ETF, it uses an options‑income structure, selling covered calls monthly, aiming for steady yield, not just price return. Prediction markets now place approval odds near 90 %.\nOn‑chain activity also leapt. The XRP Ledger’s real‑world asset (RWA) market cap surged from $130 million at Q2’s end to over $320 million in August, a 144 % jump.\nRipple’s CEO projects that the XRP Ledger could capture up to 14 % of SWIFT’s global liquidity by 2030, potentially generating $1.5 trillion in demand even at just 1 % share. Innovations such as dynamic AMM fees and permissioned DEX functionality bolster XRP’s institutional appeal .\nThese developments show multiple catalysts: consumer rewards, new financial instruments, real‑world token use, and global infrastructure integration. For developers and analysts, XRP is no longer settling into meme‑coin territory; it’s building infrastructure.\nConclusion: Q3’s Meme-Coin Moment Is Here\nThe top meme coin presales to join in Q3 are more than passing headlines; they represent evolving case studies in crypto adoption. Dogecoin is building treasury depth to cement resilience, XRP is leveraging institutional channels to expand reach, and BullZilla is layering rewards to maximize loyalty and growth.\nFor developers, analysts, and meme coin lovers, the top meme coin presales to join in Q3 are proving that new frameworks of engagement, staking, and community rewards can create robust ecosystems. They combine narrative appeal with concrete mechanics that can be measured and tested.\nUltimately, the top meme coin presales to join in Q3 are not only about hype but also about structured innovation. They invite serious investors to study, assess, and decide how these projects might redefine meme-driven markets in the coming quarters.\nFor More Information:\nFollow BZIL on X (Formerly Twitter)\nDisclaimer: This media platform provides the content of this article on an \"as-is\" basis, without any warranties or representations of any kind, express or implied. We assume no responsibility for any inaccuracies, errors, or omissions. We do not assume any responsibility or liability for the accuracy, content, images, videos, licenses, completeness, legality, or reliability of the information presented herein. Any concerns, complaints, or copyright issues related to this article should be directed to the content provider mentioned above.",
    "highlightText": "",
    "highlightTitle": "",
    "highlightThreadTitle": "",
    "language": "english",
    "sentiment": "positive",
    "categories": [
        "Economy, Business and Finance",
        "Social Issue",
        "Lifestyle and Leisure"
    ],
    "topics": [
        "Economy, Business and Finance->foreign exchange market",
        "Economy, Business and Finance->business strategy and marketing",
        "Economy, Business and Finance->investment and opinion pieces",
        "Social Issue->social problem",
        "Social Issue->communities",
        "Social Issue->social condition",
        "Lifestyle and Leisure->trend",
        "Lifestyle and Leisure->gaming and lottery",
        "Lifestyle and Leisure->game"
    ],
    "ai_allow": true,
    "has_canonical": false,
    "breaking": false,
    "webz_reporter": false,
    "external_links": [
        "https://www.bullzilla.com/?utm_source=CoinCentral&utm_campaign=BullZilla%20Presale%20Reigns%20Supreme%20Among%20the%20Top%20Meme%20Coin%20Presales%20to%20Join%20in%20Q3%20as%20DOGE%20Wavers%20and%20XRP%20Surges",
        "https://x.com/BullZillaCoin",
        "https://bullzilla.com/?utm_source=CoinCentral&utm_campaign=BullZilla%20Presale%20Reigns%20Supreme%20Among%20the%20Top%20Meme%20Coin%20Presales%20to%20Join%20in%20Q3%20as%20DOGE%20Wavers%20and%20XRP%20Surges",
        "https://www.bullzilla.com/",
        "https://www.x.com/BullZillaCoin"
    ],
    "external_images": [],
    "internal_images": [],
    "entities": {
        "persons": [
            {
                "name": "Dogecoin",
                "sentiment": "neutral"
            }
        ],
        "locations": [],
        "organizations": []
    },
    "syndication": {
        "syndicated": false,
        "syndicate_id": null,
        "first_syndicated": false
    },
    "trust": {
        "categories": [],
        "top_news": [],
        "bias": null,
        "source": {
            "type": null,
            "city": null,
            "state": null,
            "country": null,
            "domain_type": null,
            "agency": null,
            "organization_name": null
        }
    },
    "rating": null,
    "crawled": "2025-09-04T07:38:09.603+03:00",
    "updated": "2025-09-04T07:41:54.000+03:00"
}