{
    "thread": {
        "uuid": "3e1ab65108527fc0d2fdda00e128514dd96f7e8b",
        "url": "https://www.forsythnews.com/sports/softball/softball-east-forsyth-knocks-off-top-ranked-cherokee-bluff",
        "site_full": "www.forsythnews.com",
        "site": "forsythnews.com",
        "site_section": "https://www.forsythnews.com/sports/rss",
        "site_categories": [
            "media"
        ],
        "section_title": "Sports",
        "site_title": "Forsyth County News - Forsyth News",
        "title": "Softball: East Forsyth knocks off top-ranked Cherokee Bluff",
        "title_full": "Softball: East Forsyth knocks off top-ranked Cherokee Bluff",
        "published": "2025-09-04T07:40:00.000+03:00",
        "replies_count": 0,
        "participants_count": 1,
        "site_type": "news",
        "country": "US",
        "main_image": "https://forsythnews.cdn-anvilcms.net/media/images/2023/10/19/images/Template_Graphic_East.max-640x480.jpg",
        "performance_score": 0,
        "domain_rank": 122597,
        "domain_rank_updated": "2025-06-03T00:00:00.000+03:00",
        "licensing_agency": [],
        "social": {
            "facebook": {
                "likes": 0,
                "comments": 0,
                "shares": 0
            },
            "vk": {
                "shares": 0
            }
        }
    },
    "uuid": "3e1ab65108527fc0d2fdda00e128514dd96f7e8b",
    "url": "https://www.forsythnews.com/sports/softball/softball-east-forsyth-knocks-off-top-ranked-cherokee-bluff",
    "ord_in_thread": 0,
    "author": "Sports Staff",
    "published": "2025-09-04T07:40:00.000+03:00",
    "title": "Softball: East Forsyth knocks off top-ranked Cherokee Bluff",
    "text": "Softball: East Forsyth knocks off top-ranked Cherokee Bluff Facing off against former region rival Cherokee Bluff, East Forsyth handed Class 3A's No. 1 team its second defeat of the season. Scores presented by Bryan Properties",
    "highlightText": "",
    "highlightTitle": "",
    "highlightThreadTitle": "",
    "language": "english",
    "sentiment": "positive",
    "categories": [
        "Economy, Business and Finance",
        "Social Issue",
        "Human Interest"
    ],
    "topics": [
        "Economy, Business and Finance->business reporting and performance",
        "Economy, Business and Finance->tourism and leisure industry",
        "Social Issue->social condition",
        "Social Issue->communities",
        "Human Interest->record and achievement"
    ],
    "ai_allow": true,
    "has_canonical": false,
    "breaking": false,
    "webz_reporter": false,
    "external_links": [],
    "external_images": [],
    "internal_images": [],
    "entities": {
        "persons": [
            {
                "name": "Bryan Properties",
                "sentiment": "none"
            }
        ],
        "locations": [],
        "organizations": []
    },
    "syndication": {
        "syndicated": false,
        "syndicate_id": null,
        "first_syndicated": false
    },
    "trust": {
        "categories": null,
        "top_news": [],
        "bias": null,
        "source": {
            "type": "local_news",
            "city": [
                "Cumming",
                "New England",
                "Forsyth",
                "Sale City",
                "Sunset Village",
                "Smarr",
                "Unionville"
            ],
            "state": [
                "Georgia"
            ],
            "country": [
                "US"
            ],
            "domain_type": null,
            "agency": null,
            "organization_name": null
        }
    },
    "rating": null,
    "crawled": "2025-09-04T07:45:04.813+03:00",
    "updated": "2025-09-04T07:50:33.000+03:00"
}