{
    "thread": {
        "uuid": "6ed01413d8cc9bf2529d56858c7d9a3b02b8d42c",
        "url": "https://www.bastillepost.com/global/article/5164180-beijing-residents-gather-to-watch-v-day-military-parade-in-streets",
        "site_full": "www.bastillepost.com",
        "site": "bastillepost.com",
        "site_section": "https://www.bastillepost.com/global",
        "site_categories": [
            "media",
            "travel",
            "japan",
            "top_news_hk",
            "top_news"
        ],
        "section_title": "Bastillepost",
        "site_title": "巴士的報",
        "title": "Beijing residents gather to watch V-Day military parade in streets",
        "title_full": "Beijing residents gather to watch V-Day military parade in streets",
        "published": "2025-09-04T07:24:00.000+03:00",
        "replies_count": 0,
        "participants_count": 1,
        "site_type": "news",
        "country": "HK",
        "main_image": "https://image.bastillepost.com/640x/wp-content/uploads/global/2025/09/8443617_1756959932002_a_FB.jpg",
        "performance_score": 0,
        "domain_rank": 54233,
        "domain_rank_updated": "2025-06-03T00:00:00.000+03:00",
        "licensing_agency": [],
        "social": {
            "facebook": {
                "likes": 0,
                "comments": 0,
                "shares": 0
            },
            "vk": {
                "shares": 0
            }
        }
    },
    "uuid": "6ed01413d8cc9bf2529d56858c7d9a3b02b8d42c",
    "url": "https://www.bastillepost.com/global/article/5164180-beijing-residents-gather-to-watch-v-day-military-parade-in-streets",
    "ord_in_thread": 0,
    "author": "Bastillepost",
    "published": "2025-09-04T07:24:00.000+03:00",
    "title": "Beijing residents gather to watch V-Day military parade in streets",
    "text": "Numerous citizens and tourists filled the streets of Beijing on Wednesday to witness the military parade marking the 80th anniversary of China's victory in World War II, immersing themselves in the vibrant atmosphere of the celebrations.\nAt 9:00 when the commemorative event kicked off, people gathered at landmark locations in the city like the Temple of Heaven and the square in front of the Beijing Railway Station, which the military aircraft would flying over, to witness the parade up close.\n\"Today is the first time I have the opportunity to see fighter jets flying over the Temple of Heaven on site. When the jets carrying the Party and national flags soared overhead, I was overwhelmed by pride and excitement,\" said Chu Zhaohan, a tourist.\n\"As an aeronautics and astronautics student, I must come and witness the achievements of China's new fighter jets and experience the country's progress in its journey toward national rejuvenation and national prosperity in the new era,\" said Lyv Shaoyang, another tourist.\nA large outdoor screen in Beijing's Sanlitun business area also attracted numerous people, who gathered to watch the live broadcast of the parade. Excitement surged as armored vehicles rolled through the streets.\n\"I just watched the live broadcast on the big screen, and I am buzzing with excitement. In this moment, I truly appreciate how the victories of our martyrs and ancestors in the war against Japanese aggression 80 years ago have instilled such pride in us today,\" said Bai Shaofei, a local resident.\nThe grand military parade was staged in Tian'anmen Square on Wednesday as part of the commemorations marking the 80th anniversary of the victory in the Chinese People's War of Resistance against Japanese Aggression and the World Anti-Fascist War.",
    "highlightText": "",
    "highlightTitle": "",
    "highlightThreadTitle": "",
    "language": "english",
    "sentiment": "positive",
    "categories": [
        "Social Issue"
    ],
    "topics": [
        "Social Issue->communities",
        "Social Issue->social networking",
        "Social Issue->demographics"
    ],
    "ai_allow": true,
    "has_canonical": false,
    "breaking": true,
    "webz_reporter": false,
    "external_links": [],
    "external_images": [],
    "internal_images": [],
    "entities": {
        "persons": [
            {
                "name": "Chu Zhaohan",
                "sentiment": "none"
            }
        ],
        "locations": [
            {
                "name": "Railway Station",
                "sentiment": "none"
            },
            {
                "name": "Sanlitun",
                "sentiment": "none"
            }
        ],
        "organizations": [
            {
                "name": "Party",
                "sentiment": "none",
                "tickers": [
                    {
                        "ticker": null,
                        "exchange": null
                    }
                ]
            }
        ]
    },
    "syndication": {
        "syndicated": false,
        "syndicate_id": null,
        "first_syndicated": false
    },
    "trust": {
        "categories": [],
        "top_news": [
            "top_news_hk",
            "top_news"
        ],
        "bias": null,
        "source": {
            "type": null,
            "city": null,
            "state": null,
            "country": null,
            "domain_type": null,
            "agency": null,
            "organization_name": null
        }
    },
    "rating": null,
    "crawled": "2025-09-04T07:38:31.737+03:00",
    "updated": "2025-09-05T08:07:55.000+03:00"
}