{
    "thread": {
        "uuid": "e0ad87dc8aa83fc2eb089a2442a051d09eee5d69",
        "url": "https://ug.china-embassy.gov.cn/zgyw/202509/t20250904_11701968.htm",
        "site_full": "ug.china-embassy.gov.cn",
        "site": "china-embassy.gov.cn",
        "site_section": "https://ug.china-embassy.gov.cn/./lqfw/hzlxz",
        "site_categories": [],
        "section_title": "中华人民共和国驻乌干达共和国大使馆",
        "site_title": null,
        "title": "蔡奇会见吉尔吉斯斯坦总统扎帕罗夫",
        "title_full": "蔡奇会见吉尔吉斯斯坦总统扎帕罗夫",
        "published": "2025-09-04T07:36:23.266+03:00",
        "replies_count": 0,
        "participants_count": 1,
        "site_type": "news",
        "country": "CN",
        "main_image": "",
        "performance_score": 0,
        "domain_rank": 13413,
        "domain_rank_updated": "2025-06-03T00:00:00.000+03:00",
        "licensing_agency": [],
        "social": {
            "facebook": {
                "likes": 0,
                "comments": 0,
                "shares": 0
            },
            "vk": {
                "shares": 0
            }
        }
    },
    "uuid": "e0ad87dc8aa83fc2eb089a2442a051d09eee5d69",
    "url": "https://ug.china-embassy.gov.cn/zgyw/202509/t20250904_11701968.htm",
    "ord_in_thread": 0,
    "author": "-",
    "published": "2025-09-04T07:36:23.266+03:00",
    "title": "蔡奇会见吉尔吉斯斯坦总统扎帕罗夫",
    "text": "2025年9月3日，中共中央政治局常委、中央书记处书记蔡奇在北京会见来华出席2025年上海合作组织峰会和纪念中国人民抗日战争暨世界反法西斯战争胜利80周年活动的吉尔吉斯斯坦总统扎帕罗夫。\n蔡奇表示，感谢总统先生出席3日的纪念活动，这体现了对中国和国际正义事业的坚定支持。几天前，习近平主席同总统先生举行富有成效的会见，就中吉关系发展作出战略部署。中方愿同吉方一道，继续落实好两国元首重要共识，推动互利合作快速发展，不断充实中吉命运共同体实质内涵。\n扎帕罗夫表示，3日上午举行的盛大纪念活动昭示了铭记历史、维护和平的重要性，展示了中国的世界影响力。吉方在涉及中方核心利益问题上坚定支持中方立场，将继续积极推进两国全方位合作。\n附件：",
    "highlightText": "",
    "highlightTitle": "",
    "highlightThreadTitle": "",
    "language": "chinese",
    "sentiment": "positive",
    "categories": [
        "Politics",
        "Human Interest",
        "Social Issue"
    ],
    "topics": [
        "Politics->government",
        "Politics->political development",
        "Politics->international relations",
        "Human Interest->anniversary",
        "Social Issue->immigration",
        "Social Issue->demographics",
        "Social Issue->diversity, equity and inclusion"
    ],
    "ai_allow": true,
    "has_canonical": false,
    "breaking": false,
    "webz_reporter": false,
    "external_links": [],
    "external_images": [],
    "internal_images": [],
    "entities": {
        "persons": [],
        "locations": [],
        "organizations": []
    },
    "syndication": {
        "syndicated": null,
        "syndicate_id": null,
        "first_syndicated": false
    },
    "trust": {
        "categories": [],
        "top_news": [],
        "bias": null,
        "source": {
            "type": "gov_news",
            "city": null,
            "state": null,
            "country": null,
            "domain_type": null,
            "agency": null,
            "organization_name": null
        }
    },
    "rating": null,
    "crawled": "2025-09-04T07:36:23.266+03:00",
    "updated": "2025-09-04T07:40:52.000+03:00"
}