{
    "thread": {
        "uuid": "38ca4e84ca000cf4c3e0e6b0770152832061adaa",
        "url": "https://www.newsbreak.com/news/4212786532406-new-del-webb-community-brings-55-living-to-pittsboro-s-chatham-park",
        "site_full": "www.newsbreak.com",
        "site": "newsbreak.com",
        "site_section": "https://newsbreak.com/chapel-hill-nc",
        "site_categories": [
            "under_construction"
        ],
        "section_title": "Chapel Hill, NC Local News and More | NewsBreak",
        "site_title": "NewsBreak: Local News &amp; Alerts",
        "title": "New Del Webb community brings 55+ living to Pittsboro's Chatham Park - NewsBreak",
        "title_full": "New Del Webb community brings 55+ living to Pittsboro's Chatham Park - NewsBreak",
        "published": "2025-09-03T23:02:00.000+03:00",
        "replies_count": 0,
        "participants_count": 1,
        "site_type": "news",
        "country": "US",
        "main_image": "https://img.particlenews.com/img/id/3zEfzA_14NuEiiW00",
        "performance_score": 0,
        "domain_rank": 3213,
        "domain_rank_updated": "2025-06-03T00:00:00.000+03:00",
        "licensing_agency": [],
        "social": {
            "facebook": {
                "likes": 0,
                "comments": 0,
                "shares": 0
            },
            "vk": {
                "shares": 0
            }
        }
    },
    "uuid": "38ca4e84ca000cf4c3e0e6b0770152832061adaa",
    "url": "https://www.newsbreak.com/news/4212786532406-new-del-webb-community-brings-55-living-to-pittsboro-s-chatham-park",
    "ord_in_thread": 0,
    "author": "chathamjournal.com",
    "published": "2025-09-03T23:02:00.000+03:00",
    "title": "New Del Webb community brings 55+ living to Pittsboro's Chatham Park - NewsBreak",
    "text": "8 hours ago Pittsboro, NC – Chatham Park, the sprawling master-planned community that is transforming the heart of Pittsboro, is set to welcome another addition: a Del Webb active adult neighborhood by PulteGroup, tailored for residents aged 55 and older. With approximately 800 homes planned in its initial phase and room for future expansion, this development promises to blend low-maintenance luxury with a dynamic, wellness-focused lifestyle. Nestled off Moncure Pittsboro Road, the community hopes to redefine retirement living in the region. Read full article\nRead in NewsBreak",
    "highlightText": "",
    "highlightTitle": "",
    "highlightThreadTitle": "",
    "language": "english",
    "sentiment": "positive",
    "categories": [
        "Economy, Business and Finance",
        "Social Issue",
        "Lifestyle and Leisure"
    ],
    "topics": [
        "Economy, Business and Finance->construction and property",
        "Social Issue->communities",
        "Social Issue->senior citizens",
        "Lifestyle and Leisure->lifestyle",
        "Lifestyle and Leisure->house and home",
        "Lifestyle and Leisure->travel and tourism"
    ],
    "ai_allow": true,
    "has_canonical": false,
    "breaking": null,
    "webz_reporter": false,
    "external_links": [],
    "external_images": [],
    "internal_images": [],
    "entities": {
        "persons": [],
        "locations": [
            {
                "name": "Pittsboro",
                "sentiment": "none"
            },
            {
                "name": "Park",
                "sentiment": "none"
            }
        ],
        "organizations": []
    },
    "syndication": {
        "syndicated": false,
        "syndicate_id": "38ca4e84ca000cf4c3e0e6b0770152832061adaa",
        "first_syndicated": true
    },
    "trust": {
        "categories": [
            "fake_news"
        ],
        "top_news": [],
        "bias": "center",
        "source": {
            "type": null,
            "city": null,
            "state": null,
            "country": null,
            "domain_type": null,
            "agency": null,
            "organization_name": null
        }
    },
    "rating": null,
    "crawled": "2025-09-04T07:36:11.172+03:00",
    "updated": "2025-09-04T07:39:12.000+03:00"
}