{
    "thread": {
        "uuid": "ec976e24367abe948e2fe0d0ee83db27f7e1701c",
        "url": "https://tw.news.yahoo.com/%E9%9D%92%E5%B9%B4%E8%B2%B7%E6%88%BF%E4%B8%8D%E6%9C%83-%E8%B2%B8%E4%B8%8D%E5%88%B0%E4%BA%86-%E5%8D%93%E6%A6%AE%E6%B3%B0%E5%A4%A7%E9%96%8B%E6%B0%B4%E9%BE%8D%E9%A0%AD-%E6%8B%8D%E6%9D%BF-%E6%96%B0%E9%9D%92%E5%AE%89%E4%B8%8D%E5%8F%97%E4%B8%8D%E5%8B%95%E7%94%A2%E6%94%BE%E6%AC%BE%E5%A4%A9%E6%A2%9D%E7%B4%84%E6%9D%9F-041226589.html",
        "site_full": "tw.news.yahoo.com",
        "site": "yahoo.com",
        "site_section": "https://tw.stock.yahoo.com/real-estate/",
        "site_categories": [
            "media",
            "top_news_ru",
            "top_news_ar",
            "top_news_cz",
            "top_news_nz",
            "top_news_au",
            "top_news_jp",
            "top_news_ae",
            "top_news_ua",
            "top_news_tr",
            "top_news_us",
            "top_news_at",
            "top_news_tw",
            "top_news_pt",
            "top_news_pl",
            "top_news_gb",
            "top_news_th",
            "top_news_kr",
            "top_news_sa",
            "top_news_co",
            "top_news_vn",
            "top_news_hu",
            "top_news_sg",
            "top_news_ph",
            "top_news_rs",
            "top_news_bg",
            "top_news_br",
            "top_news_hk",
            "top_news_nl",
            "top_news_qa",
            "top_news_hr",
            "top_news_ie",
            "top_news_ro",
            "top_news_pk",
            "top_news_se",
            "top_news_id",
            "top_news_dk",
            "top_news_de",
            "top_news_eg",
            "top_news_it",
            "top_news_pe",
            "top_news_sk",
            "top_news_ch",
            "top_news_za",
            "top_news_ma",
            "top_news_my",
            "top_news_il",
            "top_news_kw",
            "top_news_in",
            "top_news_fr",
            "top_news_ve",
            "top_news_fi",
            "top_news_be",
            "top_news_mx",
            "top_news_no",
            "top_news_ca",
            "top_news_cl",
            "top_news_iq",
            "top_news_gr",
            "top_news_es",
            "top_news"
        ],
        "section_title": "房地產 - Yahoo奇摩股市",
        "site_title": "Yahoo | Mail, Weather, Search, Politics, News, Finance, Sports &amp; Videos",
        "title": "青年買房不會「貸不到了」！卓榮泰大開水龍頭、拍板「新青安不受不動產放款天條約束」：回溯至9/1",
        "title_full": "青年買房不會「貸不到了」！卓榮泰大開水龍頭、拍板「新青安不受不動產放款天條約束」：回溯至9/1",
        "published": "2025-09-04T07:12:00.000+03:00",
        "replies_count": 0,
        "participants_count": 1,
        "site_type": "news",
        "country": "TW",
        "main_image": "https://media.zenfs.com/ko/fountmedia_io_269/e89e8aee70f7ef8ece8492e55861ba75",
        "performance_score": 0,
        "domain_rank": 48,
        "domain_rank_updated": "2025-06-03T00:00:00.000+03:00",
        "licensing_agency": [],
        "social": {
            "facebook": {
                "likes": 0,
                "comments": 0,
                "shares": 11
            },
            "vk": {
                "shares": 0
            }
        }
    },
    "uuid": "ec976e24367abe948e2fe0d0ee83db27f7e1701c",
    "url": "https://tw.news.yahoo.com/%E9%9D%92%E5%B9%B4%E8%B2%B7%E6%88%BF%E4%B8%8D%E6%9C%83-%E8%B2%B8%E4%B8%8D%E5%88%B0%E4%BA%86-%E5%8D%93%E6%A6%AE%E6%B3%B0%E5%A4%A7%E9%96%8B%E6%B0%B4%E9%BE%8D%E9%A0%AD-%E6%8B%8D%E6%9D%BF-%E6%96%B0%E9%9D%92%E5%AE%89%E4%B8%8D%E5%8F%97%E4%B8%8D%E5%8B%95%E7%94%A2%E6%94%BE%E6%AC%BE%E5%A4%A9%E6%A2%9D%E7%B4%84%E6%9D%9F-041226589.html",
    "ord_in_thread": 0,
    "author": "放言編輯部　吳亦軒",
    "published": "2025-09-04T07:12:00.000+03:00",
    "title": "青年買房不會「貸不到了」！卓榮泰大開水龍頭、拍板「新青安不受不動產放款天條約束」：回溯至9/1",
    "text": "青年買房不會「貸不到了」！卓榮泰大開水龍頭、拍板「新青安不受不動產放款天條約束」：回溯至9/1 放言編輯部　吳亦軒 2025年9月4日 週四 上午7:12\n行政院推出「青年優先三重奏」，包含婚育宅加補貼、育嬰照顧更彈性、新青安更彈性。行政院長卓榮泰今（4）日在院會中裁示，「自今年9月1日起，新青安貸款不計入銀行法第72條之2規定比率的限額」，放寬所謂的「銀行不動產放款天條」，解決近日市場接連傳出房貸荒。\n新青安貸款已經推動一段時間，但受央行去年9月實施選擇性信用管制，以及銀行法第72條之2規定，商業銀行辦理住宅建築及企業建築放款總額，不得超過放款時所收存款總餘額及金融債券發售額的3成，俗稱銀行不動產放款天條等影響，近日市場接連傳出房貸荒。\n政院發言人李慧芝轉述卓榮泰在會中裁示，卓榮泰表示，「財政部青年安心成家購屋優惠貸款精進方案」(下稱新青安貸款)。自112年8月1日起推動施行到114年7月底，已經協助將近13萬戶無自有住宅的家庭購屋安居。\n卓榮泰再說，鑑於過往新青安貸款執行期間，外界曾有助漲炒房的疑慮，在財政部已提出優化措施後，包含借款人限貸一次、徵提自住切結書，並督導公股銀行落實徵授信審核、強化貸後管理及稽查，已能確保符合青年首購自住的目的。\n卓榮泰指出，「銀行法第72條之2」為控管銀行的流動性，考量銀行房貸逾放比率長期低於其他授信業務，資產品質穩健，而且目前銀行流動性無虞。\n卓榮泰指示，為落實協助無自用住宅青年購買自住房屋的政策，在兼顧銀行辦理不動產貸款的風險控管下，依金管會報告內容，將銀行辦理新青安貸款的撥款案件，「自114年9月1日起不計入銀行法第72條之2規定比率的限額。」\n卓榮泰指示，銀行不得搭售購買其他金融商品為融資貸款的條件，不得在貸款過程中有不當或是多次勸誘。請金管會與財政部要求各行庫務實做到這項規定。\n卓榮泰表示，青年購買自住房屋，即便非屬於新青安貸款，但如果符合自住、首購條件，或是自住房屋一屋換一屋的貸款申請，也應該優先滿足。\n另外，卓榮泰請財政部及金管會督導公股銀行遵循金融主管機關徵授信規範及中央銀行不動產信用管制等規定辦理，並加強查核轉租、人頭戶及營業等未符合新青安自住目的的貸款，以遏阻投機行為，確保銀行信用資源優先用於民眾購屋自住，促進整體房市健全發展。\n（ 圖片來源：行政院 ）",
    "highlightText": "",
    "highlightTitle": "",
    "highlightThreadTitle": "",
    "language": "chinese",
    "sentiment": "positive",
    "categories": [
        "Economy, Business and Finance",
        "Politics",
        "Social Issue"
    ],
    "topics": [
        "Economy, Business and Finance->human resources",
        "Economy, Business and Finance->economy",
        "Economy, Business and Finance->business financing",
        "Politics->government policy",
        "Politics->economic policy",
        "Social Issue->public housing",
        "Social Issue->family",
        "Social Issue->social services"
    ],
    "ai_allow": true,
    "has_canonical": false,
    "breaking": true,
    "webz_reporter": false,
    "external_links": [
        "https://lineit.line.me/share/ui?url=https%3A%2F%2Ftw.stock.yahoo.com%2Fshare%2Fff466eab-e399-35fd-961f-1c22126289f5%3Fsoc_src%3Dsocial-sh%26soc_trk%3Dli",
        "https://s.yimg.com/ny/api/res/1.2/qVFWYYAdYwZzYLpLGKM1_Q--/YXBwaWQ9aGlnaGxhbmRlcjt3PTI4ODtoPTQ4/https://s.yimg.com/os/creatr-uploaded-images/2020-10/71be4690-0949-11eb-baaf-d444f83af42d",
        "https://www.fountmedia.io/article/304229",
        "https://s.yimg.com/os/creatr-uploaded-images/2020-10/71be4690-0949-11eb-baaf-d444f83af42d",
        "https://s.yimg.com/ny/api/res/1.2/UaNkGcSbPbAGnp1yNd8AIg--/YXBwaWQ9aGlnaGxhbmRlcjt3PTIwNDg7aD0xMzYw/https://media.zenfs.com/ko/fountmedia_io_269/e89e8aee70f7ef8ece8492e55861ba75",
        "https://s.yimg.com/ny/api/res/1.2/JVOVAc9kENL7g.oqPdLvpw--/YXBwaWQ9aGlnaGxhbmRlcjt3PTk2MDtoPTYzOA--/https://media.zenfs.com/ko/fountmedia_io_269/e89e8aee70f7ef8ece8492e55861ba75",
        "https://www.fountmedia.io/",
        "https://www.facebook.com/dialog/feed?app_id=458584288257241&link=https%3A%2F%2Ftw.stock.yahoo.com%2Fshare%2Fff466eab-e399-35fd-961f-1c22126289f5%3Fsoc_src%3Dsocial-sh%26soc_trk%3Dfb%26tsrc%3Dfb",
        "https://www.fountmedia.io/article/303630",
        "https://www.lineit.line.me/share/ui?url=https%3A%2F%2Ftw.stock.yahoo.com%2Fshare%2Fff466eab-e399-35fd-961f-1c22126289f5%3Fsoc_src%3Dsocial-sh%26soc_trk%3Dli",
        "https://www.facebook.com/dialog/feed",
        "https://www.s.yimg.com/ny/api/res/1.2/JVOVAc9kENL7g.oqPdLvpw--/YXBwaWQ9aGlnaGxhbmRlcjt3PTk2MDtoPTYzOA--/https://www.media.zenfs.com/ko/fountmedia_io_269/e89e8aee70f7ef8ece8492e55861ba75",
        "https://lineit.line.me/share/ui",
        "https://facebook.com/dialog/feed?app_id=458584288257241&link=https%3A%2F%2Ftw.stock.yahoo.com%2Fshare%2Fff466eab-e399-35fd-961f-1c22126289f5%3Fsoc_src%3Dsocial-sh%26soc_trk%3Dfb%26tsrc%3Dfb",
        "https://fountmedia.io/article/303630",
        "https://www.s.yimg.com/ny/api/res/1.2/qVFWYYAdYwZzYLpLGKM1_Q--/YXBwaWQ9aGlnaGxhbmRlcjt3PTI4ODtoPTQ4/https://www.s.yimg.com/os/creatr-uploaded-images/2020-10/71be4690-0949-11eb-baaf-d444f83af42d",
        "https://www.fountmedia.io",
        "https://fountmedia.io/",
        "https://www.s.yimg.com/os/creatr-uploaded-images/2020-10/71be4690-0949-11eb-baaf-d444f83af42d",
        "https://fountmedia.io/article/304229",
        "https://www.s.yimg.com/ny/api/res/1.2/UaNkGcSbPbAGnp1yNd8AIg--/YXBwaWQ9aGlnaGxhbmRlcjt3PTIwNDg7aD0xMzYw/https://www.media.zenfs.com/ko/fountmedia_io_269/e89e8aee70f7ef8ece8492e55861ba75"
    ],
    "external_images": [],
    "internal_images": [],
    "entities": {
        "persons": [],
        "locations": [],
        "organizations": []
    },
    "syndication": {
        "syndicated": null,
        "syndicate_id": null,
        "first_syndicated": false
    },
    "trust": {
        "categories": null,
        "top_news": [
            "top_news_ru",
            "top_news_ar",
            "top_news_cz",
            "top_news_nz",
            "top_news_au",
            "top_news_jp",
            "top_news_ae",
            "top_news_ua",
            "top_news_tr",
            "top_news_us",
            "top_news_at",
            "top_news_tw",
            "top_news_pt",
            "top_news_pl",
            "top_news_gb",
            "top_news_th",
            "top_news_kr",
            "top_news_sa",
            "top_news_co",
            "top_news_vn",
            "top_news_hu",
            "top_news_sg",
            "top_news_ph",
            "top_news_rs",
            "top_news_bg",
            "top_news_br",
            "top_news_hk",
            "top_news_nl",
            "top_news_qa",
            "top_news_hr",
            "top_news_ie",
            "top_news_ro",
            "top_news_pk",
            "top_news_se",
            "top_news_id",
            "top_news_dk",
            "top_news_de",
            "top_news_eg",
            "top_news_it",
            "top_news_pe",
            "top_news_sk",
            "top_news_ch",
            "top_news_za",
            "top_news_ma",
            "top_news_my",
            "top_news_il",
            "top_news_kw",
            "top_news_in",
            "top_news_fr",
            "top_news_ve",
            "top_news_fi",
            "top_news_be",
            "top_news_mx",
            "top_news_no",
            "top_news_ca",
            "top_news_cl",
            "top_news_iq",
            "top_news_gr",
            "top_news_es",
            "top_news"
        ],
        "bias": "center",
        "source": {
            "type": null,
            "city": null,
            "state": null,
            "country": null,
            "domain_type": null,
            "agency": null,
            "organization_name": null
        }
    },
    "rating": null,
    "crawled": "2025-09-04T07:44:46.959+03:00",
    "updated": "2025-09-05T08:08:28.000+03:00"
}