{
    "thread": {
        "uuid": "215c746e0ae2bac8a7d5333b67ba75ac48df338d",
        "url": "https://cn.sggp.org.vn/大发月饼保留近-30-年团圆的味道-post126484.html",
        "site_full": "cn.sggp.org.vn",
        "site": "sggp.org.vn",
        "site_section": "https://cn.sggp.org.vn/rss/home.rss",
        "site_categories": [
            "media",
            "top_news_vn",
            "top_news"
        ],
        "section_title": "华文西贡解放日报",
        "site_title": "BÁO SÀI GÒN GIẢI PHÓNG",
        "title": "大发月饼-保留近 30 年团圆的味道",
        "title_full": "大发月饼-保留近 30 年团圆的味道",
        "published": "2025-09-04T07:39:13.652+03:00",
        "replies_count": 0,
        "participants_count": 1,
        "site_type": "news",
        "country": "CN",
        "main_image": "https://image.sggp.org.vn/1200x630/Uploaded/2025/bwvvopqi/2025_09_04/banh-7620-6089.jpg",
        "performance_score": 0,
        "domain_rank": 33128,
        "domain_rank_updated": "2025-06-03T00:00:00.000+03:00",
        "licensing_agency": [],
        "social": {
            "facebook": {
                "likes": 0,
                "comments": 0,
                "shares": 0
            },
            "vk": {
                "shares": 0
            }
        }
    },
    "uuid": "215c746e0ae2bac8a7d5333b67ba75ac48df338d",
    "url": "https://cn.sggp.org.vn/大发月饼保留近-30-年团圆的味道-post126484.html",
    "ord_in_thread": 0,
    "author": "@华文西贡解放日报",
    "published": "2025-09-04T07:39:13.652+03:00",
    "title": "大发月饼-保留近 30 年团圆的味道",
    "text": "凭藉平阳的现代化大型食品工厂与严格生产流程，大发始终确保品质如一、安全可靠。同时，配合七家门市与贴心服务，满足多元需求，无论是日常选购，还是大型馈赠订单，皆能一应俱全。\n近三十年来，大发坚持品牌信誉，不断创新，致力于带来更精緻的美食体验，赢得数百万越南家庭的信赖与首选。\n2025年，大发再度推出逾四十款雅緻设计的中秋礼盒，其中包括以蜻蜓为灵感的主题礼盒，寓意美好的祝福，为收礼之人添上更多节日的喜悦与温暖。\n每一块月饼、每一份礼盒不仅承载着美味，更寄讬诚挚祝福。未来，大发将持续传递美食精华，让每一次品嚐，皆化作顾客难以忘怀的美好回忆。\nhttps://daiphatbakery.com.vn/collections/banh-trung-thu-2025",
    "highlightText": "",
    "highlightTitle": "",
    "highlightThreadTitle": "",
    "language": "chinese",
    "sentiment": "positive",
    "categories": [
        "Economy, Business and Finance",
        "Lifestyle and Leisure",
        "Social Issue"
    ],
    "topics": [
        "Economy, Business and Finance->consumer goods",
        "Economy, Business and Finance->products and services",
        "Economy, Business and Finance->business strategy and marketing",
        "Lifestyle and Leisure->leisure",
        "Lifestyle and Leisure->lifestyle",
        "Lifestyle and Leisure->holiday",
        "Social Issue->diversity, equity and inclusion",
        "Social Issue->family",
        "Social Issue->social condition"
    ],
    "ai_allow": true,
    "has_canonical": false,
    "breaking": false,
    "webz_reporter": false,
    "external_links": [
        "https://daiphatbakery.com.vn/collections/banh-trung-thu-2025",
        "https://www.daiphatbakery.com.vn/collections/banh-trung-thu-2025"
    ],
    "external_images": [],
    "internal_images": [],
    "entities": {
        "persons": [],
        "locations": [],
        "organizations": []
    },
    "syndication": {
        "syndicated": null,
        "syndicate_id": null,
        "first_syndicated": false
    },
    "trust": {
        "categories": [],
        "top_news": [
            "top_news_vn",
            "top_news"
        ],
        "bias": null,
        "source": {
            "type": null,
            "city": null,
            "state": null,
            "country": null,
            "domain_type": null,
            "agency": null,
            "organization_name": null
        }
    },
    "rating": null,
    "crawled": "2025-09-04T07:39:13.652+03:00",
    "updated": "2025-09-05T08:08:52.000+03:00"
}