{
    "thread": {
        "uuid": "2297abc82fa744d95f8e92d1e523860d89e24208",
        "url": "https://www.yjc.ir/fa/news/8997207/افغانستان-و-ایران-بر-گسترش-همکاری‌های-اقتصادی-و-تقویت-روابط-دوجانبه-تاکید-کردند",
        "site_full": "www.yjc.ir",
        "site": "yjc.ir",
        "site_section": "https://www.yjc.ir/fa/rss/allnews",
        "site_categories": [
            "media"
        ],
        "section_title": "باشگاه خبرنگاران جوان | آخرین اخبار ایران و جهان | YJC",
        "site_title": null,
        "title": "افغانستان و ایران بر گسترش همکاری‌های اقتصادی و تقویت روابط دوجانبه تاکید کردند",
        "title_full": "افغانستان و ایران بر گسترش همکاری‌های اقتصادی و تقویت روابط دوجانبه تاکید کردند",
        "published": "2025-09-04T07:27:00.000+03:00",
        "replies_count": 0,
        "participants_count": 1,
        "site_type": "news",
        "country": "IR",
        "main_image": "https://cdn.yjc.ir/files/fa/news/1404/6/13/20840755_329.jpg",
        "performance_score": 0,
        "domain_rank": 38126,
        "domain_rank_updated": "2025-06-03T00:00:00.000+03:00",
        "licensing_agency": [],
        "social": {
            "facebook": {
                "likes": 0,
                "comments": 0,
                "shares": 0
            },
            "vk": {
                "shares": 0
            }
        }
    },
    "uuid": "2297abc82fa744d95f8e92d1e523860d89e24208",
    "url": "https://www.yjc.ir/fa/news/8997207/افغانستان-و-ایران-بر-گسترش-همکاری‌های-اقتصادی-و-تقویت-روابط-دوجانبه-تاکید-کردند",
    "ord_in_thread": 0,
    "author": "info@yjc.ir",
    "published": "2025-09-04T07:27:00.000+03:00",
    "title": "افغانستان و ایران بر گسترش همکاری‌های اقتصادی و تقویت روابط دوجانبه تاکید کردند",
    "text": "باشگاه خبرنگاران جوان - به نقل از خبرگزاری صدای افغان، دفتر مطبوعاتی وزارت معادن و نفت افغانستان از دیدار «ملا هدایتالله بدری» وزیر معادن و نفت این کشور با «علیرضا بیکدلی» سرپرست سفارت جمهوری اسلامی ایران خبر داد.\nدر این دیدار که در دفتر وزیر معادن و نفت افغانستان در کابل برگزار شد، دو طرف بر گسترش همکاریهای اقتصادی، تقویت روابط دوجانبه، اکتشاف و استخراج نفت و گاز و سرمایهگذاری در بخش معادن افغانستان تاکید کردند.\nسرپرست سفارت ایران در افغانستان با تاکید بر امنیت سراسری و منابع سرشار معدنی افغانستان، این ظرفیتها را فرصتی مناسب برای توسعه همکاریهای مشترک دانست و خواستار سرمایهگذاری شرکتهای ایرانی، اجرای پروژههای مشترک و انتقال تجربه در عرصه معادن شد.\n«ملا هدایتالله بدری» وزیر معادن و نفت افغانستان نیز از علاقه مندی ایران برای سرمایهگذاری در معادن این کشور استقبال کرد و متعهد بر همکاریهای لازم شد.\nپیش از این نیز مقامات دو کشور در دیدارهای مختلف بر گسترش همکاریها در زمینههای گوناگون تاکید کرده بودند.\nبررسی موضوعات مهم در حوزه قضایی، امنیتی و همکاریهای مرزی بین افغانستان و ایران\nسفارت جمهوری اسلامی ایران در کابل اعلام کرد که در دیدار رسمی علیرضا بیکدلی سرپرست این سفارت و دادستان کل حکومت سرپرست افغانستان، موضوعات مهمی در حوزه قضایی، امنیتی و همکاریهای مرزی مورد بررسی قرار گرفته است.\nبه گزارش خبرگزاری صدای افغان به نقل از سفارت جمهوری اسلامی ایران در افغانستان، در این دیدار، طرفین درباره انتقال محکومین و استرداد مجرمین بین دو کشور گفت وگو و بر لزوم اجرای توافقات دوجانبه در زمینه حقوقی و قضایی تاکید کردند.\nسفارت جمهوری اسلامی ایران افزود: همچنین، مشکلات رانندگان ایرانی در مرز افغانستان از جمله مسائل مربوط به عبور و مرور، امنیت جادهای و تسهیلات گمرکی مطرح شد و دو طرف بر ضرورت رفع موانع موجود و تسهیل تردد قانونی تاکید کردند.\nهمکاری مشترک در مقابله با قاچاق انسان از دیگر محورهای این دیدار بود که طرفین ضمن ابراز نگرانی از گسترش این پدیده در منطقه، بر تقویت هماهنگیهای قضایی و امنیتی برای مقابله مؤثر با آن توافق کردند.\nمنبع: ایرنا",
    "highlightText": "",
    "highlightTitle": "",
    "highlightThreadTitle": "",
    "language": "persian",
    "sentiment": "positive",
    "categories": [
        "Economy, Business and Finance",
        "Politics",
        "Social Issue"
    ],
    "topics": [
        "Economy, Business and Finance->business governance",
        "Economy, Business and Finance->economy",
        "Politics->government",
        "Politics->international relations",
        "Politics->economic policy",
        "Social Issue->emigration"
    ],
    "ai_allow": true,
    "has_canonical": false,
    "breaking": false,
    "webz_reporter": false,
    "external_links": [],
    "external_images": [],
    "internal_images": [
        "https://cdn.yjc.ir/files/fa/news/1404/6/13/20840697_236.jpg"
    ],
    "entities": {
        "persons": [],
        "locations": [],
        "organizations": []
    },
    "syndication": {
        "syndicated": null,
        "syndicate_id": null,
        "first_syndicated": false
    },
    "trust": {
        "categories": [],
        "top_news": [],
        "bias": null,
        "source": {
            "type": null,
            "city": null,
            "state": null,
            "country": null,
            "domain_type": null,
            "agency": null,
            "organization_name": null
        }
    },
    "rating": null,
    "crawled": "2025-09-04T07:41:58.614+03:00",
    "updated": "2025-09-04T07:43:49.000+03:00"
}