{
    "thread": {
        "uuid": "6c89ecbdba56a7622733db5dff5ef369f36c6008",
        "url": "https://ndtv.in/zara-hatke/elderly-man-helps-wife-to-wear-anklets-on-train-internet-says-age-can-change-but-true-love-doesnt-watch-video-9213641",
        "site_full": "ndtv.in",
        "site": "ndtv.in",
        "site_section": "https://www.ndtv.in",
        "site_categories": [
            "top_news_in",
            "top_news"
        ],
        "section_title": "\r\n\tHindi News, हिंदी न्यूज़, Today Hindi News, Breaking Hindi News, Hindi Samachar, Latest Hindi News, ताजा ख़बरें - NDTV.in \r\n",
        "site_title": "Hindi News, हिंदी न्यूज़, Today Hindi News, Breaking Hindi News, Hindi Samachar, Latest Hindi News, ताजा ख़बरें - NDTV.in",
        "title": "ट्रेन में पत्नी को पायल पहनाते दिखे बुजुर्ग, Video देख यूजर्स बोले- उम्र बदल सकती है लेकिन सच्चा प्यार नहीं",
        "title_full": "ट्रेन में पत्नी को पायल पहनाते दिखे बुजुर्ग, Video देख यूजर्स बोले- उम्र बदल सकती है लेकिन सच्चा प्यार नहीं",
        "published": "2025-09-04T07:05:00.000+03:00",
        "replies_count": 0,
        "participants_count": 1,
        "site_type": "news",
        "country": "IN",
        "main_image": "https://c.ndtvimg.com/2025-09/njrslod8_elderly-man-helps-wife-to-wear-anklets_625x300_04_September_25.jpeg?im=FeatureCrop,algorithm=dnn,width=1200,height=738",
        "performance_score": 1,
        "domain_rank": 80338,
        "domain_rank_updated": "2025-06-03T00:00:00.000+03:00",
        "licensing_agency": [],
        "social": {
            "facebook": {
                "likes": 18,
                "comments": 0,
                "shares": 41
            },
            "vk": {
                "shares": 0
            }
        }
    },
    "uuid": "6c89ecbdba56a7622733db5dff5ef369f36c6008",
    "url": "https://ndtv.in/zara-hatke/elderly-man-helps-wife-to-wear-anklets-on-train-internet-says-age-can-change-but-true-love-doesnt-watch-video-9213641",
    "ord_in_thread": 0,
    "author": "संज्ञा सिंह",
    "published": "2025-09-04T07:05:00.000+03:00",
    "title": "ट्रेन में पत्नी को पायल पहनाते दिखे बुजुर्ग, Video देख यूजर्स बोले- उम्र बदल सकती है लेकिन सच्चा प्यार नहीं",
    "text": "सोशल मीडिया पर बुजुर्ग कपल के प्यार भरे वीडियो अक्सर हमें देखने को मिलते रहते हैं, जिन्हें देखकर कई बार हम भावुक हो जाते हैं. कई बार तो ऐसे वीडियो हमारे लिए प्यार की मिसाल बन जाते हैं. ऐसा ही एक वीडियो अब वायरल हो रहा है, जिसे देख आप भी यही कहेंगे कि प्यार में पड़ा पुरुष दुनिया की सबसे खूबसूरत चीज है. वायरल हो रहे इस वीडियो में बुजुर्ग पति-पत्नी के बीच एक प्यार भरे पल को दिखाया गया है. इस वीडियो कोयंबटूर को एक महिला ने ट्रेन यात्रा के दौरान रिकॉर्ड किया था. जिसे उसने अपने इंस्टाग्राम पर शेयर किया है.\nबेंगलुरु के इस कपल का एक महीने का खर्च है 5 लाख 9 हज़ार रुपये, खर्चों की पूरी लिस्ट देख लोगों के उड़े होश\n@jishma_unnikrishnan ने ट्रेन में साइड लोअर बर्थ पर बैठे एक बुजुर्ग कपल का एक वीडियो शेयर किया है. इस क्लिप में पति अपनी पत्नी को पायल पहनने में मदद करते हुए दिखाई दे रहा है, इस दौरान पत्नी के चेहरे की खुशी साफ झलक रही है. उन्नीकृष्णन ने वीडियो के साथ कैप्शन में कहा, \"मैंने सोचा था कि मैं बस यात्रा कर रही हूं, लेकिन एक साधारण पल में जीवन भर के प्यार का गवाह बन गया.\"\nदेखें Video:\nइस वीडियो को अबतक 10 लाख से ज्यादा बार देखा जा चुका है और 1 लाख से ज्यादा लोगों ने इस वीडियो को लाइक किया है. सोशल मीडिया यूज़र्स भी इस प्यार को देखकर भावुक होने से खुद को रोक नहीं पाए. एक यूज़र ने कहा, \"इस तरह का प्यार ज़ाहिर करते हुए,\" दूसरे यूजर ने लिखा, उम्र बदल सकती है, लेकिन ऐसा प्यार कभी नहीं बदलता. जबकि कई अन्य लोगों ने कमेंट सेक्शन में दिल वाले इमोजी शेयर करके इस कपल के रिश्ते को सेलिब्रेट किया.\nयह भी पढ़ें: सिर्फ 2 घंटे स्मार्टफोन का इस्तेमाल, स्क्रीन टाइम कम करने के लिए जापान के इस शहर में लागू होगा नया कानून\nभयंकर जाम में भी 6 घंटे तक महिला के साथ खड़ा रहा रैपीडो ड्राइवर, घर छोड़ते वक्त जो कहा, हो रही तारीफ\nट्रैफिक में फंसा गया स्कूटी सवार, निकलने के लिए किया ऐसा कारनामा, जो शायद आप सोचेंगे भी नहीं!",
    "highlightText": "",
    "highlightTitle": "",
    "highlightThreadTitle": "",
    "language": "hindi",
    "sentiment": "positive",
    "categories": [
        "Human Interest",
        "Social Issue"
    ],
    "topics": [
        "Human Interest->celebrity",
        "Social Issue->social condition",
        "Social Issue->ageism",
        "Social Issue->dating and relationships"
    ],
    "ai_allow": true,
    "has_canonical": false,
    "breaking": true,
    "webz_reporter": false,
    "external_links": [],
    "external_images": [],
    "internal_images": [],
    "entities": {
        "persons": [],
        "locations": [],
        "organizations": []
    },
    "syndication": {
        "syndicated": null,
        "syndicate_id": null,
        "first_syndicated": false
    },
    "trust": {
        "categories": [],
        "top_news": [
            "top_news_in",
            "top_news"
        ],
        "bias": null,
        "source": {
            "type": null,
            "city": null,
            "state": null,
            "country": null,
            "domain_type": null,
            "agency": null,
            "organization_name": null
        }
    },
    "rating": null,
    "crawled": "2025-09-04T07:36:43.109+03:00",
    "updated": "2025-09-04T07:40:35.000+03:00"
}