{
    "thread": {
        "uuid": "7d17c953312f36becff66887c6423cc7f75fe673",
        "url": "https://www.businessghana.com/site/news/general/333981/Napo-calls-for-unity",
        "site_full": "www.businessghana.com",
        "site": "businessghana.com",
        "site_section": "https://golf.einnews.com/live_feed",
        "site_categories": [
            "social"
        ],
        "section_title": "Live Feed Wire - Golf News Today - EIN Presswire",
        "site_title": "BusinessGhana",
        "title": "Napo calls for unity as NPP eyes 2028 elections - BusinessGhana",
        "title_full": "Napo calls for unity as NPP eyes 2028 elections - BusinessGhana",
        "published": "2025-09-03T03:00:00.000+03:00",
        "replies_count": 0,
        "participants_count": 0,
        "site_type": "news",
        "country": "GH",
        "main_image": "https://www.businessghana.com/site/img/../../cms/img/news/2025-09-03-1658413.jpg",
        "performance_score": 0,
        "domain_rank": 67111,
        "domain_rank_updated": "2025-06-03T00:00:00.000+03:00",
        "licensing_agency": [],
        "social": {
            "facebook": {
                "likes": 0,
                "comments": 0,
                "shares": 0
            },
            "vk": {
                "shares": 0
            }
        }
    },
    "uuid": "7d17c953312f36becff66887c6423cc7f75fe673",
    "url": "https://www.businessghana.com/site/news/general/333981/Napo-calls-for-unity",
    "ord_in_thread": 0,
    "author": null,
    "published": "2025-09-03T03:00:00.000+03:00",
    "title": "Napo calls for unity as NPP eyes 2028 elections - BusinessGhana",
    "text": "Senior member of the New Patriotic Party (NPP) and former Minister of Education, Dr. Matthew Opoku Prempeh, popularly called Napo, has called on party members to unite and work with discipline to secure victory in the 2028 general elections.\nSenior member of the New Patriotic Party (NPP) and former Minister of Education, Dr. Matthew Opoku Prempeh, popularly called Napo, has called on party members to unite and work with discipline to secure victory in the 2028 general elections.\nIn a facebook post, Napo admitted that the party had suffered setbacks in recent times but said those challenges could serve as a turning point if members stayed committed to a common vision.\n“Our recent setbacks are undeniable, but in every trial lies a turning point. If we unite with one purpose, set our minds on a shared vision, and work with discipline, 2028 will be ours to win,” he urged.\nHe stressed that winning the 2028 elections was crucial not only for the NPP but also for Ghana’s progress and for future generations.\n“We must win for Ghana’s progress and for generations to come,” he added.\nNapo expressed confidence that with unity and determination, the NPP could secure victory in 2028.",
    "highlightText": "",
    "highlightTitle": "",
    "highlightThreadTitle": "",
    "language": "english",
    "sentiment": "positive",
    "categories": [
        "Politics",
        "Social Issue",
        "Human Interest"
    ],
    "topics": [
        "Politics->political campaigns",
        "Politics->political parties and movements",
        "Politics->national elections",
        "Social Issue->demographics",
        "Social Issue->social services"
    ],
    "ai_allow": true,
    "has_canonical": false,
    "breaking": null,
    "webz_reporter": false,
    "external_links": [],
    "external_images": [],
    "internal_images": [],
    "entities": {
        "persons": [
            {
                "name": "Matthew Opoku Prempeh",
                "sentiment": "neutral"
            }
        ],
        "locations": [],
        "organizations": [
            {
                "name": "New Patriotic Party",
                "sentiment": "negative",
                "tickers": [
                    {
                        "ticker": null,
                        "exchange": null
                    }
                ]
            },
            {
                "name": "NPP",
                "sentiment": "none",
                "tickers": [
                    {
                        "ticker": null,
                        "exchange": null
                    }
                ]
            }
        ]
    },
    "syndication": {
        "syndicated": false,
        "syndicate_id": "7d17c953312f36becff66887c6423cc7f75fe673",
        "first_syndicated": true
    },
    "trust": {
        "categories": [],
        "top_news": [],
        "bias": null,
        "source": {
            "type": null,
            "city": null,
            "state": null,
            "country": null,
            "domain_type": null,
            "agency": null,
            "organization_name": null
        }
    },
    "rating": null,
    "crawled": "2025-09-04T07:43:52.706+03:00",
    "updated": "2025-09-04T07:46:28.000+03:00"
}