{
    "thread": {
        "uuid": "385468f60e98703d09e4e4edc8915670db6bac18",
        "url": "https://935wain.com/deputy-joshua-phipps-candlelight-memorial-event-set-for-saturday-september-13th-in-jamestown/",
        "site_full": "935wain.com",
        "site": "935wain.com",
        "site_section": "https://935wain.com/local-news/",
        "site_categories": [],
        "section_title": "Local News | 93.5 WAIN | Hot Country | Columbia-KY",
        "site_title": "Unknown Domain",
        "title": "Deputy Joshua Phipps Candlelight Memorial Event Set For Saturday, September 13th In Jamestown | 93.5 WAIN | Hot Country | Columbia-KY",
        "title_full": "Deputy Joshua Phipps Candlelight Memorial Event Set For Saturday, September 13th In Jamestown | 93.5 WAIN | Hot Country | Columbia-KY",
        "published": "2025-09-03T22:55:00.000+03:00",
        "replies_count": 0,
        "participants_count": 1,
        "site_type": "news",
        "country": "US",
        "main_image": "https://935wain.com/wp-content/uploads/sites/11/1-225.jpg",
        "performance_score": 0,
        "domain_rank": null,
        "domain_rank_updated": null,
        "licensing_agency": [],
        "social": {
            "facebook": {
                "likes": 0,
                "comments": 0,
                "shares": 0
            },
            "vk": {
                "shares": 0
            }
        }
    },
    "uuid": "385468f60e98703d09e4e4edc8915670db6bac18",
    "url": "https://935wain.com/deputy-joshua-phipps-candlelight-memorial-event-set-for-saturday-september-13th-in-jamestown/",
    "ord_in_thread": 0,
    "author": "Joshmickinney",
    "published": "2025-09-03T22:55:00.000+03:00",
    "title": "Deputy Joshua Phipps Candlelight Memorial Event Set For Saturday, September 13th In Jamestown | 93.5 WAIN | Hot Country | Columbia-KY",
    "text": "Russell County will honor Deputy Joshua Phipps in Jamestown, Kentucky on Saturday, September 13th, 2025 at 6:30 pm. The memorial will begin at the city park and end at the Jamestown Courthouse.\nDeputy Joshua Phipps is the son of Donnie and Pam Phipps of Columbia. Deputy Phipps grew up in Columbia. He graduated from Adair High School, attended LWC, Texas A&M, and graduated from WKU. He also had a Master’s degree from UK. He served two years in the Louisville Police Department and served 3 years as a Russell County Sheriff Deputy. His family lives in Columbia and Deputy Phipps owned a house in Columbia on West Guardian Street.\nOn September 16th, 2024, Deputy Phipps was aiding state troopers in a foot search for an armed and dangerous suspect with several outstanding warrants in Adair and Russell county. Deputy Phipps was ambushed and killed by the suspect.\nThe National Law Enforcement Museum is committed to preserving the history of American law enforcement and sharing the experiences of service and sacrifice for generations to come.Each year, the names of officers killed in the line of duty are engraved on the walls of the National Law Enforcement Officers Memorial in Washington, DC. These names are then read aloud during the annual Candlelight Vigil to memorialize those who made the ultimate sacrifice.\nIn 2025, Deputy Joshua Phipps was one of the 345 officers that were honored during the 37th Annual Candlelight Vigil, on Tuesday, May 13th on the National Mall in Washington, DC. His name will live on engraved on the Washington DC Memorial Wall for fallen officers and at the Richmond, Kentucky Law Officer Training Facility. His photo and tribute are also honored as part of the National Law Enforcement Museum in Washington, DC.\nHere is the 2025 Washington DC video of the candlelight memorial: https://www.youtube.com/live/5ALpizgnNz8\nDeputy Phipps name is recognized and honored at the 1:18.45 time stamp.\n(Pamela Phipps)",
    "highlightText": "",
    "highlightTitle": "",
    "highlightThreadTitle": "",
    "language": "english",
    "sentiment": "positive",
    "categories": [
        "Social Issue",
        "Human Interest",
        "Politics"
    ],
    "topics": [
        "Social Issue->death and dying",
        "Social Issue->social services",
        "Social Issue->communities",
        "Human Interest->funeral and memorial service",
        "Politics->local government and authority",
        "Politics->civil rights",
        "Politics->citizens' initiative and recall"
    ],
    "ai_allow": true,
    "has_canonical": false,
    "breaking": null,
    "webz_reporter": false,
    "external_links": [
        "https://www.youtube.com/live/5ALpizgnNz8",
        "https://youtube.com/live/5ALpizgnNz8"
    ],
    "external_images": [],
    "internal_images": [],
    "entities": {
        "persons": [
            {
                "name": "Joshua Phipps",
                "sentiment": "none"
            },
            {
                "name": "Pam Phipps",
                "sentiment": "none"
            },
            {
                "name": "Donnie",
                "sentiment": "none"
            }
        ],
        "locations": [
            {
                "name": "West Guardian Street",
                "sentiment": "none"
            }
        ],
        "organizations": [
            {
                "name": "National Law Enforcement Museum",
                "sentiment": "none",
                "tickers": []
            },
            {
                "name": "Louisville Police Department",
                "sentiment": "none",
                "tickers": []
            },
            {
                "name": "Adair High School",
                "sentiment": "none",
                "tickers": []
            }
        ]
    },
    "syndication": {
        "syndicated": false,
        "syndicate_id": "385468f60e98703d09e4e4edc8915670db6bac18",
        "first_syndicated": true
    },
    "trust": {
        "categories": [],
        "top_news": [],
        "bias": null,
        "source": {
            "type": "local_news",
            "city": [
                "Columbia"
            ],
            "state": [
                "Kentucky"
            ],
            "country": [
                "US"
            ],
            "domain_type": null,
            "agency": null,
            "organization_name": null
        }
    },
    "rating": null,
    "crawled": "2025-09-04T07:35:52.770+03:00",
    "updated": "2025-09-04T07:38:47.000+03:00"
}