{
    "thread": {
        "uuid": "4f5ad3f519df3cb86df874d3748ec5aa819d9ce8",
        "url": "https://tw.news.yahoo.com/%E5%BB%BA%E5%95%86%E4%B8%8D%E9%99%8D%E5%83%B9%E6%B0%91%E7%9C%BE%E4%B9%9F%E4%B8%8D%E8%B2%B7-%E5%8E%BB%E5%B9%B4%E6%88%BF%E5%B8%82%E6%82%B2%E5%8A%87%E6%94%B6%E5%B0%BE-%E4%BD%8F%E5%B1%95-%E9%A6%AC%E5%B9%B4%E7%95%B6%E5%BF%83%E9%A6%AC%E5%89%8D%E5%A4%B1%E8%B9%84-052100882.html",
        "site_full": "tw.news.yahoo.com",
        "site": "yahoo.com",
        "site_section": "https://tw.news.yahoo.com/rss",
        "site_categories": [
            "media",
            "top_news_ru",
            "top_news_ar",
            "top_news_cz",
            "top_news_nz",
            "top_news_au",
            "top_news_jp",
            "top_news_ae",
            "top_news_ua",
            "top_news_tr",
            "top_news_us",
            "top_news_at",
            "top_news_tw",
            "top_news_pt",
            "top_news_pl",
            "top_news_gb",
            "top_news_th",
            "top_news_kr",
            "top_news_sa",
            "top_news_co",
            "top_news_vn",
            "top_news_hu",
            "top_news_sg",
            "top_news_ph",
            "top_news_rs",
            "top_news_bg",
            "top_news_br",
            "top_news_hk",
            "top_news_nl",
            "top_news_qa",
            "top_news_hr",
            "top_news_ie",
            "top_news_ro",
            "top_news_pk",
            "top_news_se",
            "top_news_id",
            "top_news_dk",
            "top_news_de",
            "top_news_eg",
            "top_news_it",
            "top_news_pe",
            "top_news_sk",
            "top_news_ch",
            "top_news_za",
            "top_news_ma",
            "top_news_my",
            "top_news_il",
            "top_news_kw",
            "top_news_in",
            "top_news_fr",
            "top_news_ve",
            "top_news_fi",
            "top_news_be",
            "top_news_mx",
            "top_news_no",
            "top_news_ca",
            "top_news_cl",
            "top_news_iq",
            "top_news_gr",
            "top_news_es",
            "top_news",
            "crime, law and justice",
            "politics",
            "sport",
            "lifestyle and leisure",
            "economy, business and finance"
        ],
        "section_title": "",
        "site_title": "Yahoo | Mail, Weather, Search, Politics, News, Finance, Sports &amp; Videos",
        "title": "建商不降價民眾也不買！去年房市悲劇收尾 住展：馬年當心馬前失蹄",
        "title_full": "建商不降價民眾也不買！去年房市悲劇收尾 住展：馬年當心馬前失蹄",
        "published": "2026-01-15T07:21:00.000+02:00",
        "replies_count": 0,
        "participants_count": 1,
        "site_type": "news",
        "country": "TW",
        "main_image": "https://s.yimg.com/os/ko/setn.com.tw/5c5d06670c6e5fd098d1c48d584fbbd7",
        "performance_score": 0,
        "domain_rank": 53,
        "domain_rank_updated": "2026-01-11T23:00:00.000+02:00",
        "licensing_agency": [],
        "social": {
            "facebook": {
                "likes": 0,
                "comments": 0,
                "shares": 0
            },
            "vk": {
                "shares": 0
            }
        }
    },
    "uuid": "4f5ad3f519df3cb86df874d3748ec5aa819d9ce8",
    "url": "https://tw.news.yahoo.com/%E5%BB%BA%E5%95%86%E4%B8%8D%E9%99%8D%E5%83%B9%E6%B0%91%E7%9C%BE%E4%B9%9F%E4%B8%8D%E8%B2%B7-%E5%8E%BB%E5%B9%B4%E6%88%BF%E5%B8%82%E6%82%B2%E5%8A%87%E6%94%B6%E5%B0%BE-%E4%BD%8F%E5%B1%95-%E9%A6%AC%E5%B9%B4%E7%95%B6%E5%BF%83%E9%A6%AC%E5%89%8D%E5%A4%B1%E8%B9%84-052100882.html",
    "ord_in_thread": 0,
    "author": "三立新聞網",
    "published": "2026-01-15T07:21:00.000+02:00",
    "title": "建商不降價民眾也不買！去年房市悲劇收尾 住展：馬年當心馬前失蹄",
    "text": "建商不降價民眾也不買！去年房市悲劇收尾 住展：馬年當心馬前失蹄 三立新聞網 2026年1月15日 週四 上午7:21\n記者陳韋帆／台北報導\n陳炳辰指出，2025年房市以悲劇收尾，2026年雖可期待谷底反彈，但也要慎防馬前失蹄。（圖／記者陳韋帆攝影） 2025年新建案市場以「悲劇」遺憾落幕！住展雜誌企研室總監陳炳辰表示，儘管年底預售大案進場激勵供給，但買氣依然呈現冷回應，市場呈現「不降不買、低價才買」的觀望氛圍，2026年雖可期待谷底反彈，但也要慎防馬前失蹄。\n住展資料指出，北台灣2025年12月預售推案量達900多億元，創當年度最高；新成屋戶數亦上升至300多戶；案場平均每周看屋客數12.3組，相對高峰極顯疲弱；待售建案數持續走升達1481案，尤以台北市與桃園市賣壓最重；議價率維持在1成內。\n廣告 廣告 陳炳辰指出，雖然2026年有降息趨勢、房市政策牛肉及股市獲利了結資金轉向等潛在利多，但皆非直接性利多，谷底反彈力道仍有待商榷。目前新北市新莊、永和、泰山及桃園平鎮、楊梅等地雖有大案撐場，但桃園青埔、大園、觀音等重劃區待售量體龐大，賣壓窘況難解。\n他說，2025年新建案市場已寫下悲劇完結篇，雖然新的一年有不少指標大案醞釀登場，包括中和、林口、三峽及新竹高鐵特區等，但供需兩方尚未步調一致。在房價未鬆動、買盤不買單的僵局下，房市築底過程恐拉長。\n最後，陳炳辰說，開發商對於2026年雖仍抱有反彈期待，如央行打房態度放寬、選舉因素、股市獲利了結轉向房市等，但都並非直接利多，且買方觀望態度明顯濃厚未減，馬年房市仍須慎防失蹄風險，建商與買方都須保持理性判斷。",
    "highlightText": "",
    "highlightTitle": "",
    "highlightThreadTitle": "",
    "language": "chineset",
    "sentiment": "negative",
    "categories": [
        "Economy, Business and Finance"
    ],
    "topics": [
        "Economy, Business and Finance->business and market analysis",
        "Economy, Business and Finance->construction and property"
    ],
    "ai_allow": true,
    "has_canonical": false,
    "breaking": true,
    "webz_reporter": false,
    "external_links": [
        "https://s.yimg.com/ny/api/res/1.2/qqdGmrOXztyApEFQTKOCmQ--/YXBwaWQ9aGlnaGxhbmRlcjt3PTk2MDtoPTUzOQ--/https://media.zenfs.com/ko/setn.com.tw/5c5d06670c6e5fd098d1c48d584fbbd7",
        "https://fuhouse.setn.com/news/1780909?utm_source=yahoo&utm_medium=rss&utm_campaign=news",
        "https://www.facebook.com/dialog/feed?app_id=458584288257241&link=https%3A%2F%2Ftw.news.yahoo.com%2Fshare%2F175aae21-803b-372d-910c-b8eafc76a500%3Fsoc_src%3Dsocial-sh%26soc_trk%3Dfb%26tsrc%3Dfb",
        "https://fuhouse.setn.com/news/1781350?utm_source=yahoo&utm_medium=rss&utm_campaign=news",
        "https://s.yimg.com/ny/api/res/1.2/LVwqnfMQzW6MUZQ.eksRjw--/YXBwaWQ9aGlnaGxhbmRlcjt3PTMxNjtoPTQ4/https://s.yimg.com/os/creatr-uploaded-images/2025-01/2c15e170-d866-11ef-97ff-6019437716ae",
        "https://s.yimg.com/os/creatr-uploaded-images/2025-01/2c15e170-d866-11ef-97ff-6019437716ae",
        "https://lineit.line.me/share/ui?url=https%3A%2F%2Ftw.news.yahoo.com%2Fshare%2F175aae21-803b-372d-910c-b8eafc76a500%3Fsoc_src%3Dsocial-sh%26soc_trk%3Dli%0A%E4%B8%8B%E8%BC%89Yahoo%E5%A5%87%E6%91%A9APP%20%E6%8E%A5%E6%94%B6%E6%AF%8F%E6%97%A5%E7%94%9F%E6%B4%BB%E6%83%85%E5%A0%B1%0Ahttps%3A%2F%2Fpromo.campaign.yahoo.com.tw%2Fsuperapp-intro%2F",
        "https://fuhouse.setn.com/news/1781365?utm_source=yahoo&utm_medium=rss&utm_campaign=news",
        "https://s.yimg.com/ny/api/res/1.2/J2TzGs9kaaI5RD8iZgPkhw--/YXBwaWQ9aGlnaGxhbmRlcjt3PTMxNjtoPTQ4/https://s.yimg.com/os/creatr-uploaded-images/2025-02/d144ab10-e372-11ef-9d4f-a65f6d2b640f",
        "http://www.setn.com/",
        "https://s.yimg.com/ny/api/res/1.2/W0ZSUdTvKHEpt5iIAi4DSQ--/YXBwaWQ9aGlnaGxhbmRlcjt3PTE2ODQ7aD05NDY-/https://media.zenfs.com/ko/setn.com.tw/5c5d06670c6e5fd098d1c48d584fbbd7",
        "https://fuhouse.setn.com/news/1781067?utm_source=yahoo&utm_medium=rss&utm_campaign=news",
        "https://www.s.yimg.com/ny/api/res/1.2/J2TzGs9kaaI5RD8iZgPkhw--/YXBwaWQ9aGlnaGxhbmRlcjt3PTMxNjtoPTQ4/https://www.s.yimg.com/os/creatr-uploaded-images/2025-02/d144ab10-e372-11ef-9d4f-a65f6d2b640f",
        "https://www.facebook.com/dialog/feed",
        "https://fuhouse.setn.com/news/1781365",
        "http://www.setn.com",
        "https://lineit.line.me/share/ui",
        "https://fuhouse.setn.com/news/1781067",
        "https://fuhouse.setn.com/news/1781350",
        "https://www.s.yimg.com/ny/api/res/1.2/qqdGmrOXztyApEFQTKOCmQ--/YXBwaWQ9aGlnaGxhbmRlcjt3PTk2MDtoPTUzOQ--/https://www.media.zenfs.com/ko/setn.com.tw/5c5d06670c6e5fd098d1c48d584fbbd7",
        "http://setn.com/",
        "https://www.s.yimg.com/ny/api/res/1.2/LVwqnfMQzW6MUZQ.eksRjw--/YXBwaWQ9aGlnaGxhbmRlcjt3PTMxNjtoPTQ4/https://www.s.yimg.com/os/creatr-uploaded-images/2025-01/2c15e170-d866-11ef-97ff-6019437716ae",
        "https://www.s.yimg.com/os/creatr-uploaded-images/2025-01/2c15e170-d866-11ef-97ff-6019437716ae",
        "https://www.fuhouse.setn.com/news/1781067?utm_source=yahoo&utm_medium=rss&utm_campaign=news",
        "https://www.lineit.line.me/share/ui?url=https%3A%2F%2Ftw.news.yahoo.com%2Fshare%2F175aae21-803b-372d-910c-b8eafc76a500%3Fsoc_src%3Dsocial-sh%26soc_trk%3Dli%0A%E4%B8%8B%E8%BC%89Yahoo%E5%A5%87%E6%91%A9APP%20%E6%8E%A5%E6%94%B6%E6%AF%8F%E6%97%A5%E7%94%9F%E6%B4%BB%E6%83%85%E5%A0%B1%0Ahttps%3A%2F%2Fpromo.campaign.yahoo.com.tw%2Fsuperapp-intro%2F",
        "https://www.fuhouse.setn.com/news/1780909?utm_source=yahoo&utm_medium=rss&utm_campaign=news",
        "https://www.fuhouse.setn.com/news/1781365?utm_source=yahoo&utm_medium=rss&utm_campaign=news",
        "https://facebook.com/dialog/feed?app_id=458584288257241&link=https%3A%2F%2Ftw.news.yahoo.com%2Fshare%2F175aae21-803b-372d-910c-b8eafc76a500%3Fsoc_src%3Dsocial-sh%26soc_trk%3Dfb%26tsrc%3Dfb",
        "https://www.s.yimg.com/ny/api/res/1.2/W0ZSUdTvKHEpt5iIAi4DSQ--/YXBwaWQ9aGlnaGxhbmRlcjt3PTE2ODQ7aD05NDY-/https://www.media.zenfs.com/ko/setn.com.tw/5c5d06670c6e5fd098d1c48d584fbbd7",
        "https://fuhouse.setn.com/news/1780909",
        "https://www.fuhouse.setn.com/news/1781350?utm_source=yahoo&utm_medium=rss&utm_campaign=news"
    ],
    "external_images": [],
    "internal_images": [],
    "entities": {
        "persons": [],
        "locations": [],
        "organizations": []
    },
    "syndication": {
        "syndicated": null,
        "syndicate_id": null,
        "first_syndicated": false
    },
    "trust": {
        "categories": null,
        "top_news": [
            "top_news_ru",
            "top_news_ar",
            "top_news_cz",
            "top_news_nz",
            "top_news_au",
            "top_news_jp",
            "top_news_ae",
            "top_news_ua",
            "top_news_tr",
            "top_news_us",
            "top_news_at",
            "top_news_tw",
            "top_news_pt",
            "top_news_pl",
            "top_news_gb",
            "top_news_th",
            "top_news_kr",
            "top_news_sa",
            "top_news_co",
            "top_news_vn",
            "top_news_hu",
            "top_news_sg",
            "top_news_ph",
            "top_news_rs",
            "top_news_bg",
            "top_news_br",
            "top_news_hk",
            "top_news_nl",
            "top_news_qa",
            "top_news_hr",
            "top_news_ie",
            "top_news_ro",
            "top_news_pk",
            "top_news_se",
            "top_news_id",
            "top_news_dk",
            "top_news_de",
            "top_news_eg",
            "top_news_it",
            "top_news_pe",
            "top_news_sk",
            "top_news_ch",
            "top_news_za",
            "top_news_ma",
            "top_news_my",
            "top_news_il",
            "top_news_kw",
            "top_news_in",
            "top_news_fr",
            "top_news_ve",
            "top_news_fi",
            "top_news_be",
            "top_news_mx",
            "top_news_no",
            "top_news_ca",
            "top_news_cl",
            "top_news_iq",
            "top_news_gr",
            "top_news_es",
            "top_news"
        ],
        "bias": "center",
        "source": {
            "type": null,
            "city": null,
            "state": null,
            "country": null,
            "domain_type": null,
            "agency": null,
            "organization_name": null
        }
    },
    "rating": null,
    "crawled": "2026-01-15T07:37:21.030+02:00",
    "updated": "2026-01-16T08:06:43.000+02:00"
}