{
    "thread": {
        "uuid": "4c0766902062e97e4894e46b0ff9606deec4f6c4",
        "url": "https://tw.news.yahoo.com/%E5%8F%B0%E7%A9%8D%E9%9B%BB%E4%B8%8B%E5%8D%88%E6%B3%95%E8%AA%AA%E6%9C%83-%E8%82%A1%E5%83%B9%E5%8F%8D%E8%B7%8C-%E9%95%B7%E8%88%88%E6%9D%90%E6%96%99%E5%BF%AB%E5%A5%94%E5%90%9170%E5%85%83-%E9%87%91%E5%AF%B6%E8%8F%AF%E6%96%B0%E6%88%90%E4%BA%A4%E7%88%86%E9%87%8F-045626773.html",
        "site_full": "tw.news.yahoo.com",
        "site": "yahoo.com",
        "site_section": "https://tw.stock.yahoo.com/news",
        "site_categories": [
            "media",
            "top_news_ru",
            "top_news_ar",
            "top_news_cz",
            "top_news_nz",
            "top_news_au",
            "top_news_jp",
            "top_news_ae",
            "top_news_ua",
            "top_news_tr",
            "top_news_us",
            "top_news_at",
            "top_news_tw",
            "top_news_pt",
            "top_news_pl",
            "top_news_gb",
            "top_news_th",
            "top_news_kr",
            "top_news_sa",
            "top_news_co",
            "top_news_vn",
            "top_news_hu",
            "top_news_sg",
            "top_news_ph",
            "top_news_rs",
            "top_news_bg",
            "top_news_br",
            "top_news_hk",
            "top_news_nl",
            "top_news_qa",
            "top_news_hr",
            "top_news_ie",
            "top_news_ro",
            "top_news_pk",
            "top_news_se",
            "top_news_id",
            "top_news_dk",
            "top_news_de",
            "top_news_eg",
            "top_news_it",
            "top_news_pe",
            "top_news_sk",
            "top_news_ch",
            "top_news_za",
            "top_news_ma",
            "top_news_my",
            "top_news_il",
            "top_news_kw",
            "top_news_in",
            "top_news_fr",
            "top_news_ve",
            "top_news_fi",
            "top_news_be",
            "top_news_mx",
            "top_news_no",
            "top_news_ca",
            "top_news_cl",
            "top_news_iq",
            "top_news_gr",
            "top_news_es",
            "top_news",
            "crime, law and justice",
            "politics",
            "sport",
            "lifestyle and leisure",
            "economy, business and finance"
        ],
        "section_title": "財經新聞 - Yahoo奇摩股市",
        "site_title": "Yahoo | Mail, Weather, Search, Politics, News, Finance, Sports &amp; Videos",
        "title": "台積電下午法說會「股價反跌」 長興材料快奔向70元 金寶華新成交爆量",
        "title_full": "台積電下午法說會「股價反跌」 長興材料快奔向70元 金寶華新成交爆量",
        "published": "2026-01-15T06:56:00.000+02:00",
        "replies_count": 0,
        "participants_count": 1,
        "site_type": "news",
        "country": "TW",
        "main_image": "https://s.yimg.com/os/ko/ctwant_com_582/0e9cfee6b8fc21fb199a2a0727b8fb9b",
        "performance_score": 0,
        "domain_rank": 53,
        "domain_rank_updated": "2026-01-11T23:00:00.000+02:00",
        "licensing_agency": [],
        "social": {
            "facebook": {
                "likes": 0,
                "comments": 0,
                "shares": 0
            },
            "vk": {
                "shares": 0
            }
        }
    },
    "uuid": "4c0766902062e97e4894e46b0ff9606deec4f6c4",
    "url": "https://tw.news.yahoo.com/%E5%8F%B0%E7%A9%8D%E9%9B%BB%E4%B8%8B%E5%8D%88%E6%B3%95%E8%AA%AA%E6%9C%83-%E8%82%A1%E5%83%B9%E5%8F%8D%E8%B7%8C-%E9%95%B7%E8%88%88%E6%9D%90%E6%96%99%E5%BF%AB%E5%A5%94%E5%90%9170%E5%85%83-%E9%87%91%E5%AF%B6%E8%8F%AF%E6%96%B0%E6%88%90%E4%BA%A4%E7%88%86%E9%87%8F-045626773.html",
    "ord_in_thread": 0,
    "author": "周刊王CTWANT |李蕙璇",
    "published": "2026-01-15T06:56:00.000+02:00",
    "title": "台積電下午法說會「股價反跌」 長興材料快奔向70元 金寶華新成交爆量",
    "text": "台積電下午法說會「股價反跌」 長興材料快奔向70元 金寶華新成交爆量 周刊王CTWANT |李蕙璇 2026年1月15日 週四 上午6:56\n台股15日午盤來到30,772.71點，跌169.07點，跌幅0.55%。（示意圖／黃耀徵攝） 台積電15日最多跌30元，目前來到1690元；台股目前最低來到30,663.87點，最高30,851.40點；金寶、華新成交衝量股價高飛；南亞、台玻、燿華、友達、群創、康舒、富喬、兆赫、華通緊跟在後；長興材料連續漲停股價高飛到67元、奔向70元。\n台積電本日下午召開法說會，之前連續多日股價上揚，今天降溫，而在昨天包括美銀、「大摩」摩根士丹利證券等公布研究報告「調升」目標價在1800元至2150元間。\n廣告 廣告 金融股部分，台新新光金（2887）的股價來到21.60元、上漲0.35元、漲幅達1.65%、成交量逾7.4萬張。凱基金（2883）則是來到17.65元、漲0.15元、漲幅達0.86%，成交量超過2.7萬張。\n中信金（2891）目前成交量超過2.1萬張，來到50.30元、漲1.00元、漲幅達2.03%。玉山金（2884）來到32.55元、漲0.25元、漲幅0.77%、成交量超過2萬張。\nETF部分，債券型的群益ESG投等債20+（00937B）成交量超過7萬張，來到15.31元、漲0.07元、漲幅0.46%；元大台灣價值高息（00940）的股價則是來到9.64元、漲0.03元、漲幅達0.31%，成交量超過6.7萬張。群益台灣精選高息（00919） 則是來到23.34元、漲0.09元、漲幅達0.39%，成交量超過6.3萬張。\n原始連結",
    "highlightText": "",
    "highlightTitle": "",
    "highlightThreadTitle": "",
    "language": "chineset",
    "sentiment": "negative",
    "categories": [
        "Economy, Business and Finance"
    ],
    "topics": [
        "Economy, Business and Finance->market and exchange",
        "Economy, Business and Finance->financial and economic news"
    ],
    "ai_allow": true,
    "has_canonical": false,
    "breaking": true,
    "webz_reporter": false,
    "external_links": [
        "https://www.ctwant.com/article/466205?utm_source=yahoo&utm_medium=referral&utm_campaign=466212",
        "https://www.ctwant.com/article/466076?utm_source=yahoo&utm_medium=referral&utm_campaign=466212",
        "https://s.yimg.com/os/creatr-uploaded-images/2021-03/288324b0-7ab3-11eb-adfe-122344faac90",
        "https://www.ctwant.com/article/466212?utm_source=yahoo&utm_medium=referral&utm_campaign=466212",
        "https://www.ctwant.com/",
        "https://s.yimg.com/ny/api/res/1.2/GULL7CpT_a.Gm2EGP8NrkQ--/YXBwaWQ9aGlnaGxhbmRlcjt3PTk2MDtoPTUwNg--/https://media.zenfs.com/ko/ctwant_com_582/0e9cfee6b8fc21fb199a2a0727b8fb9b",
        "https://lineit.line.me/share/ui?url=https%3A%2F%2Ftw.stock.yahoo.com%2Fshare%2F36a3380c-6cbe-3b9e-8e33-e86c572f5be1%3Fsoc_src%3Dsocial-sh%26soc_trk%3Dli%0A%E4%B8%8B%E8%BC%89Yahoo%E5%A5%87%E6%91%A9APP%20%E6%8E%A5%E6%94%B6%E6%AF%8F%E6%97%A5%E7%94%9F%E6%B4%BB%E6%83%85%E5%A0%B1%0Ahttps%3A%2F%2Fpromo.campaign.yahoo.com.tw%2Fsuperapp-intro%2F",
        "https://s.yimg.com/ny/api/res/1.2/xDIHkyXnup3Ml5ihBZIS9g--/YXBwaWQ9aGlnaGxhbmRlcjt3PTEzODtoPTQ4/https://s.yimg.com/os/creatr-uploaded-images/2021-03/288324b0-7ab3-11eb-adfe-122344faac90",
        "https://www.facebook.com/dialog/feed?app_id=458584288257241&link=https%3A%2F%2Ftw.stock.yahoo.com%2Fshare%2F36a3380c-6cbe-3b9e-8e33-e86c572f5be1%3Fsoc_src%3Dsocial-sh%26soc_trk%3Dfb%26tsrc%3Dfb",
        "https://s.yimg.com/ny/api/res/1.2/Naa9n7VN7hht4ywnZS1V5w--/YXBwaWQ9aGlnaGxhbmRlcjt3PTI0MDA7aD0xMjY0/https://media.zenfs.com/ko/ctwant_com_582/0e9cfee6b8fc21fb199a2a0727b8fb9b",
        "https://www.ctwant.com/article/466111?utm_source=yahoo&utm_medium=referral&utm_campaign=466212",
        "https://s.yimg.com/ny/api/res/1.2/_tL303bh2C6IZrnTCnowDg--/YXBwaWQ9aGlnaGxhbmRlcjt3PTI2NjtoPTQ4/https://s.yimg.com/os/creatr-uploaded-images/2022-10/9e2d9c20-4f84-11ed-9fee-baae6766293b",
        "https://www.facebook.com/dialog/feed",
        "https://ctwant.com/article/466205?utm_source=yahoo&utm_medium=referral&utm_campaign=466212",
        "https://www.ctwant.com",
        "https://lineit.line.me/share/ui",
        "https://www.ctwant.com/article/466205",
        "https://www.lineit.line.me/share/ui?url=https%3A%2F%2Ftw.stock.yahoo.com%2Fshare%2F36a3380c-6cbe-3b9e-8e33-e86c572f5be1%3Fsoc_src%3Dsocial-sh%26soc_trk%3Dli%0A%E4%B8%8B%E8%BC%89Yahoo%E5%A5%87%E6%91%A9APP%20%E6%8E%A5%E6%94%B6%E6%AF%8F%E6%97%A5%E7%94%9F%E6%B4%BB%E6%83%85%E5%A0%B1%0Ahttps%3A%2F%2Fpromo.campaign.yahoo.com.tw%2Fsuperapp-intro%2F",
        "https://ctwant.com/article/466111?utm_source=yahoo&utm_medium=referral&utm_campaign=466212",
        "https://www.s.yimg.com/ny/api/res/1.2/xDIHkyXnup3Ml5ihBZIS9g--/YXBwaWQ9aGlnaGxhbmRlcjt3PTEzODtoPTQ4/https://www.s.yimg.com/os/creatr-uploaded-images/2021-03/288324b0-7ab3-11eb-adfe-122344faac90",
        "https://www.ctwant.com/article/466212",
        "https://www.s.yimg.com/ny/api/res/1.2/Naa9n7VN7hht4ywnZS1V5w--/YXBwaWQ9aGlnaGxhbmRlcjt3PTI0MDA7aD0xMjY0/https://www.media.zenfs.com/ko/ctwant_com_582/0e9cfee6b8fc21fb199a2a0727b8fb9b",
        "https://www.s.yimg.com/ny/api/res/1.2/GULL7CpT_a.Gm2EGP8NrkQ--/YXBwaWQ9aGlnaGxhbmRlcjt3PTk2MDtoPTUwNg--/https://www.media.zenfs.com/ko/ctwant_com_582/0e9cfee6b8fc21fb199a2a0727b8fb9b",
        "https://ctwant.com/",
        "https://www.ctwant.com/article/466076",
        "https://ctwant.com/article/466076?utm_source=yahoo&utm_medium=referral&utm_campaign=466212",
        "https://facebook.com/dialog/feed?app_id=458584288257241&link=https%3A%2F%2Ftw.stock.yahoo.com%2Fshare%2F36a3380c-6cbe-3b9e-8e33-e86c572f5be1%3Fsoc_src%3Dsocial-sh%26soc_trk%3Dfb%26tsrc%3Dfb",
        "https://www.s.yimg.com/os/creatr-uploaded-images/2021-03/288324b0-7ab3-11eb-adfe-122344faac90",
        "https://ctwant.com/article/466212?utm_source=yahoo&utm_medium=referral&utm_campaign=466212",
        "https://www.s.yimg.com/ny/api/res/1.2/_tL303bh2C6IZrnTCnowDg--/YXBwaWQ9aGlnaGxhbmRlcjt3PTI2NjtoPTQ4/https://www.s.yimg.com/os/creatr-uploaded-images/2022-10/9e2d9c20-4f84-11ed-9fee-baae6766293b",
        "https://www.ctwant.com/article/466111"
    ],
    "external_images": [],
    "internal_images": [],
    "entities": {
        "persons": [],
        "locations": [],
        "organizations": []
    },
    "syndication": {
        "syndicated": null,
        "syndicate_id": null,
        "first_syndicated": false
    },
    "trust": {
        "categories": null,
        "top_news": [
            "top_news_ru",
            "top_news_ar",
            "top_news_cz",
            "top_news_nz",
            "top_news_au",
            "top_news_jp",
            "top_news_ae",
            "top_news_ua",
            "top_news_tr",
            "top_news_us",
            "top_news_at",
            "top_news_tw",
            "top_news_pt",
            "top_news_pl",
            "top_news_gb",
            "top_news_th",
            "top_news_kr",
            "top_news_sa",
            "top_news_co",
            "top_news_vn",
            "top_news_hu",
            "top_news_sg",
            "top_news_ph",
            "top_news_rs",
            "top_news_bg",
            "top_news_br",
            "top_news_hk",
            "top_news_nl",
            "top_news_qa",
            "top_news_hr",
            "top_news_ie",
            "top_news_ro",
            "top_news_pk",
            "top_news_se",
            "top_news_id",
            "top_news_dk",
            "top_news_de",
            "top_news_eg",
            "top_news_it",
            "top_news_pe",
            "top_news_sk",
            "top_news_ch",
            "top_news_za",
            "top_news_ma",
            "top_news_my",
            "top_news_il",
            "top_news_kw",
            "top_news_in",
            "top_news_fr",
            "top_news_ve",
            "top_news_fi",
            "top_news_be",
            "top_news_mx",
            "top_news_no",
            "top_news_ca",
            "top_news_cl",
            "top_news_iq",
            "top_news_gr",
            "top_news_es",
            "top_news"
        ],
        "bias": "center",
        "source": {
            "type": null,
            "city": null,
            "state": null,
            "country": null,
            "domain_type": null,
            "agency": null,
            "organization_name": null
        }
    },
    "rating": null,
    "crawled": "2026-01-15T07:37:36.064+02:00",
    "updated": "2026-01-16T08:06:10.000+02:00"
}