{
    "thread": {
        "uuid": "d2e615f330506f438879f05050233f41b81023d1",
        "url": "https://hindi.cnbctv18.com/economy/ac-prices-to-rise-sharply-due-to-copper-cost-increase-162985.htm",
        "site_full": "hindi.cnbctv18.com",
        "site": "cnbctv18.com",
        "site_section": "https://hindi.cnbctv18.com/",
        "site_categories": [
            "crime, law and justice",
            "economy, business and finance",
            "politics"
        ],
        "section_title": "Business News Today in Hindi: बिजनेस न्यूज़, शेयर मार्केट न्यूज़, स्टॉक न्यूज़, व्यापार समाचार, IPO News | CNBC Awaaz",
        "site_title": "Today Business News: Read Business News, Live Stock &amp; Share Market News Economy &amp; Finance News, Sensex, and NIFTY Updates | CNBCTV18",
        "title": "AC खरीदने वालों को लगेगा झटका, कॉपर मंहगा होने से कीमतों में आएगा भारी उछाल",
        "title_full": "AC खरीदने वालों को लगेगा झटका, कॉपर मंहगा होने से कीमतों में आएगा भारी उछाल",
        "published": "2026-01-15T07:32:00.000+02:00",
        "replies_count": 0,
        "participants_count": 1,
        "site_type": "news",
        "country": "IN",
        "main_image": "https://images.cnbctv18.com/hindicnbctv18/2024/03/Air-Conditioner-AC-4.jpg?im=FitAndFill,width=500,height=300",
        "performance_score": 0,
        "domain_rank": 11439,
        "domain_rank_updated": "2026-01-11T23:00:00.000+02:00",
        "licensing_agency": [],
        "social": {
            "facebook": {
                "likes": 0,
                "comments": 0,
                "shares": 0
            },
            "vk": {
                "shares": 0
            }
        }
    },
    "uuid": "d2e615f330506f438879f05050233f41b81023d1",
    "url": "https://hindi.cnbctv18.com/economy/ac-prices-to-rise-sharply-due-to-copper-cost-increase-162985.htm",
    "ord_in_thread": 0,
    "author": "@CNBC_Awaaz",
    "published": "2026-01-15T07:32:00.000+02:00",
    "title": "AC खरीदने वालों को लगेगा झटका, कॉपर मंहगा होने से कीमतों में आएगा भारी उछाल",
    "text": "AC Price Hike: इस गर्मी के सीजन में अगर आप नया AC खरीदने का प्लान कर रहे हैं को ये खबर आपको निराश कर सकती है. क्योंकि आप एसी खरीदना आपकी जेब पर भारी पड़ सकता है. क्योंकि एसी में इस्तेमाल होने वाले कॉपर की कीमतों में पिछले एक साल में तेजी से उछाल देखा गया है. जिसके बाद एसी की कीमतों में भी इजाफा देखा जा सकता है. बता दें कि कॉपर एसी की कॉइल्स, वायरिंग और अन्य पार्ट्स में इस्तेमाल होती है. एक साल में कॉपर में करीब 60% बढ़ोतरी के बाद एसी बैचने वाली कंपनियां कीमतें बढ़ाने को मजबूर हो गई हैं.\nएसी के अलावा कई घरेलू उपकरणों, इलेक्ट्रिक वाहनों और पावर इंफ्रास्ट्रक्चर की कीमतों में भी उछाल देखने को मिल सकता है. कुछ इंडस्ट्री रिपोर्ट्स के कॉपर की बढ़ती कीमतों के चलते AC की कीमतें 7-10% तक बढ़ सकती हैं.\nकितनी बढ़ी AC की कीमतें?\nसाल की शुरुआत होते ही जनवरी में कॉपर फ्यूचर्स ₹1,307 से ₹1,330 प्रति किलो के आसपास ट्रेड कर रहे हैं, जिसने नए रिकॉर्ड बनाए हैं. ग्लोबल मार्केट में भी कॉपर की कीमत $12,000 के आसपास पहुंच गई है और कुछ अनुमानों के से साल 2025 का सबसे ऊंचा उछाल है.\nकिन कारणों से बढ़ी कॉपर की कीमतें?\nकॉपर की कीमतों में ये उछाल कई कारणों से आया है जैसे- ग्रीन एनर्जी ट्रांजिशन, इलेक्ट्रिक व्हीकल्स की बढ़ती डिमांड, AI डेटा सेंटर्स में कॉपर की बढ़ती जरूरतें. इसके अलावा सप्लाई चेन में बढ़ी दिक्कतों जैसे की चिली, इंडोनेशिया जैसी बड़ी खदानों में समस्याएं.\nकितनी बढ़ सकती हैं कीमतें?\nAC की बढ़ती कीमतों को लेकर गोदरेज एंटरप्राइजेज ग्रुप के एप्लायंसेज बिजनेस के EVP कमल नंदी ने बताया कि एसी कैटेगरी में इनपुट कॉस्ट में 8-10% की बढ़ोतरी हुई है. जिससे की आने वाले समय में मार्केट में एसी की कीमतों में 7-8% तक की बढ़ोतरी हुई है. इस क्रम में देश की कई कंपनियां जैसे वोल्टास, हवल्स, क्रॉम्पटन ग्रीव्स और पॉलीकैब भी एसी की कीमतों को बढ़ाने की तैयारी कर रही हैं.",
    "highlightText": "",
    "highlightTitle": "",
    "highlightThreadTitle": "",
    "language": "hindi",
    "sentiment": "negative",
    "categories": [
        "Economy, Business and Finance"
    ],
    "topics": [
        "Economy, Business and Finance->financial and economic news",
        "Economy, Business and Finance->consumer goods"
    ],
    "ai_allow": true,
    "has_canonical": false,
    "breaking": false,
    "webz_reporter": false,
    "external_links": [],
    "external_images": [],
    "internal_images": [],
    "entities": {
        "persons": [],
        "locations": [],
        "organizations": []
    },
    "syndication": {
        "syndicated": null,
        "syndicate_id": null,
        "first_syndicated": false
    },
    "trust": {
        "categories": [],
        "top_news": [],
        "bias": null,
        "source": {
            "type": null,
            "city": null,
            "state": null,
            "country": null,
            "domain_type": null,
            "agency": null,
            "organization_name": null
        }
    },
    "rating": null,
    "crawled": "2026-01-15T07:42:37.087+02:00",
    "updated": "2026-01-15T07:43:09.000+02:00"
}