{
    "thread": {
        "uuid": "adea06b7e347e602af7417b323b848d6ea4e169a",
        "url": "https://www.dna.fr/economie/2026/01/15/apres-les-declarations-de-donald-trump-sur-l-iran-les-cours-du-petrole-degringolent-de-3",
        "site_full": "www.dna.fr",
        "site": "dna.fr",
        "site_section": "https://www.dna.fr/",
        "site_categories": [
            "travel",
            "france",
            "top_news_fr",
            "top_news",
            "arts, culture and entertainment",
            "human interest",
            "lifestyle and leisure",
            "crime, law and justice",
            "politics",
            "sport"
        ],
        "section_title": "DNA - Les Dernières Nouvelles d'Alsace : actualité en direct et info en continu à Strasbourg, en Alsace, en France et dans le monde",
        "site_title": "DNA - les Dernières Nouvelles d'Alsace",
        "title": "Économie. Après les déclarations de Donald Trump sur l'Iran, les cours du pétrole dégringolent de 3%",
        "title_full": "Économie. Après les déclarations de Donald Trump sur l'Iran, les cours du pétrole dégringolent de 3%",
        "published": "2026-01-15T07:35:00.000+02:00",
        "replies_count": 0,
        "participants_count": 1,
        "site_type": "news",
        "country": "FR",
        "main_image": "https://cdn-s-www.dna.fr/images/EBD51D3F-B95D-4BF2-8AD8-5D8B8132A7EB/FB1200/photo-1768455351.jpg",
        "performance_score": 0,
        "domain_rank": 29232,
        "domain_rank_updated": "2026-01-11T23:00:00.000+02:00",
        "licensing_agency": [],
        "social": {
            "facebook": {
                "likes": 0,
                "comments": 0,
                "shares": 0
            },
            "vk": {
                "shares": 0
            }
        }
    },
    "uuid": "adea06b7e347e602af7417b323b848d6ea4e169a",
    "url": "https://www.dna.fr/economie/2026/01/15/apres-les-declarations-de-donald-trump-sur-l-iran-les-cours-du-petrole-degringolent-de-3",
    "ord_in_thread": 0,
    "author": "La rédaction avec AFP",
    "published": "2026-01-15T07:35:00.000+02:00",
    "title": "Économie. Après les déclarations de Donald Trump sur l'Iran, les cours du pétrole dégringolent de 3%",
    "text": "Économie Après les déclarations de Donald Trump sur l'Iran, les cours du pétrole dégringolent de 3%\nVers 2h du matin, le baril de WTI nord-américain lâchait 3% à 60,16 dollars, et celui de Brent de la mer du Nord 2,87% à 64,61 dollars.\nLes prix du pétrole ont chuté de plus de 3% ce jeudi après des propos du président américain Donald Trump assurant que les « tueries » en Iran « ont pris fin » et temporisant sur une intervention militaire américaine. Les cours de l'or noir avaient bondi ces derniers jours, atteignant mercredi un niveau plus vu en clôture depuis trois mois avec la montée de tensions en Iran, secoué par un soulèvement populaire violemment réprimé, et les menaces de Washington contre Téhéran. Mais le marché a brusquement décroché dès le début des échanges asiatiques après les déclarations de Donald Trump.\n« Nous avons été informés par des sources très importantes de l'autre côté, et elles ont dit que les tueries ont pris fin », a-t-il déclaré devant la presse à la Maison Blanche, précisant que ces mêmes sources avaient affirmé que les exécutions prévues de manifestants n'auraient finalement « pas lieu ». Interrogé pour savoir si une intervention militaire américaine était désormais écartée, Donald Trump a répondu : « On observera ça et on verra quelle est la suite. »\n20% du pétrole mondial par le détroit d'Ormuz\n« Les cours ont baissé suite aux propos de Trump affirmant que l'Iran s'abstiendrait de toute nouvelle répression meurtrière contre les manifestants, ce qui apaise les craintes d'un choc d'approvisionnement imminent sur les marchés de l'énergie », a commenté Kyle Rodda, analyste en Australie pour le courtier Capital.com.\nLes prix refluent, car « Trump a indiqué qu'il pourrait pour l'instant renoncer à une action militaire contre l'Iran, affirmant avoir reçu des assurances que le gouvernement iranien cesserait de tuer les manifestants », abonde Michael Wan, de MUFG. Les investisseurs redoutaient que les menaces américaines contre l'Iran ne fasse dégénérer la situation régionale, au risque d'entraîner de graves perturbations dans le détroit d'Ormuz. Près de 20% du pétrole mondial transite par ce passage étroit, ceinturé par l'Iran, les Émirats arabes unis et Oman.\nAutre risque hantant le marché : la possibilité d'un blocage par les États-Unis des exportations iraniennes de brut, susceptible de faire bondir les prix du baril. Face à la répression des manifestations iraniennes par Téhéran, Donald Trump avait déjà annoncé lundi que tout pays commerçant avec l'Iran serait frappé « avec effet immédiat » de droits de douane de 25% par les États-Unis, sans autres détails. La Chine est le principal partenaire commercial de l'Iran.",
    "highlightText": "",
    "highlightTitle": "",
    "highlightThreadTitle": "",
    "language": "french",
    "sentiment": "negative",
    "categories": [
        "Economy, Business and Finance"
    ],
    "topics": [
        "Economy, Business and Finance->energy and resource",
        "Economy, Business and Finance->economy"
    ],
    "ai_allow": true,
    "has_canonical": true,
    "breaking": true,
    "webz_reporter": false,
    "external_links": [],
    "external_images": [],
    "internal_images": [],
    "entities": {
        "persons": [],
        "locations": [],
        "organizations": []
    },
    "syndication": {
        "syndicated": null,
        "syndicate_id": null,
        "first_syndicated": false
    },
    "trust": {
        "categories": [],
        "top_news": [
            "top_news_fr",
            "top_news"
        ],
        "bias": null,
        "source": {
            "type": null,
            "city": null,
            "state": null,
            "country": null,
            "domain_type": null,
            "agency": null,
            "organization_name": null
        }
    },
    "rating": null,
    "crawled": "2026-01-15T07:59:02.267+02:00",
    "updated": "2026-01-15T08:02:39.000+02:00"
}