{
    "thread": {
        "uuid": "62d5eadb28f54f50229a0569002155cd7f3fea06",
        "url": "https://www.lebanonfiles.com/2026/articles/أخبار-اقتصادية-ومالية/الفانات-في-لبنان-شريان-حياة-محفوفة-بال/",
        "site_full": "www.lebanonfiles.com",
        "site": "lebanonfiles.com",
        "site_section": "https://www.lebanonfiles.com/",
        "site_categories": [
            "media",
            "crime, law and justice",
            "politics",
            "war, conflict and unrest",
            "economy, business and finance"
        ],
        "section_title": "\n        أخبار الساعة من لبنان والعالم بشكل مباشر | Lebanonfiles | ليبانون فايلز    ",
        "site_title": "أخبار الساعة من لبنان والعالم بشكل مباشر | Lebanonfiles | ليبانون فايلز",
        "title": "الفانات في لبنان: شريان حياة محفوفة بالخطر",
        "title_full": "الفانات في لبنان: شريان حياة محفوفة بالخطر",
        "published": "2026-01-15T07:37:00.000+02:00",
        "replies_count": 0,
        "participants_count": 1,
        "site_type": "news",
        "country": "CA",
        "main_image": "https://www.lebanonfiles.com/wp-content/uploads/2026/01/266467.jpg",
        "performance_score": 0,
        "domain_rank": 69192,
        "domain_rank_updated": "2026-01-11T23:00:00.000+02:00",
        "licensing_agency": [],
        "social": {
            "facebook": {
                "likes": 0,
                "comments": 0,
                "shares": 0
            },
            "vk": {
                "shares": 0
            }
        }
    },
    "uuid": "62d5eadb28f54f50229a0569002155cd7f3fea06",
    "url": "https://www.lebanonfiles.com/2026/articles/أخبار-اقتصادية-ومالية/الفانات-في-لبنان-شريان-حياة-محفوفة-بال/",
    "ord_in_thread": 0,
    "author": "Stephny Ishac",
    "published": "2026-01-15T07:37:00.000+02:00",
    "title": "الفانات في لبنان: شريان حياة محفوفة بالخطر",
    "text": "ليبانون فايلز -\nأخبار اقتصادية ومالية\nأخبار اقتصادية ومالية\nالفانات في لبنان: شريان حياة محفوفة بالخطر\nالخميس ١٥ كانون الثاني ٢٠٢٦ - 07:37\nاضغط هنا\nقبل أن يفتح النهار عينيه، تتحرك الفانات في شوارع بيروت وضواحيها. أبواب تُفتح وتُغلق على عجل، وجوه متعبة تتزاحم داخل مركبات صغيرة، وهدير المحركات يسبق ضوء الشمس. في هذا التوقيت المبكر، تبدأ رحلة آلاف اللبنانيين اليومية نحو أعمالهم ومدارسهم ومستشفياتهم، في سباق صامت مع الوقت، مع ازدحام الطرق، ومع القدرة على الاحتمال.\nفي لبنان، لم تعد الفانات مجرد وسيلة نقل. أصبحت شريان حياة فعليًا، الخيار الأسرع والأقل كلفة في بلد تآكلت فيه القدرة الشرائية وغابت عنه شبكة نقل عام منظمة. لكنها، في الوقت ذاته، تحمل مخاطر متراكمة، تجعل كل رحلة اختبارًا مفتوحًا للسلامة.\nمن مقعد السائق: يوم طويل بلا هوامش أمان\nيبدأ كثير من سائقي الفانات يومهم قبل الفجر، ويمتد لأكثر من عشر ساعات متواصلة خلف المقود، في ظل ارتفاع متواصل في أسعار الوقود وتكاليف الصيانة.\nأبو حسن، سائق فان على خط بيروت – الضاحية، يختصر واقعه عبر \"نداء الوطن\" بعبارة واحدة: \"سباق بلا هوامش أمان\". وراء هذه الكلمات، تكمن ساعات طويلة من القيادة المتواصلة قبل الفجر، في شوارع مزدحمة وتحت ضغط الركاب الذين يتوقعون وصولهم في الوقت المحدد مهما كانت الظروف. يقول أبو حسن: \"إذا خففت السرعة أُتَّهم بالتأخير، وإذا أسرعت أعرّض نفسي والركاب للخطر. لا قانون واضحًا يحمينا، ولا تعرفة تعكس الكلفة الفعلية\".\nويضيف: \"أحيانًا أجلس خلف المقود لأكثر من عشر ساعات متواصلة، أتناول وجبة سريعة على الطريق، وأكمل الجولة التالية مباشرة. الضغط النفسي لا يقل عن الإجهاد الجسدي. أشعر أن كل يوم هو اختبار للبقاء، ليس فقط بالنسبة لي كسائق، بل لكل من يركب الفان معي\". أبو حسن لا يتحدث فقط عن السرعة، بل عن مسؤولية حياة عشرات الركاب التي تتضاعف مع ازدحام الطرق وأخطار الطرق غير الخاضعة للصيانة.\nأما ربيع، سائق فان في المتن، فيشير بدوره في حديث لـ \"نداء الوطن\" إلى هشاشة المهنة التي يعتمد عليها كمصدر رزق وحيد. يقول: \"الفان مصدر رزقي الوحيد. كلفة الصيانة أصبحت مرعبة، وتعطّل السيارة ليوم واحد يعني خسارة كل شيء\". ويضيف: \"أحيانًا أضطر للعمل رغم شعوري بالإرهاق أو المرض، لأن التوقف يعني خسارة الدخل اليومي بالكامل\".\nويصف ربيع الضغوط اليومية على الطريق: \"لكل منعطف خطر، لكل سيارة تتجاوزك على الطريق، لكل شارع ضيق، أنت تتخذ قرارات في جزء من الثانية قد تحدد بين الأمان والخطر. نحن نعيش على حافة الإرهاق الجسدي والنفسي، متشبثين بشريان حياتنا الوحيد\". ويؤكد ربيع أن الأمر لا يقتصر على القيادة فقط: \"كثير من السائقين يعيشون القلق المالي المستمر، بين القدرة على تغطية تكاليف الوقود والصيانة وبين الحاجة لتوفير لقمة العيش لعائلاتهم\".\nمن المقعد الخلفي: ركاب بين الضرورة والقلق\nعلى الجهة الأخرى من المقاعد الضيقة، يجلس الركاب متلاصقين، يشاركون السائق القلق ذاته، لكن من منظور مختلف؛ منظور الركاب الذين يواجهون الزحام، الطرق المتعبة، والتوتر المستمر.\nمريم، موظفة تعمل في وسط بيروت، تقول لـ \"نداء الوطن\": \"الفان هو الخيار الوحيد الذي أستطيع تحمّله ماديًا، لكن كل رحلة تحمل توترًا دائمًا\". وتوضح مريم كيف تتحول الرحلة اليومية إلى اختبار للصبر والتحمّل: \"أحيانًا يختلط رائحة الوقود بالعرق، والازدحام يجعل من كل منعطف خطرًا محتملاً. أراقب السائق وأنا أشعر بالقلق من أي تصرف خاطئ قد يؤدي إلى حادث\". بالنسبة لها، ليست مجرد وسيلة نقل، بل تجربة يومية مليئة بالتحديات، حيث كل دقيقة في الطريق يمكن أن تكون محفوفة بالمخاطر، خاصة مع ازدحام الطرق في الصباح الباكر أو وقت الذروة.\nسامي، طالب جامعي، يضيف لـ \"نداء الوطن\" نظرة أخرى على الرحلة اليومية: \"نختاره لأنه الأرخص، لكننا ندفع الثمن من أعصابنا وسلامتنا. لا مواعيد ثابتة، ولا جهة نعرف كيف نلجأ إليها\". ويستطرد سامي: \"كل صباح هو مقامرة صغيرة، بين الوصول في الوقت المناسب للجامعة وبين احتمال التعرض لحادث أو التأخر بسبب ازدحام أو تعطّل السيارة. نحن ندفع تكاليف مالية أقل، لكن ثمن السلامة والطمأنينة النفسية مرتفع جدًا\".\nويصف الركاب المشهد اليومي في الفان: المقاعد ضيقة، الأشخاص متقاربون إلى حد الاختناق في أحيان كثيرة، المحادثات مقتضبة، وتركيز الانتباه على الطريق أكثر من أي شيء آخر. \"أحيانًا نلتقط أنفاسنا بصعوبة\"، تقول مريم، \"ونشعر أننا محاصرون بين ضغوط العمل، أعباء الحياة اليومية، والتوتر المستمر على الطريق\".\nبالنسبة للطلاب والموظفين على حد سواء، الفان ليس مجرد وسيلة تنقل، بل شريان اقتصادي واجتماعي؛ وسيلة متاحة وميسورة في بلد تتضخم فيه تكاليف النقل والخدمات. ومع ذلك، تبقى الرحلة اليومية رحلة محفوفة بالقلق المستمر، حيث يغيب النظام، وتظل الحاجة الاقتصادية اليومية مضطرة لركوب هذه الوسيلة غير المنظمة.\nبالأرقام: اعتماد واسع وفجوة تنظيمية خطيرة\nتُظهر أحدث مراجعات البنك الدولي وبيانات مصلحة النقل في لبنان أن قطاع النقل غير الرسمي بات العمود الفقري الفعلي للتنقل اليومي. فلبنان يضم نحو 4 آلاف \"فان وميني باص\" مرخّصة، يقابلها ما يقارب 10 آلاف مركبة تعمل خارج الإطار القانوني، فيما يصل عدد سيارات الأجرة المشتركة إلى نحو 33 ألف سيارة مرخصة إضافة إلى نحو 20 ألفًا غير مرخصة. هذه الأرقام تكشف فجوة واسعة بين ما هو منظم وما هو قائم فعليًا على الطرقات، وتعكس اعتمادًا شعبيًا هائلًا على وسائط نقل غير موحّدة في ظل غياب شبكة نقل عام متكاملة.\nوفي بيروت الكبرى، تستحوذ السيارات الخاصة على قرابة 80 % من حركة التنقل اليومية، مقابل نحو 20 % فقط للنقل المشترك، ما يكرّس ازدحامًا خانقًا وتكاليف مرتفعة وتلوّثًا متزايدًا. أما النقل العام الرسمي، فلا يزال في مراحله الأولى، إذ أُطلقت عام 2025 شبكة مؤلفة من 11 خطًا، لا يتجاوز عدد مستخدميها اليوم 4,500 راكب يوميًا، ما يعكس طلبًا فعليًا على بدائل أكثر انتظامًا، لكنه يسلّط الضوء في الوقت نفسه على ضآلة الحصة الرسمية.\nالمشكلة في السياسة لا في الفانات\nيرى أستاذ التخطيط الحضري والنقل في إحدى الجامعات اللبنانية، وائل محسن، أن ما يشهده لبنان اليوم من فوضى في قطاع النقل هو نتيجة طبيعية لانهيار منظومة النقل العام. ويقول: \"النقل غير الرسمي ليس المشكلة بحد ذاته، بل نتيجة غياب الدولة عن إدارة هذا القطاع الحيوي. الفانات والسيارات المشتركة لم تظهر فجأة؛ هي حل عملي فرضته الحاجة اليومية للمواطنين الذين لا يجدون بدائل آمنة وموثوقة\".\nويضيف محسن أن الحل يكمن في التنظيم وليس المنع: \"يمكن دمج الفانات ضمن منظومة نقل عام متكاملة عبر وضع خطة واضحة تحدد المسارات، تعرفة عادلة، ومعايير السلامة التي تحمي الركاب والسائقين معًا. هذه الخطوة ليست رفاهية، بل ضرورة اقتصادية واجتماعية تقلل التكاليف على الدولة والمواطن وتحد من الحوادث\".\nويؤكد الخبير أن التجربة الدولية تظهر أن دمج النقل غير الرسمي ضمن نظام منظم يمكن أن يحوّل القطاع من مصدر فوضى إلى عنصر أساسي في شبكة متكاملة، مع تحسين جودة الخدمة وتخفيف الضغط على الطرقات.\nويختم محسن: \"الأمر يحتاج إرادة سياسية حقيقية، وخطة عملية تتجاوز الشعارات، وإلا فإن الأزمة ستستمر، وستظل الفانات حلًا موقتًا على حساب السلامة والأمان العام\".\nشربل صفير - نداء الوطن",
    "highlightText": "",
    "highlightTitle": "",
    "highlightThreadTitle": "",
    "language": "arabic",
    "sentiment": "negative",
    "categories": [
        "Economy, Business and Finance",
        "War, Conflict and Unrest"
    ],
    "topics": [
        "Economy, Business and Finance->financial and economic news",
        "War, Conflict and Unrest->civil unrest"
    ],
    "ai_allow": true,
    "has_canonical": false,
    "breaking": false,
    "webz_reporter": false,
    "external_links": [
        "https://chat.whatsapp.com/ERjPnHlWVysI4RXcTJYZZ0",
        "https://www.chat.whatsapp.com/ERjPnHlWVysI4RXcTJYZZ0"
    ],
    "external_images": [],
    "internal_images": [],
    "entities": {
        "persons": [],
        "locations": [],
        "organizations": []
    },
    "syndication": {
        "syndicated": null,
        "syndicate_id": null,
        "first_syndicated": false
    },
    "trust": {
        "categories": [],
        "top_news": [],
        "bias": null,
        "source": {
            "type": null,
            "city": null,
            "state": null,
            "country": null,
            "domain_type": null,
            "agency": null,
            "organization_name": null
        }
    },
    "rating": null,
    "crawled": "2026-01-15T07:52:17.567+02:00",
    "updated": "2026-01-15T07:56:34.000+02:00"
}