{
    "thread": {
        "uuid": "5037ab57e0f18c101d5192973ed79acc59d524e2",
        "url": "https://it.marketscreener.com/notizie/petrolio-oro-e-argento-giu-in-asia-con-giudizi-trump-sull-iran-ce7e58d9da8ff720",
        "site_full": "it.marketscreener.com",
        "site": "marketscreener.com",
        "site_section": "https://se.marketscreener.com/kurs/ravara/GOLD-4947",
        "site_categories": [
            "science and technology",
            "economy, business and finance"
        ],
        "section_title": "Gold: Råvara Pris | XAUUSD | MarketScreener Sverige",
        "site_title": "Stock Market Today : Reports, Quotes and News - MarketScreener",
        "title": "Petrolio, oro e argento giù in Asia con giudizi Trump sull'Iran | MarketScreener Italia",
        "title_full": "Petrolio, oro e argento giù in Asia con giudizi Trump sull'Iran | MarketScreener Italia",
        "published": "2026-01-15T07:35:00.000+02:00",
        "replies_count": 0,
        "participants_count": 1,
        "site_type": "news",
        "country": "IT",
        "main_image": "https://cdn.zonebourse.com/static/resize/0/0//images/reuters/2016-09-06T005224Z_1_LYNXNPEC85010_RTROPTP_2_RUSSIA-BASHNEFT.JPG",
        "performance_score": 0,
        "domain_rank": 11487,
        "domain_rank_updated": "2026-01-11T23:00:00.000+02:00",
        "licensing_agency": [],
        "social": {
            "facebook": {
                "likes": 0,
                "comments": 0,
                "shares": 0
            },
            "vk": {
                "shares": 0
            }
        }
    },
    "uuid": "5037ab57e0f18c101d5192973ed79acc59d524e2",
    "url": "https://it.marketscreener.com/notizie/petrolio-oro-e-argento-giu-in-asia-con-giudizi-trump-sull-iran-ce7e58d9da8ff720",
    "ord_in_thread": 0,
    "author": "AWP",
    "published": "2026-01-15T07:35:00.000+02:00",
    "title": "Petrolio, oro e argento giù in Asia con giudizi Trump sull'Iran | MarketScreener Italia",
    "text": "Brent Crude Oil Spot -1,37% WTI -1,25% PECHINO (awp/ats/ans) - Il petrolio e i metalli preziosi cedono terreno sui listini asiatici in scia ai commenti del presidente americano Donald Trump, meno minacciosi sull'imminente azione militare contro l'Iran. Il tycoon ha affermato che avrebbe \"guardato e visto\" un possibile intervento contro la repubblica islamica, dopo aver riferito che gli era stato comunicato che le uccisioni dei manifestanti anti-regime erano cessate.\nIl Wti, intorno alle 12.50 locali (5.50 in Italia) segna una flessione del 3,26%, a 60 dollari, mentre il Brent perde il 3,20%, a quota 64,39.\nIn frenata anche l'oro e l'argento, i beni rifugio tra i più gettonati sui mercati in tempi di incertezze: le rispettive quotazioni spot sono di4.594,64 doollari (-0,56%) e 87,99 dollari (-5,12%) .\n© AWP - 2026",
    "highlightText": "",
    "highlightTitle": "",
    "highlightThreadTitle": "",
    "language": "italian",
    "sentiment": "negative",
    "categories": [
        "Economy, Business and Finance",
        "War, Conflict and Unrest"
    ],
    "topics": [
        "Economy, Business and Finance->energy and resource",
        "Economy, Business and Finance->commodity market"
    ],
    "ai_allow": true,
    "has_canonical": false,
    "breaking": false,
    "webz_reporter": false,
    "external_links": [
        "https://cdn.zonebourse.com/static/resize/768/432//images/reuters/2016-09-06T005224Z_1_LYNXNPEC85010_RTROPTP_2_RUSSIA-BASHNEFT.JPG",
        "https://telegram.me/share/url?url=https%3A%2F%2Fit.marketscreener.com%2Fnotizie%2Fpetrolio-oro-e-argento-giu-in-asia-con-giudizi-trump-sull-iran-ce7e58d9da8ff720%3Futm_source%3Dtelegram%26utm_medium%3Dsocial%26utm_campaign%3Dshare",
        "https://www.linkedin.com/shareArticle?mini=true&url=https%3A%2F%2Fit.marketscreener.com%2Fnotizie%2Fpetrolio-oro-e-argento-giu-in-asia-con-giudizi-trump-sull-iran-ce7e58d9da8ff720%3Futm_source%3Dlinkedin%26utm_medium%3Dsocial%26utm_campaign%3Dshare&title=Petrolio,",
        "https://www.facebook.com/sharer/sharer.php?u=https%3A%2F%2Fit.marketscreener.com%2Fnotizie%2Fpetrolio-oro-e-argento-giu-in-asia-con-giudizi-trump-sull-iran-ce7e58d9da8ff720%3Futm_source%3Dfacebook%26utm_medium%3Dsocial%26utm_campaign%3Dshare",
        "https://wa.me/?text=https%3A%2F%2Fit.marketscreener.com%2Fnotizie%2Fpetrolio-oro-e-argento-giu-in-asia-con-giudizi-trump-sull-iran-ce7e58d9da8ff720%3Futm_source%3Dwhatsapp%26utm_medium%3Dsocial%26utm_campaign%3Dshare",
        "https://x.com/intent/tweet?text=Petrolio,",
        "https://x.com/intent/tweet",
        "https://www.x.com/intent/tweet?text=Petrolio,",
        "https://www.cdn.zonebourse.com/static/resize/768/432//images/reuters/2016-09-06T005224Z_1_LYNXNPEC85010_RTROPTP_2_RUSSIA-BASHNEFT.JPG",
        "https://telegram.me/share/url",
        "https://facebook.com/sharer/sharer.php?u=https%3A%2F%2Fit.marketscreener.com%2Fnotizie%2Fpetrolio-oro-e-argento-giu-in-asia-con-giudizi-trump-sull-iran-ce7e58d9da8ff720%3Futm_source%3Dfacebook%26utm_medium%3Dsocial%26utm_campaign%3Dshare",
        "https://wa.me/",
        "https://www.facebook.com/sharer/sharer.php",
        "https://www.linkedin.com/shareArticle",
        "https://www.wa.me/?text=https%3A%2F%2Fit.marketscreener.com%2Fnotizie%2Fpetrolio-oro-e-argento-giu-in-asia-con-giudizi-trump-sull-iran-ce7e58d9da8ff720%3Futm_source%3Dwhatsapp%26utm_medium%3Dsocial%26utm_campaign%3Dshare",
        "https://linkedin.com/shareArticle?mini=true&url=https%3A%2F%2Fit.marketscreener.com%2Fnotizie%2Fpetrolio-oro-e-argento-giu-in-asia-con-giudizi-trump-sull-iran-ce7e58d9da8ff720%3Futm_source%3Dlinkedin%26utm_medium%3Dsocial%26utm_campaign%3Dshare&title=Petrolio,",
        "https://www.telegram.me/share/url?url=https%3A%2F%2Fit.marketscreener.com%2Fnotizie%2Fpetrolio-oro-e-argento-giu-in-asia-con-giudizi-trump-sull-iran-ce7e58d9da8ff720%3Futm_source%3Dtelegram%26utm_medium%3Dsocial%26utm_campaign%3Dshare"
    ],
    "external_images": [],
    "internal_images": [],
    "entities": {
        "persons": [
            {
                "name": "Donald Trump",
                "sentiment": "none"
            }
        ],
        "locations": [
            {
                "name": "Iran",
                "sentiment": "none"
            },
            {
                "name": "Italia",
                "sentiment": "none"
            }
        ],
        "organizations": []
    },
    "syndication": {
        "syndicated": null,
        "syndicate_id": null,
        "first_syndicated": false
    },
    "trust": {
        "categories": [],
        "top_news": [],
        "bias": null,
        "source": {
            "type": null,
            "city": null,
            "state": null,
            "country": null,
            "domain_type": null,
            "agency": null,
            "organization_name": null
        }
    },
    "rating": null,
    "crawled": "2026-01-15T07:38:22.573+02:00",
    "updated": "2026-01-15T07:41:10.000+02:00"
}