{
    "thread": {
        "uuid": "c3ad922910b8cffa86bec7bc5f19927690f8b067",
        "url": "https://www.kxly.com/hit-and-run-11700-block-of-e-railroad-avenue/image_192bc0a6-0347-11ef-85cf-97dfeeabb2fd.html",
        "site_full": "www.kxly.com",
        "site": "kxly.com",
        "site_section": "http://www.kxly.com/search/?f=rss&amp;t=article&amp;l=50&amp;s=start_time&amp;sd=desc&amp;k%5b%5d=%23topstory",
        "site_categories": [
            "media"
        ],
        "section_title": "www.kxly.com - RSS Results",
        "title": "Hit and run 11700 block of E. Railroad Avenue.",
        "title_full": "Hit and run 11700 block of E. Railroad Avenue.",
        "published": "2024-04-26T00:02:00.000+03:00",
        "replies_count": 0,
        "participants_count": 0,
        "site_type": "news",
        "country": "US",
        "main_image": "https://bloximages.newyork1.vip.townnews.com/kxly.com/content/tncms/assets/v3/editorial/1/92/192bc0a6-0347-11ef-85cf-97dfeeabb2fd/662ac4f4eecab.image.jpg?crop=1024%2C538%2C0%2C40&amp;resize=1024%2C538&amp;order=crop%2Cresize",
        "performance_score": 0,
        "domain_rank": 21709,
        "domain_rank_updated": "2024-04-23T13:07:50.000+03:00",
        "reach": null,
        "social": {
            "facebook": {
                "likes": 0,
                "comments": 0,
                "shares": 0
            },
            "gplus": {
                "shares": 0
            },
            "pinterest": {
                "shares": 0
            },
            "linkedin": {
                "shares": 0
            },
            "stumbledupon": {
                "shares": 0
            },
            "vk": {
                "shares": 0
            }
        }
    },
    "uuid": "c3ad922910b8cffa86bec7bc5f19927690f8b067",
    "url": "https://www.kxly.com/hit-and-run-11700-block-of-e-railroad-avenue/image_192bc0a6-0347-11ef-85cf-97dfeeabb2fd.html",
    "ord_in_thread": 0,
    "parent_url": null,
    "author": null,
    "published": "2024-04-26T00:02:00.000+03:00",
    "title": "Hit and run 11700 block of E. Railroad Avenue.",
    "text": "[]\nHit and run 11700 block of E. Railroad Avenue.\nMost Popular\n-\n[Authorities confirm 2nd victim of ex-Washington officer was 17-year-old with whom he had a baby](/news/authorities-confirm-2nd-victim-of-ex-washington-officer-was-17-year-old-with-whom-he/article_638b7801-528e-5c51-95cc-e704d5c3efd0.html)\n-\n[Teenager shot at apartment complex in North Spokane](/news/teenager-shot-at-apartment-complex-in-north-spokane/article_75e37aa8-02b3-11ef-bf07-bb362ff7d8c5.html)\n-\n[Police believe Idaho pastor died from self-inflicted gunshot wound](/news/police-believe-idaho-pastor-died-from-self-inflicted-gunshot-wound/article_b2e4fb50-02b5-11ef-8150-9fd4e72e1577.html)\n-\n[New family entertainment center open in Spokane Valley](/news/new-family-entertainment-center-open-in-spokane-valley/article_27656c98-009b-11ef-845b-5bc633b7c1b2.html)\n-\n[Neighbor's safe space turns into traumatic night following scary car crash in Deer Park](/news/neighbors-safe-space-turns-into-traumatic-night-following-scary-car-crash-in-deer-park/article_c388f43e-0288-11ef-b9f6-9f46e942cd02.html)\n-\n[WA farmers brace for summer drought on heels of harvest shortfalls](/news/wa-farmers-brace-for-summer-drought-on-heels-of-harvest-shortfalls/article_13355dfc-0346-11ef-8156-e3241268252d.html)\n-\n[NFL Draft Profile: Brennan Jackson](/sports/nfl-draft-profile-brennan-jackson/article_9e76d64c-0338-11ef-956c-33c5dedddd9e.html)\n-\n[NFL Draft Profile: Chau Smith-Wade](/sports/nfl-draft-profile-chau-smith-wade/article_ef2157ee-0337-11ef-b90d-3744fa28e1df.html)\n-\n[Some campuses call in police to break up pro-Palestinian demonstrations, while others wait it out](/news/some-campuses-call-in-police-to-break-up-pro-palestinian-demonstrations-while-others-wait-it/article_98f4f2ba-7bd1-5efe-af7a-910bd96160d8.html)\n-\n[BNSF becomes 2nd major railroad to sign on to anonymous federal safety hotline for some workers](/news/bnsf-becomes-2nd-major-railroad-to-sign-on-to-anonymous-federal-safety-hotline-for-some/article_e73fe66b-9982-5ea0-8386-93b931787614.html)",
    "highlightText": "",
    "highlightTitle": "",
    "highlightThreadTitle": "",
    "language": "english",
    "sentiment": "negative",
    "categories": [
        "Crime, Law and Justice"
    ],
    "webz_reporter": false,
    "external_links": [],
    "external_images": [],
    "entities": {
        "persons": [],
        "organizations": [],
        "locations": [
            {
                "name": "e. railroad avenue",
                "sentiment": "none"
            },
            {
                "name": "north spokane",
                "sentiment": "none"
            },
            {
                "name": "spokane valley",
                "sentiment": "none"
            },
            {
                "name": "idaho",
                "sentiment": "none"
            }
        ]
    },
    "rating": null,
    "crawled": "2024-04-26T00:16:22.995+03:00",
    "updated": "2024-04-26T00:16:22.995+03:00"
}