{
    "thread": {
        "uuid": "8544a1e44be8a4e4ba732c085f91628111541f1a",
        "url": "https://ndmais.com.br/seguranca/suspeito-de-matar-homem-com-mais-de-20-facadas-e-preso-cinco-meses-apos-o-crime-em-timbo",
        "site_full": "ndmais.com.br",
        "site": "ndmais.com.br",
        "site_section": "https://ndmais.com.br/feed/",
        "site_categories": [
            "non_standard_content",
            "adult",
            "top_news"
        ],
        "section_title": "ND Mais",
        "title": "Suspeito de matar homem com mais de 20 facadas é preso cinco meses após o crime em Timbó",
        "title_full": "Suspeito de matar homem com mais de 20 facadas é preso cinco meses após o crime em Timbó",
        "published": "2024-04-25T23:53:00.000+03:00",
        "replies_count": 0,
        "participants_count": 1,
        "site_type": "news",
        "country": "BR",
        "main_image": "https://static.ndmais.com.br/2024/04/suspeito-preso-timbo.jpg",
        "performance_score": 0,
        "domain_rank": 89195,
        "domain_rank_updated": "2024-04-23T13:07:59.000+03:00",
        "reach": null,
        "social": {
            "facebook": {
                "likes": 0,
                "comments": 0,
                "shares": 0
            },
            "gplus": {
                "shares": 0
            },
            "pinterest": {
                "shares": 0
            },
            "linkedin": {
                "shares": 0
            },
            "stumbledupon": {
                "shares": 0
            },
            "vk": {
                "shares": 0
            }
        }
    },
    "uuid": "8544a1e44be8a4e4ba732c085f91628111541f1a",
    "url": "https://ndmais.com.br/seguranca/suspeito-de-matar-homem-com-mais-de-20-facadas-e-preso-cinco-meses-apos-o-crime-em-timbo",
    "ord_in_thread": 0,
    "parent_url": null,
    "author": "Aysla Pereira",
    "published": "2024-04-25T23:53:00.000+03:00",
    "title": "Suspeito de matar homem com mais de 20 facadas é preso cinco meses após o crime em Timbó",
    "text": "O suspeito de\nmatar um homem de 57 anos em Timbó, no Vale do Itajaí, foi preso pela Polícia Civil na tarde desta quarta-feira (24). A vítima foi encontrada morta dentro da própria casa em novembro de 2023, com diversas perfurações causadas por golpes de faca.\nO investigado foi localizado e preso por volta das 16h em um bar da cidade, no bairro Araponguinhas. Conforme a\n Polícia Civil, ele foi visto saindo da cena do crime no dia em que a vítima foi morta.\nSuspeito confessou o crime\nSegundo a corporação, o suspeito confessou o homicídio e alegou que a motivação foi por questões financeiras, pois a vítima não teria pago por um serviço prestado. O homem foi morto por aproximadamente 21\nfacadas.\nO mandado de prisão preventiva foi cumprido na Rua Blumenau e o suspeito encaminhado ao sistema prisional, onde permanece à disposição da Justiça.\nRelembre o caso\nNo dia 10 de novembro de 2023, um homem de 57 anos foi encontrado morto pela vizinha dentro da própria casa em Timbó, no Vale do Itajaí.\nSegundo a Polícia Militar, a vizinha relatou que a vítima havia se mudado há apenas oito dias para o local e que a viu pela última vez no dia 8 de novembro.\nAinda conforme o relato, ela ouviu uma discussão entre o homem e uma suposta mulher no dia anterior ao crime.\nNo dia 10, a vizinha foi avisar o homem sobre a roupa deixada no varal durante uma chuva e o encontrou caído no chão, com cortes pelo corpo e uma faca cravada no peito.",
    "highlightText": "",
    "highlightTitle": "",
    "highlightThreadTitle": "",
    "language": "portuguese",
    "sentiment": "negative",
    "categories": [
        "Crime, Law and Justice"
    ],
    "webz_reporter": false,
    "external_links": [
        "https://pc.sc.gov.br/",
        "https://pc.sc.gov.br",
        "https://www.pc.sc.gov.br/"
    ],
    "external_images": [],
    "entities": {
        "persons": [],
        "organizations": [],
        "locations": []
    },
    "rating": null,
    "crawled": "2024-04-26T00:09:17.303+03:00",
    "updated": "2024-04-26T00:09:17.303+03:00"
}