{
    "thread": {
        "uuid": "a0fb4765ec29d9ad62ca219482843dab164111cf",
        "url": "https://infonews.com/los-audios-de-una-victima-de-femicidio-en-canuelas-que-la-justicia-ignoro.html",
        "site_full": "infonews.com",
        "site": "infonews.com",
        "site_section": "https://infonews.com/seccion-sociedad.html",
        "site_categories": [],
        "section_title": "Infonews - SOCIEDAD",
        "title": "Recopilan los audios de una víctima de femicidio que la Justicia ignoró",
        "title_full": "Recopilan los audios de una víctima de femicidio que la Justicia ignoró",
        "published": "2024-04-25T20:21:00.000+03:00",
        "replies_count": 0,
        "participants_count": 1,
        "site_type": "news",
        "country": "AR",
        "main_image": "https://infonews.com/datos/fotos/2024/04/25/415819-10/dest.jpg",
        "performance_score": 0,
        "domain_rank": 53650,
        "domain_rank_updated": "2024-04-23T13:07:55.000+03:00",
        "reach": null,
        "social": {
            "facebook": {
                "likes": 0,
                "comments": 0,
                "shares": 0
            },
            "gplus": {
                "shares": 0
            },
            "pinterest": {
                "shares": 0
            },
            "linkedin": {
                "shares": 0
            },
            "stumbledupon": {
                "shares": 0
            },
            "vk": {
                "shares": 0
            }
        }
    },
    "uuid": "a0fb4765ec29d9ad62ca219482843dab164111cf",
    "url": "https://infonews.com/los-audios-de-una-victima-de-femicidio-en-canuelas-que-la-justicia-ignoro.html",
    "ord_in_thread": 0,
    "parent_url": null,
    "author": "INFOnews",
    "published": "2024-04-25T20:21:00.000+03:00",
    "title": "Recopilan los audios de una víctima de femicidio que la Justicia ignoró",
    "text": "0\nMaría Isabel había realizado una denuncia por violencia de género , pero la causa penal jamás avanzó. Ahora, sus audios relatando el abandono del poder judicial son la prueba contra el juez y el fiscal que, ante la falta de perspectiva de género, permitieron que el femicidio se consumara.\nMañana comienza el juicio por el Femicidio de MARÍA SPERATTI. Un Femicidio q certifica la indiferencia del S. Judicial. Se denunciarán al Juez y al Fiscal q la abandonaron. LA PLATA TOC 3.\nMe acompañan mis alumnos del postgrado LAS NUEVAS MASCULINIDADES. https://t.co/fBhgTUePlh\n— R. HERMIDA LEYENDA (@Hermidaleyenda) April 25, 2024\nEl viernes 16 julio de 2021 María Isabel fue atacada por su expareja, Gabriel Alejandro Núñez. Luego de aquello se presentó en la Comisaría de la Mujer donde realizó una denuncia; allí declaró que la asfixió con una llave alrededor del cuello.\nTras escuchar los detalles, la oficial actuante encabezó el formulario con la frase “de Alto Riesgo”. La causa comenzó a tramitarse en la UFI 1 de Cañuelas, que la caratuló minimizando los hechos, ya que al intento de femicidio lo calificó como “Lesiones leves” . Todo esto está narrado en los audios que María Isabel envió a familiares y amigas relatando el infierno que pasó en todas las instancias judiciales y que recopilaron en este video:\nUn chiste: el Gobierno aumenta menos del 10% la Tarjeta Alimentar\nDebido a que la gravedad del ataque fue minimizado, el imputado no corrió riesgo de detención y la joven tuvo que concurrir en varias oportunidades a la UFI y al Juzgado de Garantías pidiendo que la causa fuera recaratulada como “Homicidio en grado de tentativa”. Esto podría haber derivado en la detención de Núñez y evitar el femicidio, pero sus pedidos nunca fueron escuchados.\nLuego del crimen, sus hermanas recopilaron los audios de María Isabel en los que contó su incesante peregrinar por distintas oficinas judiciales en reclamo de ayuda.",
    "highlightText": "",
    "highlightTitle": "",
    "highlightThreadTitle": "",
    "language": "spanish",
    "sentiment": "negative",
    "categories": [
        "Crime, Law and Justice",
        "Human Interest"
    ],
    "webz_reporter": false,
    "external_links": [
        "https://twitter.com/Hermidaleyenda/status/1783299221140992261?ref_src=twsrc%5Etfw",
        "https://www.youtube.com/embed/xZ5zZDfap68?si=XkL0bsJWgSsrEu7c",
        "https://t.co/fBhgTUePlh",
        "https://www.t.co/fBhgTUePlh",
        "https://www.twitter.com/Hermidaleyenda/status/1783299221140992261?ref_src=twsrc%5Etfw",
        "https://www.youtube.com/embed/xZ5zZDfap68",
        "https://twitter.com/Hermidaleyenda/status/1783299221140992261",
        "https://youtube.com/embed/xZ5zZDfap68?si=XkL0bsJWgSsrEu7c"
    ],
    "external_images": [],
    "entities": {
        "persons": [],
        "organizations": [],
        "locations": []
    },
    "rating": null,
    "crawled": "2024-04-26T00:06:10.159+03:00",
    "updated": "2024-04-26T00:06:10.159+03:00"
}