{
    "thread": {
        "uuid": "097731c0d90a6bd30cc9d753a53cdc5483411c8b",
        "url": "https://www.informacion.es/vega-baja/2024/04/25/ayuntamiento-torrevieja-contrata-dedo-671-101575254.html",
        "site_full": "www.informacion.es",
        "site": "informacion.es",
        "site_section": "https://www.informacion.es/rss",
        "site_categories": [
            "media"
        ],
        "section_title": "",
        "title": "TORREVIEJA I El Ayuntamiento de Torrevieja contrata a dedo 671 servicios y obras en cinco años",
        "title_full": "TORREVIEJA I El Ayuntamiento de Torrevieja contrata a dedo 671 servicios y obras en cinco años",
        "published": "2024-04-25T03:00:00.000+03:00",
        "replies_count": 0,
        "participants_count": 1,
        "site_type": "news",
        "country": "ES",
        "main_image": "https://estaticos-cdn.prensaiberica.es/clip/f7c97623-b106-4fe9-9ab4-924897985c1b_16-9-discover-aspect-ratio_default_0.jpg",
        "performance_score": 0,
        "domain_rank": 25127,
        "domain_rank_updated": "2024-04-23T13:07:50.000+03:00",
        "reach": null,
        "social": {
            "facebook": {
                "likes": 0,
                "comments": 0,
                "shares": 0
            },
            "gplus": {
                "shares": 0
            },
            "pinterest": {
                "shares": 0
            },
            "linkedin": {
                "shares": 0
            },
            "stumbledupon": {
                "shares": 0
            },
            "vk": {
                "shares": 0
            }
        }
    },
    "uuid": "097731c0d90a6bd30cc9d753a53cdc5483411c8b",
    "url": "https://www.informacion.es/vega-baja/2024/04/25/ayuntamiento-torrevieja-contrata-dedo-671-101575254.html",
    "ord_in_thread": 0,
    "parent_url": null,
    "author": "D. Pamies",
    "published": "2024-04-25T03:00:00.000+03:00",
    "title": "TORREVIEJA I El Ayuntamiento de Torrevieja contrata a dedo 671 servicios y obras en cinco años",
    "text": "TORREVIEJA El Ayuntamiento de Torrevieja contrata a dedo 671 servicios y obras en cinco años, según el PSOE El PSOE denuncia el abuso de una fórmula restringida por ley a un uso puntual En el listado figura un contrato para realizar un censo en el cementerio en el que se invitó a dos empresas con el mismo administrador o el pago de 17.000 euros por un informe de nueve páginas con texto copiado de internet El [Ayuntamiento de Torrevieja](https://www.informacion.es/tags/ayuntamiento-de-torrevieja/) ha contratado «a dedo» 671 servicios, suministros y obras desde que [Eduardo Dolón ](/tags/eduardo-dolon-sanchez/)( [PP](https://www.informacion.es/tags/pp/)) recuperó la Alcaldía en junio de 2019, según desveló ayer Bárbara Soler, portavoz del [PSOE](https://www.informacion.es/tags/psoe/). La legislación permite contratar «a dedo» por importes de hasta 15.000 euros más [IVA](https://www.informacion.es/tags/iva/) en el caso de suministros y servicios, y 40.000 más IVA para obras. «Una ingente cantidad» de prestaciones para el municipio que se externalizan en funciones que puede llevar a cabo el propio personal funcionario, a juicio de Soler. Recordó que ya el director de la Asesoría Jurídica del Ayuntamiento emitió en 2023 un informe alertando de que la contratación menor debe ser excepcional y puntual pero que en el Ayuntamiento se realizaba de forma rutinaria «lo que podría dar lugar a consecuencias legales indeseadas», según remarcó Soler, en rueda de prensa. Gestión La portavoz socialista cuestionó la gestión del PP no solo por el abuso de la contratación menor. También por la forma y fondo de las adjudicaciones. Entre otros ejemplos, señaló la creación -obligatoria con base en la normativa estatal y europea- de una oficina de cumplimiento ético para evitar el fraude en la contratación pública adjudicada a dedo [ a un exsenador y exdiputado del PP, como recogió INFORMACIÓN](https://www.informacion.es/vega-baja/2024/04/23/torrevieja-adjudica-asesoria-miguel-campoy-abogado-a-dedo-contrato-ayuntamiento-101429669.html). «Nos estrenamos bien en esto de la contratación ética, el chiste se cuenta solo», ironizó Soler, quien recordó que el Ayuntamiento dispone de un equipo legal y un director de la Asesoría Jurídica que, a su juicio, podrían haber realizado esa tarea. En ocasiones se adjudican contratos menores sobre asuntos que no son competencia del Ayuntamiento, y en otros se externalizan tareas que podrían ser realizadas por el personal funcionario. En la categoría de estos últimos ha estado el elaborar el censo de los cementerios. El mismo administrador «Aquí se invita a cara descubierta a [dos empresas del mismo administrador y ambas presentan oferta con una diferencia de 50 euros](https://www.informacion.es/vega-baja/2024/02/13/torrevieja-estudia-privatizar-gestion-cementerio-externalizar-inversiones-98109630.html). Así que esto que podría hacer perfectamente el personal municipal nos acaba costando 17.908 euros». El PSOE señala que durante el Gobierno de minoría de izquierdas (2015-2019) se publicaban las licitaciones aunque no fuera una obligación legal para abrir la oferta a todas las empresas interesadas. Ahora se pide presupuesto directamente «a los afortunados», aseguró. Más barata, eficiente y rápida En la misma categoría de empresas que llevan a cabo funciones que se harían de forma más «barata, eficiente y rápida» por el personal del Ayuntamiento, se encuadra el contrato para iniciar los trámites necesarios para proteger el Tintero como Bien de Relevancia Local. «Tarea que, de haberlo llevado a cabo el personal municipal, habría llegado a tiempo para permitirnos pelear por su supervivencia, pero que al ser externalizada supuso tirar a la basura casi 11.000 euros de los ciudadanos de [Torrevieja](https://www.informacion.es/vega-baja/torrevieja/) por unos informes que nunca llegaron, ya que el Tintero fue demolido antes de que la empresa concluyese su encomienda». Tasación Otro: el Ayuntamiento está interesado en adquirir un suelo rústico en El Chaparral y necesitaba tasarlo. Lo llamativo, en palabras de Soler, es que por una tasación de un terreno que vale 130.000 euros «hemos pagado 18.000. Que revisen los ciudadanos cuánto les costó la tasación de sus inmuebles porque esto no tiene explicación». Plan Anual de Contratación y exigencia a los concejales para que sean responsables de sus propios contratos El concejal de Contratación, Domingo Paredes ( [PP](https://www.informacion.es/tags/pp/)), señaló ayer que desde que gestiona del área, a principios de 2023, se instauró el Plan Anual de Contratación donde figuran las necesidades de tramitación de contratos por cada área para que estén previstas y no se recurra a los contratos menores. También señaló que se exige que cada uno de los concejales se responsabilice de sus propios contratos menores. Paredes comparte el criterio de que este tipo de contratación debe ser puntual y que esa gestión ha permitido adjudicar servicios plurianuales, sobre todo en Fiestas y [Cultura](https://www.informacion.es/cultura/), que antes se realizaban con contratos menores e incluso con reservas de crédito. Por ejemplo, en los dos últimos años se han ido agrupando las contratos relacionados con las fiestas patronales. El edil se preguntó, por otra parte, qué fuente documental ha utilizado el PSOE para dar esa cifra de contratación global para estos cinco años. El informe de corta y pega La portavoz desgranó un último ejemplo compendio de los demás. Un contrato menor para el [estudio de soluciones a implantar en el Convenio C-2 «Punta la Víbora»](https://www.informacion.es/vega-baja/2022/08/04/torreta-torrevieja-necesita-ocho-millones-73079862.html) para la reurbanización para plantear soluciones que permitan posteriormente, tras seleccionar la que se considere más adecuada, el desarrollo del correspondiente proyecto. «Es curioso que la documentación donde se contienen estas soluciones, que se llama memoria, se entregase varios meses después de que se licitase el proyecto», señaló la misma fuente, y, además, «la primera vez que se presentó se hizo con el nombre de nuestro director general Urbanismo en la portada, lo que se subsanó la segunda vez que se presentó el mismo documento pero ya encabezado con el nombre de la adjudicataria. Entendemos que esto fue un error, sin más, porque no podría ser que esta documentación se haya elaborado en todo o en parte por nuestro director general y lo haya cobrado una tercera persona, eso sería un escándalo. Sería impensable, seguro que existe otra razón». Sobre todo, dijo Soler, porque «esa memoria consta de nueve páginas, varias de ellas de antecedentes y fotografías y una de ellas copiada palabra por palabra de un artículo de internet. Un documento por el que los torrevejenses hemos pagado 17.545 euros». [RRSS WhatsApp](https://api.whatsapp.com/send?text=El%20Ayuntamiento%20de%20Torrevieja%20contrata%20a%20dedo%20671%20servicios%20y%20obras%20en%20cinco%20a%C3%B1os%2C%20seg%C3%BAn%20el%20PSOE%20https://www.informacion.es/vega-baja/2024/04/25/ayuntamiento-torrevieja-contrata-dedo-671-101575254.html%3Futm_source%3Dwhatsapp%26utm_medium%3Dsocial%26utm_campaign%3Dbtn-share) [RRSS Facebook](https://www.facebook.com/sharer/sharer.php?u=https://www.informacion.es/vega-baja/2024/04/25/ayuntamiento-torrevieja-contrata-dedo-671-101575254.html%3Futm_source%3Dfacebook%26utm_medium%3Dsocial%26utm_campaign%3Dbtn-share) [RRSS Twitter](https://twitter.com/intent/tweet?original_referer=https://www.informacion.es/vega-baja/2024/04/25/ayuntamiento-torrevieja-contrata-dedo-671-101575254.html&text=El%20Ayuntamiento%20de%20Torrevieja%20contrata%20a%20dedo%20671%20servicios%20y%20obras%20en%20cinco%20a%C3%B1os%2C%20seg%C3%BAn%20el%20PSOE%20%20https://www.informacion.es/vega-baja/2024/04/25/ayuntamiento-torrevieja-contrata-dedo-671-101575254.html%3Futm_source%3Dtwitter%26utm_medium%3Dsocial%26utm_campaign%3Dbtn-share%20a%20trav%C3%A9s%20de%20%40informacion_es) [RRSS email](mailto:?subject=El%20Ayuntamiento%20de%20Torrevieja%20contrata%20a%20dedo%20671%20servicios%20y%20obras%20en%20cinco%20a%C3%B1os%2C%20seg%C3%BAn%20el%20PSOE%20&body=https://www.informacion.es/vega-baja/2024/04/25/ayuntamiento-torrevieja-contrata-dedo-671-101575254.html%3Futm_source%3Dmail%26utm_medium%3Dsocial%26utm_campaign%3Dbtn-share) [Copiar URL](javascript: void(0)) [El Gobierno adjudica por 89,6 millones de euros el tercer carril de la A-7 entre Crevillent y Orihuela](https://www.informacion.es/vega-baja/2024/04/22/gobierno-adjudica-89-6-millones-101407537.html) [Polémica en Guardamar del Segura por la ubicación la parcela del futuro ecoparque](https://www.informacion.es/vega-baja/2024/04/23/polemica-guardamar-ubicacion-futuro-ecoparque-guardamar-del-segura-consorcio-101469196.html) [El Ayuntamiento de Torrevieja adjudica a dedo un contrato de asesoría a un exsenador del PP](https://www.informacion.es/vega-baja/2024/04/23/torrevieja-adjudica-asesoria-miguel-campoy-abogado-a-dedo-contrato-ayuntamiento-101429669.html) [En Callosa de Segura la multa no se pagaba](https://www.informacion.es/vega-baja/2024/04/23/multa-pagaba-callosa-de-segura-multas-urbanisticas-pp-alcalde-101469193.html) [Plantean una modificación del sector Y-1 que prevé 1.122 viviendas en el norte de Campoamor](https://www.informacion.es/vega-baja/2024/04/23/plantean-modificacion-sector-1-preve-101083415.html) [Tercera salida en las filas de asesores de Vox en Orihuela](https://www.informacion.es/vega-baja/2024/04/24/tercera-salida-filas-asesores-vox-101510015.html) [Los regantes celebran la marcha de Ribera a Europa pero ven con pesimismo el relevo](https://www.informacion.es/vega-baja/2024/04/24/regantes-celebran-marcha-europa-ministra-ribera-101514493.html) [El acceso a los paseos de Torrevieja soporta 5.250 vehículos diarios en verano](https://www.informacion.es/vega-baja/2024/04/23/acceso-paseos-torrevieja-soporta-torrevieja-paseo-del-mar-trafico-101429673.html)",
    "highlightText": "",
    "highlightTitle": "",
    "highlightThreadTitle": "",
    "language": "spanish",
    "sentiment": "negative",
    "categories": [
        "Crime, Law and Justice",
        "Politics"
    ],
    "webz_reporter": false,
    "external_links": [],
    "external_images": [],
    "entities": {
        "persons": [],
        "organizations": [],
        "locations": []
    },
    "rating": null,
    "crawled": "2024-04-26T00:12:41.931+03:00",
    "updated": "2024-04-26T05:24:58.297+03:00"
}