{
    "thread": {
        "uuid": "795dc1dfe2f360850f1988d7cfcf25526c5928e2",
        "url": "https://www.record.com.mx/futbol-futbol-internacional-internacionales/conmebol-solicito-accion-inmediata-del-ministerio-ante",
        "site_full": "www.record.com.mx",
        "site": "record.com.mx",
        "site_section": "https://www.record.com.mx",
        "site_categories": [
            "world_soccer",
            "sports"
        ],
        "section_title": "RÉCORD | El deporte nuestra pasión",
        "title": "CONMEBOL solicitó acción inmediata del Ministerio ante caso de lavado de dinero",
        "title_full": "CONMEBOL solicitó acción inmediata del Ministerio ante caso de lavado de dinero",
        "published": "2024-04-26T00:04:00.000+03:00",
        "replies_count": 0,
        "participants_count": 1,
        "site_type": "news",
        "country": "MX",
        "main_image": "https://www.record.com.mx/sites/default/files/articulos/2024/04/25/20040706_454_1.jpg",
        "performance_score": 0,
        "domain_rank": 49440,
        "domain_rank_updated": "2024-04-23T13:07:55.000+03:00",
        "reach": null,
        "social": {
            "facebook": {
                "likes": 0,
                "comments": 0,
                "shares": 0
            },
            "gplus": {
                "shares": 0
            },
            "pinterest": {
                "shares": 0
            },
            "linkedin": {
                "shares": 0
            },
            "stumbledupon": {
                "shares": 0
            },
            "vk": {
                "shares": 0
            }
        }
    },
    "uuid": "795dc1dfe2f360850f1988d7cfcf25526c5928e2",
    "url": "https://www.record.com.mx/futbol-futbol-internacional-internacionales/conmebol-solicito-accion-inmediata-del-ministerio-ante",
    "ord_in_thread": 0,
    "parent_url": null,
    "author": "Redacción Récord",
    "published": "2024-04-26T00:04:00.000+03:00",
    "title": "CONMEBOL solicitó acción inmediata del Ministerio ante caso de lavado de dinero",
    "text": "La Confederación Sudamericana de Fútbol (Conmebol) ha hecho un llamado urgente al Ministerio Público para que se pronuncie sobre un presunto caso de lavado de dinero. La denuncia apunta al ex presidente de la Conmebol, Nicolás Leoz, quien supuestamente habría transferido fondos de la entidad a cuentas bancarias a través de un fideicomiso gestionado por un banco local. En el marco de esta denuncia, la Conmebol ha instado a la Fiscalía a tomar acciones concretas respecto a las investigaciones relacionadas con presunto lavado de dinero durante la gestión de Nicolás Leoz, quien falleció en 2019. Esta situación también involucra al banco Atlas en el proceso. El abogado de la asociación, Claudio Lovera, ha destacado la complejidad de las investigaciones, pero ha señalado que los fiscales encargados ya deberían contar con los elementos necesarios para llevar el caso a los tribunales. La Conmebol espera que esta vez las investigaciones no se vean afectadas por la inacción, como ha ocurrido en el pasado. Ya en 2017, la Conmebol presentó una denuncia similar que no tuvo el avance esperado debido al fallecimiento de Nicolás Leoz. Según las auditorías forenses realizadas durante la gestión de Alejandro Domínguez, se descubrieron irregularidades que perjudicaron a la Conmebol, incluyendo el desvío de más de USD 28 millones a cuentas vinculadas a Leoz. Aunque la denuncia se presentó en 2021, la Conmebol no ha recibido actualizaciones sobre el estado de las investigaciones llevadas a cabo por los fiscales Francisco Cabrera, Alma Zayas y Jorge Arce. El abogado también ha criticado la actuación del banco, que habría realizado un fideicomiso en contravención a las normativas sobre lavado de dinero. Este fideicomiso se habría llevado a cabo con una persona sujeta a solicitud de extradición a Estados Unidos por presunto lavado de dinero. TAMBIÉN TE PODRÍA INTERESAR: SELECCIÓN MEXICANA PUEDE SER \\u0027AFECTADA\\u0027 SI AMÉRICA O RAYADOS JUEGAN FINAL DE CONCACHAMPIONS",
    "highlightText": "",
    "highlightTitle": "",
    "highlightThreadTitle": "",
    "language": "spanish",
    "sentiment": "negative",
    "categories": [
        "Crime, Law and Justice"
    ],
    "webz_reporter": false,
    "external_links": [],
    "external_images": [],
    "entities": {
        "persons": [],
        "organizations": [],
        "locations": []
    },
    "rating": null,
    "crawled": "2024-04-26T00:07:46.032+03:00",
    "updated": "2024-04-26T00:07:46.032+03:00"
}