{
    "thread": {
        "uuid": "2f1895f0d82c08fab79d4eeda09ec4c06f1f4937",
        "url": "https://www.meneame.net/story/lei-espectacular-denuncia-manos-limpias-contra-begona-gomez-he/c068",
        "site_full": "www.meneame.net",
        "site": "meneame.net",
        "site_section": "http://meneame.net//comments_rss",
        "site_categories": [
            "non_standard_content",
            "adult",
            "top_news"
        ],
        "section_title": "Menéame: comentarios",
        "title": "#68 Me leí la espectacular denuncia de Manos Limpias contra Begoña Gómez, he investigado y he ido buscando artículo por artículo todos los que este \"sindicato\" aporta como \"pruebas\"",
        "title_full": "#68 Me leí la espectacular denuncia de Manos Limpias contra Begoña Gómez, he investigado y he ido buscando artículo por artículo todos los que este \"sindicato\" aporta como \"pruebas\"",
        "published": "2024-04-25T22:41:00.000+03:00",
        "replies_count": 0,
        "participants_count": 1,
        "site_type": "news",
        "country": "ES",
        "main_image": "https://meneame.net/img/logo_meneame.png",
        "performance_score": 0,
        "domain_rank": 11071,
        "domain_rank_updated": "2024-04-23T13:07:50.000+03:00",
        "reach": null,
        "social": {
            "facebook": {
                "likes": 0,
                "comments": 0,
                "shares": 0
            },
            "gplus": {
                "shares": 0
            },
            "pinterest": {
                "shares": 0
            },
            "linkedin": {
                "shares": 0
            },
            "stumbledupon": {
                "shares": 0
            },
            "vk": {
                "shares": 0
            }
        }
    },
    "uuid": "2f1895f0d82c08fab79d4eeda09ec4c06f1f4937",
    "url": "https://www.meneame.net/story/lei-espectacular-denuncia-manos-limpias-contra-begona-gomez-he/c068",
    "ord_in_thread": 0,
    "parent_url": null,
    "author": "perica_we",
    "published": "2024-04-25T22:41:00.000+03:00",
    "title": "#68 Me leí la espectacular denuncia de Manos Limpias contra Begoña Gómez, he investigado y he ido buscando artículo por artículo todos los que este \"sindicato\" aporta como \"pruebas\"",
    "text": "Portada\nmis comunidades\notras secciones\nRelacionada:\nEl Supremo fijó hace tres meses que los jueces deben inadmitir las querellas basadas solo en \"notas de prensa\"\nEl Supremo fijó hace tres meses que los jueces deben inadmitir las querellas basadas solo en \"notas de prensa\" [#19](c19#c-19) Si un funcionario se salta una norma, debe haber consecuencias. Una norma de obligado cumplimiento, como las de circulación, debe cumplirse, no es opcional.\n[#3](c3#c-3) Cualquiera que no sea de derechas.... prueba a pedir una investigación acerca de Feijoo en base a ciertas fotos con narcotraficantes, a ver si te hacen caso!!!!\n[#5](c5#c-5) Tienes toda la razón, pero sin entrar al trapo Pedro y su gabinete de prensa lo ha cagado pero bien. Me explico:\nPedro y su equipo saben perfectamente que meterse en una peleá mediática contra la derecha solo tiene que perder. La derecha no tiene escrúpulos y son capaces de inventar cualquier bulo sin sufrir consecuencias. Pedro no puede inventar bulos sin sufrir consecuencias.\nA estas alturas todos sabemos que la derecha controlan los medios de comunicación a su favor. Y si esto Pedro no lo sabe es que algo falla.\nSe han metido en una pelea que han perdido el combate antes de empezar.\nAhora están probando alternativas, hacerse la víctima. Nadie se crea la posibilidad de que Sanchez va a renunciar, seamos serios. Hasta me hace gracia 😁\nAdemás se nota mucho que todo esto es una estrategia de psoe, ayer mano la carta y hoy todas las sedes del psoe ya tenía preparado e impreso todo tipo de material con el logo del psoe y un corazón ❤ ️ . Te parece posible preparar todo esto en menos de 12 horas? A mí no me convence.\nY como último punto, hoy al medio día en las noticias se le dedicó más tiempo a hablar de Pedro que la abdicación del rey.\nLo único que me gustaría saber es como acaba todo este montaje y quien lo organizó para hacerle una oferta de trabajo porque es un maestr@\n[#25](c25#c-25) [#23](c23#c-23) Para mí es diferente. Un indicio o testimonio es algo que has visto u oido hacer a otro, tienes que estar en determinado lugar o estar relacionado con esa persona.\nUn bulo de Whatsapp es algo que has visto en Internet, como si leo que los chips de las vacunas causan autismo.\nSi digo que Errejón me ha pegado una patada voladora tengo que demostrar que estuve en esa calle aunque el relato sea surrealista.\n[#32](c32#c-32) A ver, vivimos en pais dd una mujer dice que ha pasado X y sin prueba alguna mas que su simple palabra, el sistema judicial se pone en marcha.\nUn pais donde tenemos a peña denunciandose por \"ofensas al honor\"...\nUn testimonio puede tener la misma veracidad que una captura del whatsapp.\nYo puedo decir que en mi empresa se hizo algo y se purva invencion. Cuando se investigue se vera y listo, crujen al que denuncia.\nSiguiendo tu ejemplo si Errejon dicen que alguien le pego en el portal de su casa a solas, una patada en los huevos. Como solo es su palabra el juez pues no deberia hacer nada.\n[#35](c35#c-35) si tu vas a la comisaría y denuncias que tu vecino te ha amenazado de muerte, también le llaman a declarar. Pero igual el que sale imputado eres tu por denuncia falsa.\n[#3](c3#c-3) Caulquiera puede se acusado con pruebas o indicios varios.\nAcusado no implica llegar a ser juzgado o condenado.\nEntiendo que lo normal es presentar X pruebas o indiciones, que se investiguen y si se ve algo adelante, y sino se acabo.\nPiensa que hay investigaciones que se inicia por que X personas declara que vio algo y listo. Solo con su palabra basta para iniciar una investigacion.\nAqui lo que hay que esperar es a ver si la cosa prospera o acaba en nada como miles de acusaciones cada dia\n[#25](c25#c-25) Voy a publicar un artículo en ojetedigital o similar diciendo que phyrian ha matado a un gato. Y luego un amiguete irá con ese artículo a los juzgados para que te abran un sumario (secreto, of course) por maltrato animal o incluso terrorismo si le cae a García-Prevaricación. ¿Lo verías medio normal? Bueno, si eso ya llamaré a unos amiguetes para que hagan otros artículos similares, para que haya más \"pruebas\".\n[#50](c50#c-50) Ahi es dd entra juez, fiscalia, policia etc. Investigando y decidiendo la veracidad de esas pruebas.\nToda asusacion se supone que debe investigarse y decidir si se lleva a cabo un juicio.\nQue luego como dices tu pueda tocar un juez u otro, es otro tema.\nEn este caso si todo es literalmente mentira, no tendra recorrido alguno. Si en la investigacion surje algo pues ya sera otro tema.\nPD (Como resulte que la mujer de Sanchez esta salpicada de mierda realmente van a ser unas risas por aqui, pq ya se sabe que nadie relacionado con el PSOE ahce cosas malas)\n[#53](c53#c-53) La fiscalía no ha entrado porque... chorprecha chorprecha, el juez ni ha pedido un informe antes de abrir el sumario, lo ha hecho por sus cojones morenos directamente. Y sobre la \"veracidad\" de las pruebas... una de las que han presentado es lo de la subvención de otra Begoña Gómez que vive en Cantabria y tiene un restaurante. Y el resto son por un estilo. Y no, no se tienen que investigar todas las acusaciones. Si yo digo que has matado un gato sin presentar ninguna prueba, ni testigo, ni nada, solo unos recortes de prensa que han escrito unos amiguetes sin ningún tipo de prueba... ¿también habría que investigarlo o tendrían que mandarme a esparragar directamente? Y lo de que te \"toque\" un juez... da lo mismo. Si le cae a uno de la toga nostra, estupendo, si le cae a otro y lo rechaza de plano empezarían que si las presiones del gobierno, que si no se qué... en el lawfare da igual que condenen a alguien, lo que se trata es de enmerdarlo todo. Mira lo de Podemos ¿cuántos sumarios les abrieron? ¿Cuántos llegaron a la apertura de juicio oral? Ni uno, pero la cosa dio para un montón de titulares y horas de tertulianos dando por el saco. O lo de Mónica Oltra, al final archivado... cuando ya está el PP con la máquina de los sobres valencianos.\n[#53](c53#c-53) Pase lo que pase, las investigaciones prospectivas son ilegales. Si resulta que después de esta puta mierda de acusación saliera cualquier cosa, el Constitucional tendría que indultarla.\n[#25](c25#c-25) No soy experto en leyes, pero sé que para abrir una inversigación penal tiene que haber indicios constitutivos de delito.\nPor poner un ejemplo: si vas a un juzgado denunciando que \"fulanito me ha dicho que menganito es un corrupto\" no es motivo suficiente para abrir una instrucción, tiene que haber indicios de que lo sea.\n...Salvo que ese caso llegue al juzgado de un fascista con toga altamente motivado.\n[#3](c3#c-3) Precedente abre, pero solo en cierta manera, porque a Iglesias y a Montero ya se les investigó por fotos de una persona agarrando un bebé en público, y tanto el informe falso contra Podemos como el de la guardia civil contra el gobierno por todo el tema del confinamiento eran poco más que recortes de periódicos ultras.\nLo que sí que parece es que cada vez a ciertos jueces les importa menos hacer lo que les salga de las bolas, lo cual es super peligroso. Lo habitual antes era que se filtrase un informe o una denuncia que eran un desastre y que no se sostenían por ningún lado, pero rápidamente eran rechazados y solo servían para titulares exaltados de periódicos de derechas. Ahora se ve que le van cogiendo el gustillo a prolongar el tema por unos meses o incluso años, hasta que ven que no hay donde cogerlo. No son tontos los indepes cuando piden amnistía en lugar de indultos.\n[#33](c33#c-33) Eso lo entiendo, pero si estoy en Barcelona y digo que Errejón me pegó en Madrid tengo que decir que estube allí.\nSi cualquiera puede pasarse una mañana buscando bulos y luego haciendo una denuncia del algo no relacionado es un cachondeo\nObviamente sé que hay implicaciones políticas y que normalmente le mandarían a paseo, pero es muy mal precedente.\n[#31](c31#c-31) Me refiero a que por lo menos tenía que haber \"algo\", aunque fuese de una institución corrupta o un caso fabricado.\n[#3](c3#c-3) Es importante diferenciar las distintas fases del procedimiento, pues esto explica por qué es tan fácil que se puedan dar estas denuncias absurdas y por qué es tan difícil acusar a un juez de prevaricación por admitir una denuncia con poco fundamento. No es lo mismo acusado que investigado, por lo que tu afirmación de \"cualquiera puede ser acusado en base a bulos\" no es muy correcta. En este momento no hay nadie acusado todavía, lo que puede haber son personas investigadas por su posible participación en algún tipo de delito. Para iniciar una investigación el juez no necesita gran cosa, por lo que no es difícil abrir un proceso penal que posteriormente finalice en nada. Incluso, una vez finalizada la instrucción, lo único que se necesita para abrir juicio oral es la existencia de indicios de actividad delictiva y, en el juicio ya se decidirá si hay pruebas suficientes o no. Esto, obviamente, puede ser evitado por una actuación diligente del juez pero, si hay mala intención, con muy poco se puede abrir una investigación y con poco más llevar a alguien a juicio.\n[#43](c43#c-43) Si. Pero esto no lo es. Esta probado que Begoña Gómez se reunió con Hidalgo antes de su rescate récord y esta probado que la agencia de su master se llevó un contrato después de sacar un diez perfecto en la parte subjetiva del proceso.\nEso no es suficiente para encausar a nadie, pero es perfectamente legítimo para abrir diligencias para comprobar las fuentes de los periodistas.\n[#3](c3#c-3) cualquier que sepa en que juzgado debe poner la denuncia y que va a llegar al juez adecuado y cercano a la causa.\n[#27](c27#c-27) mira por si no lo sabes esto es el sanchismo que tú defiendes\n- Que han indultado\n- han amnistiado,\n- han negociado con Bildu\n-han manipulado RTVE\n- dineral que ha costado Broncano\n- catering del avion\n-caso Koldo\n- Begoña,\n-el hermano que tributa en Portugal,\n-Abalos,\n-soltar presos de Irene montero,\n- abuso del Falcon\n-viaje europeo ridiculo pro palestina mientras ataco irán\n- estamos sin presupuestos porque le ha dado la gana\n-el cambio de postura con marruecos por la puerta de atras\n- y mentiras y más mentiras y engaños y cambios de opinión.\nLa psoe lo ha destruido el mismo Sánchez, igual que Sánchez destruyó a Podemos, la PSOE es totalitarismo manipulación oportunismo y corrupción. Eso es lo que tú defiendes. Remata luego con un al menos no gobierna la derecha y carita triste.\n[#37](c37#c-37) Yo con que lo tuyos no roben a manos llenas ya me vale y en mi vida he votado yo a Pedro sanchez\nEn tus puntos al menos cuento 9 bulos, sigue dandome la razon milana bonita\n[#41](c41#c-41) enseguida la gente se escandaliza con la derecha, aunque sean mentiras y el caso perfecto es Ayuso y el anterior Rajoy. Que fácil se revuelve la gente y aquí y en la television y los sindicatos, y manifas y huelgas, enseguida señalais de corrupta a la derecha, pero, te estoy yo señalando alguna parte solo una legislatura ridícula, completamente llena de errores. Y la paciencia que demuestras con lo que te digo es infinita. Cuando digo que la izquierda es sinónimo de dictadura no es porque la izquierda lo sea, es porque a la gente de izquierdas os han convertido en dictadores. La carta de Sánchez no es por la denuncia, es porque la pelota se ha hecho exageradamente grande es por el cúmulo de cosas que se les ha juntado. Y aún así seguís aguantando y defendiendo está basura. Dimisión ya!!!\nA mi me gustaría q explicaran lo de las cartas de recomendacion a Barrabes, porq en este thread no dice nada y lo veo claramente cuestionable\nNo creo q sea conveniente q la mujer del presidente del gobierno mande cartas de recomendacion para adjudicaciones en concursos publicos\nEl resto de denuncias son entre risibles e injuriosas (por ejemplo, la de la subvencion otorgada a la begoña gomez no mujer de sanchez), pero lo de las cartas sí necesita explicacion.\nEs muy triste que los medios den cobertura a semejante memez.\nSólo hay una voz en los medios y siempre va en la misma dirección.\nAunque el público no pague, están las administraciones del pp para dar dinero con campañas de lo que sea.\nEste señor dice:\n\"No hay gran cosa de José María Olmo\"\n-Panamá Papers\n-Máster de Cifuentes\n-Dinero del Emérito\n-Maxim Huerta\n-Audios de Rubiales\n-Espionaje de Casado a Ayuso\n-Premio APM al Mejor Periodista de 2014 por destapar el caso del Pequeño Nicolás\nPero son unos turbofachas.\nEsto se acaba si quiere el gobierno con una ley , cuando ún medio de comunicación difunda un bulo y se demuestre un bulo, deja de trincar ayudas, y publicidad, tanto local, regional o estatal de por vida. Y los periodistas implicados inhabilitados para ejercer su profesión por unos años. O algo parecido, pero que duela, sobre todo en la cartera, seguro que muchos se lo pensarían antes.\nlawfare de libro, funciono con oltra, en brasil con lula, en portugal con costa..y siempre después ha gobernado la derecha...decididamente la gente de izquierdas somos bobos\nPedro está calculando las consecuancias legales y penales de lo que se sabe de su mujer. Tanto a nivel de respuesta por injurias como a nivel electoral. Este no se va ni con agua hirviendo. Se está poniendo al día con sus abogados hasta el domingo. La carta es lo de menos.\nÉstos días tenía que ir al Congreso a dar explicaciones por lo de su mujer y se ha pillado vacaciones.\nEn todo el proceso desde Koldo ni una explicación ha dado. Solo ha lanzado injurias contra la oposición.\n[#1](c1#c-1) Si de paso desprestigia todas las instituciones para ponerse el como el unico salvador y democrata, ya ni te cuento.\n[#1](c1#c-1) Lo que no se va ni con agua hirviendo es los bulos que sueltas dia si y dia tambien... como el que dices en tu bio que te han metido un strike por decir que Sanchez es un dictador.... EMBUSTERO... que no has contado una puta verdad en tu vida\nAhora te dejo que os siguais chupando las pollas, fachatiesos",
    "highlightText": "",
    "highlightTitle": "",
    "highlightThreadTitle": "",
    "language": "spanish",
    "sentiment": "negative",
    "categories": [
        "Politics",
        "Crime, Law and Justice",
        "Human Interest"
    ],
    "webz_reporter": false,
    "external_links": [],
    "external_images": [],
    "entities": {
        "persons": [],
        "organizations": [],
        "locations": []
    },
    "rating": null,
    "crawled": "2024-04-26T00:02:05.969+03:00",
    "updated": "2024-04-26T00:02:05.969+03:00"
}