{
    "thread": {
        "uuid": "1fa89498bf62d84b312d7c8483b1bf9f3c3ec928",
        "url": "https://sporticos.com/en-gb/news/sports-streams-news",
        "site_full": "sporticos.com",
        "site": "sporticos.com",
        "site_section": "https://sporticos.com/en-gb/news",
        "site_categories": [
            "world_soccer",
            "hobbies_and_interests",
            "sports"
        ],
        "section_title": "Football News | Sporticos",
        "title": "Football News | Sporticos",
        "title_full": "Football News | Sporticos",
        "published": "2024-11-14T02:00:00.000+02:00",
        "replies_count": 0,
        "participants_count": 0,
        "site_type": "news",
        "country": "GB",
        "main_image": "",
        "performance_score": 0,
        "domain_rank": 134823,
        "domain_rank_updated": "2024-11-11T23:00:00.000+02:00",
        "social": {
            "facebook": {
                "likes": 0,
                "comments": 0,
                "shares": 0
            },
            "vk": {
                "shares": 0
            }
        }
    },
    "uuid": "1fa89498bf62d84b312d7c8483b1bf9f3c3ec928",
    "url": "https://sporticos.com/en-gb/news/sports-streams-news",
    "ord_in_thread": 0,
    "parent_url": null,
    "author": null,
    "published": "2024-11-14T02:00:00.000+02:00",
    "title": "Football News | Sporticos",
    "text": "Sports Streams News\nSports Streams News\nNews26 November 2024, 17:30\n[Premier League announces referee for Liverpool vs Man City clash amidst Klopp controversy](/en-gb/news/premier-league-announces-referee-for-liverpool-vs-man-city-clash-amidst-klopp-controversy)\n[Aayush Yadav](/en-gb/author/aayush-yadav)\nNews26 November 2024, 14:30\n[WSL set to generate significant commercial revenue in 2024/25 as value soars](/en-gb/news/wsl-set-to-generate-significant-commercial-revenue-in-202425-as-value-soars)\n[Stephen Forrester](/en-gb/author/stephen-forrester)\nNews25 November 2024, 21:30\n[Tottenham star Guglielmo Vicario sidelined with broken ankle](/en-gb/news/tottenham-star-guglielmo-vicario-sidelined-with-broken-ankle)\n[Kiran Thakare](/en-gb/author/kiran-thakare)\nNews25 November 2024, 19:30\n[Ed Sheeran apologises for gatecrashing Ruben Amorim's interview](/en-gb/news/ed-sheeran-apologises-for-gatecrashing-ruben-amorims-interview)\n[Aastha Anand](/en-gb/author/aastha-anand)\nNews25 November 2024, 18:30\n[Jamie Carragher calls Mohamed Salah 'selfish' over fresh Liverpool contract demand](/en-gb/news/jamie-carragher-calls-mohamed-salah-selfish-over-fresh-liverpool-contract-demand)\n[Aayush Yadav](/en-gb/author/aayush-yadav)\nNews24 November 2024, 19:30\n[Gary Neville reveals what promise Manchester City made Pep Guardiola to sign extension](/en-gb/news/gary-neville-reveals-what-promise-manchester-city-made-pep-guardiola-to-sign-extension)\n[Akash Roy](/en-gb/author/akash-roy)\nNews24 November 2024, 17:30\n[Jamie Redknapp silences Sky Sports studio with awkward comment to Kelly Cates](/en-gb/news/jamie-redknapp-silences-sky-sports-studio-with-awkward-comment-to-kelly-cates)\n[Akash Roy](/en-gb/author/akash-roy)\nNews24 November 2024, 14:00\n[Pedro Porro hits back after fans criticise him for not celebrating against Manchester City](/en-gb/news/pedro-porro-hits-back-after-fans-criticise-him-for-not-celebrating-against-manchester-city)\n[Aastha Anand](/en-gb/author/aastha-anand)\nNews23 November 2024, 21:30\n[Ruben Amorim speaks on transfer strategy ahead of January window](/en-gb/news/ruben-amorim-speaks-on-transfer-strategy-ahead-of-january-window)\n[Aayush Yadav](/en-gb/author/aayush-yadav)\nNews23 November 2024, 19:00\n[Chelsea Boss Enzo Maresca gives verdict on David Coote controversy](/en-gb/news/chelsea-boss-enzo-maresca-gives-verdict-on-david-coote-controversy)\n[Stephen Forrester](/en-gb/author/stephen-forrester)\nNews23 November 2024, 17:00\n[Alexander Isak names best centre-back in the Premier League](/en-gb/news/alexander-isak-names-best-centre-back-in-the-premier-league)\n[Kiran Thakare](/en-gb/author/kiran-thakare)\nNews23 November 2024, 14:00\n[Pep Guardiola makes new Man City 115 charges relegation guarantee](/en-gb/news/pep-guardiola-makes-new-man-city-115-charges-relegation-guarantee)\n[Akash Roy](/en-gb/author/akash-roy)\nNews22 November 2024, 20:30\n[Gary Neville predicts high-scoring clash between Tottenham and Manchester City](/en-gb/news/gary-neville-predicts-high-scoring-clash-between-tottenham-and-manchester-city)\n[Aayush Yadav](/en-gb/author/aayush-yadav)\nNews22 November 2024, 18:30\n[Ruben Amorim reveals Jose Mourinho’s message ahead of first Manchester United game](/en-gb/news/ruben-amorim-reveals-jose-mourinhos-message-ahead-of-first-manchester-united-game)\n[Stephen Forrester](/en-gb/author/stephen-forrester)",
    "highlightText": "",
    "highlightTitle": "",
    "highlightThreadTitle": "",
    "language": "english",
    "sentiment": "negative",
    "categories": [
        "Crime, Law and Justice",
        "Science and Technology"
    ],
    "ai_allow": true,
    "canonical": false,
    "webz_reporter": false,
    "external_links": [],
    "external_images": [],
    "entities": {
        "persons": [
            {
                "name": "Alejandro",
                "sentiment": "none"
            },
            {
                "name": "Stephen Forrester",
                "sentiment": "none"
            },
            {
                "name": "Aayush Yadav",
                "sentiment": "none"
            },
            {
                "name": "Pedro Porro",
                "sentiment": "none"
            },
            {
                "name": "Akash Roy",
                "sentiment": "none"
            }
        ],
        "organizations": [
            {
                "name": "Real Madrid",
                "sentiment": "none"
            },
            {
                "name": "Tottenham",
                "sentiment": "none"
            }
        ],
        "locations": []
    },
    "syndication": {
        "syndicated": false,
        "syndicate_id": null,
        "first_syndicated": false
    },
    "rating": null,
    "crawled": "2024-11-15T11:51:32.924+02:00",
    "updated": "2024-11-27T13:05:05.145+02:00"
}