{
    "thread": {
        "uuid": "55543be8f6a43b72bfc45fac8cdbd7c834a4e1bf",
        "url": "https://www.meneame.net/story/x-ya-no-aporta-nada-victoria-trump-precipita-huida-usuarios",
        "site_full": "www.meneame.net",
        "site": "meneame.net",
        "site_section": "http://www.meneame.net/rss?status=queued",
        "site_categories": [
            "media"
        ],
        "section_title": "Menéame: en cola",
        "title": "“X ya no me aporta nada”: la victoria de Trump precipita la huida de usuarios a otras redes sociales",
        "title_full": "“X ya no me aporta nada”: la victoria de Trump precipita la huida de usuarios a otras redes sociales",
        "published": "2024-11-15T08:32:00.000+02:00",
        "replies_count": 0,
        "participants_count": 1,
        "site_type": "news",
        "country": "ES",
        "main_image": "",
        "performance_score": 0,
        "domain_rank": 12256,
        "domain_rank_updated": "2024-11-11T23:00:00.000+02:00",
        "social": {
            "facebook": {
                "likes": 0,
                "comments": 0,
                "shares": 0
            },
            "vk": {
                "shares": 0
            }
        }
    },
    "uuid": "55543be8f6a43b72bfc45fac8cdbd7c834a4e1bf",
    "url": "https://www.meneame.net/story/x-ya-no-aporta-nada-victoria-trump-precipita-huida-usuarios",
    "ord_in_thread": 0,
    "parent_url": null,
    "author": "TitereConCabeza",
    "published": "2024-11-15T08:32:00.000+02:00",
    "title": "“X ya no me aporta nada”: la victoria de Trump precipita la huida de usuarios a otras redes sociales",
    "text": "·\nmain action\n×\nedición general\nlogin\nregistrarse\ncomunidades\nfisgona\nnótame\ngalería\nayuda\npublicar\nCrear artículo\npublicaciones\nnuevas\nartículos\npopulares\nmás visitadas\nMÁS\ntodas\nactualidad\nciencia\ncultura\nocio\npolitica\ntecnología\nm/*\nRSS\nmás visitadas\n11479\nclics\nAh, carallo. Ahora sí entiendo\n6670\nclics\nLos tatuajes del nuevo Secretario de Defensa estadounidense (EN)\n5023\nclics\n\"Les salió regular lo de ayer\". El rector de la complutense desmonta al PP, y Ayuso hace un rídiculo que provoca la risa de la izquierda tras citar \"chiringuitos para familiares\"\n4106\nclics\nÓscar Puente : \"Sr Figaredo, es Ud como el cuñado de la cena de Navidad que repasa todos los bulos del año\"\n6297\nclics\nAlternativas europeas a los servicios de internet más populares\nmás votadas\n937\nCarlos Mazón le recordó a Ximo Puig que la responsabilidad de las emergencias era exclusivamente del presidente de la Generalitat Valenciana\n904\nIsrael deja entrar trailers de comida al norte de Gaza para acto seguido bombardearlos cuando la zona se llena de familias de palestinos (ENG).\n355\nLlega al Congreso el audio de Fernández Díaz dando inicio a la operación Catalunya\n625\nMazón da salvoconductos ilegales a trabajadores de supermercados para trabajar en zonas en alerta\n611\n\"Delegación radical\", \"campaña de la derecha\" y \"circo\": así ve la prensa internacional la ofensiva de Feijóo contra Ribera en Bruselas\nsuscripciones por RSS\npublicadas\nen cola\ncomentarios de esta noticia\ntodos los comentarios\n21\nmeneos\nmenéalo\n40\nclics\nEste envío tiene varios votos negativos.\nAsegúrate\nantes de menear\n“X ya no me aporta nada”: la victoria de Trump precipita la huida de usuarios a otras redes sociales\npor\nTitereConCabeza\na\nelpais.com\nenviado:\n____\nEl uso que ha hecho Elon Musk de su plataforma para favorecer al candidato republicano ha provocado el florecimiento de alternativas como Bluesky\n|\netiquetas\n:\ntwitter\n,\nbluesky\n,\nelon\n,\nmusk\n,\ntrump\n17\n4\n17\nK\n57\nactualidad\n18 comentarios\ncompartir\nCompartir en Facebook\nCompartir en Twitter\nCopiar enlace\n17\n4\n17\nK\n57\nactualidad\nComentarios destacados:\nordenados\nhilos\nmejores hilos\n+ valorados\nvotos\nregistros\nµ fisgona\nrelacionadas\n#8\npax0r\nParece que cuando habia censura y los dueños de la moral controlaban los mensajes, todo bien. Ahora que cualquiera puede decir cualquier cosa, es un estercolero... todos fachas!\n10\nK\n89\n#12\nmmagaluf\n*\n#8\nEs que cualquier no puede decir lo que le dé la gana. Si dices que Rusia está cometiendo atrocidades en Ucrania, no pasa nada. Si dices que Israel está cometiendo atrocidades en Gaza, tu mensaje puede desaparecer, y si eres alguien con muchos miles de seguidores, te pueden bloquear la cuenta.\n1\nK\n20\n#16\neste_no_es_eltraba\n#12\neso ya sucedía antes.\n1\nK\n14\n#6\nHacksturcon\nComo se suele decir, que cierren al salir que hace frio.\nCuanto daño han hecho las notas de la comunidad.\n4\nK\n46\n#4\ntromperri\nAcabo de eliminar mi cuenta… 4500 seguidores. Fue bonito por un tiempo pero… ahora es un absoluto estercolero rebozado en bilis.\nSiento una especie de paz mental.\nEn breve caerán Menéame y Reddit y la liberación será total.\n3\nK\n32\n#7\njobar\n#4\nMr Jagger se ha ido de twitter con una canción:\nx.com/MisterJagger_/status/1857116093871182305\n0\nK\n14\n#18\nElRaboVengador\n#4\nYa lo era antes, lo que pasa que ahora Musk no censura, como hacía el anterior propietario.\nEs volver al internet de hace años, sin censura ñoña ni mierdas.\n0\nK\n7\n#1\nmanzitor\nViendo los negativos... hay que ver cómo han saltado las liebres\n1\nK\n20\n#2\nTitereConCabeza\n#1\nSi, parece que no les interesa que se sepa que la gente se esté yendo de X.\n3\nK\n25\n#5\nMoixa\n#1\nes que es la cuarta vez que sale\n#2\n2\nK\n43\n#13\nSammy_Jankis\n#2\nA ver, a mí X me parece un pozo infecto, pero está noticia sale tanto, con tantas versiones, desde tantos sitios a la vez, que más bien parece algún tipo de campaña.\n0\nK\n7\n#9\nCharlesBrowson\nau revoir\n1\nK\n14\n#11\nsihaya\nYo hace tiempo que estaba en mastodon y ahora lo que he hecho es conectarme para desactivarla y que la borren. Así ya no cuento más como gente que estaba aunque hacía año y medio que no entraba.\n1\nK\n13\n#10\nusername\nEn la anterior Trump se benefició de FB y Zuckemberg tuvo que declarar, pasará esta vez lo mismo con X y Musk?\n0\nK\n10\n#14\nMoñecoTeDrapo\n*\n¿mastodon, threads o bluesky?\n0\nK\n10\n#15\nTitereConCabeza\n#14\nThreads al final es Facebook y CIA , personalmente lo descarto , mastodom me gusta pero no lo veo para la gran masa, bluesky creo que es lo más apropiado además está detrás ( estaba ) el creador de Twitter.\n1\nK\n19\n#3\nJavi_Pina\n*\nLa compra de X (twiter) ya ha cumplido su misión, está amortizada\n0\nK\n8\n#17\nElonDonDon\nA Manuel G. Pascual no le aporta nada. Ok\n0\nK\n6\nVer toda la conversación (\n18\ncomentarios)\nAutentifícate si deseas escribir\ncomentarios. O crea tu cuenta\naquí.\nLogin con Twitter\nLogin con Facebook\nLogin con Google\nmenéame\ncondiciones legales\n/\nde uso\n/\ny de cookies\n/\nquiénes somos\n/ licencias:\ncódigo\n,\ngráficos\n,\ncontenido\n/\nHTML5\n/\ncodigo fuente",
    "highlightText": "",
    "highlightTitle": "",
    "highlightThreadTitle": "",
    "language": "spanish",
    "sentiment": "negative",
    "categories": [
        "Social Issue",
        "Politics",
        "Science and Technology"
    ],
    "ai_allow": true,
    "canonical": false,
    "webz_reporter": false,
    "external_links": [],
    "external_images": [],
    "entities": {
        "persons": [
            {
                "name": "Carlos Mazón",
                "sentiment": "none"
            },
            {
                "name": "Óscar Puente",
                "sentiment": "none"
            },
            {
                "name": "Ximo Puig",
                "sentiment": "none"
            },
            {
                "name": "Figaredo",
                "sentiment": "none"
            },
            {
                "name": "Ayuso",
                "sentiment": "none"
            }
        ],
        "organizations": [
            {
                "name": "PP",
                "sentiment": "none"
            }
        ],
        "locations": [
            {
                "name": "Gaza",
                "sentiment": "none"
            }
        ]
    },
    "syndication": {
        "syndicated": null,
        "syndicate_id": null,
        "first_syndicated": false
    },
    "rating": null,
    "crawled": "2024-11-15T11:49:11.644+02:00",
    "updated": "2024-11-15T11:49:11.644+02:00"
}