{
    "thread": {
        "uuid": "c1ad5b1195684b515c052d3043ce9e840c8ec879",
        "url": "https://fr.softonic.com/articles/gog-en-a-assez-que-vous-ne-puissiez-pas-jouer-aux-jeux-pc-de-votre-enfance",
        "site_full": "fr.softonic.com",
        "site": "softonic.com",
        "site_section": "https://get-daily-diamonds-tips-dqd.fr.softonic.com",
        "site_categories": [
            "windows",
            "tech"
        ],
        "section_title": "Get Daily Diamonds Tips pour Android - Télécharger",
        "title": "GOG en a assez que vous ne puissiez pas jouer aux jeux PC de votre enfance",
        "title_full": "GOG en a assez que vous ne puissiez pas jouer aux jeux PC de votre enfance",
        "published": "2024-11-14T08:42:00.000+02:00",
        "replies_count": 0,
        "participants_count": 1,
        "site_type": "news",
        "country": "FR",
        "main_image": "",
        "performance_score": 0,
        "domain_rank": 1292,
        "domain_rank_updated": "2024-11-11T23:00:00.000+02:00",
        "social": {
            "facebook": {
                "likes": 0,
                "comments": 0,
                "shares": 0
            },
            "vk": {
                "shares": 0
            }
        }
    },
    "uuid": "c1ad5b1195684b515c052d3043ce9e840c8ec879",
    "url": "https://fr.softonic.com/articles/gog-en-a-assez-que-vous-ne-puissiez-pas-jouer-aux-jeux-pc-de-votre-enfance",
    "ord_in_thread": 0,
    "parent_url": null,
    "author": "undefined",
    "published": "2024-11-14T08:42:00.000+02:00",
    "title": "GOG en a assez que vous ne puissiez pas jouer aux jeux PC de votre enfance",
    "text": "Jouer à des jeux PC anciens peut s’avérer être un véritable casse-tête. Les problèmes de compatibilité sont souvent inévitables, et les ajustements, correctifs et émulations nécessaires découragent rapidement les plus patients. C’est pourquoi chaque effort pour préserver le patrimoine vidéoludique est essentiel. Comme tout loisir, le jeu vidéo est fragile et risque de disparaître si on ne le protège pas. Consciente de ce danger, la boutique GOG (Good Old Games) prouve une fois de plus qu’elle est la meilleure plateforme pour les passionnés de jeux vidéo. Préserver les jeux vidéo d’hier pour les générations futures [GOG a annoncé le lancement de son Programme de Préservation](https://www.gog.com/en/gog-preservation-program#GOG_PRESERVATION_PROGRAM_STORIES_SECTION). Avec ce programme, l’objectif est de maintenir la compatibilité des jeux avec les systèmes modernes et futurs, tout en s’assurant qu’ils fonctionnent correctement. Mieux encore, GOG s’engage à corriger des problèmes historiques qui affectaient certains jeux, les rendant ainsi encore meilleurs qu’à leur sortie, dans leur forme idéale. Avec près d’une centaine de jeux déjà intégrés à ce programme, l’objectif est clair : s’assurer que les classiques qui ont marqué notre enfance restent accessibles sur nos ordinateurs. Pour cela, GOG travaille à rendre ces jeux compatibles avec les systèmes modernes, leur apporte un support technique dédié, et les propose sans DRM. Concrètement, cela signifie que vous pouvez télécharger ces jeux, les conserver, et même les partager sans restriction. Contrairement à d’autres plateformes comme Steam, GOG vous garantit que ces titres vous appartiendront à vie. Une autre particularité de ce Programme de Préservation est l’introduction d’un label spécifique pour identifier les jeux bénéficiant de ce support. Ce système permet de repérer facilement les titres compatibles et pérennes, tout en assurant une mise à jour régulière de la liste par GOG. Cette initiative, qui promet de s’enrichir au fil du temps, ne peut qu’être saluée par les amateurs de jeux rétro et les défenseurs de la conservation du patrimoine vidéoludique. Si cette initiative vous donne envie de soutenir GOG, sachez que plusieurs classiques sont actuellement proposés à des prix très attractifs. Parmi eux, nous recommandons : [Fallout: New Vegas](https://www.gog.com/en/game/fallout_new_vegas_ultimate_edition), [Dungeon Keeper Gold](https://www.gog.com/en/game/dungeon_keeper), [System Shock 2](https://www.gog.com/en/game/system_shock_2), [RollerCoaster Tycoon Deluxe,](https://www.gog.com/en/game/rollercoaster_tycoon_deluxe) [Theme Hospital](https://www.gog.com/en/game/theme_hospital) ou [The Witcher: Enhanced Edition](https://www.gog.com/en/game/the_witcher). Ces titres, qui ont marqué l’histoire du jeu vidéo, sont disponibles à des tarifs imbattables. C’est l’occasion parfaite de découvrir ou redécouvrir ces chefs-d’œuvre tout en soutenant l’engagement de GOG en faveur de la préservation des jeux vidéo. [TÉLÉCHARGER](https://gog-galaxy.fr.softonic.com/)",
    "highlightText": "",
    "highlightTitle": "",
    "highlightThreadTitle": "",
    "language": "french",
    "sentiment": "negative",
    "categories": [
        "Science and Technology"
    ],
    "ai_allow": true,
    "canonical": false,
    "webz_reporter": false,
    "external_links": [
        "https://www.gog.com/en/game/dungeon_keeper),",
        "https://www.gog.com/en/game/system_shock_2),",
        "https://www.gog.com/en/gog-preservation-program#GOG_PRESERVATION_PROGRAM_STORIES_SECTION).",
        "https://www.gog.com/en/game/theme_hospital)",
        "https://www.gog.com/en/game/fallout_new_vegas_ultimate_edition),",
        "https://www.gog.com/en/game/the_witcher).",
        "https://www.gog.com/en/game/rollercoaster_tycoon_deluxe)",
        "https://gog.com/en/game/rollercoaster_tycoon_deluxe)",
        "https://gog.com/en/game/system_shock_2),",
        "https://gog.com/en/game/the_witcher).",
        "https://gog.com/en/gog-preservation-program#GOG_PRESERVATION_PROGRAM_STORIES_SECTION).",
        "https://gog.com/en/game/dungeon_keeper),",
        "https://gog.com/en/game/fallout_new_vegas_ultimate_edition),",
        "https://gog.com/en/game/theme_hospital)"
    ],
    "external_images": [],
    "entities": {
        "persons": [],
        "organizations": [],
        "locations": []
    },
    "syndication": {
        "syndicated": null,
        "syndicate_id": null,
        "first_syndicated": false
    },
    "rating": null,
    "crawled": "2024-11-15T12:19:42.551+02:00",
    "updated": "2024-11-15T12:19:42.551+02:00"
}