{
    "thread": {
        "uuid": "f38846ed6cc89dc3a973dc2dbeb27651e63c3338",
        "url": "https://newsable.asianetnews.com/india/himachal-pradesh-floods-indian-army-launches-relief-ops-in-affected-areas-articleshow-g43kz2f",
        "site_full": "newsable.asianetnews.com",
        "site": "asianetnews.com",
        "site_section": "https://newsable.asianetnews.com",
        "site_categories": [
            "media",
            "top_news_in",
            "top_news_ae",
            "top_news_qa",
            "top_news_sa",
            "top_news_kw",
            "top_news"
        ],
        "section_title": "Latest News, National News, Top News Headlines Today, Bollywood, Cricket, World | Asianet Newsable",
        "site_title": "Latest News, National News, Top News Headlines Today, Bollywood, Cricket, World | Asianet Newsable",
        "title": "Indian Army launches relief operations in flood-affected areas in Himachal Pradesh, northeastern region",
        "title_full": "Indian Army launches relief operations in flood-affected areas in Himachal Pradesh, northeastern region",
        "published": "2025-07-10T12:45:00.000+03:00",
        "replies_count": 0,
        "participants_count": 1,
        "site_type": "news",
        "country": "IN",
        "main_image": "https://static-gi.asianetnews.com/images/01jzsvbj65zrh41n960ymefhpk/whatsapp-image-2025-07-10-at-1.59.02-pm-1752140466373_1280x720xt.jpeg",
        "performance_score": 0,
        "domain_rank": 18627,
        "domain_rank_updated": "2025-06-03T00:00:00.000+03:00",
        "licensing_agency": [],
        "social": {
            "facebook": {
                "likes": 0,
                "comments": 0,
                "shares": 0
            },
            "vk": {
                "shares": 0
            }
        }
    },
    "uuid": "f38846ed6cc89dc3a973dc2dbeb27651e63c3338",
    "url": "https://newsable.asianetnews.com/india/himachal-pradesh-floods-indian-army-launches-relief-ops-in-affected-areas-articleshow-g43kz2f",
    "ord_in_thread": 0,
    "author": "@AsianetNewsEN",
    "published": "2025-07-10T12:45:00.000+03:00",
    "title": "Indian Army launches relief operations in flood-affected areas in Himachal Pradesh, northeastern region",
    "text": "Operation Jal Rahat is underway in Nagaland, Assam, and Manipur, addressing heavy rains and urban flooding. As of July 10th, 40 relief columns have rescued 3,820 people, distributed 1,361 food packets, and provided medical aid to 2,095 individuals.\nNew Delhi: The Indian Army has been carrying out rescue and relief operations across multiple flood-affected areas, providing critical assistance to the people of Himachal Pradesh and northeastern states In Himachal Pradesh, the Indian Army, in close coordination with the State Disaster Response Force (SDRF), National Disaster Response Force (NDRF), and local authorities, has deployed dedicated relief columns across key locations including Thunag, Bagsiad, and Pandoh.\nAs part of its Humanitarian Assistance and Disaster Relief (HADR) operations, the Army column has been actively engaged in opening of vital access routes, providing medical assistance and distribution of relief material, aid to inaccessible villages among others. On July 6, a critical mule track from Bagsiad to Thunag was successfully cleared which enabled the delivery of essential supplies. At Thunag, the troops distributed relief materials, including first aid and ration kits to affected families.\nIn partnership with civil administration, the Army has also ensured delivery of relief material to remote villages cut off by the flood. “All columns are in communication via mobile networks, with limited coverage at some locations like Thunag. Satellite communications including ISAT phone, RS STARSV and HX systems have been provided to ensure uninterrupted operational connectivity,” an official said.\nArmy launches Operation Jal Rahat 2\nIn response to the recent wave of heavy rains and urban flooding in the northeastern region, the Army has launched Jal Rahat 2, with coordinated deployment across Nagaland, Assam, and Manipur. These efforts are being led by Headquarters Inspector General Assam Rifles (North) [HQ IGAR (N)] in collaboration with local civil administration.\nNagaland\nOn July 10, the Deputy Commissioner of Dimapur formally requisitioned assistance from the Indian Army to provide immediate flood relief in Singrijan Colony, one of the worst-hit areas. The Army swiftly responded with the deployment of an Engineer Task Force (ETF) team. While a verbal de-requisition was received later in the day, the Army remains on standby with resources mobilised through the Flood Relief Control Centre at HQ IGAR (N).\nAssam\nIn Upper Assam, the Dhansiri River in Golaghat district has breached danger levels. Although water levels are now receding, the Indian Army continues to monitor the situation closely and is ready to intervene should the need arise.\nManipur\nIn Manipur, the Nambol River flowing through Imphal West and Bishnupur districts has also surpassed danger levels. While floodwaters are beginning to recede, the Army remains actively engaged in relief operations in coordination with civil authorities.\nFlood Relief Operations: Key Statistics\nAs of 10 July, the Army has deployed a total of 40 relief columns across the region, rescuing 3,820 individuals. A total of 1,361 food packets were distributed and provided medical aid to 2,095 individuals.",
    "highlightText": "",
    "highlightTitle": "",
    "highlightThreadTitle": "",
    "language": "english",
    "sentiment": "positive",
    "categories": [
        "Disaster and Accident",
        "Health",
        "Human Interest"
    ],
    "topics": [
        "Disaster and Accident->emergency response",
        "Disaster and Accident->natural disaster",
        "Health->government health care",
        "Health->emergency care",
        "Health->health organisation"
    ],
    "ai_allow": true,
    "has_canonical": false,
    "breaking": null,
    "webz_reporter": false,
    "external_links": [],
    "entities": {
        "persons": [],
        "locations": [],
        "organizations": []
    },
    "syndication": {
        "syndicated": false,
        "syndicate_id": null,
        "first_syndicated": false
    },
    "trust": {
        "categories": [],
        "top_news": [
            "top_news_in",
            "top_news_ae",
            "top_news_qa",
            "top_news_sa",
            "top_news_kw",
            "top_news"
        ],
        "bias": null,
        "source": {
            "type": null,
            "city": null,
            "state": null,
            "country": null,
            "domain_type": null,
            "agency": null,
            "organization_name": null
        }
    },
    "rating": null,
    "crawled": "2025-07-10T13:53:35.216+03:00",
    "updated": "2025-07-11T11:06:11.000+00:00"
}