{
    "thread": {
        "uuid": "873db2ae0570fbc140ea1a45bd6680543be70d66",
        "url": "https://www.baikal-daily.ru/news/20/502929/",
        "site_full": "www.baikal-daily.ru",
        "site": "baikal-daily.ru",
        "site_section": "https://www.baikal-daily.ru/news/rss/",
        "site_categories": [
            "media"
        ],
        "section_title": "Новости  Baikal-Daily",
        "site_title": "| Байкал Daily - Новости Бурятии и Улан-Удэ в реальном времени",
        "title": "В Бурятии семья с детьми застряла в лодке на Селенге",
        "title_full": "В Бурятии семья с детьми застряла в лодке на Селенге",
        "published": "2025-07-10T06:25:00.000+03:00",
        "replies_count": 0,
        "participants_count": 1,
        "site_type": "news",
        "country": "RU",
        "main_image": "https://www.baikal-daily.ru/upload/iblock/841/80xum1dorqtle0chr9fkpt1bf1g7x9c1/photo_2025_07_10_10_52_13.jpg",
        "performance_score": 0,
        "domain_rank": 62855,
        "domain_rank_updated": "2025-06-03T00:00:00.000+03:00",
        "licensing_agency": [],
        "social": {
            "facebook": {
                "likes": 0,
                "comments": 0,
                "shares": 0
            },
            "vk": {
                "shares": 0
            }
        }
    },
    "uuid": "873db2ae0570fbc140ea1a45bd6680543be70d66",
    "url": "https://www.baikal-daily.ru/news/20/502929/",
    "ord_in_thread": 0,
    "author": "baikaldaily.ru",
    "published": "2025-07-10T06:25:00.000+03:00",
    "title": "В Бурятии семья с детьми застряла в лодке на Селенге",
    "text": "В Бурятии спасли семью из четырёх человек, оказавшихся в плену водной стихии. Инцидент произошёл ещё месяц назад – 6 июня, о нём стало известно после того, как спасённые опубликовали благодарность спасателям.\nСемья с двумя детьми вышла на рыбалку на лодке в дельту Селенги. Однако сильный ветер не позволил им вернуться на берег. Мотор быстро забили водоросли, а уйти на веслах не хватило сил.\nКак сообщили в ГУ МЧС России по Бурятии, терпящие бедствие обратились за помощью на 112. Спасатели Байкальского поисково-спасательного отряда на лодке «Фаворит» отбуксировали пострадавших на сушу.\nВ одном из местных пабликов в социальных сетях семья оставила благодарность спасателям: «Большое спасибо ребятам за профессионализм и неравнодушие, пусть они обернутся вам многократной удачей. И спасибо всем службам, за оперативность и организацию помощи».",
    "highlightText": "",
    "highlightTitle": "",
    "highlightThreadTitle": "",
    "language": "russian",
    "sentiment": "positive",
    "categories": [
        "Human Interest",
        "Social Issue",
        "Disaster and Accident"
    ],
    "topics": [
        "Social Issue->social services",
        "Disaster and Accident->drowning",
        "Disaster and Accident->emergency response"
    ],
    "ai_allow": true,
    "has_canonical": false,
    "breaking": null,
    "webz_reporter": false,
    "external_links": [],
    "entities": {
        "persons": [],
        "locations": [],
        "organizations": []
    },
    "syndication": {
        "syndicated": null,
        "syndicate_id": null,
        "first_syndicated": false
    },
    "trust": {
        "categories": [],
        "top_news": [],
        "bias": null,
        "source": {
            "type": null,
            "city": null,
            "state": null,
            "country": null,
            "domain_type": null,
            "agency": null,
            "organization_name": null
        }
    },
    "rating": null,
    "crawled": "2025-07-10T08:50:10.960+03:00",
    "updated": "2025-07-10T05:54:21.000+00:00"
}