{
    "thread": {
        "uuid": "4a662b03ffc298ca14408cc903fa6402b732a403",
        "url": "https://mynewsla.com/crime/2025/07/09/31-workers-rescued-from-collapsed-tunnel-in-wilmington",
        "site_full": "mynewsla.com",
        "site": "mynewsla.com",
        "site_section": "https://www.mynewsla.com",
        "site_categories": [
            "media"
        ],
        "section_title": "Home - MyNewsLA.com",
        "site_title": "Home - MyNewsLA.com",
        "title": "31 Workers Rescued From Collapsed Tunnel In Wilmington",
        "title_full": "31 Workers Rescued From Collapsed Tunnel In Wilmington",
        "published": "2025-07-10T08:42:00.000+03:00",
        "replies_count": 0,
        "participants_count": 1,
        "site_type": "news",
        "country": "US",
        "main_image": "https://i0.wp.com/mynewsla.com/wp-content/uploads/2021/10/MNLA-Facebook.jpg?fit=640%2C360&ssl=1",
        "performance_score": 0,
        "domain_rank": 29826,
        "domain_rank_updated": "2025-06-03T00:00:00.000+03:00",
        "licensing_agency": [],
        "social": {
            "facebook": {
                "likes": 0,
                "comments": 0,
                "shares": 0
            },
            "vk": {
                "shares": 0
            }
        }
    },
    "uuid": "4a662b03ffc298ca14408cc903fa6402b732a403",
    "url": "https://mynewsla.com/crime/2025/07/09/31-workers-rescued-from-collapsed-tunnel-in-wilmington",
    "ord_in_thread": 0,
    "author": "Contributing Editor",
    "published": "2025-07-10T08:42:00.000+03:00",
    "title": "31 Workers Rescued From Collapsed Tunnel In Wilmington",
    "text": "Los Angeles Fire Department rescue crews freed 31 workers reported trapped in Wilmington Wednesday evening after a tunnel collapse, with no reported injuries.\nMore than 100 firefighters — including Urban Search and Rescue team members specially trained and certified to handle confined-space tunnel operations — were dispatched to the 1700 block of North Figueroa Street shortly before 8 p.m., according to the Los Angeles Fire Department.\nThe 31 people trapped, all believed to be tunnel workers, were reported rescued with no visible injuries at around 9:45 p.m.\nIt was unclear what caused the tunnel to collapse, although the fire department noted that the 18-foot diameter excavation site was under construction for municipal wastewater management.\nHumphrey reported that preliminary findings suggested the trapped workers managed to climb over a pile of loose soil, estimated to be 12 to 15 feet tall, with considerable effort.\nThey were able to reach several coworkers on the other side of the collapse and were taken in groups by a tunnel vehicle to the entry point, which is more than five miles away.\nTwenty-seven workers removed from the tunnel are being medically evaluated by LAFD paramedics at the scene, Humphrey said.\nThe scene remained under an ongoing investigation Wednesday evening.",
    "highlightText": "",
    "highlightTitle": "",
    "highlightThreadTitle": "",
    "language": "english",
    "sentiment": "positive",
    "categories": [
        "Disaster and Accident",
        "Human Interest"
    ],
    "topics": [
        "Disaster and Accident->structural failure",
        "Disaster and Accident->emergency response",
        "Human Interest->human mishap"
    ],
    "ai_allow": true,
    "has_canonical": false,
    "breaking": null,
    "webz_reporter": false,
    "external_links": [],
    "entities": {
        "persons": [],
        "locations": [],
        "organizations": []
    },
    "syndication": {
        "syndicated": false,
        "syndicate_id": null,
        "first_syndicated": false
    },
    "trust": {
        "categories": [
            "trusted_news"
        ],
        "top_news": [],
        "bias": "center",
        "source": {
            "type": null,
            "city": null,
            "state": null,
            "country": null,
            "domain_type": null,
            "agency": null,
            "organization_name": null
        }
    },
    "rating": null,
    "crawled": "2025-07-10T16:52:09.921+03:00",
    "updated": "2025-07-10T13:59:18.000+00:00"
}