{
    "thread": {
        "uuid": "4528694120932810c9a3afe97260894f183ccdda",
        "url": "https://www.chinapress.com.my/20250710/%e7%be%8e%e5%9b%bd%e6%b4%9b%e6%9d%89%e7%9f%b6%e4%b8%80%e9%9a%a7%e9%81%93%e5%9d%8d%e5%a1%8c-31%e5%90%8d%e5%b7%a5%e4%ba%ba%e5%85%a8%e8%8e%b7%e6%95%91/",
        "site_full": "www.chinapress.com.my",
        "site": "chinapress.com.my",
        "site_section": "http://www.chinapress.com.my",
        "site_categories": [
            "media",
            "top_news_sg",
            "top_news_my",
            "top_news"
        ],
        "section_title": "中国报 | 中國報 China Press",
        "site_title": "中国报 | 中國報 China Press",
        "title": "美国洛杉矶一隧道坍塌 31名工人全获救 | 中國報 China Press",
        "title_full": "美国洛杉矶一隧道坍塌 31名工人全获救 | 中國報 China Press",
        "published": "2025-07-10T09:53:00.000+03:00",
        "replies_count": 0,
        "participants_count": 1,
        "site_type": "news",
        "country": "MY",
        "main_image": "https://www.chinapress.com.my/wp-content/uploads/2025/07/20250710CPYC16a-us.jpg",
        "performance_score": 0,
        "domain_rank": 58440,
        "domain_rank_updated": "2025-06-03T00:00:00.000+03:00",
        "licensing_agency": [],
        "social": {
            "facebook": {
                "likes": 0,
                "comments": 0,
                "shares": 0
            },
            "vk": {
                "shares": 0
            }
        }
    },
    "uuid": "4528694120932810c9a3afe97260894f183ccdda",
    "url": "https://www.chinapress.com.my/20250710/%e7%be%8e%e5%9b%bd%e6%b4%9b%e6%9d%89%e7%9f%b6%e4%b8%80%e9%9a%a7%e9%81%93%e5%9d%8d%e5%a1%8c-31%e5%90%8d%e5%b7%a5%e4%ba%ba%e5%85%a8%e8%8e%b7%e6%95%91/",
    "ord_in_thread": 0,
    "author": "中國報",
    "published": "2025-07-10T09:53:00.000+03:00",
    "title": "美国洛杉矶一隧道坍塌 31名工人全获救 | 中國報 China Press",
    "text": "（华盛顿10日综合电）美国加利福尼亚州洛杉矶市发生一起隧道坍塌事故，31名工人全部获救，他们未见明显伤势。\n洛杉矶市消防局周三（9日）晚间发布的消息说，工人受困在位于威尔明顿地区（Wilmington）的一处工业隧道。\n消防局声明说，坍塌事故发生在隧道唯一入口以南约6英里（10公里）处，隧道直径为18英尺（5.5公尺），是为市政的污水处理系统而建。\n市政府派出100多名救援人员赶往现场。市长凯伦·巴斯（Karen Bass) 在社交媒体X发布的一篇帖子中说：“洛杉矶市已调动所有资源应对威尔明顿隧道坍塌事故。”\n巴斯后来说：“所有受困在威尔明顿隧道中的工人现已获救，并已确认下落。我刚刚与许多受困工人交谈。感谢所有立即采取行动的英勇救急人员。”\n文：新加坡联合早报\n图：法新社、@TrendwireAlerts社媒X\n视频：社媒X\n中国报官方WhatsApp平台！\nhttps://t.me/chinapressonline",
    "highlightText": "",
    "highlightTitle": "",
    "highlightThreadTitle": "",
    "language": "chinese",
    "sentiment": "positive",
    "categories": [
        "Disaster and Accident",
        "Human Interest",
        "Politics"
    ],
    "topics": [
        "Disaster and Accident->structural failure",
        "Disaster and Accident->industrial accident and incident",
        "Human Interest->human mishap",
        "Politics->government",
        "Politics->local government and authority",
        "Politics->safety of citizens"
    ],
    "ai_allow": true,
    "has_canonical": false,
    "breaking": null,
    "webz_reporter": false,
    "external_links": [
        "https://whatsapp.com/channel/0029VaUkmXjJpe8oygUw7b2E",
        "https://t.me/chinapressonline",
        "https://www.whatsapp.com/channel/0029VaUkmXjJpe8oygUw7b2E",
        "https://www.t.me/chinapressonline"
    ],
    "entities": {
        "persons": [],
        "locations": [],
        "organizations": []
    },
    "syndication": {
        "syndicated": null,
        "syndicate_id": null,
        "first_syndicated": false
    },
    "trust": {
        "categories": [],
        "top_news": [
            "top_news_sg",
            "top_news_my",
            "top_news"
        ],
        "bias": null,
        "source": {
            "type": null,
            "city": null,
            "state": null,
            "country": null,
            "domain_type": null,
            "agency": null,
            "organization_name": null
        }
    },
    "rating": null,
    "crawled": "2025-07-10T11:10:18.978+03:00",
    "updated": "2025-07-11T09:07:42.000+00:00"
}