{
    "thread": {
        "uuid": "07a3dee252b64ed240e205d6c036bbc6e4148bdf",
        "url": "https://n.yam.com/Article/20250710322981",
        "site_full": "n.yam.com",
        "site": "yam.com",
        "site_section": "https://n.yam.com",
        "site_categories": [
            "media"
        ],
        "section_title": "蕃新聞",
        "site_title": null,
        "title": "展望會社工深入台南災區 救援失聯民眾不間斷",
        "title_full": "展望會社工深入台南災區 救援失聯民眾不間斷",
        "published": "2025-07-10T10:56:00.000+03:00",
        "replies_count": 0,
        "participants_count": 1,
        "site_type": "news",
        "country": "TW",
        "main_image": "https://imagedelivery.net/UYQOTZcPn8gGeaNtnHVGeg/ca41822b-d55a-4339-2697-77d56f3bfd00/public",
        "performance_score": 0,
        "domain_rank": 5788,
        "domain_rank_updated": "2025-06-03T00:00:00.000+03:00",
        "licensing_agency": [],
        "social": {
            "facebook": {
                "likes": 0,
                "comments": 0,
                "shares": 0
            },
            "vk": {
                "shares": 0
            }
        }
    },
    "uuid": "07a3dee252b64ed240e205d6c036bbc6e4148bdf",
    "url": "https://n.yam.com/Article/20250710322981",
    "ord_in_thread": 0,
    "author": "蕃新聞",
    "published": "2025-07-10T10:56:00.000+03:00",
    "title": "展望會社工深入台南災區 救援失聯民眾不間斷",
    "text": "展望會社工深入台南災區 救援失聯民眾不間斷\n面對丹娜絲颱風所帶來的強風與豪雨，重創台南七股、將軍、北門等地，台灣世界展望會第一時間啟動「緊急人道救援機制」，迅速動員南區社工團隊深入災區，展開災後勘災與物資支援行動，為受災家庭提供即時協助與關懷。\n根據台灣世界展望會統計，截至7/10為止，受災較嚴重區域已有約7戶家庭進行短期安置或依親，另有15戶房屋嚴重毀損，亟需後續重建支援。展望會災害發生後即備妥30份可立即食用的應急物資（如泡麵、罐頭、飲用水等），並持續發送至災區。同時，也針對約50戶家庭安排慰問與關懷行動，提供實質支持與心理安撫。\n許多地區因災後停水、停電及網路中斷，導致通訊受限。社工僅能逐戶探訪，瞭解災民實際狀況與需求。由於電桿斷裂、線路受損，加上通往市區道路受倒塌樹枝與障礙物影響，搶修進度受阻，社區生活面臨重重挑戰。在實地訪視中，許多家庭因屋頂破損導致雨水滲入，家具泡水損壞，加上生活機能停擺，生活頓時陷入困境。街道上大量倒塌的路樹與電線桿，不僅妨礙救援行動，也因夜間照明不足，增加行車風險與居住安全問題。\n從物資到心理關懷一步到位 展望會第一波台南災區援助行動\n台灣世界展望會南區辦事處區處長林惠君親自率隊深入災區，發放救援物資並向災民表達關懷。林處長也指出，災後的環境整頓將是當前重點課題。颱風導致淹水與積水情形，恐成病媒蚊孳生溫床，增加登革熱等傳染病風險。她呼籲受災家庭儘速清理住家與周邊環境、清除積水容器，並配合政府防疫作為，共同守護社區健康。\n台灣世界展望會長期投入災害應變與重建服務，憑藉在地社工網絡與災前備妥的物資儲備系統，能在災後第一時間迅速投入支援。展望會的救援行動包含：緊急物資發放、臨時安置協助、心理支持服務，以及中長期的家園重建與兒童關懷計畫，確保受災家庭在最短時間內獲得支持與希望。林惠君區處長最後呼籲社會各界踴躍響應，伸出援手，一同參與本次風災的緊急救援與重建工作，幫助受災家庭儘速恢復穩定生活、重建家園。\n撰文、攝影／台灣世界展望會",
    "highlightText": "",
    "highlightTitle": "",
    "highlightThreadTitle": "",
    "language": "chinese",
    "sentiment": "positive",
    "categories": [
        "Disaster and Accident",
        "Health"
    ],
    "topics": [
        "Disaster and Accident->emergency response",
        "Disaster and Accident->disaster",
        "Health->health organisation",
        "Health->emergency care",
        "Health->public health"
    ],
    "ai_allow": true,
    "has_canonical": false,
    "breaking": null,
    "webz_reporter": false,
    "external_links": [],
    "entities": {
        "persons": [],
        "locations": [],
        "organizations": []
    },
    "syndication": {
        "syndicated": null,
        "syndicate_id": null,
        "first_syndicated": false
    },
    "trust": {
        "categories": [],
        "top_news": [],
        "bias": null,
        "source": {
            "type": null,
            "city": null,
            "state": null,
            "country": null,
            "domain_type": null,
            "agency": null,
            "organization_name": null
        }
    },
    "rating": null,
    "crawled": "2025-07-10T12:22:30.672+03:00",
    "updated": "2025-07-10T09:25:54.000+00:00"
}