{
    "thread": {
        "uuid": "9a886942f0d2dcf3c11978187de6a9c1039ff1a6",
        "url": "https://www.deccanherald.com/world/los-angeles-tunnel-collapse-all-31-workers-climb-through-debris-escape-without-injuries-3623838",
        "site_full": "www.deccanherald.com",
        "site": "deccanherald.com",
        "site_section": "https://www.deccanherald.com/dhbrandspot-pr",
        "site_categories": [
            "media",
            "top_news_in",
            "top_news_kw",
            "top_news"
        ],
        "section_title": "Top DH Brandspotpr News: DH Brandspotpr News Today, DH Brandspotpr Latest News and Headlines, DH Brandspotpr Local News Updates | Deccan Herald",
        "site_title": "Deccan Herald | Latest News Today: Breaking News and Top Headlines on Karnataka Budget 2025, India, Karnataka, Bengaluru, Politics, World, Entertainment, Business and Sports",
        "title": "Tunnel Collapse LA: All 31 Workers Escape Safely After Industrial Tunnel Caves In",
        "title_full": "Tunnel Collapse LA: All 31 Workers Escape Safely After Industrial Tunnel Caves In",
        "published": "2025-07-10T14:07:00.000+03:00",
        "replies_count": 0,
        "participants_count": 1,
        "site_type": "news",
        "country": "IN",
        "main_image": "https://media.assettype.com/deccanherald%2F2025-07-10%2Fpf3fkfxd%2FGveAgnzWkAAJ-pF.jfif?rect=0%2C0%2C1280%2C672&amp;w=1200&amp;ar=40%3A21&amp;auto=format%2Ccompress&amp;ogImage=true&amp;mode=crop",
        "performance_score": 0,
        "domain_rank": 2799,
        "domain_rank_updated": "2025-06-03T00:00:00.000+03:00",
        "licensing_agency": [],
        "social": {
            "facebook": {
                "likes": 5,
                "comments": 0,
                "shares": 1
            },
            "vk": {
                "shares": 0
            }
        }
    },
    "uuid": "9a886942f0d2dcf3c11978187de6a9c1039ff1a6",
    "url": "https://www.deccanherald.com/world/los-angeles-tunnel-collapse-all-31-workers-climb-through-debris-escape-without-injuries-3623838",
    "ord_in_thread": 0,
    "author": "Reuters",
    "published": "2025-07-10T14:07:00.000+03:00",
    "title": "Tunnel Collapse LA: All 31 Workers Escape Safely After Industrial Tunnel Caves In",
    "text": "<p>All 31 workers escaped without injuries from a collapsed industrial tunnel in Los Angeles' Wilmington area, after scrambling over a tall pile of loose underground soil, city officials said late on Wednesday.</p><p>The trapped workers were shuttled back to the tunnel's entry point, more than 5 miles (8 km) away from the affected area, after they escaped the collapsed section and met several coworkers in the unaffected part of the tunnel, the Los Angeles Fire Department said in a statement.</p><p>The tunnel, which had a diameter of 18 ft (5.5 m), trapped 27 individuals, while four workers entered the damaged section to assist with rescue, LA Fire Chief Ronnie Villanueva told reporters in a media briefing.</p>.Trump administration sues Los Angeles over immigration enforcement.<p>\"The workers had to climb through debris. They had to make themselves out through,\" before they were assisted out, Villanueva said.</p><p>Robert Ferrante, chief engineer and general manager of Los Angeles County Sanitation Districts, told the briefing that a section of the already built part of the tunnel experienced squeezing ground conditions and partially collapsed.</p><p>\"LAFD has just reported that all workers who were trapped in the tunnel in Wilmington are now out and accounted for. I just spoke with many of the workers who were trapped. Thank you to all of our brave first responders who acted immediately,\" Los Angeles Mayor Karen Bass said in a post on X.</p><p>The collapsed section was a part of the Los Angeles County's Clearwater Project, where the new 7-mile tunnel is being built to upgrade the region's sewer system, officials added.</p>\n<p>All 31 workers escaped without injuries from a collapsed industrial tunnel in Los Angeles' Wilmington area, after scrambling over a tall pile of loose underground soil, city officials said late on Wednesday.</p><p>The trapped workers were shuttled back to the tunnel's entry point, more than 5 miles (8 km) away from the affected area, after they escaped the collapsed section and met several coworkers in the unaffected part of the tunnel, the Los Angeles Fire Department said in a statement.</p><p>The tunnel, which had a diameter of 18 ft (5.5 m), trapped 27 individuals, while four workers entered the damaged section to assist with rescue, LA Fire Chief Ronnie Villanueva told reporters in a media briefing.</p>.Trump administration sues Los Angeles over immigration enforcement.<p>\"The workers had to climb through debris. They had to make themselves out through,\" before they were assisted out, Villanueva said.</p><p>Robert Ferrante, chief engineer and general manager of Los Angeles County Sanitation Districts, told the briefing that a section of the already built part of the tunnel experienced squeezing ground conditions and partially collapsed.</p><p>\"LAFD has just reported that all workers who were trapped in the tunnel in Wilmington are now out and accounted for. I just spoke with many of the workers who were trapped. Thank you to all of our brave first responders who acted immediately,\" Los Angeles Mayor Karen Bass said in a post on X.</p><p>The collapsed section was a part of the Los Angeles County's Clearwater Project, where the new 7-mile tunnel is being built to upgrade the region's sewer system, officials added.</p>",
    "highlightText": "",
    "highlightTitle": "",
    "highlightThreadTitle": "",
    "language": "english",
    "sentiment": "positive",
    "categories": [
        "Disaster and Accident",
        "Human Interest"
    ],
    "topics": [
        "Disaster and Accident->industrial accident and incident",
        "Human Interest->human mishap"
    ],
    "ai_allow": true,
    "has_canonical": false,
    "breaking": null,
    "webz_reporter": false,
    "external_links": [],
    "entities": {
        "persons": [],
        "locations": [],
        "organizations": []
    },
    "syndication": {
        "syndicated": false,
        "syndicate_id": null,
        "first_syndicated": false
    },
    "trust": {
        "categories": [],
        "top_news": [
            "top_news_in",
            "top_news_kw",
            "top_news"
        ],
        "bias": "center",
        "source": {
            "type": null,
            "city": null,
            "state": null,
            "country": null,
            "domain_type": null,
            "agency": null,
            "organization_name": null
        }
    },
    "rating": null,
    "crawled": "2025-07-10T15:13:37.658+03:00",
    "updated": "2025-07-11T13:09:27.000+00:00"
}