{
    "thread": {
        "uuid": "88dfed5eb07deeb5b8b5f2f26fc3b558bf43e63c",
        "url": "https://finance.sina.com.cn/7x24/2025-07-10/doc-infeyhus8603976.shtml",
        "site_full": "finance.sina.com.cn",
        "site": "sina.com.cn",
        "site_section": "http://finance.sina.cn",
        "site_categories": [
            "tech",
            "top_news_hk",
            "top_news_sg",
            "top_news_tw",
            "top_news"
        ],
        "section_title": "新浪财经_金融信息服务商",
        "site_title": null,
        "title": "工程咨询、城市更新等房地产相关板块午后爆发_7x24小时财经新闻_新浪网",
        "title_full": "工程咨询、城市更新等房地产相关板块午后爆发_7x24小时财经新闻_新浪网",
        "published": "2025-07-10T03:00:00.000+03:00",
        "replies_count": 0,
        "participants_count": 0,
        "site_type": "news",
        "country": "CN",
        "main_image": "",
        "performance_score": 0,
        "domain_rank": 236,
        "domain_rank_updated": "2025-06-03T00:00:00.000+03:00",
        "licensing_agency": [],
        "social": {
            "facebook": {
                "likes": 0,
                "comments": 0,
                "shares": 0
            },
            "vk": {
                "shares": 0
            }
        }
    },
    "uuid": "88dfed5eb07deeb5b8b5f2f26fc3b558bf43e63c",
    "url": "https://finance.sina.com.cn/7x24/2025-07-10/doc-infeyhus8603976.shtml",
    "ord_in_thread": 0,
    "author": null,
    "published": "2025-07-10T03:00:00.000+03:00",
    "title": "工程咨询、城市更新等房地产相关板块午后爆发_7x24小时财经新闻_新浪网",
    "text": "07月10日 14:20\n今日午盘，工程咨询服务、城市更新、工程建设等房地产相关概念大幅拉升，截至发稿，广咨国际、国义招标双双30cm涨停，中设咨询20cm涨停，东宏股份、重庆建工、光大嘉宝、渝开发等多股涨停。近日中国工程机械工业协会公布数据，1-6月，国内各类挖掘机销量65637台，同比增长22.9%。挖掘机销量通常被视作基建与房地产板块的“晴雨表”；同时，中指研究院统计，上半年一二线城市宅地出让金增长均超40%，部分城市出让金收入已接近去年全年水平；发改委近日亦表示，以“两重”“两新”资金使用为抓手，加大新型城镇化重点领域投入。从建材市场看，上海交易所的钢筋和热轧卷板期货价格均迎来上涨。",
    "highlightText": "",
    "highlightTitle": "",
    "highlightThreadTitle": "",
    "language": "chinese",
    "sentiment": "positive",
    "categories": [
        "Economy, Business and Finance",
        "Disaster and Accident",
        "Social Issue"
    ],
    "topics": [
        "Economy, Business and Finance->business reporting and performance",
        "Economy, Business and Finance->construction and property",
        "Social Issue->population and census",
        "Social Issue->demographics",
        "Social Issue->social condition"
    ],
    "ai_allow": true,
    "has_canonical": false,
    "breaking": null,
    "webz_reporter": false,
    "external_links": [],
    "entities": {
        "persons": [],
        "locations": [],
        "organizations": []
    },
    "syndication": {
        "syndicated": null,
        "syndicate_id": null,
        "first_syndicated": false
    },
    "trust": {
        "categories": [],
        "top_news": [
            "top_news_hk",
            "top_news_sg",
            "top_news_tw",
            "top_news"
        ],
        "bias": null,
        "source": {
            "type": null,
            "city": null,
            "state": null,
            "country": null,
            "domain_type": null,
            "agency": null,
            "organization_name": null
        }
    },
    "rating": null,
    "crawled": "2025-07-10T10:42:26.921+03:00",
    "updated": "2025-07-11T08:08:39.000+00:00"
}