{
    "thread": {
        "uuid": "8a7306aa2c4a13c3fab7533103298c781b119660",
        "url": "https://rossaprimavera.ru/news/db38be69",
        "site_full": "rossaprimavera.ru",
        "site": "rossaprimavera.ru",
        "site_section": "https://rossaprimavera.ru/rss",
        "site_categories": [
            "media"
        ],
        "section_title": "ИА Красная Весна",
        "site_title": "ИА Красная Весна",
        "title": "Крупный лесной пожар в Ростовской области локализован",
        "title_full": "Крупный лесной пожар в Ростовской области локализован",
        "published": "2025-07-10T14:37:00.000+03:00",
        "replies_count": 0,
        "participants_count": 0,
        "site_type": "news",
        "country": "RU",
        "main_image": "https://rossaprimavera.ru/static/files/3cbae4c40d45.jpg",
        "performance_score": 0,
        "domain_rank": 34357,
        "domain_rank_updated": "2025-06-03T00:00:00.000+03:00",
        "licensing_agency": [],
        "social": {
            "facebook": {
                "likes": 0,
                "comments": 0,
                "shares": 0
            },
            "vk": {
                "shares": 0
            }
        }
    },
    "uuid": "8a7306aa2c4a13c3fab7533103298c781b119660",
    "url": "https://rossaprimavera.ru/news/db38be69",
    "ord_in_thread": 0,
    "author": null,
    "published": "2025-07-10T14:37:00.000+03:00",
    "title": "Крупный лесной пожар в Ростовской области локализован",
    "text": "Крупный лесной пожар в Ростовской области локализован\nКрупный лесной пожар, разгоревшийся в Каменском лесничестве Ростовской области, локализован спасателями, сообщила 10 июля пресс-служба регионального управления МЧС.\n«Его площадь составила 433 Га (375 Га низовой и 58 верховой)», — говорится в заметке.\nБорьба с огнем продолжается. Для тушения огня привлекли более 390 специалистов и 91 единицу техники.\nНапомним, пожар в Каменском лесничестве начался 9 июля. К вечеру его площадь достигла 168 га.",
    "highlightText": "",
    "highlightTitle": "",
    "highlightThreadTitle": "",
    "language": "russian",
    "sentiment": "positive",
    "categories": [
        "Environment",
        "Disaster and Accident",
        "Social Issue"
    ],
    "topics": [
        "Environment->natural resources",
        "Environment->environmental clean-up",
        "Environment->conservation",
        "Disaster and Accident->natural disaster",
        "Disaster and Accident->fire",
        "Social Issue->social problem",
        "Social Issue->social services"
    ],
    "ai_allow": true,
    "has_canonical": false,
    "breaking": null,
    "webz_reporter": false,
    "external_links": [],
    "entities": {
        "persons": [],
        "locations": [],
        "organizations": []
    },
    "syndication": {
        "syndicated": null,
        "syndicate_id": null,
        "first_syndicated": false
    },
    "trust": {
        "categories": [],
        "top_news": [],
        "bias": null,
        "source": {
            "type": null,
            "city": null,
            "state": null,
            "country": null,
            "domain_type": null,
            "agency": null,
            "organization_name": null
        }
    },
    "rating": null,
    "crawled": "2025-07-10T15:45:50.962+03:00",
    "updated": "2025-07-10T12:51:17.000+00:00"
}