{
    "thread": {
        "uuid": "46924b037942b35739f899e25c58660ab59660f3",
        "url": "https://www.newsbytesapp.com/news/india/central-government-allocates-rs1066-cr-for-disaster-relief/tldr",
        "site_full": "www.newsbytesapp.com",
        "site": "newsbytesapp.com",
        "site_section": "https://www.newsbytesapp.com/news/india",
        "site_categories": [
            "media"
        ],
        "section_title": "India News, Latest and Breaking News about India",
        "site_title": "NewsBytes: Latest News, India, Cricket, Politics, Bollywood, Gadgets",
        "title": "Central government allocates ₹1,066 cr for disaster relief",
        "title_full": "Central government allocates ₹1,066 cr for disaster relief",
        "published": "2025-07-10T03:00:00.000+03:00",
        "replies_count": 0,
        "participants_count": 0,
        "site_type": "news",
        "country": "IN",
        "main_image": "",
        "performance_score": 0,
        "domain_rank": 16240,
        "domain_rank_updated": "2025-06-03T00:00:00.000+03:00",
        "licensing_agency": [],
        "social": {
            "facebook": {
                "likes": 0,
                "comments": 0,
                "shares": 0
            },
            "vk": {
                "shares": 0
            }
        }
    },
    "uuid": "46924b037942b35739f899e25c58660ab59660f3",
    "url": "https://www.newsbytesapp.com/news/india/central-government-allocates-rs1066-cr-for-disaster-relief/tldr",
    "ord_in_thread": 0,
    "author": null,
    "published": "2025-07-10T03:00:00.000+03:00",
    "title": "Central government allocates ₹1,066 cr for disaster relief",
    "text": "Next Article\nCentral government allocates ₹1,066 cr for disaster relief\nFloods and landslides have been rough this monsoon, so the central government just released over ₹1,066 crore to help six badly affected states—Assam, Manipur, Meghalaya, Mizoram, Kerala, and Uttarakhand.\nThis funding is meant for states affected by floods and landslides, which typically involve rescue and recovery efforts, as these regions deal with heavy damage.\nUttarakhand gets the biggest share\nUttarakhand gets the biggest share at ₹455 crore, followed by Assam with ₹375 crore and Kerala with ₹153 crore.\nThe Northeastern states—Manipur, Meghalaya, and Mizoram—each get between ₹22 and ₹30 crore.\nAll six have faced relentless rains leading to serious flooding and landslides.\n104 NDRF teams working across 21 states\nThis isn't a one-off: earlier this year, over ₹6,000 crore from SDRF and nearly ₹2,000 crore from NDRF went out nationwide.\nRight now there are 104 NDRF teams plus Army and Air Force units working across 21 states to help people get back on their feet.",
    "highlightText": "",
    "highlightTitle": "",
    "highlightThreadTitle": "",
    "language": "english",
    "sentiment": "positive",
    "categories": [
        "Disaster and Accident",
        "Economy, Business and Finance"
    ],
    "topics": [
        "Disaster and Accident->disaster",
        "Disaster and Accident->natural disaster",
        "Disaster and Accident->emergency response",
        "Economy, Business and Finance->financial and economic news",
        "Economy, Business and Finance->business governance",
        "Economy, Business and Finance->economy"
    ],
    "ai_allow": true,
    "has_canonical": false,
    "breaking": null,
    "webz_reporter": false,
    "external_links": [],
    "entities": {
        "persons": [],
        "locations": [],
        "organizations": []
    },
    "syndication": {
        "syndicated": false,
        "syndicate_id": null,
        "first_syndicated": false
    },
    "trust": {
        "categories": [],
        "top_news": [],
        "bias": null,
        "source": {
            "type": null,
            "city": null,
            "state": null,
            "country": null,
            "domain_type": null,
            "agency": null,
            "organization_name": null
        }
    },
    "rating": null,
    "crawled": "2025-07-10T16:56:23.430+03:00",
    "updated": "2025-07-10T14:01:10.000+00:00"
}