{
    "thread": {
        "uuid": "989b7fc93788da09d0858d33d61ba936bd5b677d",
        "url": "http://www.bw24.de/sport/drei-gute-spiele-basler-bezweifelt-adeyemi-durchbruch-beim-bvb-zr-93952601.html",
        "site_full": "www.bw24.de",
        "site": "bw24.de",
        "site_section": "http://www.bw24.de",
        "site_categories": [
            "uncategorized"
        ],
        "section_title": "News aus Baden-Württemberg und dem Südwesten | BW24",
        "site_title": "News aus Baden-Württemberg und dem Südwesten | BW24",
        "title": "„Drei gute Spiele\": Basler bezweifelt Adeyemi-Durchbruch beim BVB",
        "title_full": "„Drei gute Spiele\": Basler bezweifelt Adeyemi-Durchbruch beim BVB",
        "published": "2025-09-25T08:20:00.000+03:00",
        "replies_count": 0,
        "participants_count": 1,
        "site_type": "news",
        "country": "DE",
        "main_image": "https://www.bw24.de/assets/images/39/844/39844387-bvb-star-karim-adeyemi-hat-mario-basler-noch-nicht-restlos-ueberzeugt-31ef.jpg",
        "performance_score": 0,
        "domain_rank": 178234,
        "domain_rank_updated": "2025-09-22T00:00:00.000+03:00",
        "licensing_agency": [],
        "social": {
            "facebook": {
                "likes": 0,
                "comments": 0,
                "shares": 0
            },
            "vk": {
                "shares": 0
            }
        }
    },
    "uuid": "989b7fc93788da09d0858d33d61ba936bd5b677d",
    "url": "http://www.bw24.de/sport/drei-gute-spiele-basler-bezweifelt-adeyemi-durchbruch-beim-bvb-zr-93952601.html",
    "ord_in_thread": 0,
    "author": "Lars Pollmann",
    "published": "2025-09-25T08:20:00.000+03:00",
    "title": "„Drei gute Spiele\": Basler bezweifelt Adeyemi-Durchbruch beim BVB",
    "text": "Adeyemi zeigt beim BVB starke Leistungen. Sebastian Kehl lobt überschwänglich. Mario Basler hält im Interview mit seiner Skepsis nicht zurück. Dortmund – Mit 125 km/h nagelte Karim Adeyemi den Ball zum 1:0-Siegtreffer für den BVB gegen Wolfsburg ins Netz – ein Hammerschuss, der die Südtribüne am Sonntagabend zum Beben brachte. Wenig später folgte das Mega-Lob von Sportdirektor Sebastian Kehl: „Im Moment ist er der beste Karim Adeyemi, den wir bei Borussia Dortmund bis dato gesehen haben“, sagte Kehl in der Mixed Zone.\nBVB-Star Karim Adeyemi hat Mario Basler noch nicht restlos überzeugt. © Montage/IMAGO/Noah Wedel/Eibner Doch nicht jeder ist von der aktuellen Adeyemi-Entwicklung schon abschließend überzeugt. Mario Basler, der den BVB-Star unter anderem im Sommer bei der FIFA Klub-WM scharf kritisiert hatte („Große Fresse“), bleibt skeptisch. „Ja, er macht sehr gute Spiele in der Bundesliga, das muss man sagen“, schätzt Basler im Interview mit Absolut Fussball , dem Fußballportal von Home of Sports , ein.\nBasler hat klare Forderung an BVB-Star Adeyemi Doch dann kommt das große Aber: „Mit drei guten Spielen ist man wieder der Größte“, warnt Basler. Seine Forderung ist klar: „Ich muss von Adeyemi einfach sehen, dass er mal über ein halbes, ein dreiviertel Jahr wirklich konstant gute Leistungen bringt – und da sehe ich ein bisschen die Gefahr.“ Schließlich gab es schon öfter Hochphasen von Adeyemi , der anschließend in ein Leistungsloch fiel.\nEx-Nationalspieler Basler traut dem Braten deshalb noch nicht. Ganz anders ist die Sicht beim BVB. „Karim hat einen großen Schritt nach vorn gemacht. Er wirkt für mich griffiger, sehr hungrig auf Tore. Karim macht im Moment sehr viel Freude, er strahlt eine gewisse Lockerheit, Professionalität und Gewinnermentalität aus“, sagte Kehl am Sonntag.\nBVB-Einzelkritik und Noten gegen Wolfsburg: Schlotterbeck der Comeback-König Fotostrecke ansehen Basler hat dahingehend eine Vermutung. „Ich weiß nicht, ob der Vertrag von Adeyemi ausläuft. Immer, wenn die Verträge auslaufen, spielen die Spieler super für ein paar Monate, bis der Vertrag verlängert ist – und dann wird es wieder Alltag.“ Tatsächlich steht der Angreifer noch bis 2027 unter Kontrakt, dennoch muss Basler nicht ganz falsch liegen.\nImmerhin soll es erste Gespräche zwischen dem BVB und Adeyemi über eine Verlängerung geben, wie mehrere Medien übereinstimmend berichten. Mit Jorge Mendes, dem ehemaligen Berater von Cristiano Ronaldo, hat Adeyemi einen der mächtigsten Agenten der Welt an seiner Seite. Wenn dazu ein Formhoch kommt, ist die Verhandlungsposition umso stärker.\nAbsolut Fussball hat in Kooperation mit sportwettenohneverifizierung.com mit Mario Basler gesprochen Das Interview mit Mario Basler fand in Kooperation mit sportwettenohneverifizierung.com statt. Mario Basler war unter anderem Profi beim 1. FC Kaiserslautern, Hertha BSC, Werder Bremen und FC Bayern. Er bestritt 30 Länderspiele für Deutschland und wurde 1996 Europameister. Er ist regelmäßig als Experte im Sport1-Doppelpass vertreten.\nOb Basler dauerhaft ein Skeptiker bleibt oder Adeyemi ihn bekehren kann, wird sich jedenfalls kurzfristig kaum beantworten. Zwar steht der BVB vor der ersten wirklich heißen Phase der Saison mit dem Auswärtsspiel in Mainz, dem Heim-Auftakt in der Champions League gegen den Athletic Club, dem Spitzenspiel gegen RB Leipzig sowie (nach der Länderspielpause) dem Trip zum FC Bayern .\nDoch geht es Basler ja um eine langfristige Entwicklung. Diesen Beweis muss Adeyemi erst noch erbringen. Fest steht: Nur der BVB-Star hat es selbst in der Hand, seine Kritiker endgültig zu widerlegen – oder deren Skepsis zu bestätigen. Nicht nur Mario Basler schaut genau hin.",
    "highlightText": "",
    "highlightTitle": "",
    "highlightThreadTitle": "",
    "language": "german",
    "sentiment": "negative",
    "categories": [
        "Sport",
        "Human Interest",
        "Lifestyle and Leisure"
    ],
    "topics": [
        "Sport->sports coaching",
        "Sport->soccer",
        "Lifestyle and Leisure->game",
        "Lifestyle and Leisure->lifestyle"
    ],
    "ai_allow": true,
    "has_canonical": false,
    "breaking": false,
    "webz_reporter": false,
    "external_links": [
        "https://www.absolutfussball.com/deutschland/borussia-dortmund/adeyemi-vor-bvb-bewaehrungsprobe-schluss-mit-talentstatus-93755973.html",
        "https://www.ruhr24.de/bvb/dortmund-bvb-karim-adeyemi-wechsel-abschied-premier-league-england-gehalt-verlaengerung-borussia-93951400.html",
        "https://homeofsports.de/",
        "https://www.absolutfussball.com/deutschland/borussia-dortmund/gegen-wolfsburg-einzelkritik-und-noten-bvb-sieg-93947224.html",
        "https://www.wa.de/sport/borussia-dortmund/",
        "https://sportwettenohneverifizierung.com/",
        "https://www.absolutfussball.com/deutschland/rb-leipzig/",
        "https://www.tz.de/sport/fc-bayern/",
        "https://www.absolutfussball.com/deutschland/borussia-dortmund/adeyemi-wende-beim-bvb-125-kilometer-hammer-mit-symbolkraft-93947307.html",
        "https://absolutfussball.com/",
        "https://tz.de/sport/fc-bayern/",
        "https://absolutfussball.com",
        "https://homeofsports.de",
        "https://www.absolutfussball.com/",
        "https://www.homeofsports.de/",
        "https://absolutfussball.com/deutschland/borussia-dortmund/gegen-wolfsburg-einzelkritik-und-noten-bvb-sieg-93947224.html",
        "https://absolutfussball.com/deutschland/borussia-dortmund/adeyemi-wende-beim-bvb-125-kilometer-hammer-mit-symbolkraft-93947307.html",
        "https://absolutfussball.com/deutschland/rb-leipzig/",
        "https://wa.de/sport/borussia-dortmund/",
        "https://www.wa.de/sport/borussia-dortmund",
        "https://www.absolutfussball.com/deutschland/rb-leipzig",
        "https://sportwettenohneverifizierung.com",
        "https://www.sportwettenohneverifizierung.com/",
        "https://absolutfussball.com/deutschland/borussia-dortmund/adeyemi-vor-bvb-bewaehrungsprobe-schluss-mit-talentstatus-93755973.html",
        "https://www.tz.de/sport/fc-bayern",
        "https://ruhr24.de/bvb/dortmund-bvb-karim-adeyemi-wechsel-abschied-premier-league-england-gehalt-verlaengerung-borussia-93951400.html"
    ],
    "external_images": [],
    "internal_images": [],
    "entities": {
        "persons": [
            {
                "name": "Sebastian Kehl",
                "sentiment": "none"
            },
            {
                "name": "Mario Basler",
                "sentiment": "none"
            },
            {
                "name": "Karim Adeyemi",
                "sentiment": "none"
            },
            {
                "name": "Eibner",
                "sentiment": "none"
            }
        ],
        "locations": [
            {
                "name": "Noah Wedel",
                "sentiment": "none"
            },
            {
                "name": "Wolfsburg",
                "sentiment": "none"
            },
            {
                "name": "Dortmund",
                "sentiment": "none"
            }
        ],
        "organizations": [
            {
                "name": "BVB",
                "sentiment": "none",
                "tickers": [
                    {
                        "ticker": null,
                        "exchange": null
                    }
                ]
            },
            {
                "name": "Borussia Dortmund",
                "sentiment": "none",
                "tickers": [
                    {
                        "ticker": "BVB",
                        "exchange": "XTRA"
                    }
                ]
            },
            {
                "name": "Bundesliga",
                "sentiment": "none",
                "tickers": [
                    {
                        "ticker": null,
                        "exchange": null
                    }
                ]
            },
            {
                "name": "FIFA",
                "sentiment": "none",
                "tickers": [
                    {
                        "ticker": "EA",
                        "exchange": "NASDAQ"
                    }
                ]
            }
        ]
    },
    "syndication": {
        "syndicated": null,
        "syndicate_id": null,
        "first_syndicated": false
    },
    "trust": {
        "categories": [],
        "top_news": [],
        "bias": null,
        "source": {
            "type": null,
            "city": null,
            "state": null,
            "country": null,
            "domain_type": null,
            "agency": null,
            "organization_name": null
        }
    },
    "rating": null,
    "crawled": "2025-09-25T08:25:52.345+03:00",
    "updated": "2025-09-25T08:36:08.000+03:00"
}