{
    "thread": {
        "uuid": "2abedea49d5dfb8367ae96a9ee27e6395a29744f",
        "url": "https://news.housefun.com.tw/news/%e9%81%8a%e6%a8%82%e8%a8%ad%e6%96%bd/",
        "site_full": "news.housefun.com.tw",
        "site": "housefun.com.tw",
        "site_section": "https://news.housefun.com.tw/news/",
        "site_categories": [
            "media"
        ],
        "section_title": "新聞總覽 | 好房網News",
        "site_title": null,
        "title": "遊樂設施新聞 | 好房網News",
        "title_full": "遊樂設施新聞 | 好房網News",
        "published": "2025-09-25T03:00:00.000+03:00",
        "replies_count": 0,
        "participants_count": 0,
        "site_type": "news",
        "country": "TW",
        "main_image": "https://p1-news.hfcdn.com/p1-news/MTYwNDMxMm5ld3M,/ee559ed5606b7f26_172x129.gif",
        "performance_score": 0,
        "domain_rank": 129243,
        "domain_rank_updated": "2025-09-22T00:00:00.000+03:00",
        "licensing_agency": [],
        "social": {
            "facebook": {
                "likes": 0,
                "comments": 0,
                "shares": 0
            },
            "vk": {
                "shares": 0
            }
        }
    },
    "uuid": "2abedea49d5dfb8367ae96a9ee27e6395a29744f",
    "url": "https://news.housefun.com.tw/news/%e9%81%8a%e6%a8%82%e8%a8%ad%e6%96%bd/",
    "ord_in_thread": 0,
    "author": null,
    "published": "2025-09-25T03:00:00.000+03:00",
    "title": "遊樂設施新聞 | 好房網News",
    "text": "高雄「空中樂園」10月起休園 嚇壞當地人！業者曝原因、祭5天買一送一 2025/09/25 14:00 坐落於高雄大立百貨頂樓的空中樂園，不僅是小朋友放電的遊樂空間，更是許多六、七年級生的童年回憶。不過業者日前卻宣布將於10月1日起休園，嚇壞許多高雄人，幸好業者表示，不是... 人氣: 0\n桃園親子旅遊新亮點 蘆竹海寧公園兒童遊戲場全新登場 2025/08/29 09:32 位於桃園市蘆竹區，全新打造的海寧公園兒童遊戲場，28日升級啟用，結合運動設施、親子遊戲場、自然景觀與在地特色，打造老少咸宜、歡笑滿滿的多功能休憩空間。 ... 桃園 觀光 自然 運動 環境 公園 桃園機場 航空 沿海 區公所 特色 自行車道 空間 親子 遊樂設施 設施 景點 蘆竹 市民 地方 品質 居民 張善政 民生 遊戲 主辦單位 跑道 人口負成長 塔台 升級 互動 國際合作 人氣: 129\n迪士尼成熱門自學校區 2025/08/11 08:51 新聞提要 美國愈來愈多家庭將迪士尼樂園當作戶外教室，透過主題場景與互動體驗進行在家自學，形成一股新興「迪士尼校區」教育風潮。... 設計 學區 家庭 教育 學校 體驗 家長 學習 美國 遊樂設施 教室 戶外 樂園 迪士尼 新奇 寰宇 加勒比海 Bruce 孩子 奧蘭多 互動 佛羅里達 DISNEY 佛州 教材 社群媒體 自學校區 人氣: 267\n「樂桃園Park Go」8日上線！ 21座特色公園一手掌握 2025/08/07 15:00 為推動「智慧桃園」計畫，打造智慧、宜居、永續的城市環境，桃園市工務局整合全市約80處特色公園，並由各轄區推薦其中21處最具代表性之特色公園，推出全新「樂桃園ParkGo」特色公... 桃園 交通局 公園 工務局 平台 特色 查詢 旅行 網站 遊樂設施 資訊 市民 地方 條件 整合 智慧 手掌 樂桃園Park 人氣: 51\n上海樂高樂園今開幕 默林娛樂集團執行長：對大陸市場有信心 2025/07/05 15:23 上海樂高樂園5日迎來盛大開園，為全球規模最大的樂高樂園。默林娛樂集團執行長伊斯特伍德（Fiona Eastwood）表示...... 投資 居家 市場 大陸 上海 中國 中國大陸 遊樂設施 樂高 執行長 樂園 寰宇 開幕 娛樂 500萬 陳吉寧 人氣: 174\n許淑華推垃圾處理再生能源中心 2025/05/20 08:41 南投縣長許淑華19日主持縣務會議，會中報告歐洲考察環保設施成果。許淑華說，丹麥及法國的垃圾焚化廠日處理量逾千公噸，還結合攀岩、滑草場、咖啡館等多元遊憩場所，她上任積極推... 環保 咖啡館 地點 環境 全國 許淑華 垃圾 焚化廠 法國 再生能源 遊樂設施 會議 設施 歐洲 地方 中國時報 丹麥 考察 攀岩 南投縣長 名間 主持 人氣: 12\n社區型公園宅吃香 台中建商挾優勢競推新案 2025/05/19 16:04 隨著健康意識提升，「逐綠而居」成為購屋新趨勢，步行可達的社區型公園宅因相較稀有的大型公園更貼近生活，就像社區型百貨的興起一樣，成為居民日常最常使用的綠地資源。近期台中... 購屋 社區 公館 多空 置產 市場 台中 建商 實價登錄 公園 建設 國道三號 遊樂設施 基地 國家歌劇院 產品 台中國際機場 人氣: 147",
    "highlightText": "",
    "highlightTitle": "",
    "highlightThreadTitle": "",
    "language": "chineset",
    "sentiment": "negative",
    "categories": [
        "Lifestyle and Leisure",
        "Human Interest",
        "Social Issue"
    ],
    "topics": [
        "Lifestyle and Leisure->lifestyle",
        "Lifestyle and Leisure->leisure venue",
        "Lifestyle and Leisure->travel and tourism",
        "Social Issue->family",
        "Social Issue->children",
        "Social Issue->social services"
    ],
    "ai_allow": true,
    "has_canonical": false,
    "breaking": null,
    "webz_reporter": false,
    "external_links": [],
    "external_images": [],
    "internal_images": [],
    "entities": {
        "persons": [],
        "locations": [],
        "organizations": []
    },
    "syndication": {
        "syndicated": null,
        "syndicate_id": null,
        "first_syndicated": false
    },
    "trust": {
        "categories": [],
        "top_news": [],
        "bias": null,
        "source": {
            "type": null,
            "city": null,
            "state": null,
            "country": null,
            "domain_type": null,
            "agency": null,
            "organization_name": null
        }
    },
    "rating": null,
    "crawled": "2025-09-25T09:47:37.393+03:00",
    "updated": "2025-09-25T09:58:43.000+03:00"
}