{
    "thread": {
        "uuid": "4966b669cd9b9762a6dcbdbafd15b42f4a9a5c38",
        "url": "https://article.wn.com/view/2025/09/25/Mysuru_mourns_SL_Bhyrappa_literary_titan_who_lived_what_he_w/",
        "site_full": "article.wn.com",
        "site": "wn.com",
        "site_section": "https://wn.com/what\\",
        "site_categories": [
            "media"
        ],
        "section_title": "WN - what\\",
        "site_title": "World News",
        "title": "Mysuru mourns SL Bhyrappa; literary titan who lived what he wrote - Worldnews.com",
        "title_full": "Mysuru mourns SL Bhyrappa; literary titan who lived what he wrote - Worldnews.com",
        "published": "2025-09-25T03:00:00.000+03:00",
        "replies_count": 0,
        "participants_count": 1,
        "site_type": "news",
        "country": "US",
        "main_image": "",
        "performance_score": 0,
        "domain_rank": 8219,
        "domain_rank_updated": "2025-09-22T00:00:00.000+03:00",
        "licensing_agency": [],
        "social": {
            "facebook": {
                "likes": 0,
                "comments": 0,
                "shares": 0
            },
            "vk": {
                "shares": 0
            }
        }
    },
    "uuid": "4966b669cd9b9762a6dcbdbafd15b42f4a9a5c38",
    "url": "https://article.wn.com/view/2025/09/25/Mysuru_mourns_SL_Bhyrappa_literary_titan_who_lived_what_he_w/",
    "ord_in_thread": 0,
    "author": "System",
    "published": "2025-09-25T03:00:00.000+03:00",
    "title": "Mysuru mourns SL Bhyrappa; literary titan who lived what he wrote - Worldnews.com",
    "text": "MYSURU: SL Bhyrappa was one of the prominent figures of Mysuru's literary world, which includes towering personalities such as RK Narayan, Kuvempu, and others. He actively participated in literary conversations in Mysuru, sharing his insights and engaging with fellow writers. Since 1976, he had been a resident of Udayaravi Road...\nread full story",
    "highlightText": "",
    "highlightTitle": "",
    "highlightThreadTitle": "",
    "language": "english",
    "sentiment": "negative",
    "categories": [
        "Human Interest",
        "Lifestyle and Leisure",
        "Arts, Culture and Entertainment"
    ],
    "topics": [
        "Human Interest->funeral and memorial service",
        "Lifestyle and Leisure->lifestyle",
        "Lifestyle and Leisure->trend",
        "Arts, Culture and Entertainment->literature",
        "Arts, Culture and Entertainment->culture",
        "Arts, Culture and Entertainment->news media"
    ],
    "ai_allow": true,
    "has_canonical": false,
    "breaking": null,
    "webz_reporter": false,
    "external_links": [
        "https://timesofindia.indiatimes.com/city/mysuru/mysuru-mourns-sl-bhyrappa-literary-titan-who-lived-what-he-wrote/articleshow/124105119.cms",
        "https://www.timesofindia.indiatimes.com/city/mysuru/mysuru-mourns-sl-bhyrappa-literary-titan-who-lived-what-he-wrote/articleshow/124105119.cms"
    ],
    "external_images": [],
    "internal_images": [],
    "entities": {
        "persons": [],
        "locations": [
            {
                "name": "Udayaravi Road",
                "sentiment": "none"
            }
        ],
        "organizations": []
    },
    "syndication": {
        "syndicated": false,
        "syndicate_id": "4966b669cd9b9762a6dcbdbafd15b42f4a9a5c38",
        "first_syndicated": true
    },
    "trust": {
        "categories": [
            "trusted_news"
        ],
        "top_news": [],
        "bias": "center",
        "source": {
            "type": null,
            "city": null,
            "state": null,
            "country": null,
            "domain_type": null,
            "agency": null,
            "organization_name": null
        }
    },
    "rating": null,
    "crawled": "2025-09-25T08:22:13.127+03:00",
    "updated": "2025-09-25T08:26:46.000+03:00"
}