{
    "thread": {
        "uuid": "2b31737c3c11ebd6a0e43cd9471e68a1043e4da7",
        "url": "https://www.interfax-russia.ru/index.php/volga/news/transportnaya-prokuratura-provodit-proverku-iz-za-zaderzhki-reysa-iz-samary-v-antalyu",
        "site_full": "www.interfax-russia.ru",
        "site": "interfax-russia.ru",
        "site_section": "https://www.interfax-russia.ru/index.php/rossiya-i-mir",
        "site_categories": [
            "tennis",
            "sports"
        ],
        "section_title": "Россия и мир - Россия || Интерфакс Россия",
        "site_title": "Главная - Россия || Интерфакс Россия",
        "title": "Транспортная прокуратура проводит проверку из-за задержки рейса из Самары в Анталью - Поволжье || Интерфакс Россия",
        "title_full": "Транспортная прокуратура проводит проверку из-за задержки рейса из Самары в Анталью - Поволжье || Интерфакс Россия",
        "published": "2025-09-25T09:20:00.000+03:00",
        "replies_count": 0,
        "participants_count": 0,
        "site_type": "news",
        "country": "RU",
        "main_image": "https://www.interfax-russia.ru/index.php/img/og_logo.jpg",
        "performance_score": 0,
        "domain_rank": 33882,
        "domain_rank_updated": "2025-09-22T00:00:00.000+03:00",
        "licensing_agency": [],
        "social": {
            "facebook": {
                "likes": 0,
                "comments": 0,
                "shares": 0
            },
            "vk": {
                "shares": 0
            }
        }
    },
    "uuid": "2b31737c3c11ebd6a0e43cd9471e68a1043e4da7",
    "url": "https://www.interfax-russia.ru/index.php/volga/news/transportnaya-prokuratura-provodit-proverku-iz-za-zaderzhki-reysa-iz-samary-v-antalyu",
    "ord_in_thread": 0,
    "author": null,
    "published": "2025-09-25T09:20:00.000+03:00",
    "title": "Транспортная прокуратура проводит проверку из-за задержки рейса из Самары в Анталью - Поволжье || Интерфакс Россия",
    "text": "Самара. 25 сентября. ИНТЕРФАКС - Куйбышевская транспортная прокуратура проводит проверку по факту длительной задержки рейса авиакомпании AZUR Air из Самары в Анталью, сообщила пресс-служба ведомства.\n\"По предварительным данным 24 сентября 2025 года в аэропорту Курумоч (Самара) произошла длительная задержка рейса авиакомпании AZUR Air, вылетавшего в Анталию (Турция)\", - говорится в сообщении.\nПо данным онлайн-табло на сайте аэропорта Курумоч, самолет вылетел в Анталью после почти суточной задержки. Рейс должен был отправиться в 4:05 (3:05 мск) 24 сентября, однако вылететь удалось только в 3:58 (2:58 мск) 25 сентября.\nКак сообщила пресс-служба AZUR air, для выполнения рейса было задействовано резервное воздушное судно. Ранее компания сообщала, что рейс откладывается из-за дополнительной технической проверки самолета.\nОтмечается, что во время ожидания пассажирам предоставлялись прохладительные напитки и горячее питание.",
    "highlightText": "",
    "highlightTitle": "",
    "highlightThreadTitle": "",
    "language": "russian",
    "sentiment": "negative",
    "categories": [
        "Lifestyle and Leisure"
    ],
    "topics": [
        "Lifestyle and Leisure->travel and tourism"
    ],
    "ai_allow": true,
    "has_canonical": false,
    "breaking": false,
    "webz_reporter": false,
    "external_links": [],
    "external_images": [],
    "internal_images": [],
    "entities": {
        "persons": [],
        "locations": [],
        "organizations": []
    },
    "syndication": {
        "syndicated": null,
        "syndicate_id": null,
        "first_syndicated": false
    },
    "trust": {
        "categories": [],
        "top_news": [],
        "bias": null,
        "source": {
            "type": null,
            "city": null,
            "state": null,
            "country": null,
            "domain_type": null,
            "agency": null,
            "organization_name": null
        }
    },
    "rating": null,
    "crawled": "2025-09-25T09:26:55.811+03:00",
    "updated": "2025-09-25T09:29:56.000+03:00"
}