{
    "thread": {
        "uuid": "6f07cbda5fcddd98241a70c1a026becdf7a7e575",
        "url": "https://www.marketscreener.com/news/us-recreational-vehicle-market-down-3-1-percent-in-august-rvia-ce7d58d2dc88f22d",
        "site_full": "www.marketscreener.com",
        "site": "marketscreener.com",
        "site_section": "https://www.marketscreener.com/news/companies/",
        "site_categories": [
            "photography",
            "hobbies_and_interests"
        ],
        "section_title": "Stock Market Listed Companies News - MarketScreener",
        "site_title": "Stock Market Today : Reports, Quotes and News - MarketScreener",
        "title": "US Recreational Vehicle Market Down 3.1 Percent in August - RVIA | MarketScreener",
        "title_full": "US Recreational Vehicle Market Down 3.1 Percent in August - RVIA | MarketScreener",
        "published": "2025-09-25T08:47:00.000+03:00",
        "replies_count": 0,
        "participants_count": 1,
        "site_type": "news",
        "country": "DE",
        "main_image": "https://www.marketscreener.com/images/twitter_MS_fdnoir.png",
        "performance_score": 0,
        "domain_rank": 11487,
        "domain_rank_updated": "2025-09-22T00:00:00.000+03:00",
        "licensing_agency": [],
        "social": {
            "facebook": {
                "likes": 0,
                "comments": 0,
                "shares": 0
            },
            "vk": {
                "shares": 0
            }
        }
    },
    "uuid": "6f07cbda5fcddd98241a70c1a026becdf7a7e575",
    "url": "https://www.marketscreener.com/news/us-recreational-vehicle-market-down-3-1-percent-in-august-rvia-ce7d58d2dc88f22d",
    "ord_in_thread": 0,
    "author": "Finwire",
    "published": "2025-09-25T08:47:00.000+03:00",
    "title": "US Recreational Vehicle Market Down 3.1 Percent in August - RVIA | MarketScreener",
    "text": "The US recreational vehicle (RV) market, which includes motorhomes and travel trailers, saw dealer shipments decrease by 3.1 percent to 28,212 units in August compared to the same month last year. This is according to statistics from the Recreation Vehicle Industry Association (RVIA).",
    "highlightText": "",
    "highlightTitle": "",
    "highlightThreadTitle": "",
    "language": "english",
    "sentiment": "negative",
    "categories": [
        "Economy, Business and Finance",
        "Social Issue",
        "Lifestyle and Leisure"
    ],
    "topics": [
        "Economy, Business and Finance->market and exchange",
        "Economy, Business and Finance->economy",
        "Economy, Business and Finance->financial and economic news",
        "Social Issue->population and census",
        "Social Issue->demographics",
        "Lifestyle and Leisure->outdoor recreational activities",
        "Lifestyle and Leisure->travel and tourism",
        "Lifestyle and Leisure->leisure"
    ],
    "ai_allow": true,
    "has_canonical": false,
    "breaking": false,
    "webz_reporter": false,
    "external_links": [],
    "external_images": [],
    "internal_images": [],
    "entities": {
        "persons": [],
        "locations": [],
        "organizations": [
            {
                "name": "Recreation Vehicle Industry Association",
                "sentiment": "none",
                "tickers": []
            },
            {
                "name": "RVIA",
                "sentiment": "none",
                "tickers": []
            }
        ]
    },
    "syndication": {
        "syndicated": false,
        "syndicate_id": null,
        "first_syndicated": false
    },
    "trust": {
        "categories": [],
        "top_news": [],
        "bias": null,
        "source": {
            "type": null,
            "city": null,
            "state": null,
            "country": null,
            "domain_type": null,
            "agency": null,
            "organization_name": null
        }
    },
    "rating": null,
    "crawled": "2025-09-25T08:52:01.212+03:00",
    "updated": "2025-09-25T08:56:56.000+03:00"
}