{
    "thread": {
        "uuid": "6012a8f627552d6624e8d187079ecf7af30aaa94",
        "url": "https://www.kreiszeitung.de/deutschland/wird-immer-mehr-dm-fotoabteilung-loest-bei-kundin-beunruhigendes-gefuehl-aus-zr-93950070.html",
        "site_full": "www.kreiszeitung.de",
        "site": "kreiszeitung.de",
        "site_section": "https://www.kreiszeitung.de",
        "site_categories": [
            "social",
            "top_news_de",
            "top_news"
        ],
        "section_title": "Kreiszeitung.de | News aus Niedersachsen, Bremen und der Küste",
        "site_title": "Kreiszeitung.de | News aus Niedersachsen, Bremen und der Küste",
        "title": "„Wird immer mehr\": dm-Fotoabteilung löst bei Kundin „beunruhigendes Gefühl\" aus",
        "title_full": "„Wird immer mehr\": dm-Fotoabteilung löst bei Kundin „beunruhigendes Gefühl\" aus",
        "published": "2025-09-25T09:10:00.000+03:00",
        "replies_count": 0,
        "participants_count": 1,
        "site_type": "news",
        "country": "DE",
        "main_image": "",
        "performance_score": 0,
        "domain_rank": 17776,
        "domain_rank_updated": "2025-09-22T00:00:00.000+03:00",
        "licensing_agency": [],
        "social": {
            "facebook": {
                "likes": 0,
                "comments": 0,
                "shares": 0
            },
            "vk": {
                "shares": 0
            }
        }
    },
    "uuid": "6012a8f627552d6624e8d187079ecf7af30aaa94",
    "url": "https://www.kreiszeitung.de/deutschland/wird-immer-mehr-dm-fotoabteilung-loest-bei-kundin-beunruhigendes-gefuehl-aus-zr-93950070.html",
    "ord_in_thread": 0,
    "author": "Jana Stäbener",
    "published": "2025-09-25T09:10:00.000+03:00",
    "title": "„Wird immer mehr\": dm-Fotoabteilung löst bei Kundin „beunruhigendes Gefühl\" aus",
    "text": "„Wird immer mehr“: dm-Fotoabteilung löst „beunruhigendes Gefühl“ bei Kundin aus\nAls sie sich ihre bei dm entwickelten Fotos anschaut, bekommt eine Frau aus Stuttgart „ein richtig ekliges Gefühl“. Sie startet einen Aufruf.\nStuttgart – „Ich glaube, ich bin gerade dabei, etwas sehr Skandalöses aufzudecken“, sagt die Aktivistin und Podcasterin Kim Hoss in einem Instagram-Video und erzählt, dass sie analoge Filme bei dm entwickeln lassen habe und „irgendjemand zwei Fotos aus der Papiertasche entwendet hat“. Sie frage sich, ob „dm sicher für Frauen“ sei. „Fotoparadies?“, wohl eher #DMmetoo, schreibt Hoss in einem weiteren Beitrag. Alle, die Ähnliches erlebt haben, fordert sie auf, sich zu melden – um gemeinsam „etwas ziemlich Ekelhaftes“ aufzudecken.\nSeitdem sie ihre Erfahrungen am 17. September geteilt habe, bekomme sie Nachrichten von Menschen, die Ähnliches bei dm, Rossmann und Müller erlebt hätten. „In der vergangenen Woche haben mich schon 30 Fälle erreicht – und es wird immer mehr. Man merkt, dass ich auf keinen Fall die einzige bin, der das passiert“, sagt Hoss BuzzFeed News Deutschland von Ippen.Media. Eine Person kommentiert unter Hoss Beitrag, dass ihr Urlaubsbilder mit ihren Kindern am Strand geklaut worden seien. „Das war ein sehr, sehr beunruhigendes Gefühl, weil ja auch die Adresse draufsteht.“\nVerschwundene Fotos bei dm: „Ein richtig ekliges Gefühl“\nBei Hoss seien die Fotos aus einer dm-Filiale am Marienplatz in Stuttgart verschwunden. Ihr Partner habe die Bestellung mit einem Abholschein am 13. September abgeholt. Am nächsten Tag habe sie gemerkt, dass ein Foto oben ohne und eins im T-Shirt fehlten. „Da wurde mir sofort schlecht. Ich wusste, dass jemand die Fotos herausgenommen hatte“, sagt Hoss BuzzFeed News Deutschland. Es sei „ein richtig ekliges Gefühl“, sie lebe jetzt mit dieser „komischen Angst“, wer diese Fotos habe und was die Person damit mache. „Es ist einfach ein massiver Eingriff in die Privatsphäre.“\nNicht nur Hoss ist vom Foto-Diebstahl aus Drogerie-Filialen betroffen: „Mir wurde von Fällen berichtet, wo Kinderfotos fehlten. Fotos von Teenagern, die sogar denken, sie seien daran schuld, weil das Bild zu schlecht war oder so. Ich glaube, das Problem ist riesig, alleine wenn wir schauen, wie viele Drogerie-Filialen es in Deutschland gibt“, sagt Hoss. Fotos seien dort einfach nicht ausreichend geschützt. „Für Menschen mit falschen Absichten absoluter Jackpot“, kommentiert eine Frau auf Instagram. „Wieso ist sowas nicht gegenüber der Kasse? So könnten es Mitarbeiter viel einfacher im Blick haben.“\nFotos bei dm: „Warum haben die Papiertaschen keinen Sicherheitsverschluss?“\nHoss erzählt, dass sie nach dem erschreckenden Vorfall in der Filiale bei dm direkt eine Anzeige bei der Polizei erstattet, dm kontaktiert und den Datenschutzbeauftragten von Baden-Württemberg angeschrieben habe. Dm habe geantwortet und gesagt, sie würden das intern prüfen.\n„Warum haben die Papiertaschen keinen Sicherheitsverschluss?“, fragt sich Hoss, damit Bilder nicht einfach verschwinden. BuzzFeed News Deutschland hakt bei den entsprechenden Drogeriemärkten nach. Rossmann antwortet uns, dass Kundinnen und Kunden, wenn sie bei der Fotobestellung die Option „Filialabholung“ auswählen, einer Datenschutzerklärung zustimmen müssten, in der darauf hingewiesen werde, dass die Fotoarbeiten in den Abholfächern abgelegt würden.\nDurch Vorzeigen des Abholscheines oder Ausweises würde man sicherstellen, dass ausschließlich die bestellende Person ihre Fotos erhalte. „In seltenen Fällen kann es vorkommen, dass Fotoarbeiten versehentlich von anderen Kunden mitgenommen werden – dies ist aber keinesfalls die Regel. Denn auch in diesem Fall greift das Briefgeheimnis“, so eine Sprecherin.\nDm und Müller haben bis zur Veröffentlichung des Artikels (23. September) nicht auf unsere Fragen geantwortet. Gegenüber der Stuttgarter Zeitung verwies ein dm-Mitarbeiter ebenfalls auf die Datenschutzerklärung. Für Kim Hoss ist klar: „Nie wieder in meinem Leben werde ich Fotos bei einem Drogeriemarkt auf diese Weise bestellen. Das Vertrauen ist bei mir komplett zerstört“. (Quellen: Instagram, Stuttgarter Zeitung, eigene Recherche)",
    "highlightText": "",
    "highlightTitle": "",
    "highlightThreadTitle": "",
    "language": "german",
    "sentiment": "negative",
    "categories": [
        "Health",
        "Social Issue",
        "Lifestyle and Leisure"
    ],
    "topics": [
        "Health->health care approach",
        "Health->mental health and disorder",
        "Health->medical service",
        "Social Issue->discrimination",
        "Social Issue->social problem",
        "Social Issue->values",
        "Lifestyle and Leisure->wellness"
    ],
    "ai_allow": true,
    "has_canonical": false,
    "breaking": true,
    "webz_reporter": false,
    "external_links": [
        "https://www.bw24.de/stuttgart/",
        "https://www.merkur.de/boulevard/urlauberin-will-fotos-am-meer-schiessen-und-merkt-dass-ein-topstar-im-hintergrund-speist-93909273.html",
        "https://www.instagram.com/p/DO0-uy2CAri/?img_index=1",
        "https://www.instagram.com/reel/DOsuIbKCIr0/",
        "https://www.bw24.de/baden-wuerttemberg/",
        "https://instagram.com/p/DO0-uy2CAri/?img_index=1",
        "https://www.bw24.de/baden-wuerttemberg",
        "https://www.instagram.com/reel/DOsuIbKCIr0",
        "https://bw24.de/stuttgart/",
        "https://bw24.de/baden-wuerttemberg/",
        "https://instagram.com/reel/DOsuIbKCIr0/",
        "https://merkur.de/boulevard/urlauberin-will-fotos-am-meer-schiessen-und-merkt-dass-ein-topstar-im-hintergrund-speist-93909273.html",
        "https://www.bw24.de/stuttgart",
        "https://www.instagram.com/p/DO0-uy2CAri/"
    ],
    "external_images": [],
    "internal_images": [],
    "entities": {
        "persons": [
            {
                "name": "Kim Hoss",
                "sentiment": "none"
            },
            {
                "name": "Müller",
                "sentiment": "none"
            }
        ],
        "locations": [
            {
                "name": "Stuttgart",
                "sentiment": "none"
            }
        ],
        "organizations": []
    },
    "syndication": {
        "syndicated": null,
        "syndicate_id": null,
        "first_syndicated": false
    },
    "trust": {
        "categories": [],
        "top_news": [
            "top_news_de",
            "top_news"
        ],
        "bias": null,
        "source": {
            "type": null,
            "city": null,
            "state": null,
            "country": null,
            "domain_type": null,
            "agency": null,
            "organization_name": null
        }
    },
    "rating": null,
    "crawled": "2025-09-25T09:17:51.666+03:00",
    "updated": "2025-09-26T10:04:31.000+03:00"
}