{
    "thread": {
        "uuid": "42a45ba96f7ef498c3d923d1332610138ab7afff",
        "url": "http://www.hna.de/leute/krimiautorin-schaut-ard-tatort-seit-zwei-jahren-nicht-oft-abgehobene-geschichten-zr-93951914.html",
        "site_full": "www.hna.de",
        "site": "hna.de",
        "site_section": "http://www.hna.de/",
        "site_categories": [
            "media",
            "top_news_de",
            "top_news_at",
            "top_news"
        ],
        "section_title": "HNA.de | News aus Kassel und Hessen sowie die besten Tipps für Verbraucher",
        "site_title": "HNA.de | News aus Kassel und Hessen sowie die besten Tipps für Verbraucher",
        "title": "Krimiautorin schaut ARD-„Tatort\" seit zwei Jahren nicht: „Oft abgehobene Geschichten\"",
        "title_full": "Krimiautorin schaut ARD-„Tatort\" seit zwei Jahren nicht: „Oft abgehobene Geschichten\"",
        "published": "2025-09-25T07:30:00.000+03:00",
        "replies_count": 0,
        "participants_count": 1,
        "site_type": "news",
        "country": "DE",
        "main_image": "",
        "performance_score": 0,
        "domain_rank": 6732,
        "domain_rank_updated": "2025-09-22T00:00:00.000+03:00",
        "licensing_agency": [],
        "social": {
            "facebook": {
                "likes": 0,
                "comments": 0,
                "shares": 0
            },
            "vk": {
                "shares": 0
            }
        }
    },
    "uuid": "42a45ba96f7ef498c3d923d1332610138ab7afff",
    "url": "http://www.hna.de/leute/krimiautorin-schaut-ard-tatort-seit-zwei-jahren-nicht-oft-abgehobene-geschichten-zr-93951914.html",
    "ord_in_thread": 0,
    "author": "Momir Takac",
    "published": "2025-09-25T07:30:00.000+03:00",
    "title": "Krimiautorin schaut ARD-„Tatort\" seit zwei Jahren nicht: „Oft abgehobene Geschichten\"",
    "text": "Krimiautorin schaut ARD-„Tatort“ seit zwei Jahren nicht: „Oft abgehobene Geschichten“\nWer erfolgreich Krimis verfasst, ist auch „Tatort“-Fan, oder nicht? Erfolgsautorin Charlotte Link hat bei der populären ARD-Reihe ihre Bedenken.\nWiesbaden – Charlotte Link (61) ist eine Meisterin ihres Fachs. Als Autorin landet sie mit ihren Krimi-Romanen regelmäßig an der Spitze der Bestsellerlisten. Ihre Bücher dienen Sendeanstalten auch als Filmvorlage. Mit dem beliebten ARD-Krimiformat „Tatort“ fremdelt die Schriftstellerin allerdings.\nFrüher saß sie gerne vor dem Fernseher und sah sich den „Tatort“ an, er war „jahrelang das festgelegte Schlusszeichen des Wochenendes“, sagte Link der Zeitschrift Hörzu. Doch die Zeiten haben sich geändert, heute meidet sie die Krimireihe, weil ihr die Handlungen teilweise zu realitätsfremd sind.\nBestsellerautorin Charlotte Link ist der „Tatort“\nDamals seien die Fälle näher an normalen Menschen gewesen, erklärte Link. „Heute habe ich das Gefühl, es sind oft abgehobene Geschichten aus Milieus, mit denen der normale Mensch nie in Berührung kommt.“ Sie vermisst den Identifikationscharakter. Allerdings gab die Schriftstellerin auch zu, dem „Tatort“ möglicherweise unrecht zu tun, da sie ihn seit zwei Jahren nicht mehr gesehen hat.\nAuch wenn die Erfolgsautorin dem „Tatort“ nicht mehr viel abgewinnen kann, bleibt er fester Programmpunkt in der ARD. Dort bekommen Krimi-Fans bald eine Portion Charlotte Link serviert. Am 2. und 3. Oktober läuft im Ersten zur Primetime „Einsame Nacht“. Der Zweiteiler ist die neueste Verfilmung eines Link-Romans.\nIn dem Thriller muss die Ermittlerin Kate Linville (Henny Reents, 50) in England ein rätselhaftes Verbrechen aufklären, für das – aufgrund weiterer Tötungsdelikte – offenbar ein Serienmörder verantwortlich ist. Nicht nur Link ist kritisch, auch eingefleischte Fans sind nicht von jedem „Tatort“ begeistert. (mt) Verwendete Quellen: Das Erste, Hörzu (Ausgabe 39-2025)",
    "highlightText": "",
    "highlightTitle": "",
    "highlightThreadTitle": "",
    "language": "german",
    "sentiment": "negative",
    "categories": [
        "Lifestyle and Leisure",
        "Social Issue",
        "Human Interest"
    ],
    "topics": [
        "Lifestyle and Leisure->hobby",
        "Lifestyle and Leisure->lifestyle",
        "Social Issue->values"
    ],
    "ai_allow": true,
    "has_canonical": false,
    "breaking": true,
    "webz_reporter": false,
    "external_links": [
        "https://www.24books.de/krimi/charlotte-link-krimis-romane-eine-autorin-mit-vielen-facetten-92296023.html",
        "https://www.merkur.de/boulevard/ard-geschichte-programm-marktanteil-infos-oeffentlich-rechtlich-tv-sender-91379899.html",
        "https://merkur.de/boulevard/ard-geschichte-programm-marktanteil-infos-oeffentlich-rechtlich-tv-sender-91379899.html",
        "https://24books.de/krimi/charlotte-link-krimis-romane-eine-autorin-mit-vielen-facetten-92296023.html"
    ],
    "external_images": [],
    "internal_images": [],
    "entities": {
        "persons": [
            {
                "name": "Charlotte Link",
                "sentiment": "none"
            }
        ],
        "locations": [
            {
                "name": "Wiesbaden",
                "sentiment": "none"
            }
        ],
        "organizations": [
            {
                "name": "ARD-„Tatort",
                "sentiment": "neutral",
                "tickers": [
                    {
                        "ticker": null,
                        "exchange": null
                    }
                ]
            },
            {
                "name": "Hörzu",
                "sentiment": "none",
                "tickers": [
                    {
                        "ticker": null,
                        "exchange": null
                    }
                ]
            }
        ]
    },
    "syndication": {
        "syndicated": null,
        "syndicate_id": null,
        "first_syndicated": false
    },
    "trust": {
        "categories": [],
        "top_news": [
            "top_news_de",
            "top_news_at",
            "top_news"
        ],
        "bias": null,
        "source": {
            "type": null,
            "city": null,
            "state": null,
            "country": null,
            "domain_type": null,
            "agency": null,
            "organization_name": null
        }
    },
    "rating": null,
    "crawled": "2025-09-25T07:42:11.524+03:00",
    "updated": "2025-09-26T08:09:50.000+03:00"
}