{
    "thread": {
        "uuid": "9edb97f7c0c18fc6e9aad95ff5ef6f5cf7e1cb70",
        "url": "https://finance.sina.com.cn/stock/aiassist/ggsp/2025-09-25/doc-infrswws1118357.shtml",
        "site_full": "finance.sina.com.cn",
        "site": "sina.com.cn",
        "site_section": "https://finance.sina.cn",
        "site_categories": [
            "tech",
            "top_news_hk",
            "top_news_sg",
            "top_news_tw",
            "top_news"
        ],
        "section_title": "新浪财经_金融信息服务商",
        "site_title": null,
        "title": "中信尼雅跌1.14%，成交额1528.51万元，今日主力净流入1.29万_新浪财经_新浪网",
        "title_full": "中信尼雅跌1.14%，成交额1528.51万元，今日主力净流入1.29万_新浪财经_新浪网",
        "published": "2025-09-25T10:09:00.000+03:00",
        "replies_count": 0,
        "participants_count": 1,
        "site_type": "news",
        "country": "CN",
        "main_image": "",
        "performance_score": 0,
        "domain_rank": 548,
        "domain_rank_updated": "2025-09-22T00:00:00.000+03:00",
        "licensing_agency": [],
        "social": {
            "facebook": {
                "likes": 0,
                "comments": 0,
                "shares": 0
            },
            "vk": {
                "shares": 0
            }
        }
    },
    "uuid": "9edb97f7c0c18fc6e9aad95ff5ef6f5cf7e1cb70",
    "url": "https://finance.sina.com.cn/stock/aiassist/ggsp/2025-09-25/doc-infrswws1118357.shtml",
    "ord_in_thread": 0,
    "author": "小浪财讯",
    "published": "2025-09-25T10:09:00.000+03:00",
    "title": "中信尼雅跌1.14%，成交额1528.51万元，今日主力净流入1.29万_新浪财经_新浪网",
    "text": "9月25日， 中信尼雅 跌1.14%，成交额1528.51万元，换手率0.26%，总市值58.55亿元。\n异动分析\n农业种植+白酒概念+乡村振兴+新疆振兴+中字头股票\n1、2020年5月12日公告披露：控股子公司新疆中信国安农业科技开发有限公司，主要从事葡萄的种植、土地农业开发及农作物种植和林木的种植，农副产品的购销。\n2、公司在互动平台表示，公司白酒产品未来主打天方夜谭葡萄富集酒，天方夜谭葡萄富集酒为公司高端系列产品，属于创新技术的新产品，未来也将作为公司业绩的增长点之一。\n3、2020年5月12日公告披露：控股子公司新疆中信国安农业科技开发有限公司，主要从事葡萄的种植、土地农业开发及农作物种植和林木的种植，农副产品的购销。\n4、公司在新疆拥有15万亩的酿酒葡萄基地，分布在天山北麓及伊犁河谷地带，东起阜康、西至伊犁霍尔果斯，均位于北纬44度，与世界著名的葡萄酒产地法国波尔多和美国加州同处一纬线。玛纳斯县是公司的核心葡萄种植基地之一，该县被誉为“中国葡萄无公害科技创新示范县”和“中国优质酿酒葡萄之乡”。公司在玛纳斯县已建立有5万多亩酿酒葡萄基地，优质酿酒葡萄面积约5000亩。中信国安葡萄酒业玛纳斯县分公司是亚洲最大的单体葡萄酒生产企业。公司充分发挥所处新疆的区域优势，大力发展高效、特色农业，大幅度进行种植结构和产业结构调整。\n5、公司为中字头股票，公司实控人为国资委或中央国有企业或中央国家机关。\n(免责声明：分析内容来源于互联网，不构成投资建议，请投资者根据不同行情独立判断)\n资金分析\n今日主力净流入1.29万，占比0%，行业排名4/16，该股当前无连续增减仓现象，主力趋势不明显；所属行业主力净流入-1.01亿，连续3日被主力资金减仓。\n区间 今日 近3日 近5日 近10日 近20日 主力净流入 1.29万 -404.54万 -474.42万 -25.01万 -1085.87万\n主力持仓\n主力没有控盘，筹码分布非常分散，主力成交额651.92万，占总成交额的1.73%。\n技术面：筹码平均交易成本为5.77元\n该股筹码平均交易成本为5.77元，近期该股有吸筹现象，但吸筹力度不强；目前股价靠近压力位5.23，谨防压力位处回调，若突破压力位则可能会开启一波上涨行情。\n公司简介\n资料显示，中信尼雅葡萄酒股份有限公司位于新疆乌鲁木齐市红山路39号，成立日期1997年7月7日，上市日期1997年7月11日，公司主营业务涉及葡萄酒生产销售。主营业务收入构成为：高档酒51.57%，中低档酒42.49%，其他(补充)3.99%，原酒1.42%，其他0.53%。\n中信尼雅所属申万行业为：食品饮料-非白酒-其他酒类。所属概念板块包括：葡萄酒、小盘、低价、乡村振兴、新疆振兴等。\n截至6月30日，中信尼雅股东户数2.57万，较上期减少0.50%；人均流通股43743股，较上期增加0.50%。2025年1月-6月，中信尼雅实现营业收入6963.51万元，同比增长4.05%；归母净利润67.15万元，同比增长113.44%。\n分红方面，中信尼雅A股上市后累计派现6503.92万元。近三年，累计派现0.00元。\n风险提示：市场有风险，投资需谨慎。本文为AI大模型自动发布，任何在本文出现的信息（包括但不限于个股、评论、预测、图表、指标、理论、任何形式的表述等）均只作为参考，不构成个人投资建议。",
    "highlightText": "",
    "highlightTitle": "",
    "highlightThreadTitle": "",
    "language": "chinese",
    "sentiment": "negative",
    "categories": [
        "Economy, Business and Finance",
        "Lifestyle and Leisure",
        "Social Issue"
    ],
    "topics": [
        "Economy, Business and Finance->financial service",
        "Lifestyle and Leisure->trend",
        "Lifestyle and Leisure->lifestyle",
        "Social Issue->communities",
        "Social Issue->social condition"
    ],
    "ai_allow": true,
    "has_canonical": false,
    "breaking": true,
    "webz_reporter": false,
    "external_links": [],
    "external_images": [],
    "internal_images": [],
    "entities": {
        "persons": [],
        "locations": [],
        "organizations": []
    },
    "syndication": {
        "syndicated": null,
        "syndicate_id": null,
        "first_syndicated": false
    },
    "trust": {
        "categories": [],
        "top_news": [
            "top_news_hk",
            "top_news_sg",
            "top_news_tw",
            "top_news"
        ],
        "bias": null,
        "source": {
            "type": null,
            "city": null,
            "state": null,
            "country": null,
            "domain_type": null,
            "agency": null,
            "organization_name": null
        }
    },
    "rating": null,
    "crawled": "2025-09-25T10:12:31.756+03:00",
    "updated": "2025-09-25T10:18:41.000+03:00"
}