{
    "thread": {
        "uuid": "5abfe2a59d604fcc1a56377d1e76f8c19a54b302",
        "url": "https://www.elperiodico.com/es/entre-todos/participacion/usos-comerciales-calles-peatonalizadas-consell-de-cent-pacificacion-carta-lector-elena-ramos-121855533",
        "site_full": "www.elperiodico.com",
        "site": "elperiodico.com",
        "site_section": "https://www.elperiodico.com/es/entre-todos/cartas-lectores/",
        "site_categories": [
            "media",
            "education",
            "entertainment",
            "top_news_co",
            "top_news_cl",
            "top_news_es",
            "top_news_pe",
            "top_news_ve",
            "top_news"
        ],
        "section_title": "Cartas de los lectores",
        "site_title": "El Periódico - Noticias y última hora de Catalunya, España y el mundo",
        "title": "\"¿De verdad caben todos los usos comerciales en las calles peatonalizadas?\"",
        "title_full": "\"¿De verdad caben todos los usos comerciales en las calles peatonalizadas?\"",
        "published": "2025-09-25T07:00:00.000+03:00",
        "replies_count": 0,
        "participants_count": 1,
        "site_type": "news",
        "country": "ES",
        "main_image": "https://estaticos-cdn.prensaiberica.es/clip/935478b5-ac6f-4206-a997-b0dc5fcc6e45_16-9-discover-aspect-ratio_default_0.jpg",
        "performance_score": 0,
        "domain_rank": 8057,
        "domain_rank_updated": "2025-09-22T00:00:00.000+03:00",
        "licensing_agency": [],
        "social": {
            "facebook": {
                "likes": 0,
                "comments": 0,
                "shares": 0
            },
            "vk": {
                "shares": 0
            }
        }
    },
    "uuid": "5abfe2a59d604fcc1a56377d1e76f8c19a54b302",
    "url": "https://www.elperiodico.com/es/entre-todos/participacion/usos-comerciales-calles-peatonalizadas-consell-de-cent-pacificacion-carta-lector-elena-ramos-121855533",
    "ord_in_thread": 0,
    "author": "Elena Ramos",
    "published": "2025-09-25T07:00:00.000+03:00",
    "title": "\"¿De verdad caben todos los usos comerciales en las calles peatonalizadas?\"",
    "text": "La plaza de Consell de Cent con Borrell, inútiul como zona infantil por culpa del tráfico imprudente. / A. de S.\nElena Ramos\nBarcelona 25 de septiembre del 2025. 06:00",
    "highlightText": "",
    "highlightTitle": "",
    "highlightThreadTitle": "",
    "language": "spanish",
    "sentiment": "negative",
    "categories": [
        "Social Issue",
        "Politics",
        "Lifestyle and Leisure"
    ],
    "topics": [
        "Social Issue->values",
        "Social Issue->social condition",
        "Politics->local government policy",
        "Politics->civil rights",
        "Politics->government",
        "Lifestyle and Leisure->lifestyle",
        "Lifestyle and Leisure->travel and tourism"
    ],
    "ai_allow": true,
    "has_canonical": false,
    "breaking": null,
    "webz_reporter": false,
    "external_links": [],
    "external_images": [],
    "internal_images": [],
    "entities": {
        "persons": [
            {
                "name": "Borrell",
                "sentiment": "negative"
            }
        ],
        "locations": [],
        "organizations": []
    },
    "syndication": {
        "syndicated": null,
        "syndicate_id": null,
        "first_syndicated": false
    },
    "trust": {
        "categories": [],
        "top_news": [
            "top_news_co",
            "top_news_cl",
            "top_news_es",
            "top_news_pe",
            "top_news_ve",
            "top_news"
        ],
        "bias": null,
        "source": {
            "type": null,
            "city": null,
            "state": null,
            "country": null,
            "domain_type": null,
            "agency": null,
            "organization_name": null
        }
    },
    "rating": null,
    "crawled": "2025-09-25T10:03:25.004+03:00",
    "updated": "2025-09-25T10:10:44.000+03:00"
}