{
    "thread": {
        "uuid": "67747f260eb1904d3197284b495529e70bc033e7",
        "url": "https://bvmsports.com/2025/09/24/angelillo-scores-as-pirates-fall-to-georgetown-at-home-3-1/",
        "site_full": "bvmsports.com",
        "site": "bvmsports.com",
        "site_section": "https://bvmsports.com/feed/articles-feed",
        "site_categories": [
            "uncategorized"
        ],
        "section_title": "BVM Sports - Articles",
        "site_title": "Your home for local sports and favorites - BVM Sports",
        "title": "Angelillo Scores as Pirates Fall to Georgetown at Home, 3-1",
        "title_full": "Angelillo Scores as Pirates Fall to Georgetown at Home, 3-1",
        "published": "2025-09-25T07:20:00.000+03:00",
        "replies_count": 0,
        "participants_count": 1,
        "site_type": "news",
        "country": "US",
        "main_image": "https://shupirates.com/images/logos/site/site.png",
        "performance_score": 0,
        "domain_rank": 141718,
        "domain_rank_updated": "2025-09-22T00:00:00.000+03:00",
        "licensing_agency": [],
        "social": {
            "facebook": {
                "likes": 0,
                "comments": 0,
                "shares": 0
            },
            "vk": {
                "shares": 0
            }
        }
    },
    "uuid": "67747f260eb1904d3197284b495529e70bc033e7",
    "url": "https://bvmsports.com/2025/09/24/angelillo-scores-as-pirates-fall-to-georgetown-at-home-3-1/",
    "ord_in_thread": 0,
    "author": "Via Seton Hall University Athletics",
    "published": "2025-09-25T07:20:00.000+03:00",
    "title": "Angelillo Scores as Pirates Fall to Georgetown at Home, 3-1",
    "text": "Angelillo Scores as Pirates Fall to Georgetown at Home, 3-1\nSouth Orange, N.J. – Gianna Angelillo scored her sixth goal of the season, but the Pirates dropped their BIG EAST home opener to Georgetown, 3-1, on Wednesday night at Owen T. Carroll Field.\nRead more at Seton Hall University Athletics",
    "highlightText": "",
    "highlightTitle": "",
    "highlightThreadTitle": "",
    "language": "english",
    "sentiment": "negative",
    "categories": [
        "Sport",
        "Lifestyle and Leisure",
        "Social Issue"
    ],
    "topics": [
        "Sport->sport event",
        "Sport->soccer",
        "Sport->sport achievement",
        "Lifestyle and Leisure->game",
        "Lifestyle and Leisure->exercise and fitness",
        "Social Issue->social condition",
        "Social Issue->communities",
        "Social Issue->demographics"
    ],
    "ai_allow": true,
    "has_canonical": false,
    "breaking": false,
    "webz_reporter": false,
    "external_links": [
        "https://shupirates.com/news/2025/9/24/womens-soccer-angelillo-scores-as-pirates-fall-to-georgetown-at-home-3-1",
        "https://www.shupirates.com/news/2025/9/24/womens-soccer-angelillo-scores-as-pirates-fall-to-georgetown-at-home-3-1"
    ],
    "external_images": [],
    "internal_images": [],
    "entities": {
        "persons": [
            {
                "name": "Gianna Angelillo",
                "sentiment": "none"
            }
        ],
        "locations": [],
        "organizations": [
            {
                "name": "Seton Hall University Athletics",
                "sentiment": "none",
                "tickers": []
            },
            {
                "name": "Pirates",
                "sentiment": "none",
                "tickers": [
                    {
                        "ticker": null,
                        "exchange": null
                    }
                ]
            }
        ]
    },
    "syndication": {
        "syndicated": false,
        "syndicate_id": null,
        "first_syndicated": false
    },
    "trust": {
        "categories": [],
        "top_news": [],
        "bias": null,
        "source": {
            "type": null,
            "city": null,
            "state": null,
            "country": null,
            "domain_type": null,
            "agency": null,
            "organization_name": null
        }
    },
    "rating": null,
    "crawled": "2025-09-25T07:37:36.188+03:00",
    "updated": "2025-09-25T07:43:19.000+03:00"
}