{
    "thread": {
        "uuid": "152f8d07b019ee32a0dce0bd7f8f1286a8b5e6ee",
        "url": "https://www.ridus.ru/v-volgograde-otmenili-chetyre-aviarejsa-v-moskvu-701255.html",
        "site_full": "www.ridus.ru",
        "site": "ridus.ru",
        "site_section": "http://www.ridus.ru/rss/news",
        "site_categories": [
            "media"
        ],
        "section_title": "Ридус",
        "site_title": "Ридус – интернет-газета. Свежие новости России и всего мира.",
        "title": "В Волгограде отменили четыре авиарейса в Москву",
        "title_full": "В Волгограде отменили четыре авиарейса в Москву",
        "published": "2025-09-25T08:56:00.000+03:00",
        "replies_count": 0,
        "participants_count": 1,
        "site_type": "news",
        "country": "RU",
        "main_image": "https://www.ridus.ru/img/nophoto.jpg",
        "performance_score": 0,
        "domain_rank": 53500,
        "domain_rank_updated": "2025-09-16T00:00:00.000+03:00",
        "licensing_agency": [],
        "social": {
            "facebook": {
                "likes": 0,
                "comments": 0,
                "shares": 0
            },
            "vk": {
                "shares": 0
            }
        }
    },
    "uuid": "152f8d07b019ee32a0dce0bd7f8f1286a8b5e6ee",
    "url": "https://www.ridus.ru/v-volgograde-otmenili-chetyre-aviarejsa-v-moskvu-701255.html",
    "ord_in_thread": 0,
    "author": "Ежов Арсений",
    "published": "2025-09-25T08:56:00.000+03:00",
    "title": "В Волгограде отменили четыре авиарейса в Москву",
    "text": "В Волгограде отменили четыре авиарейса в Москву\n- 25 сентября 2025 08:56\n-\nАрсений Ежов\nВ международном аэропорту Волгограда отменены вылет и прилет четырех рейсов, еще один рейс задерживается, следует из данных онлайн-табло воздушной гавани.\nСогласно онлайн-табло, отменены два рейса на вылет в Москву и два рейса на прилет из Москвы. Дополнительно отмечается задержка вылета борта в столицу.\nРанее Росавиация сообщала об инциденте в Шереметьево:\nсамолет Airbus A330 авиакомпании[Hainan Airlines], выполнявший оборотный рейс из Пекина, соприкоснулся с самолетом Superjet 100 авиакомпании «Россия», который находился в подготовке к вылету.\n, , , ,\n-\nТелеграм -\nДзен - Подписывайтесь на наши каналы и первыми узнавайте о главных новостях и важнейших событиях дня.",
    "highlightText": "",
    "highlightTitle": "",
    "highlightThreadTitle": "",
    "language": "russian",
    "sentiment": "negative",
    "categories": [
        "Lifestyle and Leisure",
        "Economy, Business and Finance",
        "Social Issue"
    ],
    "topics": [
        "Lifestyle and Leisure->travel and tourism",
        "Economy, Business and Finance->transport",
        "Economy, Business and Finance->business reporting and performance",
        "Social Issue->social services",
        "Social Issue->demographics",
        "Social Issue->social condition"
    ],
    "ai_allow": true,
    "has_canonical": false,
    "breaking": false,
    "webz_reporter": false,
    "external_links": [
        "https://t.me/+5gT-JdMEmmA1YmVi",
        "https://dzen.ru/ridus.ru?favid=254061078",
        "https://www.dzen.ru/ridus.ru?favid=254061078",
        "https://dzen.ru/ridus.ru",
        "https://www.t.me/+5gT-JdMEmmA1YmVi"
    ],
    "external_images": [],
    "internal_images": [],
    "entities": {
        "persons": [],
        "locations": [],
        "organizations": []
    },
    "syndication": {
        "syndicated": null,
        "syndicate_id": null,
        "first_syndicated": false
    },
    "trust": {
        "categories": [],
        "top_news": [],
        "bias": null,
        "source": {
            "type": null,
            "city": null,
            "state": null,
            "country": null,
            "domain_type": null,
            "agency": null,
            "organization_name": null
        }
    },
    "rating": null,
    "crawled": "2025-09-25T09:14:08.839+03:00",
    "updated": "2025-09-25T09:29:31.000+03:00"
}