{
    "thread": {
        "uuid": "9323905a8485c3de3ee701bbf1d5c4d5e16a9efc",
        "url": "https://www.atv.pe/noticia/agus-rey-cande-tinelli-se-burla-de-milett-cuando-marcelo-lo-anuncia-el-rompimiento/",
        "site_full": "www.atv.pe",
        "site": "atv.pe",
        "site_section": "https://www.atv.pe/programa/alto-al-crimen",
        "site_categories": [
            "media",
            "top_news_pe",
            "top_news"
        ],
        "section_title": "Alto al crimen - ATV - Atrevámonos",
        "site_title": "ATV - Atrevámonos",
        "title": "Agus Rey: \"Cande Tinelli se burla de Milett cuando Marcelo lo anuncia (el rompimiento)\" - ATV",
        "title_full": "Agus Rey: \"Cande Tinelli se burla de Milett cuando Marcelo lo anuncia (el rompimiento)\" - ATV",
        "published": "2025-09-25T06:16:00.000+03:00",
        "replies_count": 0,
        "participants_count": 1,
        "site_type": "news",
        "country": "PE",
        "main_image": "https://alba-pe-atv.cdn.mediatiquepress.com/wp-content/uploads/2025/09/candelaria-tinelli-milett.jpg",
        "performance_score": 5,
        "domain_rank": 144138,
        "domain_rank_updated": "2025-09-22T00:00:00.000+03:00",
        "licensing_agency": [],
        "social": {
            "facebook": {
                "likes": 63,
                "comments": 17,
                "shares": 1
            },
            "vk": {
                "shares": 0
            }
        }
    },
    "uuid": "9323905a8485c3de3ee701bbf1d5c4d5e16a9efc",
    "url": "https://www.atv.pe/noticia/agus-rey-cande-tinelli-se-burla-de-milett-cuando-marcelo-lo-anuncia-el-rompimiento/",
    "ord_in_thread": 0,
    "author": "Winny Moya",
    "published": "2025-09-25T06:16:00.000+03:00",
    "title": "Agus Rey: \"Cande Tinelli se burla de Milett cuando Marcelo lo anuncia (el rompimiento)\" - ATV",
    "text": "Nosotros y nuestros socios almacenamos o accedemos a información en un dispositivo, tales como cookies, y procesamos datos personales, tales como identificadores únicos e información estándar enviada por un dispositivo, para anuncios y contenido personalizados, medición de anuncios y del contenido e información sobre el público, así como para desarrollar y mejorar productos. Con su permiso, nosotros y nuestros socios podemos utilizar datos de localización geográfica precisa e identificación mediante las características de dispositivos. Puede hacer clic para otorgarnos su consentimiento a nosotros y a nuestros socios para que llevemos a cabo el procesamiento previamente descrito. De forma alternativa, puede acceder a información más detallada y cambiar sus preferencias antes de otorgar o negar su consentimiento. Tenga en cuenta que algún procesamiento de sus datos personales puede no requerir de su consentimiento, pero usted tiene el derecho de rechazar tal procesamiento. Sus preferencias se aplicarán solo a este sitio web. Puede cambiar sus preferencias en cualquier momento entrando de nuevo en este sitio web o visitando\nEste sitio web utiliza cookies propias y de terceros, para poder acceder y usar su información para las finalidades que se indican a continuación. Si no está de acuerdo con alguna de estas finalidades, podrá personalizar sus opciones a través de esta pantalla.",
    "highlightText": "",
    "highlightTitle": "",
    "highlightThreadTitle": "",
    "language": "spanish",
    "sentiment": "negative",
    "categories": [
        "Human Interest",
        "Social Issue",
        "Lifestyle and Leisure"
    ],
    "topics": [
        "Social Issue->demographics",
        "Social Issue->social condition",
        "Lifestyle and Leisure->lifestyle"
    ],
    "ai_allow": true,
    "has_canonical": false,
    "breaking": null,
    "webz_reporter": false,
    "external_links": [],
    "external_images": [],
    "internal_images": [],
    "entities": {
        "persons": [],
        "locations": [],
        "organizations": []
    },
    "syndication": {
        "syndicated": null,
        "syndicate_id": null,
        "first_syndicated": false
    },
    "trust": {
        "categories": [],
        "top_news": [
            "top_news_pe",
            "top_news"
        ],
        "bias": null,
        "source": {
            "type": null,
            "city": null,
            "state": null,
            "country": null,
            "domain_type": null,
            "agency": null,
            "organization_name": null
        }
    },
    "rating": null,
    "crawled": "2025-09-25T09:41:41.180+03:00",
    "updated": "2025-09-25T09:50:16.000+03:00"
}