{
    "thread": {
        "uuid": "10e3bd2327f595d11fe7f80a83117a22f7181fbc",
        "url": "https://der-farang.com/de/pages/tourismus-in-thailand-sinkt-um-sechs-prozent",
        "site_full": "der-farang.com",
        "site": "der-farang.com",
        "site_section": "https://der-farang.com/de",
        "site_categories": [
            "media"
        ],
        "section_title": "DER FARANG",
        "site_title": "DER FARANG",
        "title": "Tourismus in Thailand sinkt um sechs Prozent",
        "title_full": "Tourismus in Thailand sinkt um sechs Prozent",
        "published": "2025-09-25T03:00:00.000+03:00",
        "replies_count": 0,
        "participants_count": 1,
        "site_type": "news",
        "country": "TH",
        "main_image": "https://files.der-farang.com/cache/700x0/1/0/files/page/4b/4d/49/tourismus-in-thailand-sinkt-um-sechs-prozent-55b3.jpg",
        "performance_score": 0,
        "domain_rank": 148154,
        "domain_rank_updated": "2025-09-22T00:00:00.000+03:00",
        "licensing_agency": [],
        "social": {
            "facebook": {
                "likes": 0,
                "comments": 0,
                "shares": 0
            },
            "vk": {
                "shares": 0
            }
        }
    },
    "uuid": "10e3bd2327f595d11fe7f80a83117a22f7181fbc",
    "url": "https://der-farang.com/de/pages/tourismus-in-thailand-sinkt-um-sechs-prozent",
    "ord_in_thread": 0,
    "author": "Björn Jahner",
    "published": "2025-09-25T03:00:00.000+03:00",
    "title": "Tourismus in Thailand sinkt um sechs Prozent",
    "text": "BANGKOK: Die Thailändische Tourismusbehörde (TAT) rechnet in diesem Jahr mit 33,4 Millionen ausländischen Besuchern – ein Rückgang um sechs Prozent im Vergleich zum Vorjahr. Verantwortlich dafür sind vor allem Rückgänge aus Südostasien und Ostasien.\nFür die letzten drei Monate des Jahres prognostiziert die Behörde 2,62 Millionen Reisende im Oktober, 3,07 Millionen im November und 3,63 Millionen im Dezember.\nRückgang aus Asien, Vietnams Zahlen steigen\nBesonders deutlich ist der Einbruch aus Ostasien: Hier wird ein Minus von 25 Prozent erwartet, das vor allem auf die stark gesunkene Zahl chinesischer Besucher zurückzuführen ist. Auch aus Taiwan, Hongkong und Südkorea kommen weniger Urlauber, während der japanische Markt stabil bleibt, erklärte Rung Kanjanaviroj, Planungsdirektorin der TAT. In Südostasien fällt insbesondere die Zahl malaysischer Gäste, während Vietnam als Konkurrent boomt: Dort wurden in den ersten acht Monaten 2025 fast 14 Millionen ausländische Touristen gezählt – ein Plus von 21,7 Prozent.\nWachstum in Europa, Druck aus Asien steigt\nPositiv ist die Entwicklung auf anderen Märkten: Aus Europa rechnet die TAT mit einem Zuwachs von 15 Prozent, aus Südasien, Amerika und Ozeanien mit jeweils acht Prozent und aus dem Nahen Osten mit vier Prozent. Dennoch bleibe die Lage herausfordernd. Angesichts der schwachen Weltwirtschaft sei es schwierig, die Ausgaben pro Tourist zu steigern, so Rung. Hinzu kämen Sicherheitsbedenken und die angespannte Lage an der Grenze zu Kambodscha. Für 2026 erwartet die Behörde zudem härtere Konkurrenz durch China, das mit verbesserter Infrastruktur unabhängige Reisen erleichtert, und durch Vietnam, das gezielt künstliche Attraktionen zu wettbewerbsfähigen Preisen entwickelt.\nAufwertung des Baht trifft Export und Tourismus\nAuch der starke Baht belastet die Branche. Laut Kriengkrai Thiennukul, Vorsitzender der Föderation der thailändischen Industrie (FTI), hat die Währung gegenüber dem US-Dollar den höchsten Stand seit vier Jahren erreicht. Dies treffe nicht nur die Exporte, sondern mache Thailand auch für Touristen teurer – während etwa Japans schwacher Yen und Vietnams abgewerteter Dong Reisende begünstigten. Kriengkrai betonte die Bedeutung von Investitionen in neue Attraktionen und rief dazu auf, nachhaltigen Tourismus stärker zu fördern. Gelinge es Thailand, zusätzliche Märkte zu erschließen, seien langfristig bis zu 70 Millionen Besucher jährlich möglich, die mehr als ein Fünftel zur Wirtschaftsleistung des Landes beitragen könnten.",
    "highlightText": "",
    "highlightTitle": "",
    "highlightThreadTitle": "",
    "language": "german",
    "sentiment": "negative",
    "categories": [
        "Economy, Business and Finance",
        "Social Issue",
        "Lifestyle and Leisure"
    ],
    "topics": [
        "Economy, Business and Finance->tourism and leisure industry",
        "Economy, Business and Finance->business information",
        "Economy, Business and Finance->economy",
        "Social Issue->population and census",
        "Social Issue->social problem",
        "Social Issue->demographics",
        "Lifestyle and Leisure->travel and tourism"
    ],
    "ai_allow": true,
    "has_canonical": false,
    "breaking": null,
    "webz_reporter": false,
    "external_links": [],
    "external_images": [],
    "internal_images": [],
    "entities": {
        "persons": [
            {
                "name": "Rung Kanjanaviroj",
                "sentiment": "none"
            }
        ],
        "locations": [
            {
                "name": "BANGKOK",
                "sentiment": "none"
            },
            {
                "name": "Südostasien",
                "sentiment": "none"
            },
            {
                "name": "Hongkong",
                "sentiment": "none"
            },
            {
                "name": "Vietnams",
                "sentiment": "none"
            },
            {
                "name": "Südkorea",
                "sentiment": "none"
            },
            {
                "name": "Taiwan",
                "sentiment": "none"
            },
            {
                "name": "Europa",
                "sentiment": "none"
            }
        ],
        "organizations": [
            {
                "name": "TAT",
                "sentiment": "none",
                "tickers": [
                    {
                        "ticker": null,
                        "exchange": null
                    }
                ]
            }
        ]
    },
    "syndication": {
        "syndicated": null,
        "syndicate_id": null,
        "first_syndicated": false
    },
    "trust": {
        "categories": [],
        "top_news": [],
        "bias": null,
        "source": {
            "type": null,
            "city": null,
            "state": null,
            "country": null,
            "domain_type": null,
            "agency": null,
            "organization_name": null
        }
    },
    "rating": null,
    "crawled": "2025-09-25T07:41:24.067+03:00",
    "updated": "2025-09-25T07:50:32.000+03:00"
}