{
    "thread": {
        "uuid": "ce7cbf810277dbf9966d175be87b453ffd55f126",
        "url": "https://article.wn.com/view/2025/06/12/Loyola_International_School_honoured_with_Diamond_Award_for_",
        "site_full": "article.wn.com",
        "site": "wn.com",
        "site_section": "https://wn.com/world",
        "site_categories": [
            "media"
        ],
        "section_title": "World News - World",
        "site_title": "World News",
        "title": "Loyola International School honoured with Diamond Award for values-based excellence - Worldnews.com",
        "title_full": "Loyola International School honoured with Diamond Award for values-based excellence - Worldnews.com",
        "published": "2025-06-12T03:00:00.000+03:00",
        "replies_count": 0,
        "participants_count": 0,
        "site_type": "news",
        "country": "US",
        "main_image": "",
        "performance_score": 0,
        "domain_rank": 3835,
        "domain_rank_updated": "2025-06-03T00:00:00.000+03:00",
        "licensing_agency": [],
        "social": {
            "facebook": {
                "likes": 0,
                "comments": 0,
                "shares": 0
            },
            "vk": {
                "shares": 0
            }
        }
    },
    "uuid": "ce7cbf810277dbf9966d175be87b453ffd55f126",
    "url": "https://article.wn.com/view/2025/06/12/Loyola_International_School_honoured_with_Diamond_Award_for_",
    "ord_in_thread": 0,
    "author": null,
    "published": "2025-06-12T03:00:00.000+03:00",
    "title": "Loyola International School honoured with Diamond Award for values-based excellence - Worldnews.com",
    "text": "Doha, Qatar: Loyola International School has once again made its mark in Qatar’s educational landscape by earning the prestigious Diamond Category Award for the 2024–25 academic year, under the ‘My Values My Identity’ initiative led by the Tarbeya Center at the Ministry of Education and Higher Education (MOEHE). The",
    "highlightText": "",
    "highlightTitle": "",
    "highlightThreadTitle": "",
    "language": "english",
    "sentiment": "positive",
    "categories": [
        "Education",
        "Human Interest",
        "Social Issue"
    ],
    "topics": [
        "Education->private school",
        "Education->students",
        "Education->school",
        "Human Interest->award and prize",
        "Social Issue->social services",
        "Social Issue->communities",
        "Social Issue->values"
    ],
    "ai_allow": true,
    "has_canonical": false,
    "breaking": null,
    "webz_reporter": false,
    "external_links": [],
    "entities": {
        "persons": [],
        "locations": [],
        "organizations": [
            {
                "name": "Loyola International School",
                "sentiment": "negative",
                "tickers": []
            }
        ]
    },
    "syndication": {
        "syndicated": false,
        "syndicate_id": null,
        "first_syndicated": false
    },
    "trust": {
        "categories": [],
        "top_news": [],
        "bias": "center"
    },
    "rating": null,
    "crawled": "2025-06-12T10:00:55.725+03:00",
    "updated": "2025-06-12T07:07:25.000+00:00"
}