{
    "thread": {
        "uuid": "be30107f4a4188afc256b59427cec5cd7de61aa5",
        "url": "https://www.miragenews.com/privacy-awareness-week-nsw-2025-1476711",
        "site_full": "www.miragenews.com",
        "site": "miragenews.com",
        "site_section": "https://www.miragenews.com/complaints",
        "site_categories": [
            "media"
        ],
        "section_title": "Complaints | Mirage News",
        "site_title": "Australia&#039;s 24/7 live news &amp; media portal | Mirage News",
        "title": "Privacy Awareness Week NSW 2025 | Mirage News",
        "title_full": "Privacy Awareness Week NSW 2025 | Mirage News",
        "published": "2025-06-12T08:54:00.000+03:00",
        "replies_count": 0,
        "participants_count": 1,
        "site_type": "news",
        "country": "AU",
        "main_image": "https://www.wentworth.nsw.gov.au/wp-content/uploads/2025/06/PAW-2025-Generic-Campaign-Image-1030x518.png",
        "performance_score": 0,
        "domain_rank": 11270,
        "domain_rank_updated": "2025-06-03T00:00:00.000+03:00",
        "licensing_agency": [],
        "social": {
            "facebook": {
                "likes": 0,
                "comments": 0,
                "shares": 0
            },
            "vk": {
                "shares": 0
            }
        }
    },
    "uuid": "be30107f4a4188afc256b59427cec5cd7de61aa5",
    "url": "https://www.miragenews.com/privacy-awareness-week-nsw-2025-1476711",
    "ord_in_thread": 0,
    "author": "Mirage News",
    "published": "2025-06-12T08:54:00.000+03:00",
    "title": "Privacy Awareness Week NSW 2025 | Mirage News",
    "text": "Privacy Awareness Week is a global campaign that involves both public sector agencies and citizens and aims to improve understanding and awareness of NSW privacy legislation, and to raise awareness of a person's privacy rights and agency obligations.\nPrivacy Awareness Week NSW takes place from 16 - 22 June 2025 and this year's theme is Privacy - it's everyone's business and focuses on privacy being a shared responsibility where everyone has an important role to play. By working together, the protection and security of personal information can be maintained.\nWentworth Shire Council is a proud Champion of Privacy Awareness Week NSW 2025 and is committed to protecting the privacy of NSW citizens.\nIn NSW, your privacy is protected by the:\n- Privacy and Personal Information Protection Act 1998 (PPIP Act) which outlines how NSW public sector agencies, including government agencies, local councils, State-Owned Corporations and universities, manage and protect personal information\n- Health Records Information Privacy Act 2002 (HRIP Act) which promotes fair and responsible handling of health information. The HRIP Act applies to an organisation in NSW that is a health service provider or that collects, holds or uses health information. This includes both public and private sector organisations.\nThis Privacy Awareness Week, [consider these privacy protection measures to help you be more privacy-conscious:]\n- Protecting your privacy starts with being cautious about what you share. Think twice before posting personal details on social media or other platforms. Only connect and share with people you know.\n- Use strong, unique passwords for different accounts. This helps prevent unauthorised access to your personal information. Regularly update your passwords to enhance security and enable two-factor authentication wherever possible.\n- Be cautious of phishing scams and unsolicited requests for personal information. Verify the source before providing any details.\n- Shred unwanted papers that show your personal information.\n- Report any data breaches or suspicious activity to the relevant authorities. Stay vigilant and proactive in protecting your information.\nAs a member of the public, you have a right to have your personal information protected. If you are concerned about a breach of your privacy by Wentworth Shire Council, you can request us to conduct an internal privacy review. Learn more here Wentworth Shire Council Privacy Management Plan.\nThe Information and Privacy Commission (IPC) can also help you understand privacy laws in NSW and give you information on how to protect your personal information and assert your rights. Learn more by visiting the Privacy Awareness Week webpage www.ipc.nsw.gov.au/PAWNSW2025\nhere.",
    "highlightText": "",
    "highlightTitle": "",
    "highlightThreadTitle": "",
    "language": "english",
    "sentiment": "positive",
    "categories": [
        "Health",
        "Social Issue",
        "Education"
    ],
    "topics": [
        "Health->public health",
        "Social Issue->social services",
        "Social Issue->demographics",
        "Social Issue->social networking"
    ],
    "ai_allow": true,
    "has_canonical": false,
    "breaking": null,
    "webz_reporter": false,
    "external_links": [
        "https://www.wentworth.nsw.gov.au/council/publications-policies-forms/council-publications/#tab-id-3",
        "https://www.ipc.nsw.gov.au/privacy-awareness-week-nsw-2025",
        "https://wentworth.nsw.gov.au/council/publications-policies-forms/council-publications/#tab-id-3",
        "https://ipc.nsw.gov.au/privacy-awareness-week-nsw-2025"
    ],
    "entities": {
        "persons": [],
        "locations": [],
        "organizations": [
            {
                "name": "Wentworth Shire Council",
                "sentiment": "none",
                "tickers": []
            }
        ]
    },
    "syndication": {
        "syndicated": false,
        "syndicate_id": null,
        "first_syndicated": false
    },
    "trust": {
        "categories": [],
        "top_news": [],
        "bias": null
    },
    "rating": null,
    "crawled": "2025-06-12T10:02:00.696+03:00",
    "updated": "2025-06-12T07:07:46.000+00:00"
}