{
    "thread": {
        "uuid": "f168ca031419f402ec4390336c289554dc536b9e",
        "url": "https://www.nation.com.pk/12-Jun-2025/experts-appreciate-agri-graduates-training-in-china",
        "site_full": "www.nation.com.pk",
        "site": "nation.com.pk",
        "site_section": "https://agriculture.einnews.com/rss",
        "site_categories": [
            "top_news_pk",
            "top_news"
        ],
        "section_title": "Agriculture News",
        "site_title": null,
        "title": "Experts appreciate agri graduates' training in China",
        "title_full": "Experts appreciate agri graduates' training in China",
        "published": "2025-06-12T04:17:00.000+03:00",
        "replies_count": 0,
        "participants_count": 1,
        "site_type": "news",
        "country": "PK",
        "main_image": "https://www.nation.com.pk/assets/thenation_202006/images/no-image-large.jpg",
        "performance_score": 0,
        "domain_rank": 12129,
        "domain_rank_updated": "2025-06-03T00:00:00.000+03:00",
        "licensing_agency": [],
        "social": {
            "facebook": {
                "likes": 0,
                "comments": 0,
                "shares": 0
            },
            "vk": {
                "shares": 0
            }
        }
    },
    "uuid": "f168ca031419f402ec4390336c289554dc536b9e",
    "url": "https://www.nation.com.pk/12-Jun-2025/experts-appreciate-agri-graduates-training-in-china",
    "ord_in_thread": 0,
    "author": "NEWS WIRE",
    "published": "2025-06-12T04:17:00.000+03:00",
    "title": "Experts appreciate agri graduates' training in China",
    "text": "MULTAN - Agriculture experts have termed the federal government’s decision to send 300 agricultural graduates to China a landmark initiative that reflects serious intent to modernize the country’s farming sector. In his remarks, Dr Shakeel Ahmed, a teacher at Nawaz Sharif Agricultural University, said the federal budget 2025–26 offered balanced and progressive measures for agriculture. He lauded the plan to train graduates in China, calling it a vital move to equip the next generation of agronomists with modern techniques and innovations. “The initiative will expose our youth to China’s advanced agricultural practices, including precision farming, smart irrigation, and climate-resilient crop management,” Dr Shakeel noted. “Such exposure will help strengthen Pakistan’s food security, enhance crop productivity, and promote sustainable farming.” He also appreciated the allocation of Rs4 billion for livestock development and the provision of interest-free loans up to Rs100,000 for small-scale farmers, describing these as “serious and much-needed interventions to support rural livelihoods.” Local farmers echoed these sentiments, welcoming the budgetary focus on agriculture. Ahmad Nawaz, a progressive farmer, called the training programme in China a visionary step and said it would encourage younger generations to view agriculture as a modern, technology-driven profession. Ashnaq Wattoo, a farmer from Vehari, said the move would help reduce production costs and improve efficiency by adopting tried-and-tested international practices. Amir Hamza, who works in the livestock sector, said the Rs4 billion allocation could revive dairy and meat production, especially in rural areas. The farmers agreed that such initiatives were long overdue and expressed hope that consistent implementation would lead to increased productivity, higher incomes, and long-term food security.",
    "highlightText": "",
    "highlightTitle": "",
    "highlightThreadTitle": "",
    "language": "english",
    "sentiment": "positive",
    "categories": [
        "Education",
        "Human Interest"
    ],
    "topics": [
        "Education->vocational education",
        "Education->students",
        "Education->college and university",
        "Human Interest->graduation"
    ],
    "ai_allow": true,
    "has_canonical": false,
    "breaking": null,
    "webz_reporter": false,
    "external_links": [],
    "entities": {
        "persons": [
            {
                "name": "Shakeel Ahmed",
                "sentiment": "none"
            }
        ],
        "locations": [],
        "organizations": [
            {
                "name": "Nawaz Sharif Agricultural University",
                "sentiment": "none",
                "tickers": []
            }
        ]
    },
    "syndication": {
        "syndicated": false,
        "syndicate_id": null,
        "first_syndicated": false
    },
    "trust": {
        "categories": [],
        "top_news": [
            "top_news_pk",
            "top_news"
        ],
        "bias": "center"
    },
    "rating": null,
    "crawled": "2025-06-12T10:24:37.645+03:00",
    "updated": "2025-06-13T08:06:55.000+00:00"
}