{
    "thread": {
        "uuid": "9da30bc66f47d6050f1f9462d99d7b4514a97d5d",
        "url": "https://www.newsitem.com/news/school_news/shamokin-area-students-become-environmental-education-leaders-through-eels-program/article_21453000-f2b3-4e1a-8991-62b9ffa4a681.html",
        "site_full": "www.newsitem.com",
        "site": "newsitem.com",
        "site_section": "https://newsitem.com",
        "site_categories": [
            "media"
        ],
        "section_title": "newsitem.com | Your Source for Local Breaking News",
        "site_title": "newsitem.com | Your Source for Local Breaking News",
        "title": "Shamokin Area students become environmental education leaders through EELS program | School News | newsitem.com",
        "title_full": "Shamokin Area students become environmental education leaders through EELS program | School News | newsitem.com",
        "published": "2025-06-12T05:00:00.000+03:00",
        "replies_count": 0,
        "participants_count": 1,
        "site_type": "news",
        "country": "US",
        "main_image": "https://bloximages.chicago2.vip.townnews.com/newsitem.com/content/tncms/assets/v3/editorial/9/48/94890d43-34c4-48db-8d7f-eb7001a9341b/684a0472bcf0f.image.jpg?crop=1662%2C873%2C0%2C187&amp;resize=1200%2C630&amp;order=crop%2Cresize",
        "performance_score": 0,
        "domain_rank": 139747,
        "domain_rank_updated": "2025-06-03T00:00:00.000+03:00",
        "licensing_agency": [],
        "social": {
            "facebook": {
                "likes": 0,
                "comments": 0,
                "shares": 0
            },
            "vk": {
                "shares": 0
            }
        }
    },
    "uuid": "9da30bc66f47d6050f1f9462d99d7b4514a97d5d",
    "url": "https://www.newsitem.com/news/school_news/shamokin-area-students-become-environmental-education-leaders-through-eels-program/article_21453000-f2b3-4e1a-8991-62b9ffa4a681.html",
    "ord_in_thread": 0,
    "author": "Mackenzie Witt",
    "published": "2025-06-12T05:00:00.000+03:00",
    "title": "Shamokin Area students become environmental education leaders through EELS program | School News | newsitem.com",
    "text": "COAL TOWNSHIP — A group of Shamokin Area High School students is making waves in local environmental education, thanks to their participation in the Environmental Education Leadership for Students (EELS) program at Susquehanna University’s field station.\nTwenty students from Shamokin Area participated in a full-day training at Susquehanna University’s field station, where they engaged in interactive modules focused on environmental storytelling, planning for diverse audiences and integrating technology into environmental education.",
    "highlightText": "",
    "highlightTitle": "",
    "highlightThreadTitle": "",
    "language": "english",
    "sentiment": "positive",
    "categories": [
        "Education",
        "Social Issue"
    ],
    "topics": [
        "Education->students",
        "Education->curriculum",
        "Social Issue->social services"
    ],
    "ai_allow": true,
    "has_canonical": false,
    "breaking": null,
    "webz_reporter": false,
    "external_links": [],
    "entities": {
        "persons": [],
        "locations": [],
        "organizations": [
            {
                "name": "Shamokin Area High School",
                "sentiment": "none",
                "tickers": []
            },
            {
                "name": "Susquehanna University",
                "sentiment": "none",
                "tickers": []
            }
        ]
    },
    "syndication": {
        "syndicated": false,
        "syndicate_id": null,
        "first_syndicated": false
    },
    "trust": {
        "categories": [],
        "top_news": [],
        "bias": null
    },
    "rating": null,
    "crawled": "2025-06-12T10:20:25.386+03:00",
    "updated": "2025-06-12T07:24:55.000+00:00"
}