{
    "thread": {
        "uuid": "e873b3ab5480044f8f3ea2293c2a520c902b0c1c",
        "url": "https://news.bjd.com.cn/2025/06/12/11196202.shtml",
        "site_full": "news.bjd.com.cn",
        "site": "bjd.com.cn",
        "site_section": "http://www.bjd.com.cn",
        "site_categories": [],
        "section_title": "京报网",
        "site_title": null,
        "title": "海报｜殡葬专业凭啥吸引00后_京报网",
        "title_full": "海报｜殡葬专业凭啥吸引00后_京报网",
        "published": "2025-06-12T09:43:00.000+03:00",
        "replies_count": 0,
        "participants_count": 1,
        "site_type": "news",
        "country": "CN",
        "main_image": "",
        "performance_score": 0,
        "domain_rank": 14314,
        "domain_rank_updated": "2025-06-03T00:00:00.000+03:00",
        "licensing_agency": [],
        "social": {
            "facebook": {
                "likes": 0,
                "comments": 0,
                "shares": 0
            },
            "vk": {
                "shares": 0
            }
        }
    },
    "uuid": "e873b3ab5480044f8f3ea2293c2a520c902b0c1c",
    "url": "https://news.bjd.com.cn/2025/06/12/11196202.shtml",
    "ord_in_thread": 0,
    "author": "记者 美编 温辉 美编 吴薇",
    "published": "2025-06-12T09:43:00.000+03:00",
    "title": "海报｜殡葬专业凭啥吸引00后_京报网",
    "text": "去年6月，民政职业大学推出现代殡葬管理专业，成为全国惟一的殡葬领域本科专业。如今，首届殡葬专业本科生已经入学一年。在去年高考录取中，现代殡葬管理专业录取分数平均比当地本科线高出60分，甚至还吸引了分数超600分的高分考生报考。为何殡葬专业成为热门专业？为何这么多高分考生愿意学殡葬？记者走进民政职业大学一探究竟。（长按图片扫码看详情）\n 更多热点速报、权威资讯、深度分析尽在北京日报App\n来源：北京日报客户端\n流程编辑：U072\n如遇作品内容、版权等问题，请在相关文章刊发之日起30日内与本网联系。版权侵权联系电话：010-85202353",
    "highlightText": "",
    "highlightTitle": "",
    "highlightThreadTitle": "",
    "language": "chinese",
    "sentiment": "positive",
    "categories": [
        "Education",
        "Human Interest",
        "Social Issue"
    ],
    "topics": [
        "Education->educational grading",
        "Education->vocational education",
        "Education->college and university",
        "Human Interest->funeral and memorial service",
        "Social Issue->death and dying",
        "Social Issue->social services"
    ],
    "ai_allow": true,
    "has_canonical": false,
    "breaking": null,
    "webz_reporter": false,
    "external_links": [],
    "entities": {
        "persons": [],
        "locations": [],
        "organizations": []
    },
    "syndication": {
        "syndicated": null,
        "syndicate_id": null,
        "first_syndicated": false
    },
    "trust": {
        "categories": [],
        "top_news": [],
        "bias": null
    },
    "rating": null,
    "crawled": "2025-06-12T10:43:49.124+03:00",
    "updated": "2025-06-12T07:50:01.000+00:00"
}