{
    "thread": {
        "uuid": "e1e4281b6c94985bcf153efaf636175141658373",
        "url": "https://www.kkco11news.com/2025/12/18/wind-warnings-faded-warm-temperatures-have-not/",
        "site_full": "www.kkco11news.com",
        "site": "kkco11news.com",
        "site_section": "https://www.kkco11news.com:443/powernation",
        "site_categories": [],
        "section_title": "POWERNATION",
        "site_title": "KKCO 11 News - First Alert Weather - Grand Junction, CO",
        "title": "Wind Warnings Faded, but the Warm Temperatures Have Not",
        "title_full": "Wind Warnings Faded, but the Warm Temperatures Have Not",
        "published": "2025-12-18T18:42:00.000+02:00",
        "replies_count": 0,
        "participants_count": 1,
        "site_type": "news",
        "country": "US",
        "main_image": "https://gray-kkco-prod.gtv-cdn.com/resizer/v2/A7PXIAO4RJB2DLGDWREYUI3MQ4.jpg?auth=0835f88c285e85e958c2a30e7c822b2ef52d0fbd5bd7b27ac42d33ac6ddf41c9&amp;width=1200&amp;height=600&amp;smart=true",
        "performance_score": 0,
        "domain_rank": 428191,
        "domain_rank_updated": "2025-12-14T23:00:00.000+02:00",
        "licensing_agency": [],
        "social": {
            "facebook": {
                "likes": 0,
                "comments": 0,
                "shares": 0
            },
            "vk": {
                "shares": 0
            }
        }
    },
    "uuid": "e1e4281b6c94985bcf153efaf636175141658373",
    "url": "https://www.kkco11news.com/2025/12/18/wind-warnings-faded-warm-temperatures-have-not/",
    "ord_in_thread": 0,
    "author": "@KKCO11News",
    "published": "2025-12-18T18:42:00.000+02:00",
    "title": "Wind Warnings Faded, but the Warm Temperatures Have Not",
    "text": "Wind Warnings Faded, but the Warm Temperatures Have Not\nThe warming ridge may only continue to intensify in the coming days.\nGRAND JUNCTION, Colo. (KKCO) -\nHigh winds and snowfall impacted the Northern Mountains overnight. The Front Range also endured powerful wind gusts yesterday. Wind is still impacting the Eastern Plains and Central Mountains this morning, but most precipitation has dissipated.\nWestern Colorado and the Southwestern United States did not experience heavy winds or turbulent weather to the same extent because a high-pressure ridge continues to control the weather, keeping things mild and clear. The temperatures have fallen slightly in response to the surrounding turbulence, but remain unseasonably warm.\nThere is no cooling on the horizon for Western Colorado. Temperatures will rise over the next five days. The high-pressure ridge will move closer to Colorado day by day, eventually centering over the state. Once the epicenter of the warming ridge is over the state, temperatures will hit nearly 60°.\nLong Term:\nLong-range forecast models have begun to show very minor signs of a potential cool-down and shower system late next week. Favoritism for this change may not hold up over the coming days, but the First Alert Weather Team will continue to monitor it.\nCopyright 2025 KKCO. All rights reserved.",
    "highlightText": "",
    "highlightTitle": "",
    "highlightThreadTitle": "",
    "language": "english",
    "sentiment": "positive",
    "categories": [
        "Weather"
    ],
    "topics": [
        "Weather->weather warning",
        "Weather->weather statistic"
    ],
    "ai_allow": true,
    "has_canonical": false,
    "breaking": false,
    "webz_reporter": false,
    "external_links": [],
    "external_images": [],
    "internal_images": [],
    "entities": {
        "persons": [],
        "locations": [],
        "organizations": []
    },
    "syndication": {
        "syndicated": false,
        "syndicate_id": "e1e4281b6c94985bcf153efaf636175141658373",
        "first_syndicated": true
    },
    "trust": {
        "categories": null,
        "top_news": [],
        "bias": null,
        "source": {
            "type": "local_news",
            "city": [
                "Clifton",
                "Palisade",
                "Orchard Mesa",
                "Loma",
                "Grand Junction",
                "Fruita",
                "Collbran"
            ],
            "state": [
                "Colorado"
            ],
            "country": [
                "US"
            ],
            "domain_type": null,
            "agency": null,
            "organization_name": null
        }
    },
    "rating": null,
    "crawled": "2025-12-18T18:52:41.237+02:00",
    "updated": "2025-12-18T18:56:48.000+02:00"
}