{
    "thread": {
        "uuid": "46862317e084a147b8dcf987bdd66d9a910beee5",
        "url": "https://www.newsbreak.com/news/4404699302039-a-frigid-friday-morning-but-warmer-weather-is-en-route",
        "site_full": "www.newsbreak.com",
        "site": "newsbreak.com",
        "site_section": "https://www.newsbreak.com/batavia-ia",
        "site_categories": [
            "under_construction"
        ],
        "section_title": "Batavia, IA Local News and More | NewsBreak",
        "site_title": "NewsBreak: Local News &amp; Alerts",
        "title": "A frigid Friday morning but warmer weather is en route! - NewsBreak",
        "title_full": "A frigid Friday morning but warmer weather is en route! - NewsBreak",
        "published": "2025-12-19T14:00:00.000+02:00",
        "replies_count": 0,
        "participants_count": 1,
        "site_type": "news",
        "country": "US",
        "main_image": "https://img.particlenews.com/img/id/2srK7J_17SGtVJ800",
        "performance_score": 0,
        "domain_rank": 2819,
        "domain_rank_updated": "2025-12-14T23:00:00.000+02:00",
        "licensing_agency": [],
        "social": {
            "facebook": {
                "likes": 0,
                "comments": 0,
                "shares": 0
            },
            "vk": {
                "shares": 0
            }
        }
    },
    "uuid": "46862317e084a147b8dcf987bdd66d9a910beee5",
    "url": "https://www.newsbreak.com/news/4404699302039-a-frigid-friday-morning-but-warmer-weather-is-en-route",
    "ord_in_thread": 0,
    "author": "Justin Roberts",
    "published": "2025-12-19T14:00:00.000+02:00",
    "title": "A frigid Friday morning but warmer weather is en route! - NewsBreak",
    "text": "By Justin Roberts ,\n39 minutes ago OTTUMWA, Iowa (KYOU) - A much different scene this morning from yesterday morning as the day starts with single digits and wind chills near zero if not below. Look for partly sunny skies and highs warming to the mid and upper 20s. A slow warming trend shapes up with temps only dropping to the low 20s overnight into Saturday, before another cold front brings another briefly colder air mass. The weekend is dry with temps varying from the 30s to lower 40s. Significantly warmer temperatures are likely next week with the warmest day of the week now slated for Christmas Day. Read full article\nRead in NewsBreak",
    "highlightText": "",
    "highlightTitle": "",
    "highlightThreadTitle": "",
    "language": "english",
    "sentiment": "positive",
    "categories": [
        "Weather"
    ],
    "topics": [
        "Weather->weather forecast"
    ],
    "ai_allow": true,
    "has_canonical": false,
    "breaking": false,
    "webz_reporter": false,
    "external_links": [],
    "external_images": [],
    "internal_images": [],
    "entities": {
        "persons": [],
        "locations": [],
        "organizations": []
    },
    "syndication": {
        "syndicated": false,
        "syndicate_id": null,
        "first_syndicated": false
    },
    "trust": {
        "categories": [
            "fake_news"
        ],
        "top_news": [],
        "bias": "center",
        "source": {
            "type": "local_news",
            "city": [
                "Batavia"
            ],
            "state": [
                "Iowa"
            ],
            "country": [
                "US"
            ],
            "domain_type": null,
            "agency": null,
            "organization_name": null
        }
    },
    "rating": null,
    "crawled": "2025-12-19T14:41:54.936+02:00",
    "updated": "2025-12-19T14:45:43.000+02:00"
}