{
    "thread": {
        "uuid": "ab8694073bad00b96fd139f3ffeafd8a5881db64",
        "url": "https://finance.sina.com.cn/roll/2025-12-19/doc-inhchsqt7885038.shtml",
        "site_full": "finance.sina.com.cn",
        "site": "sina.com.cn",
        "site_section": "https://finance.sina.cn/",
        "site_categories": [
            "tech",
            "top_news_hk",
            "top_news_sg",
            "top_news_tw",
            "top_news"
        ],
        "section_title": "新浪财经_金融信息服务商",
        "site_title": "æ°æµªè´¢ç»_éèä¿¡æ¯æå¡å",
        "title": "英媒：2025年成为英国115年来\"最阳光\"一年|英国_新浪财经_新浪网",
        "title_full": "英媒：2025年成为英国115年来\"最阳光\"一年|英国_新浪财经_新浪网",
        "published": "2025-12-19T00:50:00.000+02:00",
        "replies_count": 0,
        "participants_count": 1,
        "site_type": "news",
        "country": "CN",
        "main_image": "",
        "performance_score": 0,
        "domain_rank": 548,
        "domain_rank_updated": "2025-12-14T23:00:00.000+02:00",
        "licensing_agency": [],
        "social": {
            "facebook": {
                "likes": 0,
                "comments": 0,
                "shares": 0
            },
            "vk": {
                "shares": 0
            }
        }
    },
    "uuid": "ab8694073bad00b96fd139f3ffeafd8a5881db64",
    "url": "https://finance.sina.com.cn/roll/2025-12-19/doc-inhchsqt7885038.shtml",
    "ord_in_thread": 0,
    "author": "环球时报",
    "published": "2025-12-19T00:50:00.000+02:00",
    "title": "英媒：2025年成为英国115年来\"最阳光\"一年|英国_新浪财经_新浪网",
    "text": "【环球时报综合报道】英国广播公司17日援引本国气象部门的消息称，2025年成为英国在过去一百多年来日照时间最长的一年。\n英国气象部门数据显示，截至17日，英国今年累计日照时长已达1622小时。尽管今年尚有2周才结束，但这一数字已经超过了2003年创下的历史最高纪录，成为自1910年有记录以来“最阳光”的一年。据悉，这一数据由全英近300个观测站汇总得出，这些观测站设置的装置会记录达到一定强度的太阳照射时长。\n这一创纪录的“阳光之年”，得益于今年异常晴朗的春季。根据英国气象部门数据，2025年春季不仅是有记录以来日照最充足的春季，也是最温暖的春季，同时还是50多年来最干燥的一个春季。\n从地区分布看，英国各地日照情况差异明显。英格兰在2025年打破了本地区“最阳光年份”的历史纪录。而相比之下，北爱尔兰地区的日照时长只是略高于往年平均水平。英国气象局分析认为，今年频繁出现的高压系统阻挡了云层和降雨进入英国，加之高空急流将高压系统“锁定”在了英国上空，给英国带来更多大晴天。\n报道提到，由于空气污染减少和气候条件的变化，英国的日照时长自上世纪80年代开始呈上升趋势。不过，就在2025年荣获“最阳光”一年的头衔之际，2024年则是过去近30年来日照时长最短的一年。（梁由之）",
    "highlightText": "",
    "highlightTitle": "",
    "highlightThreadTitle": "",
    "language": "chinese",
    "sentiment": "positive",
    "categories": [
        "Weather"
    ],
    "topics": [
        "Weather->weather statistic"
    ],
    "ai_allow": true,
    "has_canonical": false,
    "breaking": true,
    "webz_reporter": false,
    "external_links": [],
    "external_images": [],
    "internal_images": [],
    "entities": {
        "persons": [],
        "locations": [],
        "organizations": []
    },
    "syndication": {
        "syndicated": null,
        "syndicate_id": null,
        "first_syndicated": false
    },
    "trust": {
        "categories": [],
        "top_news": [
            "top_news_hk",
            "top_news_sg",
            "top_news_tw",
            "top_news"
        ],
        "bias": null,
        "source": {
            "type": null,
            "city": null,
            "state": null,
            "country": null,
            "domain_type": null,
            "agency": null,
            "organization_name": null
        }
    },
    "rating": null,
    "crawled": "2025-12-19T01:00:33.777+02:00",
    "updated": "2025-12-20T01:06:30.000+02:00"
}