{
    "thread": {
        "uuid": "1e143cddd6f8b8eca4ef33fe4c07ef3d4760d7c0",
        "url": "https://khabarpu.com/b.htm?u=%D9%BE%D8%B0%DB%8C%D8%B1%D8%B4-%D8%B4%D8%A8%D8%A7%D9%86%D9%87-%D8%A8%DB%8C%D8%B4-%D8%A7%D8%B2-%DB%B8%DB%B0-%DA%A9%D8%A7%D8%B1%D8%AA%D9%86%E2%80%8C%D8%AE%D9%88%D8%A7%D8%A8-%D8%AF%D8%B1-%DA%A9%D9%85%D9%BE-%D8%A7%D8%B3%D8%AA%D9%82%D9%84%D8%A7%D9%84-%D8%A7%D8%B5%D9%81%D9%87%D8%A7%D9%86-%D9%87%D9%85%D8%B2%D9%85%D8%A7%D9%86-%D8%A8%D8%A7-%D8%A8%D8%A7%D8%B1%D8%B4-%D8%A8%D8%B1%D9%81-%D9%88-%D8%A8%D8%A7%D8%B1%D8%A7%D9%86_aW1uYS5pci9uZXdzLzkzMzg2OS8=_2KfbjNmF2YbYpw==",
        "site_full": "khabarpu.com",
        "site": "khabarpu.com",
        "site_section": "https://khabarpu.com/feed/tags/weather.xml",
        "site_categories": [
            "media",
            "society"
        ],
        "section_title": "اخبار هواشناسی",
        "site_title": "خبرپو, پویش زنده آخرین اخبار و اخبار مهم ایران و جهان",
        "title": "پذیرش شبانه بیش از ۸۰ کارتن‌خواب در کمپ استقلال اصفهان همزمان با بارش برف و باران",
        "title_full": "پذیرش شبانه بیش از ۸۰ کارتن‌خواب در کمپ استقلال اصفهان همزمان با بارش برف و باران",
        "published": "2025-12-19T12:19:00.000+02:00",
        "replies_count": 0,
        "participants_count": 1,
        "site_type": "news",
        "country": "DE",
        "main_image": "",
        "performance_score": 0,
        "domain_rank": 21570,
        "domain_rank_updated": "2025-12-14T23:00:00.000+02:00",
        "licensing_agency": [],
        "social": {
            "facebook": {
                "likes": 0,
                "comments": 0,
                "shares": 0
            },
            "vk": {
                "shares": 0
            }
        }
    },
    "uuid": "1e143cddd6f8b8eca4ef33fe4c07ef3d4760d7c0",
    "url": "https://khabarpu.com/b.htm?u=%D9%BE%D8%B0%DB%8C%D8%B1%D8%B4-%D8%B4%D8%A8%D8%A7%D9%86%D9%87-%D8%A8%DB%8C%D8%B4-%D8%A7%D8%B2-%DB%B8%DB%B0-%DA%A9%D8%A7%D8%B1%D8%AA%D9%86%E2%80%8C%D8%AE%D9%88%D8%A7%D8%A8-%D8%AF%D8%B1-%DA%A9%D9%85%D9%BE-%D8%A7%D8%B3%D8%AA%D9%82%D9%84%D8%A7%D9%84-%D8%A7%D8%B5%D9%81%D9%87%D8%A7%D9%86-%D9%87%D9%85%D8%B2%D9%85%D8%A7%D9%86-%D8%A8%D8%A7-%D8%A8%D8%A7%D8%B1%D8%B4-%D8%A8%D8%B1%D9%81-%D9%88-%D8%A8%D8%A7%D8%B1%D8%A7%D9%86_aW1uYS5pci9uZXdzLzkzMzg2OS8=_2KfbjNmF2YbYpw==",
    "ord_in_thread": 0,
    "author": "خبرپو",
    "published": "2025-12-19T12:19:00.000+02:00",
    "title": "پذیرش شبانه بیش از ۸۰ کارتن‌خواب در کمپ استقلال اصفهان همزمان با بارش برف و باران",
    "text": "جدیدترین و آخرین اخبار اصفهان\nویدئو | برف بازی در زایندهرود اصفهان\nمدارس و دانشگاههای استان اصفهان ۲۹ آذر غیرحضوری شد\nدانشگاهها و مدارس اصفهان فردا مجازی شد\nپذیرش شبانه بیش از ۸۰ کارتنخواب در کمپ استقلال اصفهان همزمان با بارش برف و باران\nمدارس اصفهان شنبه تعطیل شد\nاصفهان برفی،میدان نقش جهان\nببینید | برفبازی مردم اصفهان در زایندهرودِ بیآب!\nدانشگاه ها و مدارس اصفهان شنبه تعطیل شد\nحال و هوای برفی امروز اصفهان\nبرف بازی اصفهانیها در زایندهرود\nآخرین اخبار استقلال, نقل و انتقالات, برنامه و نتایج مسابقات استقلال\nساپینتو باز هم خبرساز شد؛ تصمیم جنجالی سرمربی به سود تیم\nاطلاعیه باشگاه استقلال درباره انتشار برخی شایعات\nواکنش باشگاه استقلال به انتشار اخبار و مطالب علیه این باشگاه\nپذیرش شبانه بیش از ۸۰ کارتنخواب در کمپ استقلال اصفهان همزمان با بارش برف و باران\nباشگاه استقلال هشدار جدی داد\nعاقبت تبریک با عجله مدیر استقلال؛ خوشحالی از باخت پرسپولیس با غلط املایی عجیب! +عکس\nمنیعی: روزبه نیمکت نشین هم میتواند به استقلال کمک کند\nاولیایی: شعبه زدن تیم های استقلال در شهرهای دیگر منطبق با قوانین باشگاهداری نیست\nپاداش نجومی در انتظار استقلال\nصعود آسیایی با طعم ۴۸۰ هزار دلار؛ جایزه هنگفت در انتظار استقلال\nآخرین اخبار هواشناسی و پیشبینی وضعیت آب و هوا و هشدارهای هواشناسی\nوضعیت آب و هوا سیستان و بلوچستان شنبه ۲۹ آذر ۱۴۰۴ / هواشناسی زاهدان فردا\n۲۲ خودرو گرفتار در برف و کولاک در کاشان نجات یافتند؛ محور کامو مسدود شد\nآغاز بارش مجدد بارش برف در مشهد و سایر شهرستانهای خراسان رضوی\nتعطیلی روز شنبه مدارس این استان در پی بارش برف و سرما\nهشدار هواشناسی: سیلاب و یخبندان در راه است\nپذیرش شبانه بیش از ۸۰ کارتنخواب در کمپ استقلال اصفهان همزمان با بارش برف و باران\nخشکسالی تمام شد؟/ بارندگیهای جدید چه تأثیری بر ذخایر سدها گذاشت؟\nفیلم/ آبگرفتگی شدید معابر در دبی\nوضعیت آب و هوا کهگیلویه و بویراحمد شنبه ۲۹ آذر ۱۴۰۴ / هواشناسی یاسوج فردا\nتولد میان برف و کولاک/ نجات مادر و نوزاد در مسیرهای مسدود دهنو\nدر حال پویش ... لطفا صبور باشید",
    "highlightText": "",
    "highlightTitle": "",
    "highlightThreadTitle": "",
    "language": "persian",
    "sentiment": "positive",
    "categories": [
        "Weather",
        "Social Issue"
    ],
    "topics": [
        "Weather->weather warning",
        "Weather->weather phenomena",
        "Social Issue->homelessness"
    ],
    "ai_allow": true,
    "has_canonical": false,
    "breaking": false,
    "webz_reporter": false,
    "external_links": [],
    "external_images": [],
    "internal_images": [],
    "entities": {
        "persons": [],
        "locations": [],
        "organizations": []
    },
    "syndication": {
        "syndicated": null,
        "syndicate_id": null,
        "first_syndicated": false
    },
    "trust": {
        "categories": [],
        "top_news": [],
        "bias": null,
        "source": {
            "type": null,
            "city": null,
            "state": null,
            "country": null,
            "domain_type": null,
            "agency": null,
            "organization_name": null
        }
    },
    "rating": null,
    "crawled": "2025-12-19T12:41:15.056+02:00",
    "updated": "2025-12-19T12:45:40.000+02:00"
}