{
    "thread": {
        "uuid": "7820d79a79caf2eb9c89f1e2d57ccb69089fd148",
        "url": "https://www.maritime-executive.com/index.php/article/uncertain-amount-of-fuel-remains-aboard-lost-survey-ship-manawanui",
        "site_full": "www.maritime-executive.com",
        "site": "maritime-executive.com",
        "site_section": "https://www.maritime-executive.com/index.php",
        "site_categories": [
            "media"
        ],
        "section_title": "The Maritime Executive: Maritime News | Marine News",
        "site_title": null,
        "title": "Uncertain Amount of Fuel Remains Aboard Lost Survey Ship Manawanui",
        "title_full": "Uncertain Amount of Fuel Remains Aboard Lost Survey Ship Manawanui",
        "published": "2025-03-06T02:21:00.000+02:00",
        "replies_count": 0,
        "participants_count": 1,
        "site_type": "news",
        "country": "US",
        "main_image": "https://maritime-executive.com/index.php/media/images/article/Photos/Wreckage_Salvage/Manawanui-sheen-14-Oct-NZDF.500ed5.497ea5.jpg",
        "performance_score": 0,
        "domain_rank": 7475,
        "domain_rank_updated": "2025-03-03T23:00:00.000+02:00",
        "social": {
            "facebook": {
                "likes": 0,
                "comments": 0,
                "shares": 0
            },
            "vk": {
                "shares": 0
            }
        }
    },
    "uuid": "7820d79a79caf2eb9c89f1e2d57ccb69089fd148",
    "url": "https://www.maritime-executive.com/index.php/article/uncertain-amount-of-fuel-remains-aboard-lost-survey-ship-manawanui",
    "ord_in_thread": 0,
    "parent_url": null,
    "author": "The Maritime Executive",
    "published": "2025-03-06T02:21:00.000+02:00",
    "title": "Uncertain Amount of Fuel Remains Aboard Lost Survey Ship Manawanui",
    "text": "Poor weather has repeatedly delayed the pollution-abatement operation for the wreck of the New Zealand naval survey ship HMNZS Manawanui , which grounded and sank off Samoa in October 2024, and New Zealand's representatives have declined to update local media on the amount of fuel left in her tanks.\nAfter the sinking, New Zealand's defense department initially said that Manawanui contained about one million liters of fuel in her tanks, and maintains that minimal amounts leaked out after the sinking. After several rounds of dive operations, a commercial contractor has recovered an estimated 340,000 liters of petroleum, the service confirmed to New Zealand outlet Stuff - but officials declined to say how much fuel remains on the ship.\nThe task was supposed to finish in January, but has taken longer than expected. The salvor continues to work on recovering remaining amounts of fuel from the vessel's tanks and compartments; conditions on scene are challenging, including periods of rough weather and a difficult location at the edge of the reef.\nThe ship will likely remain in place and become a part of the reef structure, New Zealand defense minister Judith Collins told local media. Despite local complaints about the smell of diesel fuel, the government of Samoa \"has decided it wants it to stay where it is,\" she said. Collins suggested that it will likely be a diving attraction when cleanup operations are completed, much like an artificial reef.\nHMNZS Manawanui went aground near a reef on the southern coast of Upolu, Samoa on October 5. The commanding officer ordered the 75 crewmembers aboard the vessel to abandon ship, and all made it safely to shore, despite rough surface conditions. Several of the survivors were injured while crossing a reef to reach safety, but all survived; the vessel caught fire and sank the next morning.\nManawanui will not be replaced, Collins confirmed in January, and her missions will be picked up by the patrol boat HMNZS Otago - a much smaller vessel lacking Manawanui's working deck and 100-tonne crane.",
    "highlightText": "",
    "highlightTitle": "",
    "highlightThreadTitle": "",
    "language": "english",
    "sentiment": "negative",
    "categories": [
        "Environment",
        "Disaster and Accident",
        "Human Interest"
    ],
    "topics": [
        "Environment->environmental pollution",
        "Environment->water pollution",
        "Disaster and Accident->disaster",
        "Disaster and Accident->emergency response",
        "Human Interest->human mishap"
    ],
    "ai_allow": true,
    "has_canonical": false,
    "breaking": false,
    "webz_reporter": false,
    "external_links": [
        "https://trinitymedia.ai/player/trinity/2900014820/?pageURL=",
        "https://www.trinitymedia.ai/player/trinity/2900014820/?pageURL=",
        "https://trinitymedia.ai/player/trinity/2900014820/"
    ],
    "external_images": [],
    "entities": {
        "persons": [],
        "locations": [],
        "organizations": []
    },
    "syndication": {
        "syndicated": false,
        "syndicate_id": null,
        "first_syndicated": false
    },
    "trust": null,
    "rating": null,
    "crawled": "2025-03-06T03:40:38.893+02:00",
    "updated": "2025-03-06T03:40:38.893+02:00"
}