{
    "thread": {
        "uuid": "55de4a9501984b8ba99968d9c4dc0e9c6e05a3ff",
        "url": "https://www.amarujala.com/india-news/weather-update-today-cold-winds-will-continue-in-north-west-india-for-the-next-two-days-2025-03-06",
        "site_full": "www.amarujala.com",
        "site": "amarujala.com",
        "site_section": "https://www.amarujala.com/education/career-plus",
        "site_categories": [
            "social",
            "top_news_in",
            "top_news_sg",
            "top_news"
        ],
        "section_title": "Career Plus Breaking And Latest News In Hindi - Amarujala.com",
        "site_title": null,
        "title": "Weather: अगले दो दिन उत्तर-पश्चिम भारत में जारी रहेगा सर्द हवाओं का प्रकोप; 9 से नया पश्चिमी विक्षोभ सक्रिय",
        "title_full": "Weather: अगले दो दिन उत्तर-पश्चिम भारत में जारी रहेगा सर्द हवाओं का प्रकोप; 9 से नया पश्चिमी विक्षोभ सक्रिय",
        "published": "2025-03-06T01:47:00.000+02:00",
        "replies_count": 0,
        "participants_count": 1,
        "site_type": "news",
        "country": "IN",
        "main_image": "https://staticimg.amarujala.com/assets/images/2025/02/17/bharata-ka-kaii-rajaya-ma-masama-bthalna-ka-aasara_ffe1a63ec957b3e70296c851ecdce058.jpeg?w=750&dpr=1.0",
        "performance_score": 0,
        "domain_rank": 17150,
        "domain_rank_updated": "2025-03-03T23:00:00.000+02:00",
        "social": {
            "facebook": {
                "likes": 0,
                "comments": 0,
                "shares": 0
            },
            "vk": {
                "shares": 0
            }
        }
    },
    "uuid": "55de4a9501984b8ba99968d9c4dc0e9c6e05a3ff",
    "url": "https://www.amarujala.com/india-news/weather-update-today-cold-winds-will-continue-in-north-west-india-for-the-next-two-days-2025-03-06",
    "ord_in_thread": 0,
    "parent_url": null,
    "author": "@AmarUjalaNews",
    "published": "2025-03-06T01:47:00.000+02:00",
    "title": "Weather: अगले दो दिन उत्तर-पश्चिम भारत में जारी रहेगा सर्द हवाओं का प्रकोप; 9 से नया पश्चिमी विक्षोभ सक्रिय",
    "text": "उत्तर-पश्चिम भारत के मैदानी इलाकों में तेज रफ्तार से सर्द सतही हवाएं चल रही है, इसलिए दिल्ली-एनसीआर समेत कई राज्यों में फिर ठंडक बढ़ गई है। मौसम विभाग के अनुसार अगले दो दिनों तक यहां हवाओं का दौर जारी रहेगा।\nरहें हर खबर से अपडेट, डाउनलोड करें Android Hindi News apps, iOS Hindi News apps और Amarujala Hindi News apps अपने मोबाइल पे|\nGet all India News in Hindi related to live update of politics, sports, entertainment, technology and education etc. Stay updated with us for all breaking news from India News and more news in Hindi.\nNext Article\nPlease wait...\nPlease wait...\nFollowed",
    "highlightText": "",
    "highlightTitle": "",
    "highlightThreadTitle": "",
    "language": "english",
    "sentiment": "negative",
    "categories": [
        "Weather",
        "Social Issue",
        "Environment"
    ],
    "topics": [
        "Weather->weather phenomena",
        "Weather->weather forecast",
        "Social Issue->demographics",
        "Social Issue->social condition",
        "Environment->climate change",
        "Environment->environmental pollution"
    ],
    "ai_allow": true,
    "has_canonical": false,
    "breaking": true,
    "webz_reporter": false,
    "external_links": [
        "https://play.google.com/store/apps/details?id=com.org.AmarUjala.news",
        "https://itunes.apple.com/in/app/amar-ujala-hindi-news/id1028364855",
        "https://www.play.google.com/store/apps/details?id=com.org.AmarUjala.news",
        "https://www.itunes.apple.com/in/app/amar-ujala-hindi-news/id1028364855",
        "https://play.google.com/store/apps/details"
    ],
    "external_images": [],
    "entities": {
        "persons": [],
        "locations": [],
        "organizations": []
    },
    "syndication": {
        "syndicated": false,
        "syndicate_id": null,
        "first_syndicated": false
    },
    "trust": null,
    "rating": null,
    "crawled": "2025-03-06T01:56:13.126+02:00",
    "updated": "2025-03-06T01:56:13.126+02:00"
}