{
    "thread": {
        "uuid": "73661821ea768aa21dd98993f3eb0b1ad02554f5",
        "url": "https://global.chinadaily.com.cn/a/202503/06/WS67c8fb57a310c240449d8f82.html",
        "site_full": "global.chinadaily.com.cn",
        "site": "chinadaily.com.cn",
        "site_section": "https://news.google.com/search?q=once%20when%3A1h&hl=en-US&gl=US&ceid=US%3Aen",
        "site_categories": [
            "travel"
        ],
        "section_title": "Google News - Search",
        "site_title": null,
        "title": "Once-thriving coral reefs in Vietnam face collapse - World - Chinadaily.com.cn",
        "title_full": "Once-thriving coral reefs in Vietnam face collapse - World - Chinadaily.com.cn",
        "published": "2025-03-06T02:00:00.000+02:00",
        "replies_count": 0,
        "participants_count": 1,
        "site_type": "news",
        "country": "CN",
        "main_image": "http://img2.chinadaily.com.cn/images/202503/06/67c8fb57a310c240e241e992.jpeg",
        "performance_score": 0,
        "domain_rank": 648,
        "domain_rank_updated": "2025-03-03T23:00:00.000+02:00",
        "social": {
            "facebook": {
                "likes": 0,
                "comments": 0,
                "shares": 0
            },
            "vk": {
                "shares": 0
            }
        }
    },
    "uuid": "73661821ea768aa21dd98993f3eb0b1ad02554f5",
    "url": "https://global.chinadaily.com.cn/a/202503/06/WS67c8fb57a310c240449d8f82.html",
    "ord_in_thread": 0,
    "parent_url": null,
    "author": "董欣怡",
    "published": "2025-03-06T02:00:00.000+02:00",
    "title": "Once-thriving coral reefs in Vietnam face collapse - World - Chinadaily.com.cn",
    "text": "Once-thriving coral reefs in Vietnam face collapse\nNHA TRANG, Vietnam — The gentle waves off the coast of central Vietnam's Nha Trang obscure an open secret: The life-giving coral reefs below are dying. The waters are eerily devoid of fish. The bounty of the ocean is coming to an end.\nThis is why Binh Van — who has fished in these waters for more than two decades — now charters his boat to Vietnamese tourists wanting to experience the thrill of fishing in the deep waters.\nHowever, there is only squid, which is flourishing in oceans warmed by climate change, to catch.\nIt was not always like this. There was a time when he would catch 70 kilograms of fish in one night. He cannot make money on squid.\nSoutheast Asia's coral reefs make up more than one-third of the world's coral reefs. But most of these are now at risk of being destroyed. Only 1 percent of Vietnam's reefs are still healthy, and that is because of their remoteness, according to the World Resources Institute.\nThe coral reefs of Nha Trang have also had to contend with local pressures as Vietnam's economy boomed and coastal towns grew.\nThis has affected not only the local fishing industry but also Vietnam's tourism industry, especially among divers from all over the world who flock to the country because of its long coastline.\nTourism and reefs can go hand in hand if they are well-managed, said Emma Camp, a coral expert at the University of Technology Sydney in Australia. There are instances of tourism supporting marine conservation and programs to help reefs recover, she said.\nKonstantin Tkachenko, a professor of marine ecology at Russia's Samara University who has been studying Vietnam's reefs for years, said the country could do more to protect them.\nIt could create more marine parks where protections are actually enforced, obligate the tourism industry to restore vegetation on the coasts to reduce sediment pouring into the ocean, and regulate fisheries.\nAgencies Via Xinhua",
    "highlightText": "",
    "highlightTitle": "",
    "highlightThreadTitle": "",
    "language": "english",
    "sentiment": "negative",
    "categories": [
        "Environment",
        "Social Issue"
    ],
    "topics": [
        "Environment->ecosystem",
        "Environment->endangered species",
        "Social Issue->mankind",
        "Social Issue->social condition"
    ],
    "ai_allow": true,
    "has_canonical": false,
    "breaking": true,
    "webz_reporter": false,
    "external_links": [],
    "external_images": [],
    "entities": {
        "persons": [
            {
                "name": "Binh Van",
                "sentiment": "none"
            }
        ],
        "locations": [],
        "organizations": [
            {
                "name": "World Resources Institute",
                "sentiment": "none",
                "tickers": []
            }
        ]
    },
    "syndication": {
        "syndicated": false,
        "syndicate_id": null,
        "first_syndicated": false
    },
    "trust": null,
    "rating": null,
    "crawled": "2025-03-06T03:40:18.591+02:00",
    "updated": "2025-03-06T03:40:18.591+02:00"
}