{
    "thread": {
        "uuid": "b8bdd4598be46cbc541f7bfe8c78b4e3ffd20831",
        "url": "https://www.wcax.com/2025/03/05/vermonts-loggers-sawmills-are-disappearing-thats-bad-news-forests",
        "site_full": "www.wcax.com",
        "site": "wcax.com",
        "site_section": "https://news.google.com/search?q=for%20when%3A1h&hl=en-US&gl=US&ceid=US%3Aen",
        "site_categories": [
            "media"
        ],
        "section_title": "Google News - Search",
        "site_title": null,
        "title": "Vermont's loggers and sawmills are disappearing - and that's bad news for forests",
        "title_full": "Vermont's loggers and sawmills are disappearing - and that's bad news for forests",
        "published": "2025-03-06T00:49:00.000+02:00",
        "replies_count": 0,
        "participants_count": 1,
        "site_type": "news",
        "country": "US",
        "main_image": "https://gray-wcax-prod.gtv-cdn.com/resizer/v2/6BYJHBTM5ZH6ZK3WT2UKA4Y6J4.jpg?auth=2e7a7a864b5d4bbeb2621ddabeb63f6cc18d1ffd8675b7d87ce206644c15aade&amp;width=1200&amp;height=600&amp;smart=true",
        "performance_score": 0,
        "domain_rank": 11348,
        "domain_rank_updated": "2025-03-03T23:00:00.000+02:00",
        "social": {
            "facebook": {
                "likes": 0,
                "comments": 0,
                "shares": 0
            },
            "vk": {
                "shares": 0
            }
        }
    },
    "uuid": "b8bdd4598be46cbc541f7bfe8c78b4e3ffd20831",
    "url": "https://www.wcax.com/2025/03/05/vermonts-loggers-sawmills-are-disappearing-thats-bad-news-forests",
    "ord_in_thread": 0,
    "parent_url": null,
    "author": "Cat Viglienzoni",
    "published": "2025-03-06T00:49:00.000+02:00",
    "title": "Vermont's loggers and sawmills are disappearing - and that's bad news for forests",
    "text": "BURLINGTON, Vt. (WCAX) – The logging industry and sawmills are disappearing in Vermont.\nAlong with shrinking markets and a warming climate, Vermont’s forests and the people whose livelihoods depend on them face compounding threats: a fast-aging workforce, fragmentation of forests into smaller parcels, declining appetite among landowners for selling timber, and rising public skepticism about harvesting on public lands.\nCat Viglienzoni spoke with Seven Days’s Jonathan Mingle, who wrote in this week’s issue about why the trends are bad news for forests.\n.",
    "highlightText": "",
    "highlightTitle": "",
    "highlightThreadTitle": "",
    "language": "english",
    "sentiment": "negative",
    "categories": [
        "Environment",
        "Economy, Business and Finance",
        "Social Issue"
    ],
    "topics": [
        "Environment->conservation",
        "Environment->natural resources",
        "Environment->ecosystem",
        "Economy, Business and Finance->business reporting and performance",
        "Economy, Business and Finance->economy",
        "Economy, Business and Finance->agriculture",
        "Social Issue->social problem",
        "Social Issue->communities"
    ],
    "ai_allow": true,
    "has_canonical": false,
    "breaking": true,
    "webz_reporter": false,
    "external_links": [
        "https://www.sevendaysvt.com/news/vermonts-sawmills-are-closing-which-is-bad-for-forests-43013550",
        "https://sevendaysvt.com/news/vermonts-sawmills-are-closing-which-is-bad-for-forests-43013550"
    ],
    "external_images": [],
    "entities": {
        "persons": [
            {
                "name": "Jonathan Mingle",
                "sentiment": "none"
            }
        ],
        "locations": [],
        "organizations": []
    },
    "syndication": {
        "syndicated": false,
        "syndicate_id": null,
        "first_syndicated": false
    },
    "trust": null,
    "rating": null,
    "crawled": "2025-03-06T01:07:12.079+02:00",
    "updated": "2025-03-06T15:48:45.805+02:00"
}