{
    "thread": {
        "uuid": "727a7bf6c56e11246f28a372f90f3b84d03dce36",
        "url": "https://www.wvva.com/2025/03/06/welch-business-owner-devastated-after-flooding-forces-closure",
        "site_full": "www.wvva.com",
        "site": "wvva.com",
        "site_section": "https://news.google.com/search?q=just%20when%3A1h&hl=en-US&gl=US&ceid=US%3Aen",
        "site_categories": [
            "media"
        ],
        "section_title": "Google News - Search",
        "site_title": null,
        "title": "Welch business owner 'devastated' after flooding forces closure",
        "title_full": "Welch business owner 'devastated' after flooding forces closure",
        "published": "2025-03-06T02:01:00.000+02:00",
        "replies_count": 0,
        "participants_count": 1,
        "site_type": "news",
        "country": "US",
        "main_image": "https://gray-wvva-prod.gtv-cdn.com/resizer/v2/EFUCLGDTONHIVOEJQSZYPANIGU.png?auth=0808af0f9fe52ea567293b7d370308897a14724aa3dca53b49aaa5bac6e04876&amp;width=1200&amp;height=600&amp;smart=true",
        "performance_score": 0,
        "domain_rank": 66168,
        "domain_rank_updated": "2025-03-03T23:00:00.000+02:00",
        "social": {
            "facebook": {
                "likes": 0,
                "comments": 0,
                "shares": 0
            },
            "vk": {
                "shares": 0
            }
        }
    },
    "uuid": "727a7bf6c56e11246f28a372f90f3b84d03dce36",
    "url": "https://www.wvva.com/2025/03/06/welch-business-owner-devastated-after-flooding-forces-closure",
    "ord_in_thread": 0,
    "parent_url": null,
    "author": "@WVVA",
    "published": "2025-03-06T02:01:00.000+02:00",
    "title": "Welch business owner 'devastated' after flooding forces closure",
    "text": "Welch business owner ‘devastated’ after flooding forces closure\n“... literally watching everything I love just filling up with water and there’s nothing I can do about it, it’s just devastating,” says the owner of ‘The Fortress.’\nWELCH, W. Va. (WVVA) -Along with many homes devastated by the floods in February, local businesses were impacted as well, and with some small businesses in the area already struggling to get by, this devastation could mean another closure.\nThe Fortress in downtown Welch was created with the goal of providing something fun for the kids in the area, with axe throwing, rage rooms, and a place for parties.\nThe owner and operator, Shannon Pace, says, while the business hadn’t been a big money maker, it had become a staple in the community. During one recent birthday party, however, disaster ended the celebration early.\n“...rain was just getting worse and worse, so I was like, ‘we’re going to have to pack up and go.’ We packed up, I watched the water go over the floodwall and then, as it started rising, my dad and I pulled down as far as we could, and we just... I was able to see it on our cameras upstairs... we could just watch the water, and as it rose, all of everything we had down here just started floating, and I just had to stop watching because it was just... too difficult to watch,” says Pace.\nWith the building’s location near the river, Pace says they took the brunt of the flood. The building filled with around six feet of water, destroying everything on the first floor, like bounce houses, batting cages, and snack machines.\nAll this coming less than two years since the Fortress first opened.\n“...Just the thought of watching it filling up with water and there was nothing I could do, and then, we also had buildings across the street that are ministry buildings, so just literally watching everything I love just filling up with water and there’s nothing I can do about it, it’s just devastating. I mean, devastating is the only word that I can think of, and I went through Katrina in Mississippi, so that says a lot,” says Pace.\nThe small business was forced to close in what would have been its busy season, already losing seven reservations since the flooding began. And with no money and their flood insurance lapsing on the building in January, just a month before the flood, its future is uncertain.\n“Our kids are already messaging me, and like, ‘Ms. Pace, what are we going to do? When are we going to reopen? When can I come and play? I’ve had people from out of state, you know, that are coming in, that don’t know that we’ve been flooded, trying to book appointments, and I’m having to explain to them, you know, I don’t know when we’ll be open...” says Pace.\nPace says this loss of another small business and one of the few recreational options in the area is a big hit on a community already going through a difficult time.\nPlace thanks those who offered assistance in their time of need. If you would like to help this small business, Pace says they need extra hands to restore the Fortress, as well as building supplies, and prayer.\nYou can get in contact with them on their website.\nCopyright 2025 WVVA. All rights reserved.",
    "highlightText": "",
    "highlightTitle": "",
    "highlightThreadTitle": "",
    "language": "english",
    "sentiment": "negative",
    "categories": [
        "Environment",
        "Human Interest",
        "Social Issue"
    ],
    "topics": [
        "Environment->environmental pollution",
        "Environment->water",
        "Social Issue->communities",
        "Social Issue->social problem"
    ],
    "ai_allow": true,
    "has_canonical": false,
    "breaking": true,
    "webz_reporter": false,
    "external_links": [
        "https://www.rumbleandrage.com/",
        "https://rumbleandrage.com/",
        "https://www.rumbleandrage.com"
    ],
    "external_images": [],
    "entities": {
        "persons": [
            {
                "name": "Welch",
                "sentiment": "negative"
            },
            {
                "name": "Shannon Pace",
                "sentiment": "none"
            }
        ],
        "locations": [],
        "organizations": []
    },
    "syndication": {
        "syndicated": false,
        "syndicate_id": null,
        "first_syndicated": false
    },
    "trust": null,
    "rating": null,
    "crawled": "2025-03-06T02:13:02.139+02:00",
    "updated": "2025-03-06T02:13:02.139+02:00"
}