{
    "thread": {
        "uuid": "5a442a3032ed9be10703f0d6414e48f426aaeb3e",
        "url": "http://news.cyol.com/gb/articles/2025-03/06/content_pQ4OMYsYBE.html",
        "site_full": "news.cyol.com",
        "site": "cyol.com",
        "site_section": "http://news.cyol.com/#",
        "site_categories": [
            "media"
        ],
        "section_title": "新闻频道",
        "site_title": null,
        "title": "没钱了，美使领馆停止发布空气质量数据",
        "title_full": "没钱了，美使领馆停止发布空气质量数据",
        "published": "2025-03-06T03:32:00.000+02:00",
        "replies_count": 0,
        "participants_count": 1,
        "site_type": "news",
        "country": "CN",
        "main_image": "",
        "performance_score": 0,
        "domain_rank": 7179,
        "domain_rank_updated": "2025-03-03T23:00:00.000+02:00",
        "social": {
            "facebook": {
                "likes": 0,
                "comments": 0,
                "shares": 0
            },
            "vk": {
                "shares": 0
            }
        }
    },
    "uuid": "5a442a3032ed9be10703f0d6414e48f426aaeb3e",
    "url": "http://news.cyol.com/gb/articles/2025-03/06/content_pQ4OMYsYBE.html",
    "ord_in_thread": 0,
    "parent_url": null,
    "author": "于璧嘉",
    "published": "2025-03-06T03:32:00.000+02:00",
    "title": "没钱了，美使领馆停止发布空气质量数据",
    "text": "综合美媒报道，当地时间3月4日，美国国务院宣布停止“全球空气质量监测”项目，美国驻外使领馆将停止发布空气质量数据。\n所谓“全球空气质量监测”项目创立于2008年，项目运作期间，全球80多个美国使领馆在屋顶上安装空气质量监测器，并将采集的空气数据进行实时共享。\n据法新社报道，美国国务院4日宣布因“预算限制”不再能够继续发布空气污染数据。美国国务院表示，历史数据将留存在环境保护署的一个网站上，但实时数据已于4日停止更新，并将在相关项目重新获得经费前一直处于宕机状态。据报道，美国总统特朗普上台后大幅削减了海外以及环境支出。截至记者发稿时，此前用于公布相关数据的页面已显示为“页面不存在”。\n美国国务院标志（资料图）图自美媒\n美国驻华使馆从2008年起开始监测并发布北京的空气质量数据，2011年开始发布广州的空气数据，2012年驻上海领事馆也开始发布数据。中国外交部发言人当时对此表示，外国驻华使领馆不具有在中国开展环境监测和发布相关数据的法定资质，也不具备从事环境监测的专业能力和条件。\n【责任编辑：于璧嘉 编辑：郭艳丽】",
    "highlightText": "",
    "highlightTitle": "",
    "highlightThreadTitle": "",
    "language": "chinese",
    "sentiment": "negative",
    "categories": [
        "Environment"
    ],
    "topics": [
        "Environment->sustainability",
        "Environment->environmental pollution",
        "Environment->air pollution"
    ],
    "ai_allow": true,
    "has_canonical": false,
    "breaking": false,
    "webz_reporter": false,
    "external_links": [],
    "external_images": [],
    "entities": {
        "persons": [],
        "locations": [],
        "organizations": []
    },
    "syndication": {
        "syndicated": null,
        "syndicate_id": null,
        "first_syndicated": false
    },
    "trust": null,
    "rating": null,
    "crawled": "2025-03-06T03:36:59.671+02:00",
    "updated": "2025-03-06T03:36:59.671+02:00"
}