{
    "thread": {
        "uuid": "c6920be56f86ee756e6d657a44a215def55f2f11",
        "url": "https://finance.sina.com.cn/money/future/nyzx/2025-03-06/doc-inensmtp8109909.shtml",
        "site_full": "finance.sina.com.cn",
        "site": "sina.com.cn",
        "site_section": "http://finance.sina.cn",
        "site_categories": [
            "tech",
            "top_news_hk",
            "top_news_sg",
            "top_news_tw",
            "top_news"
        ],
        "section_title": "新浪财经_手机新浪网",
        "site_title": null,
        "title": "3月6日生意社异丁醛基准价为7387.50元/吨|生意社_新浪财经_新浪网",
        "title_full": "3月6日生意社异丁醛基准价为7387.50元/吨|生意社_新浪财经_新浪网",
        "published": "2025-03-06T02:34:00.000+02:00",
        "replies_count": 0,
        "participants_count": 1,
        "site_type": "news",
        "country": "CN",
        "main_image": "",
        "performance_score": 0,
        "domain_rank": 247,
        "domain_rank_updated": "2025-03-03T23:00:00.000+02:00",
        "social": {
            "facebook": {
                "likes": 0,
                "comments": 0,
                "shares": 0
            },
            "vk": {
                "shares": 0
            }
        }
    },
    "uuid": "c6920be56f86ee756e6d657a44a215def55f2f11",
    "url": "https://finance.sina.com.cn/money/future/nyzx/2025-03-06/doc-inensmtp8109909.shtml",
    "ord_in_thread": 0,
    "parent_url": null,
    "author": "sina.com.cn",
    "published": "2025-03-06T02:34:00.000+02:00",
    "title": "3月6日生意社异丁醛基准价为7387.50元/吨|生意社_新浪财经_新浪网",
    "text": "生意社03月06日讯\n3月6日，生意社异丁醛基准价为7387.50元/吨，与本月初(7512.50元/吨)相比，下降了-1.66%。\n当日价\n7387.50\n日涨幅\n-0.84%\n一年位置\n低位\n最小值\n7100.00\n最大值\n11625.00\n中位值\n9362.5\n顶位差\n-4237.5\n底位差\n287.5\n平均值\n8223.37\n警戒\n生意社基准价定价应用\n交易商可以根据约定升贴水及定价公式（交易价格=生意社价格+升贴水）的定价原理，实现现货交易和合约交易的定价。\n　　(文章来源：生意社)\n新浪合作大平台期货开户 安全快捷有保障",
    "highlightText": "",
    "highlightTitle": "",
    "highlightThreadTitle": "",
    "language": "chinese",
    "sentiment": "negative",
    "categories": [
        "Economy, Business and Finance",
        "Social Issue",
        "Environment"
    ],
    "topics": [
        "Economy, Business and Finance->business reporting and performance",
        "Economy, Business and Finance->commodity market",
        "Economy, Business and Finance->financial and economic news",
        "Social Issue->population and census",
        "Social Issue->social condition",
        "Social Issue->demographics"
    ],
    "ai_allow": true,
    "has_canonical": false,
    "breaking": true,
    "webz_reporter": false,
    "external_links": [],
    "external_images": [],
    "entities": {
        "persons": [],
        "locations": [],
        "organizations": []
    },
    "syndication": {
        "syndicated": null,
        "syndicate_id": null,
        "first_syndicated": false
    },
    "trust": null,
    "rating": null,
    "crawled": "2025-03-06T02:41:31.364+02:00",
    "updated": "2025-03-06T02:41:31.364+02:00"
}