{
    "thread": {
        "uuid": "27c01a29238dc6fb38869558d138990a20fa2cd7",
        "url": "https://www.newsbreak.com/kris-6-news-563654/3842268544557-air-quality-unhealthy-for-sensitive-groups-what-does-it-mean-and-who-is-affected",
        "site_full": "www.newsbreak.com",
        "site": "newsbreak.com",
        "site_section": "https://www.newsbreak.com/kris-6-news-563654",
        "site_categories": [
            "under_construction",
            "non_standard_content"
        ],
        "section_title": "KRIS 6 News&#x27;s Home Page | NewsBreak",
        "site_title": null,
        "title": "Air quality unhealthy for sensitive groups; what does it mean and who is affected? - NewsBreak",
        "title_full": "Air quality unhealthy for sensitive groups; what does it mean and who is affected? - NewsBreak",
        "published": "2025-03-06T00:10:00.000+02:00",
        "replies_count": 0,
        "participants_count": 0,
        "site_type": "news",
        "country": "US",
        "main_image": "https://img.particlenews.com/img/id/2nBXab_0zSYiL8900",
        "performance_score": 0,
        "domain_rank": 3319,
        "domain_rank_updated": "2025-03-03T23:00:00.000+02:00",
        "social": {
            "facebook": {
                "likes": 0,
                "comments": 0,
                "shares": 0
            },
            "vk": {
                "shares": 0
            }
        }
    },
    "uuid": "27c01a29238dc6fb38869558d138990a20fa2cd7",
    "url": "https://www.newsbreak.com/kris-6-news-563654/3842268544557-air-quality-unhealthy-for-sensitive-groups-what-does-it-mean-and-who-is-affected",
    "ord_in_thread": 0,
    "parent_url": null,
    "author": null,
    "published": "2025-03-06T00:10:00.000+02:00",
    "title": "Air quality unhealthy for sensitive groups; what does it mean and who is affected? - NewsBreak",
    "text": "Open in NewsBreak\n|\nSign in\nChoose your location\nSee all locations\nSign In\nAbout NewsBreak\nPartner with us\nFollow us\n©2024 NewsBreak. All Rights Reserved.\nCorpus Christi, Texas\n· 3 hours ago\n@kris6news_0551c\nAir quality unhealthy for sensitive groups; what does it mean and who is affected?\n0\n0\nShare\nComments\nPost\nCommunity Policy\nComments\n/\nClose\nCommunity Policy",
    "highlightText": "",
    "highlightTitle": "",
    "highlightThreadTitle": "",
    "language": "english",
    "sentiment": "negative",
    "categories": [
        "Health",
        "Environment",
        "Social Issue"
    ],
    "topics": [
        "Health->medical condition",
        "Environment->air pollution",
        "Environment->environmental pollution",
        "Social Issue->social condition",
        "Social Issue->social services"
    ],
    "ai_allow": true,
    "has_canonical": false,
    "breaking": false,
    "webz_reporter": false,
    "external_links": [],
    "external_images": [],
    "entities": {
        "persons": [],
        "locations": [],
        "organizations": []
    },
    "syndication": {
        "syndicated": false,
        "syndicate_id": null,
        "first_syndicated": false
    },
    "trust": null,
    "rating": null,
    "crawled": "2025-03-06T03:39:25.892+02:00",
    "updated": "2025-03-06T03:39:25.892+02:00"
}