{
    "thread": {
        "uuid": "8538ec4c28c4fd35c1a2991b407bd1a212accc5c",
        "url": "https://www.lapatria.com/caldas/caida-de-arboles-y-rocas-danan-bocatoma-de-villamaria-caldas-5-veredas-afectadas-por-el",
        "site_full": "www.lapatria.com",
        "site": "lapatria.com",
        "site_section": "https://www.lapatria.com",
        "site_categories": [
            "media",
            "top_news_co",
            "top_news"
        ],
        "section_title": "La Patria - Noticias de Manizales, Caldas y Eje Cafetero",
        "site_title": null,
        "title": "Caída de árboles y rocas dañan bocatoma de Villamaría (Caldas): 5 veredas afectadas por el servicio de agua",
        "title_full": "Caída de árboles y rocas dañan bocatoma de Villamaría (Caldas): 5 veredas afectadas por el servicio de agua",
        "published": "2025-03-06T00:11:00.000+02:00",
        "replies_count": 0,
        "participants_count": 1,
        "site_type": "news",
        "country": "CO",
        "main_image": "https://www.lapatria.com/sites/default/files/styles/opengraph_1200x630/public/noticia/2025-03/agua-villamaria.jpg?itok=WH2tYP1R",
        "performance_score": 0,
        "domain_rank": 125337,
        "domain_rank_updated": "2025-03-03T23:00:00.000+02:00",
        "social": {
            "facebook": {
                "likes": 0,
                "comments": 0,
                "shares": 0
            },
            "vk": {
                "shares": 0
            }
        }
    },
    "uuid": "8538ec4c28c4fd35c1a2991b407bd1a212accc5c",
    "url": "https://www.lapatria.com/caldas/caida-de-arboles-y-rocas-danan-bocatoma-de-villamaria-caldas-5-veredas-afectadas-por-el",
    "ord_in_thread": 0,
    "parent_url": null,
    "author": "@lapatriacom",
    "published": "2025-03-06T00:11:00.000+02:00",
    "title": "Caída de árboles y rocas dañan bocatoma de Villamaría (Caldas): 5 veredas afectadas por el servicio de agua",
    "text": "Foto | Cortesía | LA PATRIA\nLa comunidad solicita ayuda de la Alcaldía de Villamaría para controlar la situación.\nLA PATRIA | MANIZALES\nAgua con lodo es lo que baja desde el pasado sábado por el Acueducto Miraflores-Rioclaro que suministra de agua a cinco veredas de Villamaría (Miraflores, Rioclaro, Corozal, Villarazo y Bellavista) luego de que un vendaval provocara la caída de varios árboles y rocas sobre la bocatoma, que pasa por la quebrada Las Margaritas.\nSegún Eugenio Arango, vicepresidente de la Junta Administradora del Acueducto, por lo menos 388 usuarios, que equivalen a unas 2 mil personas, están afectadas.\n\"Es un acueducto muy viejo y largo, tenemos por lo menos 17 kilómetros de conducción de agua. Lo construyó el Comité de Cafeteros, ellos lo administraban y actualmente se lo entregaron hace unos años a la Junta de la que hago parte\", explicó Arango.\nAgua con lodo es lo que llega a los hogares por lo que deben tratarla para poderla consumir.\nTambién: Municipio de Caldas cumple dos días sin agua: creciente de río dañó tubería y Alcaldía mitiga la emergencia\nAgregó que tienen un sistema con siete tanques repartidores y quebradores de presión, pero a raíz del derrumbe lo que desciende es lodo al tanque principal. Además, una piedra de grandes proporciones les llenó medio tanque del desarenador principal lo que hace que la situación sea más crítica.\n\"Tenemos agua por ratos porque está bajando con mucho lodo. Entonces hay que quitar el servicio, limpiar el tanque y volver a ponerlo otro rato. Ha estado intermitente. Por ejemplo, el domingo no hubo agua hasta el lunes por la tarde. El martes se fue de nuevo y volvió en la noche\", relató Eugenio.\nAñadió que lo que necesitan es que la Alcaldía los visite, los escuche y les diga qué entidad puede tener herramientas adecuadas para llevar hasta la zona. \"El tema la verdad es muy complejo. Pero necesitamos a alguien con conocimiento del oficio que opine con claridad y dé soluciones\", enfatizó el habitante.\nLA PATRIA se comunicó con la Alcaldía de Villamaría para conocer cómo mitigarán la emergencia y desde la oficina de comunicaciones analizan la información para entregar una pronta respuesta a la comunidad.\nHaga clic aquí y encuentre más información de LA PATRIA.\nSíganos en Facebook, Instagram, YouTube, X, Spotify, TikTok y en nuestro canal de WhatsApp, para que reciba noticias de última hora y más contenidos.",
    "highlightText": "",
    "highlightTitle": "",
    "highlightThreadTitle": "",
    "language": "spanish",
    "sentiment": "negative",
    "categories": [
        "Environment",
        "Social Issue",
        "Crime, Law and Justice"
    ],
    "topics": [
        "Environment->water",
        "Environment->environmental pollution",
        "Social Issue->fraternal and community group",
        "Social Issue->social services",
        "Social Issue->demographics"
    ],
    "ai_allow": true,
    "has_canonical": false,
    "breaking": true,
    "webz_reporter": false,
    "external_links": [
        "https://www.tiktok.com/@lapatriacom",
        "https://www.instagram.com/lapatriacom/",
        "https://open.spotify.com/show/6g6JYPUSpJ9ko2aXYSW58c?si=03f8e849c81b44c3",
        "https://www.facebook.com/lapatria.manizales/",
        "https://www.youtube.com/c/lapatriamanizales",
        "https://x.com/lapatriacom",
        "https://whatsapp.com/channel/0029VZzvCmI4inoxaRFQWt2v",
        "https://www.whatsapp.com/channel/0029VZzvCmI4inoxaRFQWt2v",
        "https://www.facebook.com/lapatria.manizales",
        "https://instagram.com/lapatriacom/",
        "https://facebook.com/lapatria.manizales/",
        "https://www.open.spotify.com/show/6g6JYPUSpJ9ko2aXYSW58c?si=03f8e849c81b44c3",
        "https://www.instagram.com/lapatriacom",
        "https://www.x.com/lapatriacom",
        "https://youtube.com/c/lapatriamanizales",
        "https://open.spotify.com/show/6g6JYPUSpJ9ko2aXYSW58c",
        "https://tiktok.com/@lapatriacom"
    ],
    "external_images": [],
    "entities": {
        "persons": [
            {
                "name": "Eugenio Arango",
                "sentiment": "none"
            }
        ],
        "locations": [
            {
                "name": "Villamaría",
                "sentiment": "none"
            }
        ],
        "organizations": [
            {
                "name": "Junta Administradora del Acueducto",
                "sentiment": "none",
                "tickers": []
            },
            {
                "name": "Comité de Cafeteros",
                "sentiment": "none",
                "tickers": []
            }
        ]
    },
    "syndication": {
        "syndicated": null,
        "syndicate_id": null,
        "first_syndicated": false
    },
    "trust": null,
    "rating": null,
    "crawled": "2025-03-06T01:01:57.043+02:00",
    "updated": "2025-03-06T01:01:57.043+02:00"
}