{
    "thread": {
        "uuid": "9905d8b1ee479631ef55d006d6fb88392ea30de0",
        "url": "https://www.journaldequebec.com/2025/03/05/trois-skieurs-seraient-coinces-sous-une-avalanche-en-alaska",
        "site_full": "www.journaldequebec.com",
        "site": "journaldequebec.com",
        "site_section": "https://journaldequebec.com",
        "site_categories": [
            "media",
            "top_news_ca",
            "top_news"
        ],
        "section_title": "Accueil | Le Journal de Québec",
        "site_title": null,
        "title": "Trois skieurs seraient coincés sous la neige après une avalanche en Alaska",
        "title_full": "Trois skieurs seraient coincés sous la neige après une avalanche en Alaska",
        "published": "2025-03-06T01:28:00.000+02:00",
        "replies_count": 0,
        "participants_count": 1,
        "site_type": "news",
        "country": "CA",
        "main_image": "https://m1.quebecormedia.com/emp/emp/02e84d90-0219-11ed-87bf-3f5b84e8d8bc_ORIGINAL.jpg?impolicy=crop-resize&x=0&y=26&w=1200&h=675&width=1200",
        "performance_score": 0,
        "domain_rank": 18861,
        "domain_rank_updated": "2025-03-03T23:00:00.000+02:00",
        "social": {
            "facebook": {
                "likes": 0,
                "comments": 0,
                "shares": 0
            },
            "vk": {
                "shares": 0
            }
        }
    },
    "uuid": "9905d8b1ee479631ef55d006d6fb88392ea30de0",
    "url": "https://www.journaldequebec.com/2025/03/05/trois-skieurs-seraient-coinces-sous-une-avalanche-en-alaska",
    "ord_in_thread": 0,
    "parent_url": null,
    "author": "Agence QMI",
    "published": "2025-03-06T01:28:00.000+02:00",
    "title": "Trois skieurs seraient coincés sous la neige après une avalanche en Alaska",
    "text": "Trois skieurs seraient coincés sous la neige après une avalanche en Alaska\nUne avalanche aurait enseveli trois skieurs sur une montagne de Girdwood, en Alaska, mardi après-midi.\nLes policiers locaux ont indiqué à CNN que les individus auraient de bonnes chances d’être enfouis sous la neige depuis 15h30. Les conditions météorologiques sur la montagne sont trop dangereuses pour permettre aux autorités de les sortir de cette situation. Elles n’ont pas pu atteindre le groupe, puisque celui-ci pourrait se trouver sous 40 à 100 pieds de neige.\nLes trois skieurs, qui sont désormais déclarés «disparus», se sont rendus au sommet du mont en hélicoptère pour y pratiquer l’héliski, ont précisé les Alaska State Troopers dans un communiqué de presse.\nCe dérivé du ski alpin consiste à se rendre sur des pistes qui ne sont pas accessibles à pied ou en voiture, donc généralement sur des pistes très difficiles et réservées aux experts. En plus de la neige qui n’est pas tapée comme celles dans des stations de ski, les sportifs doivent contourner des arbres et des avalanches.\nEn matinée, mercredi, ces derniers évaluaient le risque de danger pour les autorités d’essayer de retrouver les skieurs.\n«Nous ne pensons pas qu’aucune de ces personnes n’a survécu l’avalanche», a mentionné un porte-parole du Département de la sécurité publique de l’Alaska à CNN.",
    "highlightText": "",
    "highlightTitle": "",
    "highlightThreadTitle": "",
    "language": "french",
    "sentiment": "negative",
    "categories": [
        "Disaster and Accident",
        "Environment",
        "Social Issue"
    ],
    "topics": [
        "Disaster and Accident->natural disaster",
        "Environment->ecosystem",
        "Environment->endangered species",
        "Environment->nature",
        "Social Issue->social problem",
        "Social Issue->demographics"
    ],
    "ai_allow": true,
    "has_canonical": true,
    "breaking": true,
    "webz_reporter": false,
    "external_links": [
        "https://dailydispatch.dps.alaska.gov/Home/DisplayIncident?incidentNumber=AK25020258",
        "https://dailydispatch.dps.alaska.gov/Home/DisplayIncident",
        "https://www.dailydispatch.dps.alaska.gov/Home/DisplayIncident?incidentNumber=AK25020258"
    ],
    "external_images": [],
    "entities": {
        "persons": [],
        "locations": [],
        "organizations": []
    },
    "syndication": {
        "syndicated": null,
        "syndicate_id": null,
        "first_syndicated": false
    },
    "trust": null,
    "rating": null,
    "crawled": "2025-03-06T01:44:59.940+02:00",
    "updated": "2025-03-06T01:44:59.940+02:00"
}