{
    "thread": {
        "uuid": "3789554f8b2f100d19087699f6edf9e0337fe1d1",
        "url": "https://ici.radio-canada.ca/nouvelle/2114802/travaux-3e-lien-2028-quebec-solidaire",
        "site_full": "ici.radio-canada.ca",
        "site": "radio-canada.ca",
        "site_section": "https://radio-canada.ca/quebec",
        "site_categories": [
            "television",
            "hobbies_and_interests",
            "radio",
            "entertainment"
        ],
        "section_title": "Nouvelle de Québec, météo | Radio-Canada",
        "title": "Pas de travaux pour le 3e lien avant 2028 : « une arnaque électorale », croit QS",
        "title_full": "Pas de travaux pour le 3e lien avant 2028 : « une arnaque électorale », croit QS",
        "published": "2024-10-24T23:35:00.000+03:00",
        "replies_count": 0,
        "participants_count": 1,
        "site_type": "news",
        "country": "CA",
        "main_image": "",
        "performance_score": 0,
        "domain_rank": 2921,
        "domain_rank_updated": "2024-10-22T00:00:00.000+03:00",
        "social": {
            "facebook": {
                "likes": 0,
                "comments": 0,
                "shares": 0
            },
            "vk": {
                "shares": 0
            }
        }
    },
    "uuid": "3789554f8b2f100d19087699f6edf9e0337fe1d1",
    "url": "https://ici.radio-canada.ca/nouvelle/2114802/travaux-3e-lien-2028-quebec-solidaire",
    "ord_in_thread": 0,
    "parent_url": null,
    "author": "Félix Morrissette-Beaulieu",
    "published": "2024-10-24T23:35:00.000+03:00",
    "title": "Pas de travaux pour le 3e lien avant 2028 : « une arnaque électorale », croit QS",
    "text": "Pas de travaux pour le 3e lien avant 2028 : « une arnaque électorale », croit QS L' élu Étienne Grandmont et Québec solidaire sont contre le projet de troisième lien du gouvernement Legault. Photo : Radio-Canada / Sylvain Roy Roussel [L'échéancier présenté par le gouvernement pour le troisième lien](https://ici.radio-canada.ca/nouvelle/2114629/echeancier-debut-travaux-lien-interrives) est un énième indice que le projet est une « arnaque électorale », selon le parti Québec solidaire. Cette nouvelle proposition, c'est une arnaque électorale incroyable. On nous promet depuis 2018 le troisième lien , a dit le député solidaire de Taschereau, Étienne Grandmont, jeudi. Il y a des gens qui ont mis leur siège en jeu pour l'obtenir. [...] Est-ce qu'Éric Caire va mettre son siège en jeu pour 2028. Ça n’a juste pas de sens. Je pense que les Québécois sont plus intelligents que ça et comprennent très bien qu'on essaye encore de les rouler dans la farine et ils ne sont pas dupes , ajoute le député sans détour. Selon lui, le gouvernement fait fausse route lorsqu'il dit que le projet pourrait être irréversible d'ici les prochaines élections, en 2026. Il n'y a aucun projet qui est irréversible. Si la CAQ pense que c'est irréversible, c'est juste pour essayer de montrer comment ils sont motivés. [...]. Dès l'ouverture des enveloppes, en 2028, il n’y a aucun problème à juste tirer la plug sur ce projet-là , ajoute-t-il. L'escouade anti-troisième lien Le gouvernement n'a pas donné suite à nos demandes d'entrevues, mais a discuté du troisième lien lors de la période de questions, jeudi. La ministre des Transports, Geneviève Guilbault, assure que sa détermination à livrer un troisième lien à Québec est plus grande que jamais, malgré la révélation d'un calendrier de réalisation qui indique que la signature du contrat de construction n'est prévue que pour l'été 2028. La ministre Geneviève Guilbault a réitéré l'argument de la sécurité économique pour justifier un nouveau lien interrives. Photo : Radio-Canada / Sylvain Roy Roussel Selon des spécialistes consultés par Radio-Canada, il est hautement improbable qu'une première [pelletée de terre soit réalisée avant 2029](https://ici.radio-canada.ca/nouvelle/2114629/echeancier-debut-travaux-lien-interrives), ce qui fait que le projet sera peu avancé d'ici les prochaines élections prévues pour 2026. On est le seul parti politique ici à l'Assemblée nationale qui veut faire un troisième lien pour les gens de Québec et la Rive-Sud de Québec qui le souhaite ardemment. Que QS essaye de se négocier le titre de capitaine de l'escouade anti-troisième lien, ça leur appartient , a lancé la ministre en répondant à une question d'Étienne Grandmont. L'escouade anti-troisième lien, la ministre des Transports en a fait elle-même partie en 2023 , a répondu Étienne Grandmont, faisant allusion à [l'abandon du projet par la CAQ l'an dernier. ](https://ici.radio-canada.ca/nouvelle/2081982/legault-troisieme-lien-pont-quebec-levis-cdpq-infra-caisse-decision-projet) Les conservateurs viseraient 2026 Attendre quatre ans avant de commencer les travaux, c'est se moquer du monde , a répliqué le chef du parti conservateur du Québec, Éric Duhaime. Monsieur Legault et madame Guilbault ont abandonné, ils savent très bien que plus personne à Québec ne leur font confiance dans le dossier. La CAQ est en train de donner raison à , ajoute le conservateur.[Gilles Lehouillier.](https://ici.radio-canada.ca/nouvelle/2113098/gilles-lehouillier-levis-caq-3e-lien) Seul le Parti conservateur du Québec défendra avec acharnement le 3e lien en 2026 Éric Duhaime, chef du parti conservateur du Québec. Photo : Radio-Canada / Sylvain Roy Roussel Le gouvernement et la ministre Guilbault n'ont pas plus de crédibilité qu'il y a deux semaines avec la fable caquiste du 3e lien, qu'ils continuent à entretenir en gaspillant des fonds publics à des fins électoralistes , estime de son côté le péquiste Pascal Paradis. Avec la collaboration d'Olivier Lemieux.",
    "highlightText": "",
    "highlightTitle": "",
    "highlightThreadTitle": "",
    "language": "french",
    "sentiment": "negative",
    "categories": [
        "Politics",
        "Social Issue",
        "Human Interest"
    ],
    "ai_allow": true,
    "canonical": false,
    "webz_reporter": false,
    "external_links": [],
    "external_images": [],
    "entities": {
        "persons": [],
        "organizations": [],
        "locations": []
    },
    "syndication": {
        "syndicated": null,
        "syndicate_id": null,
        "first_syndicated": false
    },
    "rating": null,
    "crawled": "2024-10-25T00:25:01.991+03:00",
    "updated": "2024-10-25T00:25:01.991+03:00"
}