{
    "thread": {
        "uuid": "5b5b59496495eb13ac41ea39bf616b7d522c5db9",
        "url": "https://ndmais.com.br/justica/festa-de-aniversario-de-imarui-leva-a-cassacao-de-prefeito-e-cidade-pode-ter-nova-eleicao",
        "site_full": "ndmais.com.br",
        "site": "ndmais.com.br",
        "site_section": "https://ndmais.com.br/feed",
        "site_categories": [],
        "section_title": "ND Mais",
        "title": "Festa de aniversário de Imaruí leva à cassação de prefeito e cidade pode ter nova eleição",
        "title_full": "Festa de aniversário de Imaruí leva à cassação de prefeito e cidade pode ter nova eleição",
        "published": "2024-10-24T23:55:00.000+03:00",
        "replies_count": 0,
        "participants_count": 1,
        "site_type": "news",
        "country": "BR",
        "main_image": "https://static.ndmais.com.br/2023/04/copia-de-foto-frame-de-video-p-portal-nd-2023-04-28t120548040.jpg",
        "performance_score": 0,
        "domain_rank": 55724,
        "domain_rank_updated": "2024-10-22T00:00:00.000+03:00",
        "social": {
            "facebook": {
                "likes": 0,
                "comments": 0,
                "shares": 0
            },
            "vk": {
                "shares": 0
            }
        }
    },
    "uuid": "5b5b59496495eb13ac41ea39bf616b7d522c5db9",
    "url": "https://ndmais.com.br/justica/festa-de-aniversario-de-imarui-leva-a-cassacao-de-prefeito-e-cidade-pode-ter-nova-eleicao",
    "ord_in_thread": 0,
    "parent_url": null,
    "author": "Luana Miguel",
    "published": "2024-10-24T23:55:00.000+03:00",
    "title": "Festa de aniversário de Imaruí leva à cassação de prefeito e cidade pode ter nova eleição",
    "text": "O prefeito reeleito de Imaruí, [Patrick Correa](https://ndmais.com.br/politica/pgr-pede-novo-afastamento-do-prefeito-de-imarui-por-suspeitas-de-corrupcao/) (Republicanos), teve sua diplomação cassada pela Justiça Eleitoral em primeira instância e a cidade pode passar por nova eleição. A decisão foi divulgada nesta quinta-feira (24). O vice-prefeito Lucenir Gomes Gutero também está no processo.\nA ação investiga abuso de poder econômico e político durante as [eleições municipais de 2024](https://ndmais.com.br/politica/operacao-mensageiro-quantos-prefeitos-presos-concorrem-na-eleicao-municipal-de-2024/), devido aos gastos públicos relacionados à festa de aniversário da cidade. O valor total somou R$ 421.362,17. Segundo os autos, o valor superou a média dos anos anteriores.\n“Veja-se que, somados os gastos relativos aos anos de 2021, 2022 e 2023, não chegam sequer à metade dos valores despendidos no ano de 2024”, descreveu o texto.\nEm quatro dias de festa, o montante representou 64,62% do orçamento da Secretaria da Indústria, Comércio, Turismo, Cultura e Juventude para todo o ano de 2024. Conforme os autos, essas despesas, sem a autorização da Justiça Eleitoral, configuram uma forma de publicidade institucional.\nCaso a cassação seja mantida pelo [Tribunal Regional Eleitoral de Santa Catarina](https://www.tre-sc.jus.br/eleicoes/eleicoes-municipais-2024), novas eleições serão realizadas em 90 dias e Correa ficará inelegível por oito anos.\nO que diz a defesa do prefeito?\nEm nota enviada para a reportagem do ND Mais, o advogado de defesa do prefeito, Josue Klein, afirmou que a decisão foi uma surpresa. “Não fomos notificados da decisão ainda. Vamos analisar a decisão judicial, pois foi uma surpresa muito grande. Respeitamos a decisão, mas vamos recorrer , pois acreditamos que houve interpretação equivocada dos acontecimentos e das provas apresentadas”, diz a nota.\n“Gostaríamos de destacar que os eleitos obtiveram mais de 55% dos votos dos eleitores de Imaruí e estamos confiantes de que vamos conseguir demonstrar ao TRE a normalidade de toda eleição”, afirma a defesa.\nPrefeito reeleito de Imaruí foi preso na Operação Mensageiro\nDesde 2023, o prefeito é investigado por supostas fraudes nos serviços de coleta de lixo e tratamento de água e esgoto, e por suspeita de ter recebido propinas mensais no valor de R$ 5 mil. Durante a [operação](https://ndmais.com.br/politica/operacao-mensageiro-quantos-prefeitos-presos-concorrem-na-eleicao-municipal-de-2024/), foram encontrados R$ 10 mil em seu gabinete.\nCorrea ficou preso de 27 de abril a 21 de setembro de 2023. Por ordem judicial, ele não pôde retornar imediatamente ao cargo. O parlamentar só assumiu novamente a prefeitura de Imaruí no dia 1º de março deste ano.\nO político é o único prefeito da Amurel (Associação dos Municípios da Região de Laguna) que foi investigado e não renunciou ao cargo.",
    "highlightText": "",
    "highlightTitle": "",
    "highlightThreadTitle": "",
    "language": "portuguese",
    "sentiment": "negative",
    "categories": [
        "Politics",
        "Crime, Law and Justice",
        "Social Issue"
    ],
    "ai_allow": true,
    "canonical": false,
    "webz_reporter": false,
    "external_links": [
        "https://www.tre-sc.jus.br/eleicoes/eleicoes-municipais-2024",
        "https://tre-sc.jus.br/eleicoes/eleicoes-municipais-2024"
    ],
    "external_images": [],
    "entities": {
        "persons": [],
        "organizations": [],
        "locations": []
    },
    "syndication": {
        "syndicated": null,
        "syndicate_id": null,
        "first_syndicated": false
    },
    "rating": null,
    "crawled": "2024-10-25T00:14:46.877+03:00",
    "updated": "2024-11-23T00:59:55.341+02:00"
}