{
    "thread": {
        "uuid": "dd2a366cc8d207b40ce96e10963acb638e045e0e",
        "url": "https://www.zazoom.it/2024-10-24/via-dante-tetto-crollato-la-situazione-e-ferma-da-oltre-un-anno/15651365",
        "site_full": "www.zazoom.it",
        "site": "zazoom.it",
        "site_section": "https://www.zazoom.it",
        "site_categories": [
            "media",
            "television",
            "entertainment"
        ],
        "section_title": "Zazoom Social News - Ultime News",
        "title": "Via Dante tetto crollato | la situazione Ã¨ ferma da oltre un anno",
        "title_full": "Via Dante tetto crollato | la situazione Ã¨ ferma da oltre un anno",
        "published": "2024-10-24T03:00:00.000+03:00",
        "replies_count": 0,
        "participants_count": 1,
        "site_type": "news",
        "country": "IT",
        "main_image": "https://www.quicomo.it/~media/horizontal-hi/25757529489932/stabile-via-dante-degrado.jpg",
        "performance_score": 0,
        "domain_rank": 138529,
        "domain_rank_updated": "2024-10-22T00:00:00.000+03:00",
        "social": {
            "facebook": {
                "likes": 0,
                "comments": 0,
                "shares": 0
            },
            "vk": {
                "shares": 0
            }
        }
    },
    "uuid": "dd2a366cc8d207b40ce96e10963acb638e045e0e",
    "url": "https://www.zazoom.it/2024-10-24/via-dante-tetto-crollato-la-situazione-e-ferma-da-oltre-un-anno/15651365",
    "ord_in_thread": 0,
    "parent_url": null,
    "author": "@zazoomblog",
    "published": "2024-10-24T03:00:00.000+03:00",
    "title": "Via Dante tetto crollato | la situazione Ã¨ ferma da oltre un anno",
    "text": "Quicomo.it di 24 ott 2024 Via Dante tetto crollato | la situazione Ã¨ ferma da oltre un anno Via Dante, tetto crollato: la situazione Ã¨ ferma da oltre un anno (Di giovedÃ¬ 24 ottobre 2024) Le immagini scattate nel settembre 2023 in via Dante , mostrano una situazione preoccupante che persiste ormai da oltre un anno . Il tetto di un piccolo stabile, situatoÂ tra l'ex Telecom e l'exÂ scuola Baden-Powell, appare gravemente danneggiato.Dalle vetrine si puÃ² notare chiaramente il Quicomo.it - Via Dante, tetto crollato: la situazione Ã¨ ferma da oltre un anno\nLeggi tutta la notizia su Quicomo.it Altre notizie su Via Dante, tetto crollato: la situazione Ã¨ ferma da oltre un anno . Leggi altre news da fonti autorevoli per approfondire ulteriormente e restare aggiornato sugli sviluppi piÃ¹ recenti. Rai, canone torna a 90 euro: un'eventuale proroga fa saltare il taglio nel 2025 - Nella manovra non c'Ã¨ la conferma del taglio del canone Rai da 90 a 70 euro. Nel testo firmato ieri dal presidente della Repubblica Sergio Mattarella e inviato poco dopo alla Camera, ... (ilgazzettino.it)\nTaglio stipendi manager pubblici dal 2025: chi coinvolge e come funziona - Tutti i dettagli su come funziona e a chi si rivolge il taglio degli stipendi dei manager pubblici, in vigore dal 2025, introdotto dalla Legge di Bilancio in corso di approvazione al Parlamento. (ticonsiglio.com)\nManovra 2025, tutte le misure: polemica su sanitÃ e pensioni - Cambia il tetto di reddito oltre il quale vengono riviste le tax expenditures ... solo chi ha tre figli o ne ha uno con disabilitÃ a poter scontare spese (diverse da quelle sanitarie e dai mutui ma in ... (ilmattino.it)\nManovra, Cida: scure fiscale si abbatte sul ceto medio - Ancora una volta la scure fiscale si abbatte sul ceto medio attraverso l'annullamento delle detrazioni. Lo sottolinea CIDA - la ... (ildiariodellavoro.it)\nIn Primo Piano Accadde oggi: 25 ottobre, nasce la provincia di Benevento fremondoweb.com\nOroscopo Vergine di Paolo Fox: le previsioni di oggi 25 ottobre 2024 tutto.tv\n\"Piazza Cavour ancora incompiuta, che disastro\" lanazione.it\nRobotica e sentimenti nel nuovo libro di Braslavsky lanazione.it\nMontepulciano regina del turismo: \"Il 2025 sarÃ un anno da record\" lanazione.it\n© Articolo pubblicato secondo le condizioni dell' Autore. Seguici in Rete Facebook Tik Tok Twitter Instagram You Tube Iscriviti",
    "highlightText": "",
    "highlightTitle": "",
    "highlightThreadTitle": "",
    "language": "italian",
    "sentiment": "negative",
    "categories": [
        "Disaster and Accident",
        "Social Issue",
        "Politics"
    ],
    "ai_allow": true,
    "canonical": false,
    "webz_reporter": false,
    "external_links": [
        "https://www.youtube.com/channel/UCJs0ZT10hUiPRD0UZtUpI1Q",
        "https://www.tiktok.com/@zazoomtechandgames?lang=it-IT",
        "https://www.facebook.com/ZazoomBlog",
        "https://twitter.com/zazoomblog",
        "https://www.instagram.com/zazoomnews/",
        "https://instagram.com/zazoomnews/",
        "https://tiktok.com/@zazoomtechandgames?lang=it-IT",
        "https://www.tiktok.com/@zazoomtechandgames",
        "https://www.instagram.com/zazoomnews",
        "https://youtube.com/channel/UCJs0ZT10hUiPRD0UZtUpI1Q",
        "https://facebook.com/ZazoomBlog",
        "https://www.twitter.com/zazoomblog"
    ],
    "external_images": [],
    "entities": {
        "persons": [
            {
                "name": "Sergio Mattarella",
                "sentiment": "none"
            },
            {
                "name": "Via Dante",
                "sentiment": "none"
            }
        ],
        "organizations": [
            {
                "name": "Repubblica",
                "sentiment": "none"
            },
            {
                "name": "Telecom",
                "sentiment": "none"
            },
            {
                "name": "Camera",
                "sentiment": "none"
            },
            {
                "name": "Rai",
                "sentiment": "none"
            }
        ],
        "locations": [
            {
                "name": "o Via ",
                "sentiment": "none"
            },
            {
                "name": "Baden-Powell",
                "sentiment": "none"
            },
            {
                "name": "via Dante",
                "sentiment": "none"
            }
        ]
    },
    "syndication": {
        "syndicated": null,
        "syndicate_id": null,
        "first_syndicated": false
    },
    "rating": null,
    "crawled": "2024-10-25T00:14:36.164+03:00",
    "updated": "2024-10-25T07:19:47.929+03:00"
}