{
    "thread": {
        "uuid": "7006d51f1a6035b9c54fa50080080fa85d2cb908",
        "url": "https://www.elespectador.com/politica/presidente-de-la-camara-jaime-salamanca-se-defendio-de-criticas-el-odio-que-hay-en-la-politica-colombiana-es-increible",
        "site_full": "www.elespectador.com",
        "site": "elespectador.com",
        "site_section": "http://www.elespectador.com",
        "site_categories": [
            "media"
        ],
        "section_title": "Noticias de hoy en Colombia y el mundo. Última hora | Noticias | EL ESPECTADOR",
        "title": "Presidente de la Cámara, Jaime Salamanca, se defendió de críticas: el odio que hay en la política colombiana es increíble | EL ESPECTADOR",
        "title_full": "Presidente de la Cámara, Jaime Salamanca, se defendió de críticas: el odio que hay en la política colombiana es increíble | EL ESPECTADOR",
        "published": "2024-10-25T00:00:00.000+03:00",
        "replies_count": 0,
        "participants_count": 1,
        "site_type": "news",
        "country": "CO",
        "main_image": "https://www.elespectador.com/resizer/v2/W5X7F424ZBHBJJ2WWHGBUEWQDI.JPG?auth=ba233ab180594e335319ad5d5190959890efc8f4d3d4f0d97c23bdeb04f64a67&amp;width=657&amp;smart=true&amp;quality=60",
        "performance_score": 0,
        "domain_rank": 5905,
        "domain_rank_updated": "2024-10-22T00:00:00.000+03:00",
        "social": {
            "facebook": {
                "likes": 0,
                "comments": 0,
                "shares": 0
            },
            "vk": {
                "shares": 0
            }
        }
    },
    "uuid": "7006d51f1a6035b9c54fa50080080fa85d2cb908",
    "url": "https://www.elespectador.com/politica/presidente-de-la-camara-jaime-salamanca-se-defendio-de-criticas-el-odio-que-hay-en-la-politica-colombiana-es-increible",
    "ord_in_thread": 0,
    "parent_url": null,
    "author": "Redacción Política",
    "published": "2024-10-25T00:00:00.000+03:00",
    "title": "Presidente de la Cámara, Jaime Salamanca, se defendió de críticas: el odio que hay en la política colombiana es increíble | EL ESPECTADOR",
    "text": "Jaime Raúl Salamanca, presidente de la Cámara de Representantes, sumó una nueva polémica esta semana. En medio del Foro Parlamentario Mundial de la COP16, al congresista se le quedó abierto su micrófono en un momento de pausa y todos los asistentes escucharon cuando dijo “yo dizque venía a Cali a descansar”. Rápidamente, el video del momento se hizo viral en redes y las críticas llovieron sobre Salamanca, pues muchos aprovecharon para recalcar que en los últimos meses la plenaria de la Cámara no ha sesionado lo suficiente y, de hecho, ha tenido varios recesos, todo tras la aprobación de la reforma laboral del gobierno Petro. Lea también: “Han violado el derecho a mi intimidad”: cónsul en México emprenderá acciones legales Ante tal ruido, el presidente Salamanca respondió a través de sus redes sociales que los sacaron de contexto. “El odio que hay en la política colombiana es increíble. He recibido decenas de mensajes terribles por una frase fuera de contexto. Todo esto me compromete como líder aún más en el propósito de buscar que los debates políticos se den en medio del respeto y sin tanta polarización”, aseguró este jueves. En otra de sus publicaciones había señalado que la frase y la polémica que generó no reflejan el trabajo que realizaron en la jornada del miércoles. Según explicó, durante más de nueve horas los congresistas trabajaron en una declaración “histórica a nivel mundial”, la cual, dijo, no debería pasar a un segundo plano por una expresión “coloquial” que utilizó con un amigo. No se pierda: Carlos Fernando Galán fue citado a debate de control político por crisis de agua Lo cierto es que Salamanca sumó una nueva polémica, ya que el pasado martes, en las redes sociales y en los corrillos políticos, se comentó ampliamente el enfrentamiento que tuvo con el representante del Centro Democrático, Óscar Villamizar, luego de que éste lo increpó porque le apagaron el micrófono en dos oportunidades, cortándole sus intervenciones en la plenaria. El congresista uribista fue hasta el atril para pedirle garantías a Salamanca, pero la discusión terminó en gritos de parte de Villamizar y en la advertencia del presidente de llamar a la Policía. “Yo también tengo derecho aquí, le ruego que me respete. Dígale a la Policía que me saque”, repitió varias veces Villamizar, quien en sus redes sociales ha cuestionado la actitud de Salamanca durante el debate. A todo esto también se suma que, durante el debate de la reforma laboral, Salamanca tuvo varios choques con varias representantes de oposición e independientes que lo cuestionaron por no darles garantías en los debates e incluso lo señalaron de violencia política. Salamanca insistió en que ha dado garantías durante todos los debates y reiteró que su gestión está enfocada en tramitar los cambios que pide el país. 👁‍🗨 Conozca cómo votan los senadores y representantes a la Cámara en ‘Congreso a la mano’. 👉 Lea más sobre el Congreso, el gobierno Petro y otras noticias del mundo político. ✉️ Si tiene interés en los temas políticos o información que considere oportuno compartirnos, por favor, escríbanos a cualquiera de estos correos: hvalero@elespectador.com; aosorio@elespectador.com; dortega@elespectador.com; dcristancho@elespectador.com; mbarrios@elespectador.com ; lbotero@elespectador.com o lperalta@elespectador.com.",
    "highlightText": "",
    "highlightTitle": "",
    "highlightThreadTitle": "",
    "language": "spanish",
    "sentiment": "negative",
    "categories": [
        "Politics",
        "Social Issue"
    ],
    "ai_allow": true,
    "canonical": false,
    "webz_reporter": false,
    "external_links": [],
    "external_images": [],
    "entities": {
        "persons": [],
        "organizations": [],
        "locations": []
    },
    "syndication": {
        "syndicated": null,
        "syndicate_id": null,
        "first_syndicated": false
    },
    "rating": null,
    "crawled": "2024-10-25T00:20:04.145+03:00",
    "updated": "2024-10-25T00:20:04.145+03:00"
}