{
    "thread": {
        "uuid": "cacebba4bc76ba52f4baccb6efe6848c6eeac4c4",
        "url": "https://br.investing.com/news/company-news/barrick-gold-refuta-alegacoes-do-governo-do-mali-93CH-1374205",
        "site_full": "br.investing.com",
        "site": "investing.com",
        "site_section": "https://br.investing.com/news/company-news",
        "site_categories": [
            "investing",
            "financial_news",
            "finance"
        ],
        "section_title": "Últimas Notícias de Empresas - Investing.com",
        "title": "Barrick Gold refuta alegações do governo do Mali Por Investing.com",
        "title_full": "Barrick Gold refuta alegações do governo do Mali Por Investing.com",
        "published": "2024-10-24T23:35:00.000+03:00",
        "replies_count": 0,
        "participants_count": 1,
        "site_type": "news",
        "country": "BR",
        "main_image": "https://i-invdn-com.investing.com/redesign/images/seo/investing_300X300.png",
        "performance_score": 0,
        "domain_rank": 1271,
        "domain_rank_updated": "2024-10-22T00:00:00.000+03:00",
        "social": {
            "facebook": {
                "likes": 0,
                "comments": 0,
                "shares": 0
            },
            "vk": {
                "shares": 0
            }
        }
    },
    "uuid": "cacebba4bc76ba52f4baccb6efe6848c6eeac4c4",
    "url": "https://br.investing.com/news/company-news/barrick-gold-refuta-alegacoes-do-governo-do-mali-93CH-1374205",
    "ord_in_thread": 0,
    "parent_url": null,
    "author": "Investing.com",
    "published": "2024-10-24T23:35:00.000+03:00",
    "title": "Barrick Gold refuta alegações do governo do Mali Por Investing.com",
    "text": "TORONTO - A Barrick Gold Corporation (NYSE:GOLD)(TSX:ABX) negou publicamente as alegações do Ministério das Minas e do Ministério das Finanças do Mali, afirmando que não deixou de cumprir seus compromissos sob um acordo com o governo. A disputa centra-se na distribuição dos benefícios do complexo de mineração Loulo-Gounkoto.\nRecentemente, em 30.09.2023, a Barrick anunciou uma estrutura para negociações com o governo do Mali visando uma resolução abrangente de suas divergências. Desde então, a empresa tem se envolvido ativamente com o governo. Um memorando de acordo está em andamento, que detalhará os termos da resolução e delineará os princípios futuros de parceria, incluindo o aumento dos benefícios econômicos do estado provenientes do complexo de mineração.\nNo início de outubro, a Barrick fez um pagamento significativo de 50 bilhões de FCFA (85 milhões de dólares) ao governo do Mali como parte dessas negociações em curso. Apesar de rejeitar qualquer irregularidade, a Barrick expressou seu compromisso de trabalhar de boa-fé com o Mali, onde opera há 30 anos.\nMark Bristow, Presidente e CEO da Barrick, enfatizou o relacionamento de longa data da empresa com o Mali e seu histórico de resolver amigavelmente diferenças passadas. A empresa continua focada em alcançar uma solução mutuamente aceitável para o atual impasse em benefício de todas as partes envolvidas.\nO comunicado de imprensa também continha declarações prospectivas sobre as negociações em curso e os possíveis resultados, incluindo a possibilidade de aumentar a participação do governo nos benefícios econômicos das operações de mineração. No entanto, os leitores são advertidos de que essas declarações não são garantias de desempenho futuro e estão sujeitas a vários riscos e incertezas.\nEsta notícia é baseada em um comunicado de imprensa da Barrick Gold Corporation.\nEm outras notícias recentes, a Barrick Gold Corporation projeta um aumento de 30% na produção de onças equivalentes de ouro de seus ativos atuais até o final desta década. A estratégia de crescimento da empresa deriva da aquisição de ativos de alta qualidade através da fusão com a Randgold, que não exigiu compra com ágio. Em Nevada, a Barrick iniciou operações em Goldrush, visando uma produção anual de 400.000 onças até 2028. Two grandes projetos de cobre, o projeto Reko Diq no Paquistão e o projeto Lumwana Super Pit na Zâmbia, devem iniciar a produção em 2028, esperando-se que impulsionem o negócio de cobre da empresa. O sucesso da Barrick na reposição de reservas também foi observado, tendo a empresa reposto mais reservas de ouro do que extraiu nos últimos cinco anos. Estes são desenvolvimentos recentes que destacam o foco da empresa no crescimento orgânico e na criação de valor a partir de seu portfólio existente. No entanto, é importante notar que as perspectivas e projeções de crescimento da empresa estão sujeitas a mudanças, com base em vários fatores como condições de mercado e desempenho operacional.\nInsights do InvestingPro\nEnquanto a Barrick Gold Corporation (NYSE:GOLD) navega em suas negociações com o governo do Mali, os investidores podem achar valiosos contextos adicionais de dados financeiros recentes e insights de analistas. De acordo com o InvestingPro, a capitalização de mercado da Barrick é de 35,52 bilhões de dólares, refletindo sua presença significativa na indústria de mineração de ouro.\nA saúde financeira da empresa parece robusta, com as Dicas do InvestingPro indicando que os ativos líquidos da Barrick excedem suas obrigações de curto prazo, e ela opera com um nível moderado de dívida. Esta estabilidade financeira poderia proporcionar à Barrick flexibilidade enquanto trabalha para resolver a situação no Mali.\nA receita da Barrick nos últimos doze meses até o segundo trimestre de 2023 foi de 11,83 bilhões de dólares, com uma taxa de crescimento de 9,77%. Este crescimento, juntamente com um forte crescimento do EBITDA de 19,43% no mesmo período, sugere que as operações da empresa permanecem produtivas apesar dos desafios geopolíticos.\nOs investidores também podem observar que a Barrick está negociando perto de sua máxima de 52 semanas, com um preço que é 98,27% de seu pico. Isso pode indicar confiança do mercado na capacidade da empresa de gerenciar efetivamente suas operações internacionais, incluindo a situação atual no Mali.\nPara aqueles que buscam uma compreensão mais profunda da posição financeira e perspectivas futuras da Barrick, o InvestingPro oferece 8 dicas adicionais, que podem fornecer insights valiosos sobre o desempenho da empresa em meio às suas negociações atuais e operações globais.\nEssa notícia foi traduzida com a ajuda de inteligência artificial. Para mais informação, veja nossos Termos de Uso.",
    "highlightText": "",
    "highlightTitle": "",
    "highlightThreadTitle": "",
    "language": "portuguese",
    "sentiment": "negative",
    "categories": [
        "Politics"
    ],
    "ai_allow": true,
    "canonical": false,
    "webz_reporter": false,
    "external_links": [],
    "external_images": [],
    "entities": {
        "persons": [],
        "organizations": [],
        "locations": []
    },
    "syndication": {
        "syndicated": null,
        "syndicate_id": null,
        "first_syndicated": false
    },
    "rating": null,
    "crawled": "2024-10-25T00:07:15.795+03:00",
    "updated": "2024-10-25T00:07:15.795+03:00"
}