{
    "thread": {
        "uuid": "aa8a699369df5067de1e9e111348ad1356bbd59d",
        "url": "https://www.dgabc.com.br/Noticia/4171606/crescimento-europeu-nao-consegue-alcancar-o-dos-eua-dizem-dirigentes-do-fmi-e-do-bce",
        "site_full": "www.dgabc.com.br",
        "site": "dgabc.com.br",
        "site_section": "https://www.dgabc.com.br/servicos/rss",
        "site_categories": [
            "media"
        ],
        "section_title": "RSS - Diário do Grande ABC",
        "title": "Crescimento europeu não consegue alcançar o dos EUA, dizem dirigentes do FMI e do BCE",
        "title_full": "Crescimento europeu não consegue alcançar o dos EUA, dizem dirigentes do FMI e do BCE",
        "published": "2024-10-24T23:31:00.000+03:00",
        "replies_count": 0,
        "participants_count": 1,
        "site_type": "news",
        "country": "BR",
        "main_image": "https://www.dgabc.com.br/content/themes/dgabc2017/imagens/logo_dgabc_facebook.jpg",
        "performance_score": 0,
        "domain_rank": 56909,
        "domain_rank_updated": "2024-10-22T00:00:00.000+03:00",
        "social": {
            "facebook": {
                "likes": 0,
                "comments": 0,
                "shares": 0
            },
            "vk": {
                "shares": 0
            }
        }
    },
    "uuid": "aa8a699369df5067de1e9e111348ad1356bbd59d",
    "url": "https://www.dgabc.com.br/Noticia/4171606/crescimento-europeu-nao-consegue-alcancar-o-dos-eua-dizem-dirigentes-do-fmi-e-do-bce",
    "ord_in_thread": 0,
    "parent_url": null,
    "author": "Da AE",
    "published": "2024-10-24T23:31:00.000+03:00",
    "title": "Crescimento europeu não consegue alcançar o dos EUA, dizem dirigentes do FMI e do BCE",
    "text": "Em debate sobre economia global do Fundo Monetário Internacional (FMI), a diretora-gerente do FMI, Kristalina Georgieva, comentou sobre o crescimento lento e a alta dívida dos países. Ela e o membro do Conselho de Governança do Banco Central Europeu (BCE) e presidente do Conselho de Estabilidade Financeira, Klaas Knot, realizaram comparações econômicas entre os Estados Unidos e a Europa.\nGeorgieva disse que economia norte-americana está se saindo melhor do que a europeia, pelo fato de os EUA terem um ambiente propício de inovação, independência energética e vasta mão de obra.\nNa mesma linha, Knot afirmou que o crescimento europeu não vai alcançar o norte-americano, sobretudo devido a uma produtividade mais baixa e problemas demográficos cada vez maiores.\nApesar disso, o membro do BCE diz estar confiante para a estabilidade da inflação no continente.\nMesmo em meio às incertezas geopolíticas, Georgieva declarou que \"não há uma crise econômica a vista no mundo\", mas que \"altos preços estão aí para ficar\".\nAtenção! Os comentários do site são via Facebook. Lembre-se de que o comentário é de inteira responsabilidade do autor e não expressa a opinião do jornal. Comentários que violem a lei, a moral e os bons costumes ou violem direitos de terceiros poderão ser denunciados pelos usuários e sua conta poderá ser banida.",
    "highlightText": "",
    "highlightTitle": "",
    "highlightThreadTitle": "",
    "language": "portuguese",
    "sentiment": "negative",
    "categories": [
        "Economy, Business and Finance",
        "Politics",
        "Social Issue"
    ],
    "ai_allow": true,
    "canonical": false,
    "webz_reporter": false,
    "external_links": [],
    "external_images": [],
    "entities": {
        "persons": [],
        "organizations": [],
        "locations": []
    },
    "syndication": {
        "syndicated": null,
        "syndicate_id": null,
        "first_syndicated": false
    },
    "rating": null,
    "crawled": "2024-10-25T00:17:05.380+03:00",
    "updated": "2024-10-25T00:17:05.380+03:00"
}