{
    "thread": {
        "uuid": "8265922a6bfb9b3ebd45ecd1304285e5eec3b7c0",
        "url": "https://weeklyblitz.net/2024/10/25/us-policy-on-frozen-russian-assets-viewed-as-theft",
        "site_full": "weeklyblitz.net",
        "site": "weeklyblitz.net",
        "site_section": "https://www.weeklyblitz.net",
        "site_categories": [],
        "section_title": "BLiTZ - Fears None But God",
        "title": "US policy on frozen Russian assets viewed as ‘theft’",
        "title_full": "US policy on frozen Russian assets viewed as ‘theft’",
        "published": "2024-10-24T19:41:00.000+03:00",
        "replies_count": 0,
        "participants_count": 1,
        "site_type": "news",
        "country": "AE",
        "main_image": "",
        "performance_score": 0,
        "domain_rank": 102108,
        "domain_rank_updated": "2024-10-22T00:00:00.000+03:00",
        "social": {
            "facebook": {
                "likes": 0,
                "comments": 0,
                "shares": 0
            },
            "vk": {
                "shares": 0
            }
        }
    },
    "uuid": "8265922a6bfb9b3ebd45ecd1304285e5eec3b7c0",
    "url": "https://weeklyblitz.net/2024/10/25/us-policy-on-frozen-russian-assets-viewed-as-theft",
    "ord_in_thread": 0,
    "parent_url": null,
    "author": "Tajul Islam",
    "published": "2024-10-24T19:41:00.000+03:00",
    "title": "US policy on frozen Russian assets viewed as ‘theft’",
    "text": "On October 23, 2024, President Joe Biden’s announcement of a significant financial maneuver sent shockwaves through the geopolitical landscape. The United States would leverage frozen Russian assets to provide Ukraine with a $20 billion loan, part of a broader $50 billion support package orchestrated by the G7 nations. This decision has not only stirred a fierce backlash from Moscow but has also sparked a broader debate on international law, sovereignty, and the evolving nature of financial warfare. In his announcement , President Biden characterized this initiative as a “historic decision to leverage Russian sovereign assets to support Ukraine.” By pledging to utilize these blocked assets, the Biden administration framed this financial maneuver as a way to provide substantial support without placing an additional burden on US taxpayers. This rhetoric of leveraging foreign assets to fund military and humanitarian efforts presents a compelling narrative, appealing to both domestic and international audiences. However, this announcement follows a series of similar pledges from Western allies. The European Union and the United Kingdom have also indicated their intentions to use Russian funds to support Ukraine, marking a coordinated strategy among Western nations to apply economic pressure on Moscow. Yet, these financial commitments raise serious ethical and legal questions about the treatment of sovereign assets and the implications for international relations. In immediate response to Biden’s declaration, the Russian Embassy in the United States issued a scathing critique, labeling the move as a blatant act of “theft.” This condemnation is rooted in a broader Russian narrative that positions Western actions as imperialistic and neocolonial. The embassy’s statement emphasized the unprecedented nature of the US policy, suggesting that the act of leveraging frozen sovereign assets represents a dangerous escalation of state-sponsored financial warfare. The use of terms like “historic” in Biden’s announcement did not go unnoticed by Russian officials, who argue that it reflects a troubling new precedent in international financial practices. According to the Russian diplomatic mission, these measures, which they claim are often rejected in the international arena, have sparked widespread condemnation from various global actors. The decision to utilize frozen Russian assets is emblematic of a broader trend in international relations, where financial instruments are increasingly weaponized as tools of geopolitical strategy. Since the onset of the Ukraine conflict in 2022, Western nations have imposed sanctions that have frozen an estimated $300 billion in Russian sovereign assets, effectively seizing control of these funds within various financial institutions. This unprecedented use of economic sanctions as a geopolitical strategy has raised concerns about the potential ramifications for the global financial system. Although the Biden administration argues that leveraging these assets is a way to support Ukraine without burdening US taxpayers, critics assert that this approach undermines the principles of sovereign immunity and international law. The International Monetary Fund (IMF) has expressed reservations about fully confiscating Russian funds, citing fears that such a move could jeopardize global trust in the Western financial system. These concerns underscore the delicate balance that Western governments must maintain as they seek to pressure Russia while avoiding potential backlash that could destabilize international financial relations. The ramifications of leveraging frozen assets extend beyond US-Russian relations. Critics of this policy argue that it sets a dangerous precedent in international law, wherein sovereign assets can be treated as collateral for geopolitical objectives. Legal experts warn that such a move could fundamentally undermine the principle of sovereign immunity, which has long been a cornerstone of international relations. As nations observe the unfolding situation, there is growing apprehension regarding the normalization of asset seizures for political ends. The ramifications are not limited to Russia; other countries could see this as a justification for similar actions against perceived adversaries. The principle that no sovereign state is immune from having its assets appropriated could create a destabilizing precedent, leading to an erosion of trust in international financial systems. In light of these developments, the BRICS nations-Brazil, Russia, India, China, and South Africa-have voiced their disapproval of the US policy. During a recent summit in Kazan, Russia, BRICS leaders condemned what they termed “illegal sanctions” and highlighted the damaging effects of such measures on the global economy and trade. The Kazan Declaration explicitly called for the elimination of unilateral coercive measures that violate the rules of the World Trade Organization (WTO) and undermine the UN Charter. The summit underscored the need for a more robust multilateral financial architecture that would protect sovereign assets from unilateral actions by dominant global powers. This call for reform reflects a growing desire among emerging economies to create a financial system that is insulated from the whims of Western nations, which they perceive as engaging in neocolonial practices. As the US moves forward with its policy of leveraging frozen Russian assets, it faces a complex landscape of international opinion and legal considerations. The potential consequences of this approach extend beyond immediate financial gains; they may reshape global perceptions of the US and its commitment to the rule of law. Moreover, the Biden administration’s decision raises critical questions about the long-term sustainability of such a strategy. If the US establishes a precedent for leveraging sovereign assets, other nations may adopt similar practices, potentially leading to a cascade of retaliatory measures that could destabilize the global economy. The prospect of a tit-for-tat scenario looms large, where nations might seize assets from countries they perceive as hostile, thus further entrenching divisions in the international system. President Biden’s announcement to leverage frozen Russian assets for Ukraine represents a pivotal moment in international relations, reflecting a significant shift toward using economic tools as instruments of foreign policy. While the intent may be to bolster a key ally in its struggle against aggression, the implications of this strategy are profound and far-reaching. Accusations of state-sponsored theft from Russia, coupled with concerns about undermining international law, highlight the complexities of this new financial warfare. As the global community observes this evolving situation, the US must navigate its actions with caution. The stakes are high, and the potential fallout from this policy could redefine the norms that govern international relations for years to come. Ultimately, the challenge lies in balancing the imperative to support Ukraine while upholding the principles of sovereignty and legality that have long underpinned the international system. The future of US foreign policy may depend on the successful navigation of this intricate landscape, one fraught with risks and opportunities alike.",
    "highlightText": "",
    "highlightTitle": "",
    "highlightThreadTitle": "",
    "language": "english",
    "sentiment": "negative",
    "categories": [
        "Politics",
        "Social Issue",
        "Economy, Business and Finance"
    ],
    "ai_allow": true,
    "canonical": false,
    "webz_reporter": false,
    "external_links": [
        "https://www.whitehouse.gov/briefing-room/statements-releases/2024/10/23/statement-from-president-joe-biden-on-historic-decision-to-leverage-russian-sovereign-assets-to-support-ukraine/",
        "https://news.google.com/publications/CAAqKggKIiRDQklTRlFnTWFoRUtEM2RsWld0c2VXSnNhWFI2TG01bGRDZ0FQAQ?hl=en-US&gl=US&ceid=US:en",
        "https://t.me/EmbUSA/7473",
        "http://static.kremlin.ru/media/events/files/en/RosOySvLzGaJtmx2wYFv0lN4NSPZploG.pdf",
        "http://www.static.kremlin.ru/media/events/files/en/RosOySvLzGaJtmx2wYFv0lN4NSPZploG.pdf",
        "https://www.t.me/EmbUSA/7473",
        "https://www.news.google.com/publications/CAAqKggKIiRDQklTRlFnTWFoRUtEM2RsWld0c2VXSnNhWFI2TG01bGRDZ0FQAQ?hl=en-US&gl=US&ceid=US:en",
        "https://news.google.com/publications/CAAqKggKIiRDQklTRlFnTWFoRUtEM2RsWld0c2VXSnNhWFI2TG01bGRDZ0FQAQ",
        "https://whitehouse.gov/briefing-room/statements-releases/2024/10/23/statement-from-president-joe-biden-on-historic-decision-to-leverage-russian-sovereign-assets-to-support-ukraine/",
        "https://www.whitehouse.gov/briefing-room/statements-releases/2024/10/23/statement-from-president-joe-biden-on-historic-decision-to-leverage-russian-sovereign-assets-to-support-ukraine"
    ],
    "external_images": [],
    "entities": {
        "persons": [
            {
                "name": "Joe Biden",
                "sentiment": "none"
            }
        ],
        "organizations": [],
        "locations": []
    },
    "syndication": {
        "syndicated": false,
        "syndicate_id": "8265922a6bfb9b3ebd45ecd1304285e5eec3b7c0",
        "first_syndicated": true
    },
    "rating": null,
    "crawled": "2024-10-25T00:17:55.121+03:00",
    "updated": "2024-10-25T06:37:38.108+03:00"
}