{
    "thread": {
        "uuid": "e30ae07d0024c8d9875fd7d83c1ac1b297db24e0",
        "url": "http://www.godlikeproductions.com/forum1/message5606262/pg1",
        "site_full": "www.godlikeproductions.com",
        "site": "godlikeproductions.com",
        "site_section": "https://www.godlikeproductions.com/feeds/forums/1",
        "site_categories": [
            "marketing",
            "business"
        ],
        "section_title": "Godlike Productions - General Discussion",
        "title": "Commie Christmas Wood burning ban issued for metro Los Angeles on Christmas",
        "title_full": "Commie Christmas Wood burning ban issued for metro Los Angeles on Christmas",
        "published": "2023-12-25T03:00:00.000+02:00",
        "replies_count": 0,
        "participants_count": 1,
        "site_type": "news",
        "country": "US",
        "main_image": "",
        "performance_score": 0,
        "domain_rank": 18983,
        "domain_rank_updated": "2023-12-19T12:06:12.000+02:00",
        "reach": null,
        "social": {
            "facebook": {
                "likes": 0,
                "comments": 0,
                "shares": 0
            },
            "gplus": {
                "shares": 0
            },
            "pinterest": {
                "shares": 0
            },
            "linkedin": {
                "shares": 0
            },
            "stumbledupon": {
                "shares": 0
            },
            "vk": {
                "shares": 0
            }
        }
    },
    "uuid": "e30ae07d0024c8d9875fd7d83c1ac1b297db24e0",
    "url": "http://www.godlikeproductions.com/forum1/message5606262/pg1",
    "ord_in_thread": 0,
    "parent_url": null,
    "author": "Dame User ID",
    "published": "2023-12-25T03:00:00.000+02:00",
    "title": "Commie Christmas Wood burning ban issued for metro Los Angeles on Christmas",
    "text": "Users Online Now:\n1,632\n(\nWho's On?\n)\nVisitors Today:\n733,272\nPageviews Today:\n1,324,415\nThreads Today:\n555\nPosts Today:\n11,632\n09:01 PM\nDirectory\nAdv. Search\nTopics\nForum\nBack to Forum\nPost New Thread\nReply\nView Favorites\nJoin Now, Free! (& No Ads!)\nForgot Your Password?\nEmail\nPassword\nRemember\nRate this Thread\nAbsolute BS\nCrap\nReasonable\nNice\nAmazing\nPage\n1\nBottom\nSearch Replies\nPrevious Page\nNext Page\nSearch Terms:\nHighlight Matches\nCommie Christmas Wood burning ban issued for metro Los Angeles on Christmas\nDame\nUser ID: 84338779\nUnited States\n12/24/2023 09:00 PM\nReport Abusive Post\nReport Copyright Violation\nCommie Christmas Wood burning ban issued for metro Los Angeles on Christmas\nWelcome to communist China. This is almost unbelievable\nWood burning ban issued for metro Los Angeles on Christmas\nhttps://x.com/_/status/1739102721117155343\n“The happiness of your life depends upon the quality of your thoughts.” -Marcus Aurelius\nAnonymous Coward\nUser ID: 86675464\nUnited Kingdom\n12/24/2023 09:00 PM\nReport Abusive Post\nReport Copyright Violation\nRe: Commie Christmas Wood burning ban issued for metro Los Angeles on Christmas\nit is not possible to ban something that isn't a commercial activity.\nPage\n1\nTop\nPrevious Page\nNext Page\nBack to Forum\nPost New Thread\nReply\nView Favorites\nDisclaimer / Copyright Info\n-\nPrivacy Policy\n-\nTerms Of Use\n-\nCancellation Policy / Billing Help\nMail\nWebmaster\nwith questions or comments about this site.\nCopyright © 1999 - 2023 Godlikeproductions.com\nPage generated in 0.026s (7 queries)",
    "highlightText": "",
    "highlightTitle": "",
    "highlightThreadTitle": "",
    "language": "english",
    "sentiment": "negative",
    "categories": [
        "Lifestyle and Leisure",
        "Disaster and Accident",
        "Human Interest"
    ],
    "external_links": [
        "https://x.com/_/status/1739102721117155343",
        "https://www.x.com/_/status/1739102721117155343"
    ],
    "external_images": [],
    "entities": {
        "persons": [
            {
                "name": "tod",
                "sentiment": "negative"
            },
            {
                "name": "marcus aurelius",
                "sentiment": "none"
            }
        ],
        "organizations": [],
        "locations": [
            {
                "name": "los angeles",
                "sentiment": "none"
            },
            {
                "name": "united states",
                "sentiment": "none"
            },
            {
                "name": "china",
                "sentiment": "none"
            }
        ]
    },
    "rating": null,
    "crawled": "2023-12-25T04:01:22.775+02:00",
    "updated": "2023-12-25T04:01:22.775+02:00"
}