{
    "thread": {
        "uuid": "bc4636c2fa2c14e739ff5b1b47f918d246da2058",
        "url": "https://vnexplorer.net/ramon-garcia-se-sincera-por-primera-vez-sobre-su-divorcio-de-patricia-cerezo-no-lo-lleve-bien-s637617.html",
        "site_full": "vnexplorer.net",
        "site": "vnexplorer.net",
        "site_section": "https://vnexplorer.net/latest",
        "site_categories": [],
        "section_title": "Latest breaking 24h news around the world - VNExplorer",
        "title": "Ramón García se sincera por primera vez sobre su divorcio de Patricia Cerezo: \"No lo llevé bien\"",
        "title_full": "Ramón García se sincera por primera vez sobre su divorcio de Patricia Cerezo: \"No lo llevé bien\"",
        "published": "2023-12-25T06:38:00.000+02:00",
        "replies_count": 0,
        "participants_count": 1,
        "site_type": "news",
        "country": "US",
        "main_image": "https://img-s-msn-com.akamaized.net/tenant/amp/entityid/AA1lZ6PF.img",
        "performance_score": 0,
        "domain_rank": 44902,
        "domain_rank_updated": "2023-12-19T12:06:16.000+02:00",
        "reach": null,
        "social": {
            "facebook": {
                "likes": 0,
                "comments": 0,
                "shares": 0
            },
            "gplus": {
                "shares": 0
            },
            "pinterest": {
                "shares": 0
            },
            "linkedin": {
                "shares": 0
            },
            "stumbledupon": {
                "shares": 0
            },
            "vk": {
                "shares": 0
            }
        }
    },
    "uuid": "bc4636c2fa2c14e739ff5b1b47f918d246da2058",
    "url": "https://vnexplorer.net/ramon-garcia-se-sincera-por-primera-vez-sobre-su-divorcio-de-patricia-cerezo-no-lo-lleve-bien-s637617.html",
    "ord_in_thread": 0,
    "parent_url": null,
    "author": "VNExplorer",
    "published": "2023-12-25T06:38:00.000+02:00",
    "title": "Ramón García se sincera por primera vez sobre su divorcio de Patricia Cerezo: \"No lo llevé bien\"",
    "text": "Ha sido un buen año para el presentador Ramón García en cuanto a términos profesionales se refiere. El comunicador ha vuelto a la pequeña pantalla con El Grand Prix, que fue un éxito rotundo el pasado verano. Ahora, García se enfrenta a un momento muy destacado, puesto que dará las Campanadas desde la Puerta del Sol en La 1 de TVE, junto a Jenni Hermoso y Ana Mena. En unas declaraciones recientes, el presentador se ha sincerado sobre su separación de Patricia Cerezo, uno de los momentos más complicados de su vida.\nEl periodista vive ahora su segunda etapa en la televisión, y lo hace después de su separación de Patricia Cerezo, con quien compartió casi 40 años de relación. La pareja se divorció hace ya dos años y medio, y fue un momento especialmente complicado para ambos. Sobre este proceso ha hablado ahora García en una entrevista que ha concedido al programa Plano General de La 2.\nEl presentador Ramon Garcia y Patricia Cerezo durante la premiere de la pelicula\nEl presentador vasco ha reconocido haber pasado una etapa delicada en los últimos años. “En un divorcio se sufre mucho y la sensación que te queda es de fracaso… Se pasa muy mal y yo, además, para esas cosas soy muy sentimental y no lo llevé bien. Cuesta salir de ahí y aprender a vivir de otra manera… Sigues tu día a día, teniendo dos hijas maravillosas en común y sobre eso vas construyendo”, expresaba en el programa antes citado.\nRamón explica que tras haber “pasado su duelo”, está abierto al amor. “Yo me casé con 35 años cuando pensaba que me iba a quedar soltero y no tendría hijos y al final mira… Soy un hombre que invierte mucho tiempo en mi trabajo y mis hijas. Salgo con amigos, voy a Bilbao con la cuadrilla… Ligo menos que los gases nobles, es una cosa terrible… El día que llegue el amor estaré feliz de la vida”, continuaba diciendo, sobre su vida sentimental.\nTras una charla Las hijas de ambos entendieron la decisión El presentador también reveló cómo comunicaron a sus hijas, Natalia y Verónica, de que se iban a divorciar. “Lo contamos los dos. Charlamos ambos con ellas, que es como se debe hacer y lo entendieron perfectamente… Hoy en día, tristemente, los niños están muy acostumbrados a ver rupturas de sus padres y otros matrimonios de amigos. Tú le explicas todo y lo recogen mejor que nuestra generación”, expresaba el presentador.",
    "highlightText": "",
    "highlightTitle": "",
    "highlightThreadTitle": "",
    "language": "spanish",
    "sentiment": "negative",
    "categories": [
        "Lifestyle and Leisure",
        "Human Interest",
        "Social Issue"
    ],
    "external_links": [
        "https://img-s-msn-com.akamaized.net/tenant/amp/entityid/AA1lZ6PF.img",
        "https://www.img-s-msn-com.akamaized.net/tenant/amp/entityid/AA1lZ6PF.img"
    ],
    "external_images": [],
    "entities": {
        "persons": [],
        "organizations": [],
        "locations": []
    },
    "rating": null,
    "crawled": "2023-12-25T06:46:44.647+02:00",
    "updated": "2023-12-25T06:46:44.647+02:00"
}