{
    "thread": {
        "uuid": "df4b5211ce93d56b265aa71c1297633b2f15c6ad",
        "url": "https://download-tiktok-video29639.pages10.com/snaptik-critiques-trouble-free-tiktok-downloader-watermark-free-video-tutorials-59697739",
        "site_full": "download-tiktok-video29639.pages10.com",
        "site": "pages10.com",
        "site_section": "https://pages10.com/rss-homepage.php?1",
        "site_categories": [],
        "section_title": "pages10.com RSS feed",
        "title": "Snaptik Critiques - Trouble-free TikTok Downloader & Watermark-Free Video tutorials",
        "title_full": "Snaptik Critiques - Trouble-free TikTok Downloader & Watermark-Free Video tutorials",
        "published": "2023-12-25T01:04:00.000+02:00",
        "replies_count": 0,
        "participants_count": 1,
        "site_type": "news",
        "country": "IN",
        "main_image": "",
        "performance_score": 0,
        "domain_rank": 6244,
        "domain_rank_updated": "2023-12-19T12:06:12.000+02:00",
        "reach": null,
        "social": {
            "facebook": {
                "likes": 0,
                "comments": 0,
                "shares": 0
            },
            "gplus": {
                "shares": 0
            },
            "pinterest": {
                "shares": 0
            },
            "linkedin": {
                "shares": 0
            },
            "stumbledupon": {
                "shares": 0
            },
            "vk": {
                "shares": 0
            }
        }
    },
    "uuid": "df4b5211ce93d56b265aa71c1297633b2f15c6ad",
    "url": "https://download-tiktok-video29639.pages10.com/snaptik-critiques-trouble-free-tiktok-downloader-watermark-free-video-tutorials-59697739",
    "ord_in_thread": 0,
    "parent_url": null,
    "author": "Download-Tiktok-Video",
    "published": "2023-12-25T01:04:00.000+02:00",
    "title": "Snaptik Critiques - Trouble-free TikTok Downloader & Watermark-Free Video tutorials",
    "text": "Are you presently fed up with trying to download your best TikTok video clips but always ending up using a pesky watermark? Look no further than Snaptik - the reputable and efficient TikTok downloader that lets you download videos with out watermarks smoothly. In the following paragraphs, we will offer a comprehensive breakdown of Snaptik as a TikTok downloader, emphasizing its essential features and benefits for users. Please read on to find out why Snaptik can be your go-to for getting video TikTok with out watermark.\nWhat exactly is Snaptik?\nSnaptik is actually a TikTok downloader that enables customers to download video tutorials without the need of watermarks. This is a basic and successful device which includes become popular among TikTok users. Snaptik is made to work as an end user-friendly program that permits for seamless video downloading, without any challenging treatments required. Its important characteristics involve fast download speeds, a person-warm and friendly program, and the ability to download video clips in good quality. Snaptik gives an simple way for customers to download TikTok video tutorials and is important-have resource for those who wish to help save TikTok video tutorials for off-line looking at.\nhttps://technicalmasterminds.com.in/snaptik-reviews-unbiased-and-comprehensive-analysis-of-the-platform/\nhttps://technologybook.co.uk/technology-guides/snaptik-reviews-download-tiktok-videos-without-watermark-in-seconds/\nhttps://techpaper.co.uk/snaptik-reviews-the-best-tool-for-downloading-and-saving-tiktok-videos/\nhttps://techarticles.ca/snaptik-reviews-the-hassle-free-tiktok-video-downloader-without-watermark/\nhttps://techmystery.co.uk/snaptik-reviews-2024-the-perfect-solution-for-saving-tiktok-videos-without-watermark/\nhttps://techiehike.com/snaptik-reviews-a-detailed-look-into-the-websites-features-and-functionality/\nhttps://techoculus.com/2023/12/07/snaptik-reviews-the-fastest-tiktok-video-downloader-without-watermark/\nhttps://techearths.com/snaptik-reviews-tiktok-downloader-for-hd-videos/\nhttps://howtobuzzz.com/snaptik-reviews-the-best-online-tool-to-download-save-and-remove-watermarks-from-tiktok-videos/\nhttps://www.foxtechzone.com/2023/12/is-snaptik-worth-the-hype-an-honest-review.html\nhttps://thetechnotricks.net/2023/12/07/snaptik-reviews-the-ultimate-tiktok-video-downloader-without-watermark/\nhttps://englishsunglish.com/snaptik-reviews-real-user-feedback-on-tiktok-video-downloads/\nhttps://newswala.co.uk/snaptik-reviews-download-tiktok/\nhttps://silentbio.com/snaptik-best-downloader/\nhttps://www.aboutbiography.com/in-depth-analysis-snaptiks-impact-on-tiktok-video-downloading/\nhttps://whotimes.com/snaptik-reviews-how-to-download-tiktok-videos-with-ease-without-watermark/\nhttps://wecelebrities.com/is-snaptik-legit-in-depth-review-and-user-feedback/\nhttps://personworth.com/snaptik-reviewed-the-ultimate-tool-for-watermark-free-tiktok-downloads/\nhttps://www.biographypark.com/why-snaptik-is-your-go-to-for-watermark-free-tiktok-video-downloads/\nhttps://www.makeeover.com/how-to-download-tiktok-videos-without-watermark-a-snaptik-users-guide/\nhttps://biographyer.com/say-goodbye-to-watermarked-videos-how-snaptik-revolutionizes-tiktok-video-downloads/\nhttps://www.msn.com/en-us/news/other/snaptik-–-tiktok-downloader-–-download-video-tiktok-without-watermark/ar-AA1kDQwL\nhttps://www.msn.com/en-us/news/technology/snaptik-reviews-all-in-one-tiktok-video-slideshow-story-mp3-downloader-without-watermark/ar-AA1lqGlP\nhttps://thedailyguardian.com/snaptik-how-to-download-tiktok-videos-hd-slideshow-story-mp3-without-watermark/\nhttps://deeptechdiscovery.com/download-tiktok-videos-without-watermark/\nhttps://infotechshare.com/download-tiktok-videos-without-watermark/\nhttps://dellytechnology.com/best-tiktok-video-downloader-without-watermark/\nhttps://techbuzzonly.com/save-tiktok-videos-without-watermark/\nhttps://milliontechy.com/how-to-save-tiktok-videos-without-watermark/\nhttps://techroyce.com/downloading-tiktok-videos-without-watermark/\nWhy Should You Use Snaptik being a TikTok Downloader?\nSnaptik has quickly become a go-to choice for TikTok users looking to download videos without watermarks. There are several powerful factors why consumers like Snaptik over other TikTok downloaders in the marketplace.\nConsumer-Friendly Interface\nOne of your essential features of Snaptik is its simple-to-use user interface. Users can rapidly understand the mobile app and download TikTok video clips with no hassle. Snaptik's minimal layout also assures a clutter-cost-free practical experience for customers, making it feasible for someone to use.\nFast Download Rates\nSnaptik provides lightning-speedy download rates of speed, enabling end users to save lots of TikTok videos efficiently and quickly on their own devices. It is then much easier for users to savor their preferred TikTok video clips offline without the lag or wait.\nWatermark-Free of charge Video clips\nSnaptik's most well known attribute is its ability to download TikTok video lessons without having watermarks. This means that end users can help to save TikTok video lessons straight to their devices without having distracting watermarks. As a result, consumers can enjoy a easy watching expertise with no unwanted interruptions.\nTotal, Snaptik is a superb TikTok downloader that offers a wide array of rewards for users. Its customer-friendly program, quick download rates of speed, and watermark-free video tutorials are just a handful of explanations why end users like Snaptik over other TikTok downloaders.\nHow to Download TikTok Video tutorials without the need of Watermark using Snaptik?\nSnaptik is actually a user-warm and friendly TikTok downloader that allows you to download video tutorials from TikTok without watermarks very easily. Comply with these basic steps to download tiktok video tutorials without having a watermark:\nCopy the TikTok video website link or share the web link in the TikTok app.\nWide open the Snaptik website or application.\nPaste the website link into the lookup pub and click download.\nWait for finalizing to finish.\nSelect the download button to save the video in your device.\nThat's it! By using these number of swift actions, you are able to download TikTok video lessons without the need of watermarks utilizing Snaptik. This TikTok downloader will make it incredibly an easy task to download video clips, rendering it a common choice for individuals who desire to help save videos without watermarks.\nInstalling TikTok Video tutorials with Snaptik Iphone app\nShould you be looking for a seamless approach to download your chosen TikTok video lessons, Snaptik may be the app for you. Getting TikTok video clips with all the Snaptik mobile app is simple. For starters, you should download and put in the Snaptik application through the mobile app retailer or their webpage. Once you have it mounted, head over to the TikTok app and select the video you want to preserve. Go through the \"Talk about\" key and select the \"Copy weblink\" option.\nAfter that, launch the Snaptik iphone app and mixture the replicated link about the search club. Snaptik will automatically fetch the video that you can download. Then, choose the resolution good quality you want for your download. When you have created your selection, click on the download key, and Snaptik can save your picked video.\nSnaptik's consumer-friendly interface makes certain that the downloading method is sleek and straightforward, making it an excellent selection for end users who wish to save video tutorials without having trouble.\nGeneral, Snaptik iphone app is a reliable and productive TikTok video downloader which offers customers with watermark-totally free video lessons. Using its easy download procedure and customer-warm and friendly interface, Snaptik is a superb selection for TikTok customers that want to enjoy their preferred videos off-line. Attempt Snaptik nowadays and expertise its fantastic functions firsthand.\nHow Snaptik Guarantees Watermark-Cost-free Video tutorials?\nSnaptik is undoubtedly an sophisticated TikTok downloader that allows consumers to download TikTok video tutorials without the need of watermarks headache-totally free. The modern technology behind Snaptik gives you a effortless video-protecting practical experience, clear of any troubling watermarks.\nTo ensure watermark-free video clips, Snaptik bypasses the watermarking process that TikTok makes use of to avoid end users from reposting. Instead, Snaptik processes the TikTok video through its unique servers, and when the download is complete, it really is supplied inside a higher-top quality, watermark-totally free file format, prepared to be loved with no further modifying.\nThe Snaptik downloader is user-pleasant, and within a number of methods, it is possible to download your chosen TikTok video tutorials to the product. It's as basic as copying and pasting the URL from the video you wish to download, and Snaptik offers you the capability to download the video in various promises and without having frustrating watermarks.\nIf you are searching for the simplest way to download TikTok video clips without watermarks, Snaptik is the ideal foundation for yourself.\nBenefits associated with Snaptik for TikTok Articles Creators\nTikTok content production is focused on producing impressive video tutorials that entice readers and then make a positive change locally. With Snaptik, TikTok content material inventors might take their video modifying to another level and create gorgeous and interesting video clips.\nSnaptik's TikTok downloader supplies content material inventors with the opportunity download their most favorite videos for research and ideas. This could be extremely valuable while looking to produce new and unique articles.\nWith Snaptik's consumer-helpful graphical user interface and quick download rates, TikTok articles makers can quickly entry the videos that they need for their individual content material creation. Snaptik also permits getting video tutorials without having watermarks, making sure that your final item is completely initial and free from disruptions.\nNo longer frustration with TikTok watermarks or lower-quality video tutorials that hinder your imagination. Snaptik is really a reputable remedy for information creators who want to download and modify TikTok video tutorials inside a easy, trouble-free of charge way.\nIs Snaptik Safe and Legitimate to Use?\nIf you're questioning whether making use of Snaptik to download TikTok videos remains safe and secure and legal, be assured that it is actually. Snaptik is a completely legal resource that enables consumers to download TikTok videos that exist on public domain names. Even so, it's essential to use Snaptik responsibly and value the cerebral home privileges of the makers whose articles you download.\nSnaptik sticks to any or all related authorized requirements, such as trademark laws, and motivates its consumers to perform the same. So long as you use Snaptik for personal use and don't infringe on anyone's mental residence rights, you are able to safely and legally apply it as being a TikTok downloader.\nMoreover, Snaptik has all the essential safety measures and safety procedures into position to ensure that users' information and products continue to be safe. Users can rest assured that their private information will not be distributed to any thirdly-bash apps or providers, and they can download TikTok videos without having concerns.\nOptions to Snaptik for Installing TikTok Video tutorials\nWhen Snaptik supplies a reputable and efficient way to download TikTok videos without watermarks, some users might want to investigate other choices. There are many well-known TikTok downloaders available for sale, each and every using its distinctive functions.\nVidPaw\nVidPaw is really a well-known option among TikTok customers for its simple yet versatile design. It allows end users to download video lessons in a number of formats and promises, rendering it suitable for those that have particular document requirements. However, VidPaw calls for end users to put in an extension on the browser, which can be problematic for several.\nSavetheTok\nSavetheTok is actually a more recent entrant in the TikTok downloader market but has quickly become popular among consumers. It provides fast download rates and-high quality videos, so that it is an excellent selection for individuals who value rate and effectiveness. However, SavetheTok is merely designed for Android gadgets, limiting its convenience.\nVideo Downloader for TikTok\nVideo Downloader for TikTok is an additional popular selection for installing TikTok video clips. It includes a easy download encounter plus a end user-friendly program, which makes it an ideal option for beginners. Even so, it does not have some of the characteristics offered by other TikTok downloaders, including the capability to download video lessons in various formats.\nBefore choosing an alternative choice to Snaptik, users should look into their specific needs and assess every single option's features and benefits. Although there are many trustworthy TikTok downloaders readily available, Snaptik remains to be a top contender for the ease of use and watermark-free of charge video download capabilities.\nSnaptik - Changing TikTok Video Protecting Experience\nSnaptik changed the way TikTok video tutorials are protected. Using its customer-friendly graphical user interface, speedy download speeds, and capacity to download videos without having watermarks, this TikTok downloader has converted the video-protecting encounter. End users no longer need to have a problem with difficult software or concern yourself with unpleasant watermarks ruining their video tutorials. Snaptik made it easy for everybody to download and preserve high-top quality TikTok video lessons effortlessly. It's no wonder that Snaptik is one of the go-to selection for TikTok end users around the world.\nThe Future of Snaptik and TikTok Downloaders\nSnaptik is the main thing on the TikTok downloader sector, delivering customers having a effortless strategy to download videos without having watermarks. Since the rise in popularity of TikTok is growing, it's no great surprise that the demand for dependable downloaders like Snaptik can also be raising.\nDown the road, we could count on Snaptik and other TikTok downloaders to continue evolving to meet the changing needs of users. One possible progression could possibly be the capability to download whole TikTok user profiles or playlists at the same time. We might also see enhancements in video quality and compatibility with various gadgets and systems.\nBusiness developments claim that TikTok downloaders can become even more sophisticated and user-pleasant in the coming years. As TikTok's customer base enlarges, downloaders like Snaptik will play a progressively significant function in assisting content material creation and expressing.\nTotal, the future seems dazzling for Snaptik and also other TikTok downloaders, since they still innovate and provide end users using a headache-free of charge video-conserving experience.\nSnaptik Testimonials and Comments\nUsers who definitely have attempted Snaptik as his or her TikTok downloader have been overwhelmingly optimistic with regards to their experience. One pleased consumer exclaimed, \"Snaptik can be a activity-changer! It's so simple to use and possesses protected me a lot time trying to find great-high quality TikTok videos to share with you in my station.\"\nYet another consumer praised Snaptik for the fast download speeds and seamless graphical user interface, stating, \"I could download my personal favorite TikTok video within a few moments with Snaptik. It's so simple to use, and so i enjoy that we can help to\ncheck my blog save video lessons without having watermarks.\"\nA lot of customers have loved Snaptik's capability to help in video editing and ideas for brand new information. One content material designer noted, \"I adore using Snaptik to download and research popular TikTok videos. It's helped me to acquire new concepts and inspiration for my own, personal content material.\"\n\"Snaptik will be the only TikTok downloader I trust. It's secure, reputable and offers excellent customer service. I strongly suggest it to anyone searching for a watermark-free download encounter.\"\n- Emma, Snaptik end user, 2021\nIn summary, customers of Snaptik have consistently highly regarded its simplicity, fast download rates of speed, and watermark-free of charge video-protecting experience. Regardless of whether you're a articles designer or a casual viewer, Snaptik is actually a reputable and efficient TikTok downloader that won't disappoint.\nSnaptik - Your Go-To TikTok Downloader\nSearching for a trustworthy TikTok downloader with quickly download rates and watermark-free videos? Take a look at Snaptik! This productive and end user-helpful iphone app allows you to seamlessly download TikTok videos without having watermarks, which makes it a tight schedule-to choice for anyone searching for a trouble-totally free video-protecting experience.\nWith Snaptik, you can very easily download your chosen TikTok video tutorials with only a few click throughs, with out reducing on video top quality. Whether or not you're a TikTok articles inventor trying to find ideas or just an enthusiastic end user who adores getting popular video tutorials, Snaptik is the best device for saving and sharing your best TikTok instances.\nWhy then hold out? Download Snaptik today and start taking pleasure in the key benefits of a watermark-totally free TikTok experience. You won't be disappointed!\nBottom line\nIn summary, Snaptik is actually a reputable and productive TikTok downloader which allows customers to download videos without the need of watermarks easily. Its user-helpful graphical user interface and quickly download rates make it a preferred selection among TikTok customers. Snaptik also provides several advantages to articles creators, which includes video modifying and content creativity. Regardless of problems about legality, Snaptik ensures that end users respect cerebral home rights and promotes safe consumption.\nIn comparison to other preferred TikTok downloaders, Snaptik sticks out for its ability to supply watermark-free video lessons along with a inconvenience-free encounter. Testimonials and comments showcase the positive influence Snaptik has received on consumer pleasure and convenience. Snaptik can be your go-to TikTok downloader for a easy video-preserving experience.\nSince the demand for TikTok downloaders continues to grow, Snaptik is well-situated to control the industry. With possible breakthroughs along with an evolving user bottom, Snaptik and other TikTok downloaders are set to reinvent the video-saving encounter. Give Snaptik a test and enjoy the advantages firsthand!\nFrequently asked questions\nWhat is Snaptik?\nSnaptik is really a dependable and successful TikTok downloader that allows customers to download TikTok video lessons without the need of watermarks seamlessly.\nWhy must I prefer Snaptik as a TikTok downloader?\nSnaptik offers several advantages, together with a customer-friendly interface, quick download rates of speed, and the capability to download videos without watermarks.\nHow could i download TikTok video tutorials without the need of watermarks using Snaptik?\nTo download TikTok video lessons without watermarks utilizing Snaptik, merely abide by these steps: [Supply phase-by-phase instructions]\nCan One download TikTok videos using the Snaptik mobile app?\nOf course, you may download TikTok video tutorials together with the Snaptik iphone app. Simply install the app, navigate its features, and successfully download TikTok video clips.\nHow does Snaptik ensure watermark-totally free video clips?\nSnaptik utilizes advanced technology to bypass the watermarking process, allowing users to download TikTok videos without the need of watermarks.\nWhat are the great things about Snaptik for TikTok information designers?\nSnaptik can help TikTok articles makers in a variety of methods, including video editing, information ideas, and installing popular TikTok video clips for reference.\nIs Snaptik harmless and authorized to utilize?\nOf course, Snaptik is safe and legal to work with. Even so, you should regard intellectual residence privileges and adhere to the terms of assistance.\nAny kind of options to Snaptik for getting TikTok video lessons?\nOf course, you can find option methods for installing TikTok video clips without watermarks. Snaptik might be in comparison to other well-known TikTok downloaders to look for the finest match for each user's demands.\nCould you tell me a little more about Snaptik's customer reviews and responses?\nSnaptik has gotten positive testimonials and comments. A lot of consumers have expressed total satisfaction using its benefits and features.\nWhy must I choose Snaptik as my go-to TikTok downloader?\nSnaptik delivers a hassle-cost-free method to download TikTok video lessons with out watermarks, making it a handy choice for consumers seeking a easy video-saving practical experience.",
    "highlightText": "",
    "highlightTitle": "",
    "highlightThreadTitle": "",
    "language": "english",
    "sentiment": "negative",
    "categories": [
        "Science and Technology",
        "Lifestyle and Leisure",
        "Social Issue"
    ],
    "external_links": [
        "https://dellytechnology.com/best-tiktok-video-downloader-without-watermark/",
        "https://www.biographypark.com/why-snaptik-is-your-go-to-for-watermark-free-tiktok-video-downloads/",
        "https://techmystery.co.uk/snaptik-reviews-2024-the-perfect-solution-for-saving-tiktok-videos-without-watermark/",
        "https://technicalmasterminds.com.in/snaptik-reviews-unbiased-and-comprehensive-analysis-of-the-platform/",
        "https://englishsunglish.com/snaptik-reviews-real-user-feedback-on-tiktok-video-downloads/",
        "https://www.aboutbiography.com/in-depth-analysis-snaptiks-impact-on-tiktok-video-downloading/",
        "https://wecelebrities.com/is-snaptik-legit-in-depth-review-and-user-feedback/",
        "https://www.foxtechzone.com/2023/12/is-snaptik-worth-the-hype-an-honest-review.html",
        "https://www.msn.com/en-us/news/technology/snaptik-reviews-all-in-one-tiktok-video-slideshow-story-mp3-downloader-without-watermark/ar-AA1lqGlP",
        "https://newswala.co.uk/snaptik-reviews-download-tiktok/",
        "https://biographyer.com/say-goodbye-to-watermarked-videos-how-snaptik-revolutionizes-tiktok-video-downloads/",
        "https://techbuzzonly.com/save-tiktok-videos-without-watermark/",
        "https://whotimes.com/snaptik-reviews-how-to-download-tiktok-videos-with-ease-without-watermark/",
        "https://www.msn.com/en-us/news/other/snaptik-–-tiktok-downloader-–-download-video-tiktok-without-watermark/ar-AA1kDQwL",
        "https://techoculus.com/2023/12/07/snaptik-reviews-the-fastest-tiktok-video-downloader-without-watermark/",
        "https://milliontechy.com/how-to-save-tiktok-videos-without-watermark/",
        "https://personworth.com/snaptik-reviewed-the-ultimate-tool-for-watermark-free-tiktok-downloads/",
        "https://www.makeeover.com/how-to-download-tiktok-videos-without-watermark-a-snaptik-users-guide/",
        "https://techiehike.com/snaptik-reviews-a-detailed-look-into-the-websites-features-and-functionality/",
        "https://howtobuzzz.com/snaptik-reviews-the-best-online-tool-to-download-save-and-remove-watermarks-from-tiktok-videos/",
        "https://silentbio.com/snaptik-best-downloader/",
        "https://thetechnotricks.net/2023/12/07/snaptik-reviews-the-ultimate-tiktok-video-downloader-without-watermark/",
        "https://techroyce.com/downloading-tiktok-videos-without-watermark/",
        "https://deeptechdiscovery.com/download-tiktok-videos-without-watermark/",
        "https://techarticles.ca/snaptik-reviews-the-hassle-free-tiktok-video-downloader-without-watermark/",
        "https://techearths.com/snaptik-reviews-tiktok-downloader-for-hd-videos/",
        "https://thedailyguardian.com/snaptik-how-to-download-tiktok-videos-hd-slideshow-story-mp3-without-watermark/",
        "https://infotechshare.com/download-tiktok-videos-without-watermark/",
        "https://techpaper.co.uk/snaptik-reviews-the-best-tool-for-downloading-and-saving-tiktok-videos/",
        "https://technologybook.co.uk/technology-guides/snaptik-reviews-download-tiktok-videos-without-watermark-in-seconds/",
        "https://thetechnotricks.net/2023/12/07/snaptik-reviews-the-ultimate-tiktok-video-downloader-without-watermark",
        "https://www.techbuzzonly.com/save-tiktok-videos-without-watermark/",
        "https://techoculus.com/2023/12/07/snaptik-reviews-the-fastest-tiktok-video-downloader-without-watermark",
        "https://www.deeptechdiscovery.com/download-tiktok-videos-without-watermark/",
        "https://www.infotechshare.com/download-tiktok-videos-without-watermark/",
        "https://msn.com/en-us/news/technology/snaptik-reviews-all-in-one-tiktok-video-slideshow-story-mp3-downloader-without-watermark/ar-AA1lqGlP",
        "https://www.silentbio.com/snaptik-best-downloader/",
        "https://www.howtobuzzz.com/snaptik-reviews-the-best-online-tool-to-download-save-and-remove-watermarks-from-tiktok-videos/",
        "https://personworth.com/snaptik-reviewed-the-ultimate-tool-for-watermark-free-tiktok-downloads",
        "https://www.personworth.com/snaptik-reviewed-the-ultimate-tool-for-watermark-free-tiktok-downloads/",
        "https://www.techarticles.ca/snaptik-reviews-the-hassle-free-tiktok-video-downloader-without-watermark/",
        "https://www.technicalmasterminds.com.in/snaptik-reviews-unbiased-and-comprehensive-analysis-of-the-platform/",
        "https://makeeover.com/how-to-download-tiktok-videos-without-watermark-a-snaptik-users-guide/",
        "https://techearths.com/snaptik-reviews-tiktok-downloader-for-hd-videos",
        "https://www.biographyer.com/say-goodbye-to-watermarked-videos-how-snaptik-revolutionizes-tiktok-video-downloads/",
        "https://milliontechy.com/how-to-save-tiktok-videos-without-watermark",
        "https://www.techroyce.com/downloading-tiktok-videos-without-watermark/",
        "https://infotechshare.com/download-tiktok-videos-without-watermark",
        "https://silentbio.com/snaptik-best-downloader",
        "https://techpaper.co.uk/snaptik-reviews-the-best-tool-for-downloading-and-saving-tiktok-videos",
        "https://www.aboutbiography.com/in-depth-analysis-snaptiks-impact-on-tiktok-video-downloading",
        "https://thedailyguardian.com/snaptik-how-to-download-tiktok-videos-hd-slideshow-story-mp3-without-watermark",
        "https://www.englishsunglish.com/snaptik-reviews-real-user-feedback-on-tiktok-video-downloads/",
        "https://wecelebrities.com/is-snaptik-legit-in-depth-review-and-user-feedback",
        "https://www.techoculus.com/2023/12/07/snaptik-reviews-the-fastest-tiktok-video-downloader-without-watermark/",
        "https://englishsunglish.com/snaptik-reviews-real-user-feedback-on-tiktok-video-downloads",
        "https://www.technologybook.co.uk/technology-guides/snaptik-reviews-download-tiktok-videos-without-watermark-in-seconds/",
        "https://www.techearths.com/snaptik-reviews-tiktok-downloader-for-hd-videos/",
        "https://www.newswala.co.uk/snaptik-reviews-download-tiktok/",
        "https://biographyer.com/say-goodbye-to-watermarked-videos-how-snaptik-revolutionizes-tiktok-video-downloads",
        "https://www.milliontechy.com/how-to-save-tiktok-videos-without-watermark/",
        "https://www.thetechnotricks.net/2023/12/07/snaptik-reviews-the-ultimate-tiktok-video-downloader-without-watermark/",
        "https://msn.com/en-us/news/other/snaptik-–-tiktok-downloader-–-download-video-tiktok-without-watermark/ar-AA1kDQwL",
        "https://foxtechzone.com/2023/12/is-snaptik-worth-the-hype-an-honest-review.html",
        "https://techarticles.ca/snaptik-reviews-the-hassle-free-tiktok-video-downloader-without-watermark",
        "https://newswala.co.uk/snaptik-reviews-download-tiktok",
        "https://www.dellytechnology.com/best-tiktok-video-downloader-without-watermark/",
        "https://www.techpaper.co.uk/snaptik-reviews-the-best-tool-for-downloading-and-saving-tiktok-videos/",
        "https://technicalmasterminds.com.in/snaptik-reviews-unbiased-and-comprehensive-analysis-of-the-platform",
        "https://www.wecelebrities.com/is-snaptik-legit-in-depth-review-and-user-feedback/",
        "https://www.biographypark.com/why-snaptik-is-your-go-to-for-watermark-free-tiktok-video-downloads",
        "https://howtobuzzz.com/snaptik-reviews-the-best-online-tool-to-download-save-and-remove-watermarks-from-tiktok-videos",
        "https://www.whotimes.com/snaptik-reviews-how-to-download-tiktok-videos-with-ease-without-watermark/",
        "https://biographypark.com/why-snaptik-is-your-go-to-for-watermark-free-tiktok-video-downloads/",
        "https://whotimes.com/snaptik-reviews-how-to-download-tiktok-videos-with-ease-without-watermark",
        "https://technologybook.co.uk/technology-guides/snaptik-reviews-download-tiktok-videos-without-watermark-in-seconds",
        "https://www.techiehike.com/snaptik-reviews-a-detailed-look-into-the-websites-features-and-functionality/",
        "https://techroyce.com/downloading-tiktok-videos-without-watermark",
        "https://www.thedailyguardian.com/snaptik-how-to-download-tiktok-videos-hd-slideshow-story-mp3-without-watermark/",
        "https://techbuzzonly.com/save-tiktok-videos-without-watermark",
        "https://dellytechnology.com/best-tiktok-video-downloader-without-watermark",
        "https://www.makeeover.com/how-to-download-tiktok-videos-without-watermark-a-snaptik-users-guide",
        "https://techiehike.com/snaptik-reviews-a-detailed-look-into-the-websites-features-and-functionality",
        "https://www.techmystery.co.uk/snaptik-reviews-2024-the-perfect-solution-for-saving-tiktok-videos-without-watermark/",
        "https://deeptechdiscovery.com/download-tiktok-videos-without-watermark",
        "https://techmystery.co.uk/snaptik-reviews-2024-the-perfect-solution-for-saving-tiktok-videos-without-watermark",
        "https://aboutbiography.com/in-depth-analysis-snaptiks-impact-on-tiktok-video-downloading/"
    ],
    "external_images": [],
    "entities": {
        "persons": [
            {
                "name": "snaptik",
                "sentiment": "none"
            }
        ],
        "organizations": [],
        "locations": []
    },
    "rating": null,
    "crawled": "2023-12-25T06:13:50.992+02:00",
    "updated": "2023-12-25T06:13:50.992+02:00"
}