{
    "thread": {
        "uuid": "7884103f2610ada84d3a6e66eac5f0887f6febaf",
        "url": "https://finance.sina.com.cn/roll/2025-12-04/doc-infzrraz0694947.shtml",
        "site_full": "finance.sina.com.cn",
        "site": "sina.com.cn",
        "site_section": "https://finance.sina.cn/",
        "site_categories": [
            "tech",
            "top_news_hk",
            "top_news_sg",
            "top_news_tw",
            "top_news"
        ],
        "section_title": "新浪财经_金融信息服务商",
        "site_title": null,
        "title": "宁夏农村自来水普及率达99% 城乡供水一体化筑牢乡村振兴根基|宁夏_新浪财经_新浪网",
        "title_full": "宁夏农村自来水普及率达99% 城乡供水一体化筑牢乡村振兴根基|宁夏_新浪财经_新浪网",
        "published": "2025-12-04T10:28:00.000+02:00",
        "replies_count": 0,
        "participants_count": 1,
        "site_type": "news",
        "country": "CN",
        "main_image": "https://n.sinaimg.cn/news/source/chinanews_default_pic.jpg",
        "performance_score": 0,
        "domain_rank": 548,
        "domain_rank_updated": "2025-11-30T23:00:00.000+02:00",
        "licensing_agency": [],
        "social": {
            "facebook": {
                "likes": 0,
                "comments": 0,
                "shares": 0
            },
            "vk": {
                "shares": 0
            }
        }
    },
    "uuid": "7884103f2610ada84d3a6e66eac5f0887f6febaf",
    "url": "https://finance.sina.com.cn/roll/2025-12-04/doc-infzrraz0694947.shtml",
    "ord_in_thread": 0,
    "author": "中国新闻网",
    "published": "2025-12-04T10:28:00.000+02:00",
    "title": "宁夏农村自来水普及率达99% 城乡供水一体化筑牢乡村振兴根基|宁夏_新浪财经_新浪网",
    "text": "中新网银川12月4日电 (记者 于晶)12月4日，记者从宁夏回族自治区水利厅获悉，宁夏以“工程水网、数字水网、服务水网”三网融合为关键抓手，全力构建农村供水高质量发展新格局。截至目前，宁夏农村自来水普及率已提升至99%，规模化供水工程覆盖农村人口比例达到96%，两项关键指标持续稳居全国前列，为保障城乡饮水安全、支撑产业发展和推进乡村振兴奠定了坚实的水利基础。\n在硬件设施方面，宁夏持续推进“大水源、大水厂、大水网、大连通”建设。通过建成银川都市圈、清水河流域、中卫城乡一体化等骨干水源工程，并推进多个县(区)的小型引调水工程，逐步构建起“全域覆盖、南北互济、多源互补”的供水体系。今年以来，宁夏各县(市、区)积极筹措乡村振兴衔接资金、地方政府债券等共计5.5亿元，专项用于实施农村供水保障与改造提升工程，进一步夯实了供水网络的硬件基础。\n宁夏运用云计算、物联网等现代技术，完成了从水源到用户端的全流程数字化改造，建成了区、市、县三级互通的“互联网+城乡供水”管理服务平台。该平台已接入超过45万台智能监测设备，实现了供水数据全面“上云”，水源联合调度、水质实时监测、事故应急处置等环节的智能化水平显著提升。平台还与“我的宁夏”政务App实现对接，推动“数据多跑路、群众少跑腿”，有效提升了供水服务的均等化与便捷性。\n在运行管理与服务优化上，宁夏通过政府购买服务引入专业企业，使得90%的供水工程实现了专业化、市场化管理。同时，健全问题快速响应机制，年内受理的73件供水投诉及网络反馈问题均已得到妥善解决。此外，宁夏水利厅积极争取中央及自治区补助资金5285万元，完成了49处工程的维修养护，惠及农村人口42.5万人。\n为确保农村供水工程长期稳定、良性运行，宁夏水利厅印发《小型农村供水工程规范化管理办法(试行)》，进一步强化工程各环节的安全运行管理。各地完善了市、县级及千吨万人以上供水工程的应急供水保障预案并加强演练，应急处置能力得到提升。通过开展水质提升专项行动，已将宁夏154处集中供水工程全部纳入定期水质抽检范围，着力构建从“水源地”到“用户水龙头”的全过程水质安全保障体系。(完)",
    "highlightText": "",
    "highlightTitle": "",
    "highlightThreadTitle": "",
    "language": "chinese",
    "sentiment": "positive",
    "categories": [
        "Environment"
    ],
    "topics": [
        "Environment->water"
    ],
    "ai_allow": true,
    "has_canonical": false,
    "breaking": true,
    "webz_reporter": false,
    "external_links": [],
    "external_images": [],
    "internal_images": [],
    "entities": {
        "persons": [],
        "locations": [],
        "organizations": []
    },
    "syndication": {
        "syndicated": null,
        "syndicate_id": null,
        "first_syndicated": false
    },
    "trust": {
        "categories": [],
        "top_news": [
            "top_news_hk",
            "top_news_sg",
            "top_news_tw",
            "top_news"
        ],
        "bias": null,
        "source": {
            "type": null,
            "city": null,
            "state": null,
            "country": null,
            "domain_type": null,
            "agency": null,
            "organization_name": null
        }
    },
    "rating": null,
    "crawled": "2025-12-04T10:35:21.850+02:00",
    "updated": "2025-12-04T10:39:22.000+02:00"
}