{
    "thread": {
        "uuid": "b172659812d916749a07e934b1e6b46e987e427a",
        "url": "https://build-up.ec.europa.eu/en/news-and-events/news/renovate-europe-day-2025-key-actions-sustainable-and-affordable-buildings",
        "site_full": "build-up.ec.europa.eu",
        "site": "europa.eu",
        "site_section": "https://build-up.ec.europa.eu/en/rss.xml",
        "site_categories": [],
        "section_title": "BUILD UP - The European portal for energy efficiency and renewable energy in buildings",
        "site_title": null,
        "title": "Renovate Europe Day 2025: key actions for sustainable and affordable buildings",
        "title_full": "Renovate Europe Day 2025: key actions for sustainable and affordable buildings",
        "published": "2025-11-26T14:02:00.000+02:00",
        "replies_count": 0,
        "participants_count": 1,
        "site_type": "news",
        "country": "IT",
        "main_image": "",
        "performance_score": 0,
        "domain_rank": 114,
        "domain_rank_updated": "2025-11-30T23:00:00.000+02:00",
        "licensing_agency": [],
        "social": {
            "facebook": {
                "likes": 0,
                "comments": 0,
                "shares": 0
            },
            "vk": {
                "shares": 0
            }
        }
    },
    "uuid": "b172659812d916749a07e934b1e6b46e987e427a",
    "url": "https://build-up.ec.europa.eu/en/news-and-events/news/renovate-europe-day-2025-key-actions-sustainable-and-affordable-buildings",
    "ord_in_thread": 0,
    "author": "teresa navarro gutiérrez",
    "published": "2025-11-26T14:02:00.000+02:00",
    "title": "Renovate Europe Day 2025: key actions for sustainable and affordable buildings",
    "text": "RENOVERTY unveils policy package to place rural well being at the heart of EU renovation\nRenovate Europe Day 2025: key actions for sustainable and affordable buildings\nRenovate Europe Day 2025: key actions for sustainable and affordable buildings\nREDay2025 in Copenhagen marked a milestone for energy renovation in Europe: over 70 organisations signed the Copenhagen Commitment and discussed solutions to accelerate the delivery of efficient and affordable buildings. Access the full session via the link.\nRenovate Europe Day 2025 (REDay2025) took place on 3 November in Copenhagen, bringing together industry leaders, policymakers, and experts to discuss how to accelerate the energy renovation of buildings across Europe. The event, organised by the Renovate Europe campaign in partnership with SYNERGI, highlighted the importance of efficiency and affordability in the energy transition.\nOne of the key milestones was the presentation of the Copenhagen Commitment, signed by more than 70 organisations from the energy efficiency and construction sectors. This pledge aims to drive technologies, investments, and skills that enable more sustainable and resilient buildings, supported by stable regulatory frameworks. It was emphasised that the European Commission will present a new post-2030 energy efficiency framework in 2026, which will be crucial for providing predictability to the industry.\nThe day featured discussions on affordable housing, financing, Energy Performance of Buildings Directive (EPBD) implementation, and the renovation of non-residential buildings. Challenges and opportunities to close the investment gap and accelerate deep renovation of the building stock were also addressed. The event concluded with visits to exemplary projects, showcasing how renovation improves comfort, reduces energy consumption, and strengthens Europe’s competitiveness.\nThe official link provides access to the full session and event materials.",
    "highlightText": "",
    "highlightTitle": "",
    "highlightThreadTitle": "",
    "language": "english",
    "sentiment": "positive",
    "categories": [
        "Environment"
    ],
    "topics": [
        "Environment->energy saving",
        "Environment->sustainability"
    ],
    "ai_allow": true,
    "has_canonical": false,
    "breaking": null,
    "webz_reporter": false,
    "external_links": [
        "https://www.renovate-europe.eu/2025/11/03/copenhagen-commitment-a-pledge-from-europes-energy-efficiency-construction-and-renovation-industry/",
        "https://www.renovate-europe.eu/about-the-campaign/",
        "https://www.renovate-europe.eu/about-the-campaign",
        "https://renovate-europe.eu/about-the-campaign/",
        "https://www.renovate-europe.eu/2025/11/03/copenhagen-commitment-a-pledge-from-europes-energy-efficiency-construction-and-renovation-industry",
        "https://renovate-europe.eu/2025/11/03/copenhagen-commitment-a-pledge-from-europes-energy-efficiency-construction-and-renovation-industry/"
    ],
    "external_images": [],
    "internal_images": [],
    "entities": {
        "persons": [],
        "locations": [
            {
                "name": "Europe",
                "sentiment": "none"
            }
        ],
        "organizations": [
            {
                "name": "EU",
                "sentiment": "negative",
                "tickers": [
                    {
                        "ticker": "EU",
                        "exchange": "NASDAQ"
                    }
                ]
            },
            {
                "name": "Copenhagen Commitment",
                "sentiment": "none",
                "tickers": []
            }
        ]
    },
    "syndication": {
        "syndicated": false,
        "syndicate_id": null,
        "first_syndicated": false
    },
    "trust": {
        "categories": [],
        "top_news": [],
        "bias": null,
        "source": {
            "type": null,
            "city": null,
            "state": null,
            "country": null,
            "domain_type": null,
            "agency": null,
            "organization_name": null
        }
    },
    "rating": null,
    "crawled": "2025-12-04T10:05:41.460+02:00",
    "updated": "2025-12-04T10:07:35.000+02:00"
}