{
    "thread": {
        "uuid": "dd83c7292f8504ed08018fe43f78718b01e568a2",
        "url": "https://www.chinabgao.com/finance/comments/74495.html",
        "site_full": "www.chinabgao.com",
        "site": "chinabgao.com",
        "site_section": "https://www.chinabgao.com/finance",
        "site_categories": [],
        "section_title": "财经资讯_行业财经股票新闻资讯_财经资讯频道-报告大厅",
        "site_title": "报告大厅_首选市场调研报告门户_专业提供各行业市场调研报告",
        "title": "2025年风力发电统计数据揭示行业高速增长与深刻变革_报告大厅",
        "title_full": "2025年风力发电统计数据揭示行业高速增长与深刻变革_报告大厅",
        "published": "2025-12-04T05:54:00.000+02:00",
        "replies_count": 0,
        "participants_count": 0,
        "site_type": "news",
        "country": "CN",
        "main_image": "",
        "performance_score": 0,
        "domain_rank": 159605,
        "domain_rank_updated": "2025-11-30T23:00:00.000+02:00",
        "licensing_agency": [],
        "social": {
            "facebook": {
                "likes": 0,
                "comments": 0,
                "shares": 0
            },
            "vk": {
                "shares": 0
            }
        }
    },
    "uuid": "dd83c7292f8504ed08018fe43f78718b01e568a2",
    "url": "https://www.chinabgao.com/finance/comments/74495.html",
    "ord_in_thread": 0,
    "author": null,
    "published": "2025-12-04T05:54:00.000+02:00",
    "title": "2025年风力发电统计数据揭示行业高速增长与深刻变革_报告大厅",
    "text": "报告大厅 (www.chinabgao.com) 字号： T | T   一、风力发电统计数据印证政策目标引领下的市场规模飞跃   中国报告大厅网讯，根据最新发布的行业宣言，风力发电设定了雄心勃勃的长期目标，计划在“十五五”期间实现年均新增装机不低于1.2亿千瓦，并致力于在2030年达到累计装机13亿千瓦的规模。这一宏观目标正通过具体的市场活动稳步推进。数据显示，仅2025年国内陆上风力 发电设备 的招标量就达到了197.3GW，同比大幅增长85%。市场预计，2025年陆上风力发电新增装机量将达到95GW，同比提升30%。同时，海上风力发电也呈现强劲增长势头，预计2025年新增装机12GW，同比增幅高达71%。未来，风力发电的后服务市场与技改市场同样前景广阔，预计2026年技改市场容量将超过80亿元，2027年后服务市场规模有望突破500亿元。\n  二、风力发电统计数据反映产业集中度提升与竞争加剧   中国报告大厅发布的《 2025-2030年中国风力发电行业重点企业发展分析及投资前景可行性评估报告 》指出，行业整合趋势在统计数据中表现得尤为明显。截至2024年底，国内风力发电设备制造领域前五家整机企业的累计装机市场份额已达到61.7%，这一比例相较于2020年提升了12个百分点。市场集中度提升的同时，竞争也日趋激烈，2024年已有15家中小型风机企业退出市场，显示出行业正经历一轮深刻的洗牌。\n  三、风力发电统计数据展示技术进步驱动成本持续下降   技术创新是推动风力发电发展的核心动力，相关数据直接体现了其成效。全球最大单机容量16MW海上机组的成功应用，使得海上风力发电的度电成本降至0.3元/千瓦时以下，较2020年水平下降了40%，大型化技术正推动海上 风电 度电成本逼近0.35元/千瓦时的平价拐点。关键部件的自主化也带来了成本优势，例如自主化研发的风机主轴轴承，其价格较进口产品降低了20%至30%。头部企业通过技术和管理优化，其风机单位成本较行业平均水平低8%至10%。此外，通过技术升级将陆上风机设计寿命从20年延长至25年，海上风机延长至30年，并等效提升发电小时数129至206小时，使得每千瓦投资成本降低了279至361元。在材料应用方面，叶片碳纤维主梁的渗透率已提升至45%。单台16MW海上机组年发电量可达6000万千瓦时，充分彰显了大型化技术的发电效益。\n  四、风力发电统计数据凸显数字化运维与国际化拓展成效   数字化正深刻改变风力发电的运维模式。先进的智能系统已成功将风机故障率降低25%，预计到2027年，基于数字孪生的预测性维护系统在行业内的覆盖率将超过60%。在国际市场方面，中国风力发电设备出口增长显著。2024年，风电机组累计出口容量约20.8GW，其中两家领先企业合计占据了80%的出口份额。展望未来，预计2027年风电设备出口规模将突破15GW，东南亚、中东欧及拉美等新兴市场的占比将提升至35%以上。\n  五、风力发电统计数据揭示电价市场化与系统配套新要求   在电价机制方面，风力发电正经历深刻的市场化改革。2025年实施的电价改革政策促进了市场竞争，在同年8月某地的增量项目竞价中，风电机制电价已降至0.319元/千瓦时，较当地标杆电价下降15%，参与申报的企业数量也增加了20%。此外，政策对系统稳定性提出了新要求，2024年第三批风光大基地项目申报已明确要求配置功率15%、时长4小时的储能设施，这为风力发电的可持续发展设定了新的配套标准。行业头部企业为保持竞争力，持续加大创新投入，其年度研发投入通常占营业收入的5%至7%。\n  综上所述，当前风力发电行业在强有力的政策指引下，正沿着规模化、集约化、技术驱动和国际化的发展路径快速前进。从装机目标的设定到市场数据的兑现，从技术成本的突破到商业模式的演进，一系列统计数据不仅记录了行业的辉煌成就，也预示着其迈向更高质量、更具竞争力未来的坚定步伐。\n更多风力发电行业研究分析，详见中国报告大厅 《风力发电行业报告汇总》 。这里汇聚海量专业资料，深度剖析各行业发展态势与趋势，为您的决策提供坚实依据。\n更多详细的行业数据尽在 【数据库】 ，涵盖了宏观数据、产量数据、进出口数据、价格数据及上市公司财务数据等各类型数据内容。",
    "highlightText": "",
    "highlightTitle": "",
    "highlightThreadTitle": "",
    "language": "chinese",
    "sentiment": "positive",
    "categories": [
        "Economy, Business and Finance",
        "Environment"
    ],
    "topics": [
        "Economy, Business and Finance->energy and resource",
        "Environment->sustainability",
        "Environment->energy resources"
    ],
    "ai_allow": true,
    "has_canonical": false,
    "breaking": null,
    "webz_reporter": false,
    "external_links": [
        "https://d.yuboinfo.com/",
        "https://www.d.yuboinfo.com/",
        "https://d.yuboinfo.com"
    ],
    "external_images": [],
    "internal_images": [],
    "entities": {
        "persons": [],
        "locations": [],
        "organizations": []
    },
    "syndication": {
        "syndicated": null,
        "syndicate_id": null,
        "first_syndicated": false
    },
    "trust": {
        "categories": [],
        "top_news": [],
        "bias": null,
        "source": {
            "type": null,
            "city": null,
            "state": null,
            "country": null,
            "domain_type": null,
            "agency": null,
            "organization_name": null
        }
    },
    "rating": null,
    "crawled": "2025-12-04T07:51:48.085+02:00",
    "updated": "2025-12-04T07:56:56.000+02:00"
}