{
    "thread": {
        "uuid": "8ee4feab9591212082a8d15a277cc3bf488ed443",
        "url": "https://www.newsbreak.com/we-are-lufkin-341419333/4380259907346-moody-gardens-in-galveston-welcome-adorable-new-addition",
        "site_full": "www.newsbreak.com",
        "site": "newsbreak.com",
        "site_section": "https://www.newsbreak.com/galveston-tx",
        "site_categories": [
            "under_construction"
        ],
        "section_title": "Galveston, TX Local News and More | NewsBreak",
        "site_title": "NewsBreak: Local News &amp; Alerts",
        "title": "Moody Gardens in Galveston Welcome Adorable New Addition - NewsBreak",
        "title_full": "Moody Gardens in Galveston Welcome Adorable New Addition - NewsBreak",
        "published": "2025-12-04T07:59:00.000+02:00",
        "replies_count": 0,
        "participants_count": 1,
        "site_type": "news",
        "country": "US",
        "main_image": "https://img.particlenews.com/img/id/3Rfv1C_173eTITF00",
        "performance_score": 0,
        "domain_rank": 2819,
        "domain_rank_updated": "2025-11-30T23:00:00.000+02:00",
        "licensing_agency": [],
        "social": {
            "facebook": {
                "likes": 0,
                "comments": 0,
                "shares": 0
            },
            "vk": {
                "shares": 0
            }
        }
    },
    "uuid": "8ee4feab9591212082a8d15a277cc3bf488ed443",
    "url": "https://www.newsbreak.com/we-are-lufkin-341419333/4380259907346-moody-gardens-in-galveston-welcome-adorable-new-addition",
    "ord_in_thread": 0,
    "author": "Danny Merrell",
    "published": "2025-12-04T07:59:00.000+02:00",
    "title": "Moody Gardens in Galveston Welcome Adorable New Addition - NewsBreak",
    "text": "By Danny Merrell ,\n1 hours ago\nMoody Gardens is proud to announce the successful hatching of a Macaroni penguin chick born November 11 to adult penguins Gorgonzola and Bleu. The chick weighed 90 grams at hatch and is thriving under the care of Moody Gardens biologists.\nMacaroni penguins are native to Sub-Antarctic regions and are listed as vulnerable by the International Union for Conservation of Nature due to climate change, overfishing, and shifting ocean conditions. The new chick marks an important addition to the Moody Gardens colony, which is part of a broader effort to support and maintain healthy populations of this species.\nREAD MORE: Galveston Walmart is Considered One Of The Most Haunted Places\nThe chick and its parents have been moved off exhibit to a quiet, controlled area. They will remain there until the chick grows its full set of adult feathers, which is expected to take about six weeks. During this period, animal care staff will continue routine monitoring, including regular weight checks and a DNA test to determine the chick’s sex.\nMoody Gardens The Moody Gardens Aquarium Pyramid is home to one of the most diverse penguin collections in the United States, featuring Macaroni, Gentoo, Chinstrap, King, and Northern and Southern Rockhopper penguins, along with Humboldt penguins in an adjacent warm-climate habitat. Across more than 1.5 million gallons of water, the Aquarium Pyramid also features stingrays, sharks, seals, sea lions and more than 200 species of fish.\nThe Moody Gardens annual Holiday in the Gardens is underway and continues through January 3. The ICE LAND adventure area is once again featured this year, along with ice skating, and millions of twinkling lights scattered in the beautiful landscape.\nClick here to view photo gallery",
    "highlightText": "",
    "highlightTitle": "",
    "highlightThreadTitle": "",
    "language": "english",
    "sentiment": "positive",
    "categories": [
        "Environment",
        "Lifestyle and Leisure"
    ],
    "topics": [
        "Environment->conservation",
        "Environment->animal"
    ],
    "ai_allow": true,
    "has_canonical": false,
    "breaking": null,
    "webz_reporter": false,
    "external_links": [
        "https://www.moodygardens.com/",
        "https://img.particlenews.com/image.php?url=3Rfv1C_173eTITF00",
        "https://img.particlenews.com/image.php?type=thumbnail_580x000&url=3Rfv1C_173eTITF00",
        "https://kicks105.com/ixp/192/p/most-haunted-walmart-texas/",
        "https://www.img.particlenews.com/image.php?type=thumbnail_580x000&url=3Rfv1C_173eTITF00",
        "https://moodygardens.com/",
        "https://img.particlenews.com/image.php",
        "https://www.img.particlenews.com/image.php?url=3Rfv1C_173eTITF00",
        "https://www.kicks105.com/ixp/192/p/most-haunted-walmart-texas/",
        "https://www.moodygardens.com",
        "https://kicks105.com/ixp/192/p/most-haunted-walmart-texas"
    ],
    "external_images": [],
    "internal_images": [],
    "entities": {
        "persons": [
            {
                "name": "Danny Merrell",
                "sentiment": "positive"
            }
        ],
        "locations": [],
        "organizations": [
            {
                "name": "Moody Gardens",
                "sentiment": "neutral",
                "tickers": []
            }
        ]
    },
    "syndication": {
        "syndicated": false,
        "syndicate_id": null,
        "first_syndicated": false
    },
    "trust": {
        "categories": [
            "fake_news"
        ],
        "top_news": [],
        "bias": "center",
        "source": {
            "type": null,
            "city": null,
            "state": null,
            "country": null,
            "domain_type": null,
            "agency": null,
            "organization_name": null
        }
    },
    "rating": null,
    "crawled": "2025-12-04T09:18:05.939+02:00",
    "updated": "2025-12-04T09:23:22.000+02:00"
}