{
    "thread": {
        "uuid": "3cc9cba99a80dbd05dfdbcb5bb21e3f1b3a8cbd8",
        "url": "https://finance.sina.com.cn/jjxw/2025-12-04/doc-infzrkva0437160.shtml",
        "site_full": "finance.sina.com.cn",
        "site": "sina.com.cn",
        "site_section": "https://finance.sina.cn/",
        "site_categories": [
            "tech",
            "top_news_hk",
            "top_news_sg",
            "top_news_tw",
            "top_news"
        ],
        "section_title": "新浪财经_金融信息服务商",
        "site_title": null,
        "title": "长江芜湖公安开展\"守护长江美 法治伴你行\"主题志愿服务活动|长江_新浪财经_新浪网",
        "title_full": "长江芜湖公安开展\"守护长江美 法治伴你行\"主题志愿服务活动|长江_新浪财经_新浪网",
        "published": "2025-12-04T08:28:00.000+02:00",
        "replies_count": 0,
        "participants_count": 1,
        "site_type": "news",
        "country": "CN",
        "main_image": "",
        "performance_score": 0,
        "domain_rank": 548,
        "domain_rank_updated": "2025-11-30T23:00:00.000+02:00",
        "licensing_agency": [],
        "social": {
            "facebook": {
                "likes": 0,
                "comments": 0,
                "shares": 0
            },
            "vk": {
                "shares": 0
            }
        }
    },
    "uuid": "3cc9cba99a80dbd05dfdbcb5bb21e3f1b3a8cbd8",
    "url": "https://finance.sina.com.cn/jjxw/2025-12-04/doc-infzrkva0437160.shtml",
    "ord_in_thread": 0,
    "author": "滚动播报",
    "published": "2025-12-04T08:28:00.000+02:00",
    "title": "长江芜湖公安开展\"守护长江美 法治伴你行\"主题志愿服务活动|长江_新浪财经_新浪网",
    "text": "（来源：中国水运网）\n转自：中国水运网\n为深入践行“绿水青山就是金山银山”理念，持续推进“长江大保护”战略实施，共同维护长江母亲河的生态环境与航运秩序，近日，长江航运公安局芜湖派出所组织青年民警志愿者，在长江芜湖段沿岸开展了形式多样、内容丰富的“守护长江美 法治伴你行”主题志愿服务活动。\n此次活动旨在将专业警务工作与志愿服务精神有机结合。活动当日，派出所民警志愿者队伍首先在码头、渡口等人流相对集中区域设立了临时“法治宣传点”。志愿者们通过发放宣传资料、现场答疑解惑等多种形式，向过往居民及游客广泛宣传普及《长江保护法》《内河交通安全管理条例》《治安管理处罚法》等与长江生态保护、水上交通安全、社会治安密切相关的法律法规知识。民警谭硕结合近年来办理的非法捕捞、非法采砂、水上交通肇事等典型案例，以案释法，深入浅出地讲解破坏长江生态环境、危害水上安全的严重后果及法律责任，积极引导广大群众知法、懂法、守法、用法，自觉成为长江生态的守护者和法治建设的参与者。\n在开展法律宣讲的同时，民警志愿者们积极践行志愿服务精神，化身“长江美容师”。他们手持垃圾袋、夹钳等工具，沿着指定江岸区域，仔细清理散落在滩涂、堤岸、草丛中的塑料瓶、包装袋等各类生活垃圾。在清理过程中，他们还适时向遇到的散步市民宣传保护江岸环境的重要性，呼吁大家从自身做起，爱护江岸清洁，保护水域生态。\n此次“守护长江美 法治伴你行”主题志愿服务活动，是长江航运公安局芜湖派出所积极延伸警务服务触角、密切警民关系的具体体现。活动提升了沿江群众的法律素养和环保意识，也展现了长航公安民警忠诚履职、服务人民良好精神风貌。下一步，芜湖派出所将继续创新活动形式，丰富服务内涵，常态化开展此类志愿服务活动，将法治宣传与生态保护实践更紧密地结合起来，为护航长江经济带高质量发展、建设“人民满意”的平安长江、美丽长江贡献更多力量。",
    "highlightText": "",
    "highlightTitle": "",
    "highlightThreadTitle": "",
    "language": "chinese",
    "sentiment": "positive",
    "categories": [
        "Environment",
        "Crime, Law and Justice"
    ],
    "topics": [
        "Environment->conservation",
        "Environment->ecosystem",
        "Environment->water",
        "Crime, Law and Justice->law enforcement"
    ],
    "ai_allow": true,
    "has_canonical": false,
    "breaking": true,
    "webz_reporter": false,
    "external_links": [],
    "external_images": [],
    "internal_images": [],
    "entities": {
        "persons": [],
        "locations": [],
        "organizations": []
    },
    "syndication": {
        "syndicated": null,
        "syndicate_id": null,
        "first_syndicated": false
    },
    "trust": {
        "categories": [],
        "top_news": [
            "top_news_hk",
            "top_news_sg",
            "top_news_tw",
            "top_news"
        ],
        "bias": null,
        "source": {
            "type": null,
            "city": null,
            "state": null,
            "country": null,
            "domain_type": null,
            "agency": null,
            "organization_name": null
        }
    },
    "rating": null,
    "crawled": "2025-12-04T08:37:29.163+02:00",
    "updated": "2025-12-05T09:08:40.000+02:00"
}