{
    "thread": {
        "uuid": "70540ca031ffcb6cd2f132ec9f719f9302545945",
        "url": "https://www.hbzhan.com/news/detail/194545.html",
        "site_full": "www.hbzhan.com",
        "site": "hbzhan.com",
        "site_section": "https://www.hbzhan.com/news",
        "site_categories": [],
        "section_title": "环保网-环保新闻网-环保在线",
        "site_title": "环保在线_环保网-环保行业\"互联网+\"服务平台",
        "title": "常州经开区：厚植绿色能源优势，竞逐新能源产业新赛道,新能源,光伏发电-环保在线",
        "title_full": "常州经开区：厚植绿色能源优势，竞逐新能源产业新赛道,新能源,光伏发电-环保在线",
        "published": "2025-12-02T15:24:00.000+02:00",
        "replies_count": 0,
        "participants_count": 0,
        "site_type": "news",
        "country": "CN",
        "main_image": "",
        "performance_score": 0,
        "domain_rank": 115817,
        "domain_rank_updated": "2025-11-30T23:00:00.000+02:00",
        "licensing_agency": [],
        "social": {
            "facebook": {
                "likes": 0,
                "comments": 0,
                "shares": 0
            },
            "vk": {
                "shares": 0
            }
        }
    },
    "uuid": "70540ca031ffcb6cd2f132ec9f719f9302545945",
    "url": "https://www.hbzhan.com/news/detail/194545.html",
    "ord_in_thread": 0,
    "author": null,
    "published": "2025-12-02T15:24:00.000+02:00",
    "title": "常州经开区：厚植绿色能源优势，竞逐新能源产业新赛道,新能源,光伏发电-环保在线",
    "text": "新能源车用精密管项目正紧锣密鼓推进。随着焊管生产线进入最后调试，这一重点项目即将全线试运行。项目全面投产后，将形成年产5万吨新能源汽车用精密管的能力，为区域新能源汽车产业链提供关键材料支撑。\n空压机能耗、采用高效\n换热器提升热利用率、推行余热回收等技术，企业综合能耗强度较2020年下降16%，实现了节能与增效的双赢。\n功能丰富 实时交流\n移动端访问更快捷\n订阅获取更多服务\n关注我们\n抖音\n百家号\n快手\nB站\n视频号\n今日头条\n西瓜视频\n小红书\n所有评论仅代表网友意见，与本站立场无关。\n合作共赢，共筑零碳未来：润建股份有限公司与北京和碳签署碳中和战略合作协议\n凡本站注明“来源：环保在线”的所有作品，均为浙江兴旺宝明通网络有限公司-环保在线合法拥有版权或有权使用的作品，未经本站授权不得转载、摘编或利用其它方式使用上述作品。已经本网授权使用作品的，应在授权范围内使用，并注明“来源：环保在线”。违反上述声明者，本站将追究其相关法律责任。\n本站转载并注明自其它来源（非环保在线）的作品，目的在于传递更多信息，并不代表本站赞同其观点或和对其真实性负责，不承担此类作品侵权行为的直接责任及连带责任。如其他媒体、平台或个人从本站转载时，必须保留本站注明的作品第一来源，并自负版权等法律责任。如擅自篡改为“稿件来源：环保在线”，本站将依法追究责任。\n鉴于本站稿件来源广泛、数量较多，如涉及作品内容、版权等问题，请与本站联系并提供相关证明材料：联系电话：0571-87759680；邮箱：hbzhan@vip.qq.com。",
    "highlightText": "",
    "highlightTitle": "",
    "highlightThreadTitle": "",
    "language": "chinese",
    "sentiment": "positive",
    "categories": [
        "Environment",
        "Economy, Business and Finance"
    ],
    "topics": [
        "Environment->energy resources",
        "Environment->sustainability",
        "Environment->energy saving",
        "Economy, Business and Finance->energy and resource"
    ],
    "ai_allow": true,
    "has_canonical": false,
    "breaking": null,
    "webz_reporter": false,
    "external_links": [],
    "external_images": [],
    "internal_images": [],
    "entities": {
        "persons": [],
        "locations": [],
        "organizations": []
    },
    "syndication": {
        "syndicated": null,
        "syndicate_id": null,
        "first_syndicated": false
    },
    "trust": {
        "categories": [],
        "top_news": [],
        "bias": null,
        "source": {
            "type": null,
            "city": null,
            "state": null,
            "country": null,
            "domain_type": null,
            "agency": null,
            "organization_name": null
        }
    },
    "rating": null,
    "crawled": "2025-12-04T09:58:41.723+02:00",
    "updated": "2025-12-04T10:04:13.000+02:00"
}