{
    "thread": {
        "uuid": "675577917fe5c2b22c008045f590378e44b05cf2",
        "url": "https://quick-gift-store14792.ampedpages.com/the-vashikaran-specialist-diaries-51622279",
        "site_full": "quick-gift-store14792.ampedpages.com",
        "site": "ampedpages.com",
        "site_section": "https://ampedpages.com/rss-homepage.php?1",
        "site_categories": [],
        "section_title": "ampedpages.com RSS feed",
        "title": "The vashikaran specialist Diaries",
        "title_full": "The vashikaran specialist Diaries",
        "published": "2023-12-29T06:26:00.000+02:00",
        "replies_count": 0,
        "participants_count": 1,
        "site_type": "news",
        "country": "TR",
        "main_image": "",
        "performance_score": 0,
        "domain_rank": 6484,
        "domain_rank_updated": "2023-12-26T12:06:20.000+02:00",
        "reach": null,
        "social": {
            "facebook": {
                "likes": 0,
                "comments": 0,
                "shares": 0
            },
            "gplus": {
                "shares": 0
            },
            "pinterest": {
                "shares": 0
            },
            "linkedin": {
                "shares": 0
            },
            "stumbledupon": {
                "shares": 0
            },
            "vk": {
                "shares": 0
            }
        }
    },
    "uuid": "675577917fe5c2b22c008045f590378e44b05cf2",
    "url": "https://quick-gift-store14792.ampedpages.com/the-vashikaran-specialist-diaries-51622279",
    "ord_in_thread": 0,
    "parent_url": null,
    "author": "Quick-Gift-Store",
    "published": "2023-12-29T06:26:00.000+02:00",
    "title": "The vashikaran specialist Diaries",
    "text": "Lethal astrological afflictions while in the natal chart of any partner Dearth of because of mutual concord and rely on between the wedding companions Characteristic and conjugal conflicts among the partners Familial obstructions and constraints towards the cherished adore or inter-caste relationship Disapproving dissimilarities while in the economic, occupational, or social statuses of the two marriage companions Anydeep-seated bad practices or addiction of the opposite lover Rigid intrusion of any sturdy 3rd human being into the wedding affairs And, varied communal or social disturbances or barriers for the proposed like/inter-caste relationship.\nYou can use the adore mantra that could make each of the important modifications in your life and you may get profitable life forward together with your companion. It is beneficial to have the really like of your life again. Even you do not have to get stress; you merely will need to obtain the assistance from the specialist astrologer.\nRelationships are crucial in life as it is vitally crucial to manage your love life properly if you want to give good notice to the opposite work. If you really like a person Then you really are really eager to specific many of the emotions and your feelings toward your associate. Lately period is rising pretty fastly along with the difficulties.\nThe artwork of Vashikaran continues to be productively handed on within the forefathers towards the Astrologer, that can help the common male in his daily issues. The Astrologer has the solution with the small difficulties to the large ones which can transform your lifetime. The Vashikaran Specialist in Ahmedabad provides one of the most reliable and authentic ends in this type of way which the exact same difficulty does not repeat. The specialist is properly solved each individual variety of connection dilemma.\nHe has very good know-how due to the fact he includes a educated human being in astrology. He also provides different mantras for which you'll be able to swiftly answer your all inquiries of life.\nIf the married daily life has fallen aside and also your wife has become consistently ignoring you and isn't going to spends Particular moments along with you. Then with the help of Stree vashikaran you'll be able to acquire Manage more than your stree and may make him tumble for you all over again.\nHowever, a single must be careful and make sure that it is finished with the best intention with the correct Vashikaran mantra.\nIn case you are looking forward to having the audio consequences Together with the vashiakran, you'll want to observe a few of the indications that can expose that vashikaran is Doing work for yourself.\nIn some instances, when the astrologer does not have direct use of any of your items of the person, then they prefer to make use of the Vashikaran by Name. The astrologer will start chanting the mantra by having the lover’s title or somebody to manage his head.\nWhen you recognize that vashikaran continues to be right here considering that historical periods. It involves lots of Magical and Effective powers.It doesn’t subject that you'll be struggling with problems related to lost adore, partnership disputes, and loved ones matters. 1 could get in miraculous and genuine success in the assistance of the Vashikaran specialist.\nAns. Authentic vashikaran specialists do provide telephonic session. It is best to inquire with The actual astrologer.\npandit ji also produced our really like for each other a lot more special and exceptional. If you must spice your romantic relationship with additional appreciate and romance Get hold of pandit ji By means of E mail Just go forward to Allow pandit ji know about your problems and problems & You may be surprised in the methods his works will improve your lifetime❤\nIt is viewed that some people face true-lifestyle difficulties of their Employment. Even just after putting from the hundred % exertion, they cannot impress the boss. In that problem, they will use the power of the vashikaran mantra and impress their boss.\nIf\nmore info a practitioner use this technique beneath good advice of an expert then it's going to give superior outcomes but when he ties This system without possessing right knowledge then it's going to backfire him/her with harmful final results. Then again Here is the only method which has each of the solutions on your complications associated with\nThe vashikaran specialist Diaries\nLethal astrological afflictions while in the natal chart of any partner Dearth of because of mutual concord and rely on between the wedding companions Characteristic and conjugal conflicts among the partners Familial obstructions and constraints towards the cherished adore or inter-caste relationship Disapproving dissimilarities while in the economic, occupational, or social statuses of the two marriage companions Anydeep-seated bad practices or addiction of the opposite lover Rigid intrusion of any sturdy 3rd human being into the wedding affairs And, varied communal or social disturbances or barriers for the proposed like/inter-caste relationship.",
    "highlightText": "",
    "highlightTitle": "",
    "highlightThreadTitle": "",
    "language": "english",
    "sentiment": "negative",
    "categories": [
        "Religion and Belief",
        "Human Interest",
        "Social Issue"
    ],
    "external_links": [
        "https://hotbizdirectory.com/listings12615575/examine-this-report-on-vashikaran-specialist",
        "https://www.hotbizdirectory.com/listings12615575/examine-this-report-on-vashikaran-specialist"
    ],
    "external_images": [],
    "entities": {
        "persons": [],
        "organizations": [],
        "locations": []
    },
    "rating": null,
    "crawled": "2023-12-29T09:30:51.238+02:00",
    "updated": "2023-12-29T09:30:51.238+02:00"
}