{
    "thread": {
        "uuid": "83d2146941fda00fe813b12935ef7cfb3e0a6453",
        "url": "https://dantepbjpw.ampedpages.com/about-can-2023-51614244",
        "site_full": "dantepbjpw.ampedpages.com",
        "site": "ampedpages.com",
        "site_section": "https://ampedpages.com/rss-homepage.php?3",
        "site_categories": [],
        "section_title": "ampedpages.com RSS feed",
        "title": "About Can 2023",
        "title_full": "About Can 2023",
        "published": "2023-12-28T21:32:00.000+02:00",
        "replies_count": 0,
        "participants_count": 1,
        "site_type": "news",
        "country": "TR",
        "main_image": "",
        "performance_score": 0,
        "domain_rank": 6484,
        "domain_rank_updated": "2023-12-26T12:06:20.000+02:00",
        "reach": null,
        "social": {
            "facebook": {
                "likes": 0,
                "comments": 0,
                "shares": 0
            },
            "gplus": {
                "shares": 0
            },
            "pinterest": {
                "shares": 0
            },
            "linkedin": {
                "shares": 0
            },
            "stumbledupon": {
                "shares": 0
            },
            "vk": {
                "shares": 0
            }
        }
    },
    "uuid": "83d2146941fda00fe813b12935ef7cfb3e0a6453",
    "url": "https://dantepbjpw.ampedpages.com/about-can-2023-51614244",
    "ord_in_thread": 0,
    "parent_url": null,
    "author": "Dantepbjpw Ampedpages Com",
    "published": "2023-12-28T21:32:00.000+02:00",
    "title": "About Can 2023",
    "text": "Des groupes armés ont attaqué « pas moins de twenty villages » entre samedi soir et lundi matin dans cette région en proie depuis plusieurs années à des tensions religieuses et ethniques.\nExactly where's My Refund? offers taxpayers the chance to Examine the position of their refund in 24 hrs after the IRS accepts their e-filed tax return. The Exactly where's My Refund? Resource updates when each individual 24 hrs, generally right away.\nLa lutte contre la corruption est l’un des critères resolveés par l’Union européenne pour l’examen de la candidature d’adhésion de l’Ukraine, qui a reçu des dizaines de milliards d’euros d’aide occidentale depuis le début de la guerre.\nFor 2023, your complete 2022 Can-Am product lineup continues to be on sale, with select designs obtaining some noteworthy updates. The manufacturer will also be transitioning to developing electric motor vehicles shortly, and the initial products and solutions to come from that endeavor transpire being two electric powered bikes.\nLocated in the southwest of Côte d'Ivoire, 350 km from Abidjan, San Pédro is actually a coastal and vacationer city with a inhabitants of just about 265,000 inhabitants. It is property towards the nation's 2nd-biggest port and the planet's primary cocoa export port.\nThe next spherical was performed from June 2022 to September 2023 within a double round format. The group winners and runners-up from all twelve teams, aside from Team H, certified for the final round. Other than the hosts from Ivory Coastline, just one other group capable from Team H. Competent teams[edit]\nThe modifications into the FAFSA sort stand for the most ambitious and major redesign with the processes to apply for federal college student aid plus the formulas applied to determine support eligibility since the Widespread Financial Help Variety—the FAFSA kind’s predecessor—was launched from the Reagan era.\nAd cookies are utilised to provide readers with suitable ads and advertising strategies. These cookies monitor readers across websites and accumulate info to offer personalized adverts.\nWe use cookies on our Web-site to provde the\ndoingbuzz most applicable encounter by remembering your preferences and repeat visits. By clicking \"Accept\", you consent to using The many cookies.\nWe also emphasize human tales, highlighting the achievements, struggles, and ordeals of individuals from all walks of existence. By way of our articles, we intention to produce a sense of link and empathy, fostering a deeper idea of the earth we reside in.\nApril 18: Countrywide owing date to file a 2022 tax return or ask for an extension and shell out tax owed because of the Emancipation Working day getaway in Washington, D.C.\nBeing a cosmopolitan city, San Pédro draws in a substantial overseas populace. Its beachfront resorts give a picturesque environment for readers. The addition of CAN villages will even more improve the present lodging obtainable.\nThe IRS has set a Unique day on January 27 to inspire individuals to make certain they realize the crucial benefits of the EITC, a credit that can help low- and moderate-money personnel and family members.\nJohn Parra/Getty Visuals The obvious motive that we do not see Devin Ratray all over A great deal these days is because of the serious legal issues he's been dealing with. Ratray was arrested on December 21, 2021 on the domestic violence charge right after an altercation with his girlfriend.",
    "highlightText": "",
    "highlightTitle": "",
    "highlightThreadTitle": "",
    "language": "english",
    "sentiment": "negative",
    "categories": [
        "War, Conflict and Unrest",
        "Social Issue",
        "Religion and Belief"
    ],
    "external_links": [
        "http://doingbuzz.com/",
        "http://doingbuzz.com",
        "http://www.doingbuzz.com/"
    ],
    "external_images": [],
    "entities": {
        "persons": [],
        "organizations": [
            {
                "name": "irs",
                "sentiment": "none"
            }
        ],
        "locations": [
            {
                "name": "san pédro",
                "sentiment": "none"
            },
            {
                "name": "abidjan",
                "sentiment": "none"
            }
        ]
    },
    "rating": null,
    "crawled": "2023-12-29T01:51:39.575+02:00",
    "updated": "2023-12-29T01:51:39.575+02:00"
}