{
    "thread": {
        "uuid": "698c2d3edabb7fba39deac07dfd2d398fc648052",
        "url": "https://www.thehansindia.com/news/national/assam-cm-himanta-biswa-sarma-apologizes-for-controversial-bhagavad-gita-post-on-social-media-847525",
        "site_full": "www.thehansindia.com",
        "site": "thehansindia.com",
        "site_section": "https://thehansindia.com",
        "site_categories": [
            "media"
        ],
        "section_title": "Andhra Pradesh Breaking News, Telangana News, Hyderabad News Updates, National News, Breaking News",
        "title": "Assam CM Himanta Biswa Sarma Apologizes For Controversial Bhagavad Gita Post On Social Media",
        "title_full": "Assam CM Himanta Biswa Sarma Apologizes For Controversial Bhagavad Gita Post On Social Media",
        "published": "2023-12-29T05:13:00.000+02:00",
        "replies_count": 0,
        "participants_count": 1,
        "site_type": "news",
        "country": "IN",
        "main_image": "https://assets.thehansindia.com/h-upload/2023/12/29/1410178-cm-himanta-biswa-sarma.jpg",
        "performance_score": 0,
        "domain_rank": 15776,
        "domain_rank_updated": "2023-12-26T12:06:20.000+02:00",
        "reach": null,
        "social": {
            "facebook": {
                "likes": 0,
                "comments": 0,
                "shares": 0
            },
            "gplus": {
                "shares": 0
            },
            "pinterest": {
                "shares": 0
            },
            "linkedin": {
                "shares": 0
            },
            "stumbledupon": {
                "shares": 0
            },
            "vk": {
                "shares": 0
            }
        }
    },
    "uuid": "698c2d3edabb7fba39deac07dfd2d398fc648052",
    "url": "https://www.thehansindia.com/news/national/assam-cm-himanta-biswa-sarma-apologizes-for-controversial-bhagavad-gita-post-on-social-media-847525",
    "ord_in_thread": 0,
    "parent_url": null,
    "author": "Susmita Modak",
    "published": "2023-12-29T05:13:00.000+02:00",
    "title": "Assam CM Himanta Biswa Sarma Apologizes For Controversial Bhagavad Gita Post On Social Media",
    "text": "Live [Barrelakka diles complaint with State women commission against RGV](/news/cities/hyderabad/barrelakka-diles-complaint-with-state-women-commission-against-rgv-847527) [YSRCP MP MVV Satyanarayana receives support in Padayatra](/andhra-pradesh/ysrcp-mp-mvv-satyanarayana-receives-support-in-padayatra-847526) [Microsoft's Upcoming Surface Pro 10 and Laptop 6 be its first true ‘AI PCs’](/technology/tech-news/microsofts-upcoming-surface-pro-10-and-laptop-6-be-its-first-true-ai-pcs-847524) [Dense fog blinds Telangana](/news/cities/hyderabad/dense-fog-blinds-telangana-847523) [Assam CM Himanta Biswa Sarma Apologizes For Controversial Bhagavad Gita Post On Social Media](/news/national/assam-cm-himanta-biswa-sarma-apologizes-for-controversial-bhagavad-gita-post-on-social-media-847525) [68th Railway Week: 73 employees get awards](/news/cities/hyderabad/68th-railway-week-73-employees-get-awards-847522) [Mahila University agreement with EUSAI](/hans/education-careers/mahila-university-agreement-with-eusai-847520) [Sangareddy police releases crime report 2023, sees an increase in crimes](/telangana/sangareddy-police-releases-crime-report-2023-sees-an-increase-in-crimes-847519) [Hyderabad: Three from MH arrested with MDMA drugs worth Rs. 7.10 lakh](/news/cities/hyderabad/hyderabad-three-from-mh-arrested-with-mdma-drugs-worth-rs-710-lakh-847518) [Chandrababu's visit to Kuppam continues for second day, here is schedule](/andhra-pradesh/chandrababus-visit-to-kuppam-continues-for-second-day-here-is-schedule-847521) Just In Assam CM Himanta Biswa Sarma Apologizes For Controversial Bhagavad Gita Post On Social Media - 1. Assam Chief Minister Himanta Biswa Sarma issues an apology after a deleted post on social media, featuring an incorrect translation of a Bhagavad Gita verse, sparked controversy. - 2. The post, criticized for promoting caste division, led to opposition backlash, with AIMIM chief Assaduddin Owaisi and others condemning it. Assam Chief Minister [Himanta Biswa Sarma](https://www.thehansindia.com/tags/Himanta-Biswa-Sarma) In his statement on X, Sarma conveyed his sincere apologies to anyone who may have been offended by the deleted post. The controversial post, shared on December 26, triggered a significant backlash, with opposition leaders, including AIMIM chief Assaduddin Owaisi, accusing Sarma of promoting caste division. The post suggested, based on the Bhagavad Gita, that it is the \"natural duty\" of Shudras to serve the other three castes of Brahmins, Kshatriyas, and Vaishyas. Owaisi, in response, characterized the post as reflective of the \"unfortunate cruelty that Assam's Muslims have faced in the past few years\" and asserted that Hindutva contradicts principles of Liberty, Equality, Fraternity, and Justice. The CPI(M) and Congress leader Pawan Khera also criticized Himanta Biswa Sarma, with the former describing the post as indicative of the \"BJP's Manuvadi ideology in full play.\" Khera emphasized that such remarks cannot be ignored, highlighting the sensitivity surrounding the issue.",
    "highlightText": "",
    "highlightTitle": "",
    "highlightThreadTitle": "",
    "language": "english",
    "sentiment": "negative",
    "categories": [
        "Crime, Law and Justice",
        "Social Issue",
        "Religion and Belief"
    ],
    "external_links": [],
    "external_images": [],
    "entities": {
        "persons": [],
        "organizations": [
            {
                "name": "assam cm himanta biswa sarma apologizes for controversial bhagavad gita post",
                "sentiment": "negative"
            },
            {
                "name": "assam cm himanta biswa sarma apologizes for controversial bhagavad gita post on social media",
                "sentiment": "none"
            },
            {
                "name": "microsoft",
                "sentiment": "none"
            },
            {
                "name": "mahila university",
                "sentiment": "none"
            },
            {
                "name": "eusai",
                "sentiment": "none"
            }
        ],
        "locations": [
            {
                "name": "padayatra",
                "sentiment": "none"
            }
        ]
    },
    "rating": null,
    "crawled": "2023-12-29T08:00:05.393+02:00",
    "updated": "2023-12-29T08:00:05.393+02:00"
}