{
    "thread": {
        "uuid": "4844ee143cfca182f203071006084906111ee2a7",
        "url": "https://judahjznds.corpfinwiki.com/7956044/the_5_second_trick_for_vashikaran_specialist",
        "site_full": "judahjznds.corpfinwiki.com",
        "site": "corpfinwiki.com",
        "site_section": "https://corpfinwiki.com/rss-homepage.php?1",
        "site_categories": [],
        "section_title": "corpfinwiki.com RSS feed",
        "title": "The 5-Second Trick For vashikaran specialist",
        "title_full": "The 5-Second Trick For vashikaran specialist",
        "published": "2023-12-29T06:29:00.000+02:00",
        "replies_count": 0,
        "participants_count": 1,
        "site_type": "news",
        "country": "BE",
        "main_image": "",
        "performance_score": 0,
        "domain_rank": 32613,
        "domain_rank_updated": "2023-12-26T12:06:20.000+02:00",
        "reach": null,
        "social": {
            "facebook": {
                "likes": 0,
                "comments": 0,
                "shares": 0
            },
            "gplus": {
                "shares": 0
            },
            "pinterest": {
                "shares": 0
            },
            "linkedin": {
                "shares": 0
            },
            "stumbledupon": {
                "shares": 0
            },
            "vk": {
                "shares": 0
            }
        }
    },
    "uuid": "4844ee143cfca182f203071006084906111ee2a7",
    "url": "https://judahjznds.corpfinwiki.com/7956044/the_5_second_trick_for_vashikaran_specialist",
    "ord_in_thread": 0,
    "parent_url": null,
    "author": "corpfinwiki.com",
    "published": "2023-12-29T06:29:00.000+02:00",
    "title": "The 5-Second Trick For vashikaran specialist",
    "text": "The 5-Second Trick For vashikaran specialist\nWiki Article\nTo surmount this disagreeable predicament, Vashikaran is really a wise Alternative. Don’t reluctant; it’s time and energy to take far better techniques well to save your appreciate lifestyle. So Get in touch with now to acquire amazing expert services.\nYet one more change which you could see may be the modify in the color of your body. You will notice that his physique will commence turning pale yellow following the vashikaran rituals are performed about the concentrate on human being. It is a significant improve which you can quickly detect with no even letting anyone understand about it.\nP.K Shastri ji is famous astrologer on the earth he is Honoured by Vashikaran gold medalist. If you're facing any really like connected difficulties Speak to now to our really like vashikaran specialist Sharma ji. He can convey happiness to your lifetime\nThe specialist in Navi Mumbai has gained level of popularity for addressing up to date troubles including vocation stagnation, company setbacks, and interpersonal conflicts.\nAs everyone knows really like is essential in Anyone’s daily life. When a person falls in enjoy with somebody that he or she is very eager to specific her inner thoughts. Even the heart begins to experience the excess butterflies within our air. Appreciate is an unbelievable and magical feeling that snatches the slumber of one's nights and gets rid of The remainder from your day.\nNow, my adore partner (Amit) has truly grow to be incredibly accommodating and appropriate with me, and cherishes to live a harmonious and succulent lifetime with me. This wonder is absolutely nothing but a shining testament in your excellent capabilities!\nMy friend relates to me, he was very upset for the reason that his girlfriend was cheating with him but he enjoys her lots and wish for getting marry along with her. Then I explained to him concerning the magical energy of vashikaran mantra and spiritual electrical power of Aman Shah Ji.\nConstantly keep in mind that no person can provide you with a assurance that there'll be no Unwanted side effects of chanting the mantra. For that reason, consumers need to never hesitate in this context and correctly chant the mantra to stay away from the adverse consequences.\nThe ultimate ambition of our entire world famed indian vashikaran specialist guru ji Pandit ankit sharma, is to aid the distressed and having difficulties persons of the world above by his vashikaran and rectitude at alternatively reasonable and easily cost-effective fees. Till date, he has accomplished huge and enviable achievement and fame by his noble endeavor in nations globally, India getting a Distinctive point out.\nHe understands just about every person soo wonderfully and properly that we don't do ourselves. He presents equally mental and wonderful astrological therapy. He's a savior for me, an angelic Buddy, my manual for all times, my healer and my mirror I'm able to talk to about any challenge of my daily life, the power he invokes in us is outside of all of the treatments we do. He talks confidently and is aware severely what he talks as he fulfills all his commitments.\nOne particular these kinds of mystical artwork is Vashikaran, a powerful apply that has been honed and mastered by none in addition to the renowned astrologer, Rudradev Pawankumar.\nYou can begin chanting this mantra to realize the decisive end result and also have good benefits with the assistance of this particular mantra. Constantly don't forget The truth that a single must go throughout the purification approach in advance of chanting the mantra. This distinct mantra is-\nWhen you realize that vashikaran continues\nread more to be right here considering the fact that historical situations. It consists of plenty of Magical and Impressive powers.It doesn’t matter that you'll be facing difficulties linked to missing really like, relationship disputes, and spouse and children matters. 1 could get in miraculous and legitimate effects from the assistance of a Vashikaran specialist.\nHis Harmless and authentic solutions span around various important challenges of daily life, which he removes effortlessly to revive joy in the life of individuals.\nReport this wiki page",
    "highlightText": "",
    "highlightTitle": "",
    "highlightThreadTitle": "",
    "language": "english",
    "sentiment": "negative",
    "categories": [
        "Religion and Belief",
        "Social Issue",
        "Human Interest"
    ],
    "external_links": [
        "https://free-kundali90011.bloggerswise.com/30074222/what-does-vashikaran-specialist-mean",
        "https://www.free-kundali90011.bloggerswise.com/30074222/what-does-vashikaran-specialist-mean"
    ],
    "external_images": [],
    "entities": {
        "persons": [
            {
                "name": "sharma",
                "sentiment": "none"
            },
            {
                "name": "p.k shastri",
                "sentiment": "none"
            }
        ],
        "organizations": [],
        "locations": [
            {
                "name": "navi mumbai",
                "sentiment": "none"
            },
            {
                "name": "vashikaran",
                "sentiment": "none"
            }
        ]
    },
    "rating": null,
    "crawled": "2023-12-29T08:10:23.511+02:00",
    "updated": "2023-12-29T08:10:23.511+02:00"
}