{
    "thread": {
        "uuid": "e9dcc5f9c9e845265cb8bdeb1901cd4ee6bdd5ec",
        "url": "https://wsau.com/2023/12/28/nicaragua-arrests-two-high-ranking-catholic-priests-with-close-ties-to-cardinal/",
        "site_full": "wsau.com",
        "site": "wsau.com",
        "site_section": "https://wsau.com/rss",
        "site_categories": [
            "media"
        ],
        "section_title": "Wausau | WSAU AM &amp; FM | wsau.com",
        "title": "Nicaragua arrests two high-ranking Catholic priests with close ties to cardinal",
        "title_full": "Nicaragua arrests two high-ranking Catholic priests with close ties to cardinal",
        "published": "2023-12-29T07:11:00.000+02:00",
        "replies_count": 0,
        "participants_count": 1,
        "site_type": "news",
        "country": "US",
        "main_image": "https://media-cdn.socastsrm.com/uploads/station/1946/fbShare.png?r=67880",
        "performance_score": 0,
        "domain_rank": 57288,
        "domain_rank_updated": "2023-12-26T12:06:25.000+02:00",
        "reach": null,
        "social": {
            "facebook": {
                "likes": 0,
                "comments": 0,
                "shares": 0
            },
            "gplus": {
                "shares": 0
            },
            "pinterest": {
                "shares": 0
            },
            "linkedin": {
                "shares": 0
            },
            "stumbledupon": {
                "shares": 0
            },
            "vk": {
                "shares": 0
            }
        }
    },
    "uuid": "e9dcc5f9c9e845265cb8bdeb1901cd4ee6bdd5ec",
    "url": "https://wsau.com/2023/12/28/nicaragua-arrests-two-high-ranking-catholic-priests-with-close-ties-to-cardinal/",
    "ord_in_thread": 0,
    "parent_url": null,
    "author": "Syndicated Content",
    "published": "2023-12-29T07:11:00.000+02:00",
    "title": "Nicaragua arrests two high-ranking Catholic priests with close ties to cardinal",
    "text": "By Ismael Lopez\nSAN JOSE (Reuters) – Nicaraguan police detained on Thursday two senior Catholic priests who are close to the country’s top church leader, a person with knowledge of the matter said, raising to at least six the number of clergymen detained this week.\nThe source, who declined to be named for fear of arrest, said the two priests were detained for publicly praying for jailed Bishop Rolando Alvarez, the most prominent critic of President Daniel Ortega.\nLocal media outlet Confidencial named the priests as Carlos Aviles and Hector Treminio, and noted that their arrest brings to at least six the number of priests detained over the past week, adding that two of the clerics had already been released.\nThe government’s press office did not immediately respond to a request for comment.\nOver the past few years, Ortega’s government has targeted members of the Catholic church, a crackdown officials have in the past said was needed to punish treasonous behavior or other alleged crimes.\nAviles is the second-highest ranking cleric in the Archdiocese of Managua, led by Cardinal Leopoldo Brenes, while Treminio is its treasurer.\nAlvarez, the bishop of Matagalpa, forcefully criticized the government’s deadly response to mass protests that broke out in 2018, and was convicted of treason and sentenced to a 26-year prison term earlier this year.\nLast week, police arrested Bishop Isidro Mora of the Siuna diocese, making him the second bishop to be detained after Alvarez’s detention in 2022.\nMany of the latest clergymen detained were arrested because they publicly offered prayers for Alvarez, according to the source and local media, but the government has not issued any statements explaining the priests’ alleged crimes.\nNicaraguan Bishop Silvio Baez, who has been living in exile in Florida since 2019 and is the second-ranking leader of the archdiocese, called for the priests to be released.\n“I ask God to protect them and that they be freed immediately!” wrote in a post on X on Thursday.\nAccording to exiled Nicaraguan researcher Martha Patricia Molina, who publishes records of what she describes as the persecution of the Catholic Church under Ortega, the number of bishops, priests and seminarians behind bars in the country currently stands at nine.\n(Reporting by Ismael Lopez; Writing by David Alire Garcia and Miral Fahmy)",
    "highlightText": "",
    "highlightTitle": "",
    "highlightThreadTitle": "",
    "language": "english",
    "sentiment": "negative",
    "categories": [
        "Religion and Belief",
        "Human Interest",
        "Crime, Law and Justice"
    ],
    "external_links": [],
    "external_images": [],
    "entities": {
        "persons": [
            {
                "name": "ismael lopez",
                "sentiment": "negative"
            },
            {
                "name": "hector treminio",
                "sentiment": "none"
            },
            {
                "name": "rolando alvarez",
                "sentiment": "none"
            },
            {
                "name": "ortega",
                "sentiment": "none"
            },
            {
                "name": "carlos aviles",
                "sentiment": "none"
            },
            {
                "name": "daniel ortega",
                "sentiment": "none"
            },
            {
                "name": "aviles",
                "sentiment": "none"
            },
            {
                "name": "cardinal leopoldo",
                "sentiment": "none"
            }
        ],
        "organizations": [
            {
                "name": "reuters",
                "sentiment": "negative"
            },
            {
                "name": "catholic",
                "sentiment": "negative"
            },
            {
                "name": "confidencial",
                "sentiment": "none"
            }
        ],
        "locations": [
            {
                "name": "san jose",
                "sentiment": "none"
            },
            {
                "name": "nicaragua",
                "sentiment": "none"
            },
            {
                "name": "managua",
                "sentiment": "none"
            }
        ]
    },
    "rating": null,
    "crawled": "2023-12-29T08:16:48.676+02:00",
    "updated": "2023-12-29T08:16:48.676+02:00"
}