{
    "thread": {
        "uuid": "407efebfc0d32bfc341ca5d72b4ea560ddb22daf",
        "url": "https://www.az-online.de/boulevard/sagen-howard-carpendale-teilt-liebeserklaerung-will-es-vor-allen-menschen-zr-94033480.html",
        "site_full": "www.az-online.de",
        "site": "az-online.de",
        "site_section": "https://www.az-online.de",
        "site_categories": [
            "media"
        ],
        "section_title": "Aktuelle Nachrichten aus Uelzen und Niedersachsen | az-online.de",
        "site_title": "Aktuelle Nachrichten aus Uelzen und Niedersachsen | az-online.de",
        "title": "Howard Carpendale teilt Liebeserklärung: „Will es vor allen Menschen sagen\"",
        "title_full": "Howard Carpendale teilt Liebeserklärung: „Will es vor allen Menschen sagen\"",
        "published": "2025-11-13T07:20:00.000+02:00",
        "replies_count": 0,
        "participants_count": 1,
        "site_type": "news",
        "country": "DE",
        "main_image": "",
        "performance_score": 0,
        "domain_rank": 130064,
        "domain_rank_updated": "2025-10-26T23:00:00.000+02:00",
        "licensing_agency": [],
        "social": {
            "facebook": {
                "likes": 0,
                "comments": 0,
                "shares": 0
            },
            "vk": {
                "shares": 0
            }
        }
    },
    "uuid": "407efebfc0d32bfc341ca5d72b4ea560ddb22daf",
    "url": "https://www.az-online.de/boulevard/sagen-howard-carpendale-teilt-liebeserklaerung-will-es-vor-allen-menschen-zr-94033480.html",
    "ord_in_thread": 0,
    "author": "az-online.de",
    "published": "2025-11-13T07:20:00.000+02:00",
    "title": "Howard Carpendale teilt Liebeserklärung: „Will es vor allen Menschen sagen\"",
    "text": "Howard Carpendale teilt Liebeserklärung: „Will es vor allen Menschen sagen“\n„Ich liebe sie“, schrieb Howard Carpendale am Dienstag in einem emotionalen Instagram-Beitrag. Mit seiner bewegenden Botschaft an seine Frau Donnice Pierce rührte der Schlagersänger seine Fans.\nMünchen – Donnice Pierce und Howard Carpendale sind bereits seit 1983 ein Paar. In einem bewegenden Instagram-Post zum Geburtstag seiner Frau am Dienstag erinnerte Carpendale nun an die besondere Bedeutung dieses Datums: „Heute ist ihr Geburtstag. Am 11.11., wie jedes Jahr“, schrieb er. Doch in diesem Jahr sei es besonders, „weil da eine 0 dabei ist“.\nDer 79-Jährige schwärmte von der Optik seiner Frau: „Wenn ich sie anschaue, habe ich das Gefühl, irgendjemand hat ihr heimlich zehn Jahre extra in die Kindheit geschmuggelt.“ Für ihn sei das Äußere jedoch „sowieso unwichtig“. Viel mehr zähle, dass sie „immer ein Lächeln schenkt“ und „immer versucht, unsere Tage schön zu machen - und das seit sehr vielen Jahren“. Carpendale stellt klar: „Ich liebe sie. Und ich mag sie.“\nHoward Carpendale schwärmt: „Mein zweites ich“\nFür den südafrikanischen Musiker ist die US-Amerikanerin „in dieser verrückten Welt“ sein „Zuhause“. Sie sei seine „Lass-los-Person. Mein zweites Ich“, offenbart der „Ti Amo“-Interpret und schreibt: „Und ich will es vor allen Menschen sagen: 'Ist ein Leben genug?'“ Dazu postete er ein Schwarz-Weiß-Foto, das seine Frau und ihn eng umschlungen und lächelnd zeigt.\nObwohl sie schon seit über vier Jahrzehnten ein Paar sind, wagten Carpendale und Pierce erst im März 2018 den Schritt vor den Traualtar. Seit sieben Jahren gehen beide nun also auch als Eheleute durchs Leben - augenscheinlich verliebt wie eh und je.\nAuf Instagram übermittelten Fans Glückwünsche an die Jubilarin und gratulierten dem Paar zu ihrer langen Beziehung. „Was für eine wunderschöne Liebeserklärung“, schrieb eine Nutzerin. Eine andere kommentierte: „Schön, dass ihr sooo glücklich seid.“ (Dieser Artikel entstand in Kooperation mit teleschau.)",
    "highlightText": "",
    "highlightTitle": "",
    "highlightThreadTitle": "",
    "language": "german",
    "sentiment": "positive",
    "categories": [
        "Lifestyle and Leisure"
    ],
    "topics": [
        "Lifestyle and Leisure->lifestyle"
    ],
    "ai_allow": true,
    "has_canonical": false,
    "breaking": false,
    "webz_reporter": false,
    "external_links": [
        "https://www.msn.com/de-de/channel/source/community-redirect/sr-vid-evq0jvu0umaanewkxwdxtkiq64r0mq42s4rv6qwj4vyxnnw7qk5s?cvid=48993fa8c8b243f8be3fed6328a59d47&ei=15",
        "https://msn.com/de-de/channel/source/community-redirect/sr-vid-evq0jvu0umaanewkxwdxtkiq64r0mq42s4rv6qwj4vyxnnw7qk5s?cvid=48993fa8c8b243f8be3fed6328a59d47&ei=15",
        "https://www.msn.com/de-de/channel/source/community-redirect/sr-vid-evq0jvu0umaanewkxwdxtkiq64r0mq42s4rv6qwj4vyxnnw7qk5s"
    ],
    "external_images": [],
    "internal_images": [],
    "entities": {
        "persons": [
            {
                "name": "Howard Carpendale",
                "sentiment": "none"
            },
            {
                "name": "Donnice Pierce",
                "sentiment": "none"
            }
        ],
        "locations": [
            {
                "name": "München",
                "sentiment": "none"
            }
        ],
        "organizations": []
    },
    "syndication": {
        "syndicated": null,
        "syndicate_id": null,
        "first_syndicated": false
    },
    "trust": {
        "categories": [],
        "top_news": [],
        "bias": null,
        "source": {
            "type": null,
            "city": null,
            "state": null,
            "country": null,
            "domain_type": null,
            "agency": null,
            "organization_name": null
        }
    },
    "rating": null,
    "crawled": "2025-11-13T07:37:08.379+02:00",
    "updated": "2025-11-13T07:38:26.000+02:00"
}