{
    "thread": {
        "uuid": "5617511c9a8001cbd91e6096f93fdcb5e9a119dc",
        "url": "https://globalnews.ca/video/10753108/air-canada-strike-looms-what-are-your-rights-in-an-airline-work-stoppage",
        "site_full": "globalnews.ca",
        "site": "globalnews.ca",
        "site_section": "https://globalnews.ca/national",
        "site_categories": [
            "media",
            "health",
            "cold_and_flu",
            "top_news"
        ],
        "section_title": "Global News",
        "title": "Air Canada strike looms: What are your rights in an airline work stoppage? | Watch News Videos Online",
        "title_full": "Air Canada strike looms: What are your rights in an airline work stoppage? | Watch News Videos Online",
        "published": "2024-09-13T02:47:00.000+03:00",
        "replies_count": 0,
        "participants_count": 0,
        "site_type": "news",
        "country": "CA",
        "main_image": "https://i2.wp.com/media.globalnews.ca/videostatic/news/mtiz2gs0x1-t07xy9kxu1/air-canada-thumb.jpg?w=500&quality=70&strip=all",
        "performance_score": 0,
        "domain_rank": 940,
        "domain_rank_updated": "2024-09-03T00:00:00.000+03:00",
        "reach": null,
        "social": {
            "facebook": {
                "likes": 0,
                "comments": 0,
                "shares": 0
            },
            "vk": {
                "shares": 0
            }
        }
    },
    "uuid": "5617511c9a8001cbd91e6096f93fdcb5e9a119dc",
    "url": "https://globalnews.ca/video/10753108/air-canada-strike-looms-what-are-your-rights-in-an-airline-work-stoppage",
    "ord_in_thread": 0,
    "parent_url": null,
    "author": null,
    "published": "2024-09-13T02:47:00.000+03:00",
    "title": "Air Canada strike looms: What are your rights in an airline work stoppage? | Watch News Videos Online",
    "text": "Air Canada strike looms: What are your rights in an airline work stoppage? Videos - [ Air Canada strike looms: What are your rights in an airline work stoppage? 01:46 | 2 hours ago ](https://globalnews.ca/video/10753108/air-canada-strike-looms-what-are-your-rights-in-an-airline-work-stoppage/) - [ Trudeau says ‘millions of Canadians’ counting on Air Canada negotiators as pilots on verge of strike 00:19 | 4 hours ago ](https://globalnews.ca/video/10752721/trudeau-says-millions-of-canadians-counting-on-air-canada-negotiators-as-pilots-on-verge-of-strike/) - [ As Air Canada pilots strike looms, NDP says it will ‘never’ support back-to-work bill: Singh 00:45 | 8 hours ago ](https://globalnews.ca/video/10751951/as-air-canada-pilots-strike-looms-ndp-says-it-will-never-support-back-to-work-bill-singh/) - [ Over half of Canadians don’t want an early election: Ipsos poll 00:44 | September 11, 2024 ](https://globalnews.ca/video/10751405/over-half-of-canadians-dont-want-an-early-election-ipsos-poll/) - [ ‘She inspired us’: How Manitoba is remembering Grand Chief Cathy Merrick 02:04 | September 11, 2024 ](https://globalnews.ca/video/10751356/she-inspired-us-how-manitoba-is-remembering-grand-chief-cathy-merrick/) - [ Ottawa’s stolen Winston Churchill portrait recovered in Italy, charges laid 02:05 | September 11, 2024 ](https://globalnews.ca/video/10751355/ottawas-stolen-winston-churchill-portrait-recovered-in-italy-charges-laid/) - [ Trudeau says he ‘can’t wait’ to get into it with Poilievre for parliament’s return 02:15 | September 11, 2024 ](https://globalnews.ca/video/10751059/trudeau-says-he-cant-wait-to-get-into-it-with-poilievre-for-parliaments-return/) - [ Stolen Winston Churchill portrait found in Italy, Ottawa police say 01:34 | September 11, 2024 ](https://globalnews.ca/video/10750947/stolen-winston-churchill-portrait-found-in-italy-ottawa-police-say/) - [ “Priceless”: Mystery of Ottawa’s stolen Winston Churchill portrait has been solved 01:29 | September 11, 2024 ](https://globalnews.ca/video/10750840/priceless-m-ystery-of-ottawas-stolen-winston-churchill-portrait-has-been-solved/) - [ ‘Running out of homes’: Poilievre says Conservatives would cap population growth 02:23 | September 11, 2024 ](https://globalnews.ca/video/10750162/running-out-of-homes-poilievre-says-conservatives-would-cap-population-growth/) - [ Poilievre urges ‘fair deal’ for Air Canada pilots ahead of possible strike 00:53 | September 11, 2024 ](https://globalnews.ca/video/10750136/poilievre-urges-fair-deal-for-air-canada-pilots-ahead-of-possible-strike/) - [ Digital last: Some Finnish students ditch tech, go back to books 01:45 | September 10, 2024 ](https://globalnews.ca/video/10749346/digital-last-some-finnish-students-ditch-tech-go-back-to-books/) - [ Nova Scotia moms call for more disclosure around youth mental health 01:57 | September 10, 2024 ](https://globalnews.ca/video/10749345/nova-scotia-moms-call-for-more-disclosure-around-youth-mental-health/) - [ NDP faces challenges after pulling support for Trudeau, Liberals 01:48 | September 10, 2024 ](https://globalnews.ca/video/10749336/ndp-faces-challenges-after-pulling-support-for-trudeau-liberals/) - [ ‘We need solutions’: Mark Carney hopes to reverse Liberals’ fortunes 01:55 | September 10, 2024 ](https://globalnews.ca/video/10749334/we-need-solutions-mark-carney-hopes-to-reverse-liberals-fortunes/) - [ How did ISIS suspect gain entry to Canada? 01:53 | September 10, 2024 ](https://globalnews.ca/video/10749335/how-did-isis-suspect-gain-entry-to-canada/) - [ Air Canada bargaining parties should ‘knuckle down and get a deal’: MacKinnon 00:57 | September 10, 2024 ](https://globalnews.ca/video/10748423/air-canada-bargaining-parties-should-knuckle-down-and-get-a-deal-mackinnon/) - [ Process underway to impose tariffs on more Chinese imports such as batteries, semiconductors: Freeland 00:35 | September 10, 2024 ](https://globalnews.ca/video/10742622/process-underway-to-impose-tariffs-on-more-chinese-imports-such-as-batteries-semiconductors-freeland/) - [ NDP MP calls Trudeau ‘radioactive’ ahead of caucus retreat 00:43 | September 10, 2024 ](https://globalnews.ca/video/10742388/ndp-mp-calls-trudeau-radioactive-ahead-of-caucus-retreat/) - [ Business Matters: Canada complains of ‘unfair’ U.S. softwood lumber duties 02:22 | September 10, 2024 ](https://globalnews.ca/video/10742339/business-matters-canada-complains-of-unfair-u-s-softwood-lumber-duties/) - [ PWHL reveals names, logos for all 6 franchises 02:15 | September 9, 2024 ](https://globalnews.ca/video/10741603/pwhl-reveals-names-logos-for-all-6-franchises/) - [ ‘He was everything’: Gaudreau brothers tearfully mourned at funeral 01:59 | September 9, 2024 ](https://globalnews.ca/video/10741606/he-was-everything-gaudreau-brothers-tearfully-mourned-at-funeral/) - [ How will Air Canada passengers be affected by a potential strike? 01:55 | September 9, 2024 ](https://globalnews.ca/video/10741600/how-will-air-canada-passengers-be-affected-by-a-potential-strike/) - [ Conservative MPs call for public safety probe after terror arrest 00:45 | September 9, 2024 ](https://globalnews.ca/video/10741598/conservative-mps-call-for-public-safety-probe-after-terror-arrest/) - [ Mark Carney joins Liberals as special advisor to Trudeau 02:09 | September 9, 2024 ](https://globalnews.ca/video/10741599/mark-carney-joins-liberals-as-special-advisor-to-trudeau/) - [ Matthew Gaudreau’s wife Madeline reflects on late husband’s love: ‘Born to be a dad’ 05:38 | September 9, 2024 ](https://globalnews.ca/video/10741473/matthew-gaudreaus-wife-madeline-reflects-on-late-husbands-love-born-to-be-a-dad/) - [ Johnny Gaudreau’s wife Meredith announces 3rd pregnancy during emotional eulogy: ‘A blessing’ 02:11 | September 9, 2024 ](https://globalnews.ca/video/10741461/johnny-gaudreaus-wife-meredith-announces-3rd-pregnancy-during-emotional-eulogy-a-blessing/) - [ Alberta men get 6.5-year prison sentences for Coutts border protest 00:38 | September 9, 2024 ](https://globalnews.ca/video/10740781/alberta-men-get-6-5-year-prison-sentences-for-coutts-border-protest/) - [ Canada-wide warrant issued for woman wanted in Toronto murder 00:29 | September 9, 2024 ](https://globalnews.ca/video/10740662/canada-wide-warrant-issued-for-woman-wanted-in-toronto-murder/) - [ TIFF 2024: Angelina Jolie, Pam Anderson, J. Lo top headlines as nostalgia dominates red carpet 08:16 | September 9, 2024 ](https://globalnews.ca/video/10740422/tiff-2024-angelina-jolie-pam-anderson-j-lo-top-headlines-as-nostalgia-dominates-red-carpet/) - [ Team Canada ends Paris 2024 Paralympics in style 01:55 | September 8, 2024 ](https://globalnews.ca/video/10739727/team-canada-ends-paris-2024-paralympics-in-style/) - [ Air Canada strike looms: What are your rights in an airline work stoppage? 01:46 | 2 hours ago ](https://globalnews.ca/video/10753108/air-canada-strike-looms-what-are-your-rights-in-an-airline-work-stoppage/) - [ Trudeau says ‘millions of Canadians’ counting on Air Canada negotiators as pilots on verge of strike 00:19 | 4 hours ago ](https://globalnews.ca/video/10752721/trudeau-says-millions-of-canadians-counting-on-air-canada-negotiators-as-pilots-on-verge-of-strike/) - [ As Air Canada pilots strike looms, NDP says it will ‘never’ support back-to-work bill: Singh 00:45 | 8 hours ago ](https://globalnews.ca/video/10751951/as-air-canada-pilots-strike-looms-ndp-says-it-will-never-support-back-to-work-bill-singh/) - [ Over half of Canadians don’t want an early election: Ipsos poll 00:44 | September 11, 2024 ](https://globalnews.ca/video/10751405/over-half-of-canadians-dont-want-an-early-election-ipsos-poll/) - [ ‘She inspired us’: How Manitoba is remembering Grand Chief Cathy Merrick 02:04 | September 11, 2024 ](https://globalnews.ca/video/10751356/she-inspired-us-how-manitoba-is-remembering-grand-chief-cathy-merrick/) - [ Ottawa’s stolen Winston Churchill portrait recovered in Italy, charges laid 02:05 | September 11, 2024 ](https://globalnews.ca/video/10751355/ottawas-stolen-winston-churchill-portrait-recovered-in-italy-charges-laid/) - [ Trudeau says he ‘can’t wait’ to get into it with Poilievre for parliament’s return 02:15 | September 11, 2024 ](https://globalnews.ca/video/10751059/trudeau-says-he-cant-wait-to-get-into-it-with-poilievre-for-parliaments-return/) - [ Stolen Winston Churchill portrait found in Italy, Ottawa police say 01:34 | September 11, 2024 ](https://globalnews.ca/video/10750947/stolen-winston-churchill-portrait-found-in-italy-ottawa-police-say/) - [ “Priceless”: Mystery of Ottawa’s stolen Winston Churchill portrait has been solved 01:29 | September 11, 2024 ](https://globalnews.ca/video/10750840/priceless-m-ystery-of-ottawas-stolen-winston-churchill-portrait-has-been-solved/) - [ ‘Running out of homes’: Poilievre says Conservatives would cap population growth 02:23 | September 11, 2024 ](https://globalnews.ca/video/10750162/running-out-of-homes-poilievre-says-conservatives-would-cap-population-growth/) - [ Poilievre urges ‘fair deal’ for Air Canada pilots ahead of possible strike 00:53 | September 11, 2024 ](https://globalnews.ca/video/10750136/poilievre-urges-fair-deal-for-air-canada-pilots-ahead-of-possible-strike/) - [ Digital last: Some Finnish students ditch tech, go back to books 01:45 | September 10, 2024 ](https://globalnews.ca/video/10749346/digital-last-some-finnish-students-ditch-tech-go-back-to-books/) - [ Nova Scotia moms call for more disclosure around youth mental health 01:57 | September 10, 2024 ](https://globalnews.ca/video/10749345/nova-scotia-moms-call-for-more-disclosure-around-youth-mental-health/) - [ NDP faces challenges after pulling support for Trudeau, Liberals 01:48 | September 10, 2024 ](https://globalnews.ca/video/10749336/ndp-faces-challenges-after-pulling-support-for-trudeau-liberals/) - [ ‘We need solutions’: Mark Carney hopes to reverse Liberals’ fortunes 01:55 | September 10, 2024 ](https://globalnews.ca/video/10749334/we-need-solutions-mark-carney-hopes-to-reverse-liberals-fortunes/) - [ How did ISIS suspect gain entry to Canada? 01:53 | September 10, 2024 ](https://globalnews.ca/video/10749335/how-did-isis-suspect-gain-entry-to-canada/) - [ Air Canada bargaining parties should ‘knuckle down and get a deal’: MacKinnon 00:57 | September 10, 2024 ](https://globalnews.ca/video/10748423/air-canada-bargaining-parties-should-knuckle-down-and-get-a-deal-mackinnon/) - [ Process underway to impose tariffs on more Chinese imports such as batteries, semiconductors: Freeland 00:35 | September 10, 2024 ](https://globalnews.ca/video/10742622/process-underway-to-impose-tariffs-on-more-chinese-imports-such-as-batteries-semiconductors-freeland/) - [ NDP MP calls Trudeau ‘radioactive’ ahead of caucus retreat 00:43 | September 10, 2024 ](https://globalnews.ca/video/10742388/ndp-mp-calls-trudeau-radioactive-ahead-of-caucus-retreat/) - [ Business Matters: Canada complains of ‘unfair’ U.S. softwood lumber duties 02:22 | September 10, 2024 ](https://globalnews.ca/video/10742339/business-matters-canada-complains-of-unfair-u-s-softwood-lumber-duties/) - [ PWHL reveals names, logos for all 6 franchises 02:15 | September 9, 2024 ](https://globalnews.ca/video/10741603/pwhl-reveals-names-logos-for-all-6-franchises/) - [ ‘He was everything’: Gaudreau brothers tearfully mourned at funeral 01:59 | September 9, 2024 ](https://globalnews.ca/video/10741606/he-was-everything-gaudreau-brothers-tearfully-mourned-at-funeral/) - [ How will Air Canada passengers be affected by a potential strike? 01:55 | September 9, 2024 ](https://globalnews.ca/video/10741600/how-will-air-canada-passengers-be-affected-by-a-potential-strike/) - [ Conservative MPs call for public safety probe after terror arrest 00:45 | September 9, 2024 ](https://globalnews.ca/video/10741598/conservative-mps-call-for-public-safety-probe-after-terror-arrest/) - [ Mark Carney joins Liberals as special advisor to Trudeau 02:09 | September 9, 2024 ](https://globalnews.ca/video/10741599/mark-carney-joins-liberals-as-special-advisor-to-trudeau/) - [ Matthew Gaudreau’s wife Madeline reflects on late husband’s love: ‘Born to be a dad’ 05:38 | September 9, 2024 ](https://globalnews.ca/video/10741473/matthew-gaudreaus-wife-madeline-reflects-on-late-husbands-love-born-to-be-a-dad/) - [ Johnny Gaudreau’s wife Meredith announces 3rd pregnancy during emotional eulogy: ‘A blessing’ 02:11 | September 9, 2024 ](https://globalnews.ca/video/10741461/johnny-gaudreaus-wife-meredith-announces-3rd-pregnancy-during-emotional-eulogy-a-blessing/) - [ Alberta men get 6.5-year prison sentences for Coutts border protest 00:38 | September 9, 2024 ](https://globalnews.ca/video/10740781/alberta-men-get-6-5-year-prison-sentences-for-coutts-border-protest/) - [ Canada-wide warrant issued for woman wanted in Toronto murder 00:29 | September 9, 2024 ](https://globalnews.ca/video/10740662/canada-wide-warrant-issued-for-woman-wanted-in-toronto-murder/) - [ TIFF 2024: Angelina Jolie, Pam Anderson, J. Lo top headlines as nostalgia dominates red carpet 08:16 | September 9, 2024 ](https://globalnews.ca/video/10740422/tiff-2024-angelina-jolie-pam-anderson-j-lo-top-headlines-as-nostalgia-dominates-red-carpet/) - [ Team Canada ends Paris 2024 Paralympics in style 01:55 | September 8, 2024 ](https://globalnews.ca/video/10739727/team-canada-ends-paris-2024-paralympics-in-style/) Air Canada strike looms: What are your rights in an airline work stoppage? - Air Canada strike looms: What are your rights in an airline work stoppage?01:46 | 2 hours ago - Trudeau says ‘millions of Canadians’ counting on Air Canada negotiators as pilots on verge of strike00:19 | 4 hours ago - As Air Canada pilots strike looms, NDP says it will ‘never’ support back-to-work bill: Singh00:45 | 8 hours ago - Over half of Canadians don’t want an early election: Ipsos poll00:44 | September 11, 2024 - ‘She inspired us’: How Manitoba is remembering Grand Chief Cathy Merrick02:04 | September 11, 2024 - Ottawa’s stolen Winston Churchill portrait recovered in Italy, charges laid02:05 | September 11, 2024 - Trudeau says he ‘can’t wait’ to get into it with Poilievre for parliament’s return02:15 | September 11, 2024 - Stolen Winston Churchill portrait found in Italy, Ottawa police say01:34 | September 11, 2024 - “Priceless”: Mystery of Ottawa’s stolen Winston Churchill portrait has been solved01:29 | September 11, 2024 - ‘Running out of homes’: Poilievre says Conservatives would cap population growth02:23 | September 11, 2024 - Poilievre urges ‘fair deal’ for Air Canada pilots ahead of possible strike00:53 | September 11, 2024 - Digital last: Some Finnish students ditch tech, go back to books01:45 | September 10, 2024 - Nova Scotia moms call for more disclosure around youth mental health01:57 | September 10, 2024 - NDP faces challenges after pulling support for Trudeau, Liberals01:48 | September 10, 2024 - ‘We need solutions’: Mark Carney hopes to reverse Liberals’ fortunes01:55 | September 10, 2024 - How did ISIS suspect gain entry to Canada?01:53 | September 10, 2024 - Air Canada bargaining parties should ‘knuckle down and get a deal’: MacKinnon00:57 | September 10, 2024 - Process underway to impose tariffs on more Chinese imports such as batteries, semiconductors: Freeland00:35 | September 10, 2024 - NDP MP calls Trudeau ‘radioactive’ ahead of caucus retreat00:43 | September 10, 2024 - Business Matters: Canada complains of ‘unfair’ U.S. softwood lumber duties02:22 | September 10, 2024 - PWHL reveals names, logos for all 6 franchises02:15 | September 9, 2024 - ‘He was everything’: Gaudreau brothers tearfully mourned at funeral01:59 | September 9, 2024 - How will Air Canada passengers be affected by a potential strike?01:55 | September 9, 2024 - Conservative MPs call for public safety probe after terror arrest00:45 | September 9, 2024 - Mark Carney joins Liberals as special advisor to Trudeau02:09 | September 9, 2024 - Matthew Gaudreau’s wife Madeline reflects on late husband’s love: ‘Born to be a dad’05:38 | September 9, 2024 - Johnny Gaudreau’s wife Meredith announces 3rd pregnancy during emotional eulogy: ‘A blessing’02:11 | September 9, 2024 - Alberta men get 6.5-year prison sentences for Coutts border protest00:38 | September 9, 2024 - Canada-wide warrant issued for woman wanted in Toronto murder00:29 | September 9, 2024 - TIFF 2024: Angelina Jolie, Pam Anderson, J. Lo top headlines as nostalgia dominates red carpet08:16 | September 9, 2024 - Team Canada ends Paris 2024 Paralympics in style01:55 | September 8, 2024 - Air Canada strike looms: What are your rights in an airline work stoppage?01:46 | 2 hours ago - Trudeau says ‘millions of Canadians’ counting on Air Canada negotiators as pilots on verge of strike00:19 | 4 hours ago - As Air Canada pilots strike looms, NDP says it will ‘never’ support back-to-work bill: Singh00:45 | 8 hours ago - Over half of Canadians don’t want an early election: Ipsos poll00:44 | September 11, 2024 - ‘She inspired us’: How Manitoba is remembering Grand Chief Cathy Merrick02:04 | September 11, 2024 - Ottawa’s stolen Winston Churchill portrait recovered in Italy, charges laid02:05 | September 11, 2024 - Trudeau says he ‘can’t wait’ to get into it with Poilievre for parliament’s return02:15 | September 11, 2024 - Stolen Winston Churchill portrait found in Italy, Ottawa police say01:34 | September 11, 2024 - “Priceless”: Mystery of Ottawa’s stolen Winston Churchill portrait has been solved01:29 | September 11, 2024 - ‘Running out of homes’: Poilievre says Conservatives would cap population growth02:23 | September 11, 2024 - Poilievre urges ‘fair deal’ for Air Canada pilots ahead of possible strike00:53 | September 11, 2024 - Digital last: Some Finnish students ditch tech, go back to books01:45 | September 10, 2024 - Nova Scotia moms call for more disclosure around youth mental health01:57 | September 10, 2024 - NDP faces challenges after pulling support for Trudeau, Liberals01:48 | September 10, 2024 - ‘We need solutions’: Mark Carney hopes to reverse Liberals’ fortunes01:55 | September 10, 2024 - How did ISIS suspect gain entry to Canada?01:53 | September 10, 2024 - Air Canada bargaining parties should ‘knuckle down and get a deal’: MacKinnon00:57 | September 10, 2024 - Process underway to impose tariffs on more Chinese imports such as batteries, semiconductors: Freeland00:35 | September 10, 2024 - NDP MP calls Trudeau ‘radioactive’ ahead of caucus retreat00:43 | September 10, 2024 - Business Matters: Canada complains of ‘unfair’ U.S. softwood lumber duties02:22 | September 10, 2024 - PWHL reveals names, logos for all 6 franchises02:15 | September 9, 2024 - ‘He was everything’: Gaudreau brothers tearfully mourned at funeral01:59 | September 9, 2024 - How will Air Canada passengers be affected by a potential strike?01:55 | September 9, 2024 - Conservative MPs call for public safety probe after terror arrest00:45 | September 9, 2024 - Mark Carney joins Liberals as special advisor to Trudeau02:09 | September 9, 2024 - Matthew Gaudreau’s wife Madeline reflects on late husband’s love: ‘Born to be a dad’05:38 | September 9, 2024 - Johnny Gaudreau’s wife Meredith announces 3rd pregnancy during emotional eulogy: ‘A blessing’02:11 | September 9, 2024 - Alberta men get 6.5-year prison sentences for Coutts border protest00:38 | September 9, 2024 - Canada-wide warrant issued for woman wanted in Toronto murder00:29 | September 9, 2024 - TIFF 2024: Angelina Jolie, Pam Anderson, J. Lo top headlines as nostalgia dominates red carpet08:16 | September 9, 2024 - Team Canada ends Paris 2024 Paralympics in style01:55 | September 8, 2024 Air Canada strike looms: What are your rights in an airline work stoppage? National News - Air Canada strike looms: What are your rights in an airline work stoppage?1:465 hours ago - ‘Not a random incident’: Suspect still at large in Lloydminister triple homicide2:427 hours ago - Research sheds light on mpox vaccine effectiveness in real world outbreak1:447 hours ago - Pluto TV, Amazon Echo Spot are affordable afterschool fun for students1:047 hours ago - Trudeau says ‘millions of Canadians’ counting on Air Canada negotiators as pilots on verge of strike0:198 hours ago - Will Ferrell opens up about his emotional road trip in “Will & Harper” at TIFF1:388 hours ago - Hurricane Francine: Storm downgraded after causing extensive damage, flooding in Louisiana1:519 hours ago - Does creatine cause hair loss? Find out!4:089 hours ago - Ryan Sampson and Danny Dyer discuss the dynamics of fragile masculinity5:209 hours ago - Discover your inner psychic with Char Margolis7:279 hours ago Top News - CCTV footage shows Jon Bon Jovi talking woman out of jumping off Nashville bridge1:2911 hours ago - Russia-Ukraine: U.S.’ Blinken, U.K.’s Lammy visit Kyiv1:591 day ago - Some families left in limbo after China ends practice of foreign adoptions3:392 days ago - ‘Justice has been done’: Man who set Ugandan Olympian on fire dies from his own burns1:292 days ago - ISIS suspect came to Canada on student visa in June 2023, minister says3:332 days ago - Israel-Hamas: Gaza school year begins with all schools closed2:033 days ago - Apple unveils the iPhone 16 with new AI features4:583 days ago - ‘What a relief’: Kate Middleton announces she’s completed chemotherapy3:023 days ago - ‘I have nothing left’: Typhoon Yagi pummels Vietnam, leaves at least 64 dead2:153 days ago - Hurricanes are on the decline in 2024 despite rapid climate change, here’s why2:295 days ago Sponsored Content Trending - How Harris, Trump’s debate could impact U.S. 2024 election3:251 day ago - Crew cleans up dirty diapers in B.C.’s Lake Country woods1:081 day ago - ‘Not a random incident’: Suspect still at large in Lloydminister triple homicide2:427 hours ago - Cougar that killed Alberta family’s cat returns to house hours later: ‘It was terrifying’1:4210 hours ago - Freeland criticizes use of public funds for ‘Russians at War’ doc screening at TIFF1:332 days ago - As Air Canada pilots strike looms, NDP says it will ‘never’ support back-to-work bill: Singh0:4512 hours ago - Viral Olympian Raygun ranked world’s #1 breakdancer after bombing at Paris 20240:362 days ago - Ajax resident becomes 2nd Canadian woman in a row to win Survivor1:5428 months ago - Air Canada strike looms: What are your rights in an airline work stoppage?1:465 hours ago - Harris, Trump clash over immigration, war and abortion in fiery debate2:582 days ago Canada - Air Canada strike looms: What are your rights in an airline work stoppage?1:465 hours ago - Air Canada pilots prepare for possible strike1:5311 hours ago - Former Air Canada executive on looming pilot strike5:2411 hours ago - ‘She inspired us’: How Manitoba is remembering Grand Chief Cathy Merrick2:041 day ago - Investigation launched into Kelowna ‘party house’ rentals2:141 day ago - Family and community honours slain Tim Hortons worker in Edmonton1:491 day ago - August hailstorm in Calgary second-costliest event in Canadian history2:321 day ago - ‘Running out of homes’: Poilievre says Conservatives would cap population growth2:231 day ago - How did ISIS suspect gain entry to Canada?1:532 days ago - Murder trial for man accused of setting fire to his wife in Toronto begins2:082 days ago U.S. News - Hurricane Francine: Storm downgraded after causing extensive damage, flooding in Louisiana1:519 hours ago - CCTV footage shows Jon Bon Jovi talking woman out of jumping off Nashville bridge1:2911 hours ago - How Harris, Trump’s debate could impact U.S. 2024 election3:251 day ago - Joseph Couch manhunt: Kentucky police pledge to find shooting suspect ‘dead or alive’1:072 days ago - James Earl Jones, iconic voice of Darth Vader and Mufasa, dies at 931:553 days ago - Afghanistan withdrawal was ‘catastrophic failure of epic proportions’: U.S. Foreign Affairs chair4:193 days ago - Air travel incidents involving lithium ion batteries on the rise, new data shows1:333 days ago - Georgia school shooting: Gunman’s mother reportedly called school to warn of ’emergency’1:513 days ago - Kendrick Lamar to headline 2025 Super Bowl Halftime Show0:343 days ago - Boeing’s Starliner has made its return to Earth — without its astronauts0:305 days ago World - Pope Francis leads Singapore Mass as Asia tour ends: ‘What humanity can achieve’3:085 hours ago - SpaceX Polaris Dawn crew embark on historic private spacewalk2:1513 hours ago - Ottawa’s stolen Winston Churchill portrait recovered in Italy, charges laid2:051 day ago - Russia-Ukraine: U.S.’ Blinken, U.K.’s Lammy visit Kyiv1:591 day ago - Stolen Winston Churchill portrait found in Italy, Ottawa police say1:341 day ago - Digital last: Some Finnish students ditch tech, go back to books1:452 days ago - Viral Olympian Raygun ranked world’s #1 breakdancer after bombing at Paris 20240:362 days ago - ‘Justice has been done’: Man who set Ugandan Olympian on fire dies from his own burns1:292 days ago - ‘Justice has been done’: Man who set Ugandan Olympian on fire dies from his own burns1:292 days ago - Ukraine strikes Moscow in biggest drone attack to date3:392 days ago Politics - U.S. election 2024: Harris seen as debate winner, widens lead over Trump in polls1:524 hours ago - Students from both Muslim and Jewish communities say they feel unsafe at University of Toronto2:175 hours ago - BC NDP leader David Eby says his party could end provincial ‘consumer carbon tax’0:335 hours ago - CAQ MNA Youri Chassin quits party to sit as Independent2:085 hours ago - Quebec tables new bill to regulate tipping2:245 hours ago - Immigration minister criticizes New Brunswick premier’s claims about asylum seekers1:436 hours ago - Mayor of small New Brunswick community steps down1:576 hours ago - Official candidate list finalized for Halifax municipal election2:086 hours ago - Trudeau says ‘millions of Canadians’ counting on Air Canada negotiators as pilots on verge of strike0:198 hours ago - As Air Canada pilots strike looms, NDP says it will ‘never’ support back-to-work bill: Singh0:4512 hours ago Health and Wellness - Health Matters: Single mpox vaccine 58% effective, study says2:2511 hours ago - Health Matters: Advances in arthritis research4:1611 hours ago - B.C. family doctors launch awareness campaign ahead of provincial election1:511 day ago - Alberta government expands mental health supports in 9 classrooms1:531 day ago - Health Matters: Australia plans to set minimum age limit for using social media2:012 days ago - For Canadians with disabilities, getting a medical diagnosis can be ‘privileged position’2:312 days ago - Health authority considering virtual doctors to supplement ERs1:313 days ago - Advocates concerned as data shows a child dies every 3 days under Ontario’s care network3:073 days ago - ‘What a relief’: Kate Middleton announces she’s completed chemotherapy3:023 days ago - Health Matters: Respite care for Alzheimer’s and dementia4:283 days ago Investigative News - What is happening to Canada’s retail landscape?4:522 weeks ago - What led to the downfall of BC United?4:282 weeks ago - Breaking down the challenges for stranded Boeing astronauts6:032 weeks ago - Canada’s railway labour disruption could be sign of more unrest to come2:032 weeks ago - Excessive fluoride consumption linked to lower IQ in children: report2:293 weeks ago - Ontario man stumbles upon ‘mind-boggling’ North Korean state TV broadcasts2:103 weeks ago - Randy Boissonnault potentially in violation of ethics laws3:083 weeks ago - Manitoba to investigate after family receives and buries the body of wrong person1:444 weeks ago News Bloopers - Edmonton, B.C. morning show hosts settle NHL playoff bet3:054 months ago - Global’s Anthony Farnell performs in The Nutcracker1:149 months ago - ‘You can’t make this stuff up:’ Loud clap of thunder interrupts live TV segment at pivotal moment0:2411 months ago - Global Calgary weather anchor startled by surprise guest appearance0:2115 months ago - Fun times? Global News personalities help clear snow in search of ‘fun’ story2:0022 months ago - Global National anchor Farah Nasser swallows fly on-air0:1724 months ago - ‘Buzzworthy moment’: Colin D’Mello recaps Doug Ford accidentally swallowing a bee1:5725 months ago - ‘Did you just call me daddy?’: Morning show hosts can’t hold back laughter after on-air mixup1:1425 months ago - B.C. dad hoping to see his cloud photo on TV get his wish following viral TikTok campaign2:1129 months ago - Bloopers: Phil Darlington slips, slides and falls in these Our Winter City outtakes1:3823 months ago",
    "highlightText": "",
    "highlightTitle": "",
    "highlightThreadTitle": "",
    "language": "english",
    "sentiment": "negative",
    "categories": [
        "Labor",
        "Social Issue"
    ],
    "ai_allow": true,
    "webz_reporter": false,
    "external_links": [],
    "external_images": [],
    "entities": {
        "persons": [
            {
                "name": "trudeau",
                "sentiment": "none"
            }
        ],
        "organizations": [
            {
                "name": "ndp",
                "sentiment": "none"
            }
        ],
        "locations": []
    },
    "syndication": {
        "syndicated": false,
        "syndicate_id": null
    },
    "rating": null,
    "crawled": "2024-09-13T03:39:48.179+03:00",
    "updated": "2024-09-13T03:39:48.179+03:00"
}