{
    "thread": {
        "uuid": "d0b2db2c5addb8d879acec36e1ef62a146d9b0c0",
        "url": "https://www.lemonde.fr/en/international/article/2024/09/13/boeing-workers-overwhelmingly-vote-to-strike-reject-contract_6725900_4.html",
        "site_full": "www.lemonde.fr",
        "site": "lemonde.fr",
        "site_section": "https://www.lemonde.fr/en",
        "site_categories": [
            "travel",
            "france",
            "top_news"
        ],
        "section_title": "Le Monde in English – World news, culture and opinion",
        "title": "Boeing workers overwhelmingly vote to strike",
        "title_full": "Boeing workers overwhelmingly vote to strike",
        "published": "2024-09-13T11:14:00.000+03:00",
        "replies_count": 0,
        "participants_count": 1,
        "site_type": "news",
        "country": "FR",
        "main_image": "https://img.lemde.fr/2024/09/12/101/0/6146/4097/1440/960/60/0/70ebe6f_cbad0676be8f47059942df8f7f931c53-0-8bf7fb5faf7048fea94c1e6f7c023da1.jpg",
        "performance_score": 0,
        "domain_rank": 549,
        "domain_rank_updated": "2024-09-03T00:00:00.000+03:00",
        "reach": null,
        "social": {
            "facebook": {
                "likes": 0,
                "comments": 0,
                "shares": 0
            },
            "vk": {
                "shares": 0
            }
        }
    },
    "uuid": "d0b2db2c5addb8d879acec36e1ef62a146d9b0c0",
    "url": "https://www.lemonde.fr/en/international/article/2024/09/13/boeing-workers-overwhelmingly-vote-to-strike-reject-contract_6725900_4.html",
    "ord_in_thread": 0,
    "parent_url": null,
    "author": "Le Monde with AFP",
    "published": "2024-09-13T11:14:00.000+03:00",
    "title": "Boeing workers overwhelmingly vote to strike",
    "text": "Thousands of Boeing factory workers in the United States overwhelmingly voted on Thursday, September 12, to strike, spurning a contract that the embattled aviation giant characterized as a boon for manufacturing staff given the company's stressed financial condition. Hourly workers in the Seattle region rejected the contract with a vote of 94.6% and to strike with 96%, said Jon Holden, president of the International Association of Machinists and Aerospace Workers District 751. \"Our members spoke loud and clear tonight,\" said Holden, who represents about 33,000 workers in the Pacific Northwest. \"We strike at midnight.\" A strike will shutter two major plane assembly plants in the Puget Sound region and sideline some 33,000 workers. Thursday's vote marks a decisive rejection of a deal that line workers said was far less generous than depicted by Boeing executives, marking the latest show of defiance by unions following earlier strikes in the auto, entertainment and other industries. Boeing said that despite the outcome, it was ready to resume negotiations. \"We remain committed to resetting our relationship with our employees and the union, and we are ready to get back to the table to reach a new agreement,\" a statement said. [Boeing under scrutiny from US aviation watchdog](https://www.lemonde.fr/en/economy/article/2024/06/04/boeing-under-scrutiny-from-us-aviation-watchdog_6673686_19.html) Led by new CEO [Kelly Ortberg](https://www.lemonde.fr/en/economy/article/2024/08/09/boeing-welcomes-new-ceo-in-wake-of-space-capsule-ordeal_6711592_19.html), Boeing had hoped a 25% wage hike over four years and a commitment to invest in the Puget Sound region would avert a costly strike as the company struggles to right the ship. Ortberg argued in a message to staff that the general wage hike marked the largest in history and that a strike \"would put our shared recovery in jeopardy, further eroding trust with our customers and hurting our ability to determine our future together.\" But rank-and-file workers reacted with fury to the agreement, which was initially backed by IAM leadership. 'Hollow' commitments Workers had sought a 40% wage hike and critics have said the 25% figure is inflated because the new deal also eliminates an annual company bonus. Other points of contention include the deal's failure to restore a pension, as well as a Boeing pledge to build its next plane in the Seattle region, which critics view as a \"hollow\" commitment because it offers no promises beyond the four-year contract. Some workers also expressed anger about Dennis Muilenburg and Dave Calhoun, two former CEOs who received multi-million dollar compensation even as the company faced turmoil upon their departure. [Boeing hastens the departure of its CEO](https://www.lemonde.fr/en/economy/article/2024/07/31/boeing-hastens-the-departure-of-its-ceo_6706501_19.html) The IAM has a history of striking, with the most recent stoppage in 2008 lasting 57 days. Holden has said he initially backed the deal as the best that could be achieved without striking. [Reuse this content](https://www.lemonde.fr/en/syndication/)",
    "highlightText": "",
    "highlightTitle": "",
    "highlightThreadTitle": "",
    "language": "english",
    "sentiment": "negative",
    "categories": [
        "Labor"
    ],
    "ai_allow": false,
    "webz_reporter": false,
    "external_links": [],
    "external_images": [],
    "entities": {
        "persons": [
            {
                "name": "jon holden",
                "sentiment": "none"
            }
        ],
        "organizations": [
            {
                "name": "boeing",
                "sentiment": "neutral"
            }
        ],
        "locations": []
    },
    "syndication": {
        "syndicated": false,
        "syndicate_id": null
    },
    "rating": null,
    "crawled": "2024-09-13T13:48:38.470+03:00",
    "updated": "2024-09-13T13:48:38.470+03:00"
}