{
    "thread": {
        "uuid": "155a9519714454fb084ac3c8d715d3468f889bfd",
        "url": "https://www.zazoom.it/2024-09-13/i-lavoratori-dellazienda-statunitense-boeing-entrano-in-sciopero/15366909",
        "site_full": "www.zazoom.it",
        "site": "zazoom.it",
        "site_section": "https://www.zazoom.it",
        "site_categories": [
            "media",
            "television",
            "entertainment"
        ],
        "section_title": "Zazoom Social News - Ultime News",
        "title": "I lavoratori dellâ€™azienda statunitense Boeing entrano in sciopero",
        "title_full": "I lavoratori dellâ€™azienda statunitense Boeing entrano in sciopero",
        "published": "2024-09-13T03:00:00.000+03:00",
        "replies_count": 0,
        "participants_count": 1,
        "site_type": "news",
        "country": "IT",
        "main_image": "https://media.internazionale.it/images/2024/09/13/245503-sd.jpeg",
        "performance_score": 0,
        "domain_rank": 183748,
        "domain_rank_updated": "2024-09-03T00:00:00.000+03:00",
        "reach": null,
        "social": {
            "facebook": {
                "likes": 0,
                "comments": 0,
                "shares": 0
            },
            "vk": {
                "shares": 0
            }
        }
    },
    "uuid": "155a9519714454fb084ac3c8d715d3468f889bfd",
    "url": "https://www.zazoom.it/2024-09-13/i-lavoratori-dellazienda-statunitense-boeing-entrano-in-sciopero/15366909",
    "ord_in_thread": 0,
    "parent_url": null,
    "author": "@zazoomblog",
    "published": "2024-09-13T03:00:00.000+03:00",
    "title": "I lavoratori dellâ€™azienda statunitense Boeing entrano in sciopero",
    "text": "Fonte : internazionale di 13 set 2024 I lavoratori dellâ€™azienda statunitense Boeing entrano in sciopero I lavoratori dellâ€™azienda statunitense Boeing entrano in sciopero (Di venerdÃ¬ 13 settembre 2024) I lavoratori della Boeing della regione di Seattle, negli Stati Uniti, hanno votato a stragrande maggioranza a favore di uno sciopero a partire dal 13 settembre, rifiutando il nuovo contratto proposto dallâ€™azienda aeronautica. Leggi Leggi tutta la notizia su internazionale Notizie su altre fonti Boeing, lavoratori in sciopero. Respinto aumento salariale del 25% - Gli operai della costa occidentale degli Stati Uniti di boeing , colosso statunitense che produce velivoli sia per utilizzo civile che ... teleborsa Boeing verso lo sciopero, rigettato lâ€™accordo sindacale - Il 96% dei lavoratori dellâ€™area di Seattle ha votato contro la proposta che prevedeva il 25% di aumenti e la promessa di costruire un nuovo aereo ... ilsole24ore Nuovo colpo per la Boeing, scatta un maxi-sciopero contro il rinnovo del contratto - Il colosso dei cieli in difficoltÃ registra un nuovo potenziale problema per le sue casse. Cestinata la proposta di aumenti del 25%: â€œSi guadagna di piÃ¹ ... repubblica Video di Tendenza Video lavoratori dellâ€™azienda Video lavoratori dellâ€™azienda © Articolo pubblicato secondo le condizioni dell' Autore. Seguici in Rete Facebook Tik Tok Twitter Instagram You Tube Iscriviti",
    "highlightText": "",
    "highlightTitle": "",
    "highlightThreadTitle": "",
    "language": "italian",
    "sentiment": "negative",
    "categories": [
        "Labor",
        "Crime, Law and Justice",
        "Social Issue"
    ],
    "ai_allow": true,
    "webz_reporter": false,
    "external_links": [
        "https://www.youtube.com/embed/1SPPkcEUEXM",
        "https://www.youtube.com/channel/UCJs0ZT10hUiPRD0UZtUpI1Q",
        "https://www.internazionale.it/ultime-notizie/2024/09/13/usa-sciopero-lavoratori-boeing",
        "https://www.facebook.com/ZazoomBlog",
        "https://twitter.com/zazoomblog",
        "https://www.instagram.com/zazoomnews/",
        "https://www.repubblica.it/economia/finanza/2024/09/13/news/nuovo_colpo_per_la_boeing_scatta_un_maxi-sciopero_contro_il_rinnovo_del_contratto-423494531/",
        "https://www.tiktok.com/@zazoomtechandgames?lang=it-IT",
        "https://www.ilsole24ore.com/art/boeing-lo-sciopero-rigettato-l-accordo-sindacale-AFvDxlsD",
        "https://www.teleborsa.it/News/2024/09/13/boeing-lavoratori-in-sciopero-respinto-aumento-salariale-del-25percent-25.html",
        "https://www.youtube.com/embed/1SPPkcEUEXM?autoplay=1",
        "https://www.youtube.com/embed/1SPPkcEUEXM&autoplay=1",
        "https://instagram.com/zazoomnews/",
        "https://youtube.com/embed/1SPPkcEUEXM?autoplay=1",
        "https://www.instagram.com/zazoomnews",
        "https://tiktok.com/@zazoomtechandgames?lang=it-IT",
        "https://teleborsa.it/News/2024/09/13/boeing-lavoratori-in-sciopero-respinto-aumento-salariale-del-25percent-25.html",
        "https://www.tiktok.com/@zazoomtechandgames",
        "https://internazionale.it/ultime-notizie/2024/09/13/usa-sciopero-lavoratori-boeing",
        "https://youtube.com/embed/1SPPkcEUEXM&autoplay=1",
        "https://repubblica.it/economia/finanza/2024/09/13/news/nuovo_colpo_per_la_boeing_scatta_un_maxi-sciopero_contro_il_rinnovo_del_contratto-423494531/",
        "https://youtube.com/channel/UCJs0ZT10hUiPRD0UZtUpI1Q",
        "https://www.repubblica.it/economia/finanza/2024/09/13/news/nuovo_colpo_per_la_boeing_scatta_un_maxi-sciopero_contro_il_rinnovo_del_contratto-423494531",
        "https://youtube.com/embed/1SPPkcEUEXM",
        "https://www.youtube.com/embed/1SPPkcEUEXM",
        "https://ilsole24ore.com/art/boeing-lo-sciopero-rigettato-l-accordo-sindacale-AFvDxlsD",
        "https://facebook.com/ZazoomBlog",
        "https://www.twitter.com/zazoomblog"
    ],
    "external_images": [],
    "entities": {
        "persons": [],
        "organizations": [],
        "locations": []
    },
    "syndication": null,
    "rating": null,
    "crawled": "2024-09-13T12:19:13.571+03:00",
    "updated": "2024-09-13T12:19:13.571+03:00"
}