{
    "thread": {
        "uuid": "fc18da1c84113e35ced1d0ba41e142439c19cbf5",
        "url": "https://www.martinique.franceantilles.fr/actualite/economie/etats-unis-les-salaries-de-boeing-votent-massivement-pour-la-greve-la-direction-veut-negocier-1003043.php",
        "site_full": "www.martinique.franceantilles.fr",
        "site": "franceantilles.fr",
        "site_section": "https://martinique.franceantilles.fr/actualite/international/rss.xml",
        "site_categories": [
            "social"
        ],
        "section_title": "France-Antilles Martinique - International",
        "title": "Etats-Unis: les salariés de Boeing votent massivement pour la grève, la direction veut négocier",
        "title_full": "Etats-Unis: les salariés de Boeing votent massivement pour la grève, la direction veut négocier",
        "published": "2024-09-13T11:20:00.000+03:00",
        "replies_count": 0,
        "participants_count": 0,
        "site_type": "news",
        "country": "MQ",
        "main_image": "https://medias.franceantilles.fr/api/v1/images/view/66e40acc6e133c15685b5ec7/width_1000/image.jpg",
        "performance_score": 0,
        "domain_rank": 119001,
        "domain_rank_updated": "2024-09-03T00:00:00.000+03:00",
        "reach": null,
        "social": {
            "facebook": {
                "likes": 0,
                "comments": 0,
                "shares": 0
            },
            "vk": {
                "shares": 0
            }
        }
    },
    "uuid": "fc18da1c84113e35ced1d0ba41e142439c19cbf5",
    "url": "https://www.martinique.franceantilles.fr/actualite/economie/etats-unis-les-salaries-de-boeing-votent-massivement-pour-la-greve-la-direction-veut-negocier-1003043.php",
    "ord_in_thread": 0,
    "parent_url": null,
    "author": null,
    "published": "2024-09-13T11:20:00.000+03:00",
    "title": "Etats-Unis: les salariés de Boeing votent massivement pour la grève, la direction veut négocier",
    "text": "Etats-Unis: les salariés de Boeing votent massivement pour la grève, la direction veut négocier\nLes salariés de Boeing de la région de Seattle, aux Etats-Unis, ont voté à une très large majorité en faveur d'une grève dès vendredi, rejetant la nouvelle convention proposée par l'avionneur américain en difficulté qui s'est dit \"engagé\" dans la poursuite des négociations.\nLes travailleurs ont rejeté la convention à 94,6% et voté jeudi soir la grève à 96%, a précisé Jon Holden, président du syndicat des machinistes IAM-District 751. \"Nous ferons grève à minuit\", soit à 07H00 GMT vendredi, a-t-il ajouté.\n\"Nos membres se sont exprimés haut et fort ce soir\", a affirmé M. Holden, dont le syndicat qui représente environ 33.000 travailleurs dans la région Nord-Ouest Pacifique, avait initialement soutenu l'accord. M. Holden avait auparavant déclaré ne pas pouvoir \"garantir que nous obtiendrons davantage en faisant grève\".\nLa grève entraînera la fermeture de deux grandes usines d'assemblage d'avions dans la région de Puget Sound - les deux tiers des votes étaient nécessaires pour lancer un arrêt de travail dès l'expiration jeudi à minuit de la convention actuelle, vieille de 16 ans.\nElle va paralyser la production du 737, du 777 et du 767 cargo, dont les livraisons cumulent déjà les retards. Une situation d'autant plus problématique que l'avionneur encaisse la plus grosse partie du paiement (environ 60%) à la remise des avions.\nEn dépit du vote massif en faveur de la grève, le groupe Boeing a déclaré dans un communiqué être \"engagé\" dans la négociation.\n\"Nous restons déterminés à rétablir nos relations avec nos employés et le syndicat, et nous sommes prêts à retourner à la table des négociations pour parvenir à un nouvel accord\", a affirmé l'avionneur.\nSelon les analystes de TD Cowen, une grève de 50 jours priverait Boeing de 3 à 3,5 milliards de dollars de liquidités et aurait un impact de 5,5 milliards sur le chiffre d'affaires.\nLe vote de jeudi marque un rejet décisif d'un accord qui, selon les travailleurs, était bien moins généreux que ne l'affirmaient les dirigeants de Boeing.\nCette nouvelle convention, qui concerne les adhérents de l'IAM dans la région de Seattle (nord-ouest), prévoyait une hausse salariale de 25% sur quatre ans ainsi qu'un engagement d'investissements dans la région.\nEt aussi la construction du prochain avion - annoncé pour 2035 - dans le berceau historique de l'avionneur qui devait assurer des emplois pour plusieurs décennies.\nDernière grève en 2008\nBoeing espérait que ces concessions suffiraient à esquiver une grève, alors que sa situation financière est précaire depuis le crash de deux 737 MAX 8 en 2018 et en 2019, ayant coûté la vie à 346 personnes, et une multitude de problèmes de qualité de la production.\n\"Ce n'est un secret pour personne: notre activité traverse une période difficile, en partie à cause de nos propres erreurs du passé. (...) Une grève mettrait en péril notre reprise commune\", avait prévenu mercredi soir Kelly Ortberg, qui a succédé le 8 août à Dave Calhoun au poste de directeur général de l'avionneur américain.\nIl avait exhorté les employés à ne pas \"sacrifier\" les progrès futurs en raison de \"frustrations liées au passé\".\nMais les mécontents jugent la hausse salariale trop éloignée des demandes du syndicat (+40% initialement) et le volet sur les retraites insatisfaisant.\nUne semaine après sa prise de fonction, M. Ortberg s'était engagé à \"réinitialiser\" la relation avec l'IAM. Mais à la lecture de l'accord, de nombreux syndiqués ont réagi négativement et plaidé pour un arrêt de travail.\n\"On nous a bradés\", a lancé jeudi à l'AFP Kamie Bryan, employée chez Boeing depuis 18 ans, après avoir voté contre l'accord et pour la grève. \"Nous ne devrions pas prendre ces quelques sous qu'ils nous donnent et être reconnaissants\", a-t-elle relevé, insistant sur l'ampleur des \"revenus du patron\".\n\"Ils parlent d'une augmentation de 25%, mais ce n'est pas le cas\", a déclaré Paul Janousek, un électricien d'Everett qui a voté en faveur de la grève après avoir estimé que la présentation de Boeing était \"trompeuse\".\nSelon M. Janousek, 55 ans, employé chez Boeing depuis 13 ans, son augmentation ne serait en réalité que d'environ 9%, compte tenu de la suppression de la prime annuelle.\nLes télévisions ont montré des rassemblements quotidiens d'ouvriers protestant dans les usines contre des mesures salariales qu'ils estiment inadéquates face à l'inflation.\nAprès des grèves dans les secteurs de l'automobile, du divertissement et d'autres secteurs d'activité, les syndicats engagent ainsi un nouveau bras de fer.\nLe règlement de l'IAM prévoit que les grévistes reçoivent 250 dollars par semaine à partir de la troisième semaine d'arrêt de travail.\nBoeing fait l'objet d'une supervision accrue depuis un incident en vol début janvier sur un 737 MAX 9 d'Alaska Airlines. Survenu après une série de problèmes de conformité et de contrôle qualité, il a ravivé les questions soulevées sur ces mêmes lacunes après les deux crashes.\nLa dernière grève chez l'avionneur américain remonte à 2008 et avait duré 57 jours.\njmb/phs/ref/cpy",
    "highlightText": "",
    "highlightTitle": "",
    "highlightThreadTitle": "",
    "language": "french",
    "sentiment": "negative",
    "categories": [
        "Labor",
        "Politics",
        "Social Issue"
    ],
    "ai_allow": true,
    "webz_reporter": false,
    "external_links": [],
    "external_images": [],
    "entities": {
        "persons": [],
        "organizations": [],
        "locations": []
    },
    "syndication": null,
    "rating": null,
    "crawled": "2024-09-13T13:31:36.244+03:00",
    "updated": "2024-09-13T13:31:36.244+03:00"
}