{
    "thread": {
        "uuid": "f046a5760d3e49d295a67699785cae12d662a1ac",
        "url": "https://www.latestnigeriannews.com/p/3741682/im-tired-of-taking-salary-for-doing-nothing-singer-ibraheem-labaeka-says-as-he-r.html",
        "site_full": "www.latestnigeriannews.com",
        "site": "latestnigeriannews.com",
        "site_section": "https://www.latestnigeriannews.com/feed/rss.xml",
        "site_categories": [
            "media"
        ],
        "section_title": "Latest Nigerian News Headlines",
        "title": "Im Tired Of Taking Salary For Doing Nothing - Singer Ibraheem Labaeka Says As He Resigns As Special Assistant To Kwara Governor",
        "title_full": "Im Tired Of Taking Salary For Doing Nothing - Singer Ibraheem Labaeka Says As He Resigns As Special Assistant To Kwara Governor",
        "published": "2024-09-13T11:44:00.000+03:00",
        "replies_count": 0,
        "participants_count": 1,
        "site_type": "news",
        "country": "US",
        "main_image": "",
        "performance_score": 0,
        "domain_rank": 58883,
        "domain_rank_updated": "2024-09-03T00:00:00.000+03:00",
        "reach": null,
        "social": {
            "facebook": {
                "likes": 0,
                "comments": 0,
                "shares": 0
            },
            "vk": {
                "shares": 0
            }
        }
    },
    "uuid": "f046a5760d3e49d295a67699785cae12d662a1ac",
    "url": "https://www.latestnigeriannews.com/p/3741682/im-tired-of-taking-salary-for-doing-nothing-singer-ibraheem-labaeka-says-as-he-r.html",
    "ord_in_thread": 0,
    "parent_url": null,
    "author": "Latestnigeriannews",
    "published": "2024-09-13T11:44:00.000+03:00",
    "title": "Im Tired Of Taking Salary For Doing Nothing - Singer Ibraheem Labaeka Says As He Resigns As Special Assistant To Kwara Governor",
    "text": "12-year-old boy dies in balcony fall on Royal Caribbean cruise ship. What we know - Yahoo 20-year-old New York woman arrested in Wisconsin for allegedly stealing mail - https://www.latestnigeriannews.com/news/3741074/20yearold-new-york-woman-arrested-in-wisconsin-for-allegedly-stealing-mail.html 3 people killed, 2 injured in crash on I-70 in West Virginia, roadway shut down 'indefinitely - https://www.latestnigeriannews.com/news/3741222/3-people-killed-2-injured-in-crash-on-i70-in-west-virginia-roadway-shut-down-ind.html Abducted Babcock University Nurse Regains Freedom - New Telegraph Abiodun Condoles With Zulum Over Flood - https://www.latestnigeriannews.com/news/3741591/abiodun-condoles-with-zulum-over-flood.html Adeleke Mourns As Osun Monarch, Aromolaran, Joins Ancestors - https://www.latestnigeriannews.com/news/3741349/adeleke-mourns-as-osun-monarch-aromolaran-joins-ancestors.html Alaska Airlines plane aborts takeoff to avoid collision with Southwest jet - https://www.latestnigeriannews.com/news/3740544/alaska-airlines-plane-aborts-takeoff-to-avoid-collision-with-southwest-jet.html Alexandria Ocasio-Cortez Unveiled A Surprise Skill When A Hill Staffer Was In Trouble - https://www.latestnigeriannews.com/news/3741335/alexandria-ocasiocortez-unveiled-a-surprise-skill-when-a-hill-staffer-was-in-tro.html Alleged Contempt: ICPC Chairman Defends Commission In Court - https://www.latestnigeriannews.com/news/3741354/alleged-contempt-icpc-chairman-defends-commission-in-court.html 2024 NFL Week 2: Top Takeaways for Every Game - Bleacher Report Abuja Set for NOC/Sports For All Solidarity Fitness training Seminar - The Sun Bankole: Spires 5-Aside Street Soccer Aimed to Create New Standard - Thisday Basketball fans commend JTigress exploits in S/Africa - Daily Trust Bengals' Tee Higgins: I Don't Get Why Fans Would Think I'm Faking Hamstring Injury - https://www.latestnigeriannews.com/news/3740566/bengals-tee-higgins-i-dont-get-why-fans-would-think-im-faking-hamstring-injury.html Bentancur charged by FA over son racial slur - Blueprint Bills' James Cook Thrills Fantasy Football Fans with 3 TDs in 1st Half vs. Dolphins - https://www.latestnigeriannews.com/news/3740579/bills-james-cook-thrills-fantasy-football-fans-with-3-tds-in-1st-half-vs-dolphin.html Brazil need Neymar to win 2026 World Cup Rodrygo - https://www.latestnigeriannews.com/news/3741095/brazil-need-neymar-to-win-2026-world-cup-rodrygo.html CAFs Symposium Unites Rohr, Peseiro and Eguavoen in Abidjan - https://www.latestnigeriannews.com/news/3740852/cafs-symposium-unites-rohr-peseiro-and-eguavoen-in-abidjan.html",
    "highlightText": "",
    "highlightTitle": "",
    "highlightThreadTitle": "",
    "language": "english",
    "sentiment": "negative",
    "categories": [
        "Labor",
        "Economy, Business and Finance"
    ],
    "ai_allow": true,
    "webz_reporter": false,
    "external_links": [
        "https://newtelegraphng.com/abiodun-condoles-with-zulum-over-flood/?utm_source=rss&utm_medium=rss&utm_campaign=abiodun-condoles-with-zulum-over-flood",
        "https://www.thisdaylive.com/index.php/2024/09/13/cafs-symposium-unites-rohr-peseiro-and-eguavoen-in-abidjan/",
        "https://www.yahoo.com/news/12-old-boy-dies-balcony-162311965.html",
        "https://bleacherreport.com/articles/10135182-bengals-tee-higgins-i-dont-get-why-fans-would-think-im-faking-hamstring-injury",
        "https://www.thisdaylive.com/index.php/2024/09/12/bankole-spires-5-aside-street-soccer-aimed-to-create-new-standard/",
        "https://thesun.ng/abuja-set-for-noc-sports-for-all-solidarity-fitness-training-seminar/",
        "https://www.yahoo.com/news/alaska-airlines-plane-aborts-takeoff-185815081.html",
        "https://blueprint.ng/brazil-need-neymar-to-win-2026-world-cup-rodrygo/",
        "https://dailytrust.com/basketball-fans-commend-jtigress-exploits-in-s-africa/",
        "https://www.yahoo.com/news/alexandria-ocasio-cortez-unveiled-surprise-161305976.html",
        "https://bleacherreport.com/articles/10135131-2024-nfl-week-2-top-takeaways-for-every-game",
        "https://bleacherreport.com/articles/10135201-bills-james-cook-thrills-fantasy-football-fans-with-3-tds-in-1st-half-vs-dolphins",
        "https://www.yahoo.com/news/20-old-york-woman-arrested-011942793.html",
        "https://newtelegraphng.com/adeleke-mourns-as-osun-monarch-aromolaran-joins-ancestors/?utm_source=rss&utm_medium=rss&utm_campaign=adeleke-mourns-as-osun-monarch-aromolaran-joins-ancestors",
        "https://blueprint.ng/bentancur-charged-by-fa-over-son-racial-slur/",
        "https://newtelegraphng.com/abducted-babcock-university-nurse-regains-freedom/?utm_source=rss&utm_medium=rss&utm_campaign=abducted-babcock-university-nurse-regains-freedom",
        "https://www.yahoo.com/news/multiple-fatalities-reported-crash-70-025709318.html",
        "https://newtelegraphng.com/alleged-contempt-icpc-chairman-defends-commission-in-court/?utm_source=rss&utm_medium=rss&utm_campaign=alleged-contempt-icpc-chairman-defends-commission-in-court",
        "https://www.newtelegraphng.com/abducted-babcock-university-nurse-regains-freedom/?utm_source=rss&utm_medium=rss&utm_campaign=abducted-babcock-university-nurse-regains-freedom",
        "https://www.thisdaylive.com/index.php/2024/09/12/bankole-spires-5-aside-street-soccer-aimed-to-create-new-standard",
        "https://www.newtelegraphng.com/alleged-contempt-icpc-chairman-defends-commission-in-court/?utm_source=rss&utm_medium=rss&utm_campaign=alleged-contempt-icpc-chairman-defends-commission-in-court",
        "https://www.thisdaylive.com/index.php/2024/09/13/cafs-symposium-unites-rohr-peseiro-and-eguavoen-in-abidjan",
        "https://yahoo.com/news/multiple-fatalities-reported-crash-70-025709318.html",
        "https://yahoo.com/news/alexandria-ocasio-cortez-unveiled-surprise-161305976.html",
        "https://www.bleacherreport.com/articles/10135182-bengals-tee-higgins-i-dont-get-why-fans-would-think-im-faking-hamstring-injury",
        "https://thisdaylive.com/index.php/2024/09/13/cafs-symposium-unites-rohr-peseiro-and-eguavoen-in-abidjan/",
        "https://www.newtelegraphng.com/adeleke-mourns-as-osun-monarch-aromolaran-joins-ancestors/?utm_source=rss&utm_medium=rss&utm_campaign=adeleke-mourns-as-osun-monarch-aromolaran-joins-ancestors",
        "https://yahoo.com/news/20-old-york-woman-arrested-011942793.html",
        "https://www.blueprint.ng/brazil-need-neymar-to-win-2026-world-cup-rodrygo/",
        "https://newtelegraphng.com/adeleke-mourns-as-osun-monarch-aromolaran-joins-ancestors/",
        "https://www.newtelegraphng.com/abiodun-condoles-with-zulum-over-flood/?utm_source=rss&utm_medium=rss&utm_campaign=abiodun-condoles-with-zulum-over-flood",
        "https://yahoo.com/news/alaska-airlines-plane-aborts-takeoff-185815081.html",
        "https://www.bleacherreport.com/articles/10135131-2024-nfl-week-2-top-takeaways-for-every-game",
        "https://yahoo.com/news/12-old-boy-dies-balcony-162311965.html",
        "https://blueprint.ng/brazil-need-neymar-to-win-2026-world-cup-rodrygo",
        "https://newtelegraphng.com/abiodun-condoles-with-zulum-over-flood/",
        "https://newtelegraphng.com/alleged-contempt-icpc-chairman-defends-commission-in-court/",
        "https://www.blueprint.ng/bentancur-charged-by-fa-over-son-racial-slur/",
        "https://thisdaylive.com/index.php/2024/09/12/bankole-spires-5-aside-street-soccer-aimed-to-create-new-standard/",
        "https://newtelegraphng.com/abducted-babcock-university-nurse-regains-freedom/",
        "https://www.dailytrust.com/basketball-fans-commend-jtigress-exploits-in-s-africa/",
        "https://dailytrust.com/basketball-fans-commend-jtigress-exploits-in-s-africa",
        "https://www.thesun.ng/abuja-set-for-noc-sports-for-all-solidarity-fitness-training-seminar/",
        "https://blueprint.ng/bentancur-charged-by-fa-over-son-racial-slur",
        "https://www.bleacherreport.com/articles/10135201-bills-james-cook-thrills-fantasy-football-fans-with-3-tds-in-1st-half-vs-dolphins",
        "https://thesun.ng/abuja-set-for-noc-sports-for-all-solidarity-fitness-training-seminar"
    ],
    "external_images": [],
    "entities": {
        "persons": [],
        "organizations": [],
        "locations": []
    },
    "syndication": {
        "syndicated": false,
        "syndicate_id": null
    },
    "rating": null,
    "crawled": "2024-09-13T12:04:18.540+03:00",
    "updated": "2024-09-13T12:04:18.540+03:00"
}