{
    "thread": {
        "uuid": "3346dcc9ab29643274a56fd2980eb8fe4ba63993",
        "url": "https://www.ilrestodelcarlino.it/ancona/cronaca/beko-e-cartiere-cresce-la-preoccupazione-grande-adesione-allo-sciopero-a-melano-b715fdb5",
        "site_full": "www.ilrestodelcarlino.it",
        "site": "ilrestodelcarlino.it",
        "site_section": "https://www.ilrestodelcarlino.it:443/rss",
        "site_categories": [
            "media",
            "top_news"
        ],
        "section_title": "Tutte le notizie di  oggi - Carlino",
        "title": "Beko e cartiere, cresce la preoccupazione. Grande adesione allo sciopero a Melano",
        "title_full": "Beko e cartiere, cresce la preoccupazione. Grande adesione allo sciopero a Melano",
        "published": "2024-09-13T06:48:00.000+03:00",
        "replies_count": 0,
        "participants_count": 1,
        "site_type": "news",
        "country": "IT",
        "main_image": "https://www.ilrestodelcarlino.it/image-service/view/acePublic/alias/contentid/MDZhYjc3MWYtZjJmMi00/0/beko-e-cartiere-cresce-la-preoccupazione-grande-adesione-allo-sciopero-a-melano.jpeg?f=16:9&amp;w=1200&amp;h=630",
        "performance_score": 0,
        "domain_rank": 16876,
        "domain_rank_updated": "2024-09-03T00:00:00.000+03:00",
        "reach": null,
        "social": {
            "facebook": {
                "likes": 0,
                "comments": 0,
                "shares": 0
            },
            "vk": {
                "shares": 0
            }
        }
    },
    "uuid": "3346dcc9ab29643274a56fd2980eb8fe4ba63993",
    "url": "https://www.ilrestodelcarlino.it/ancona/cronaca/beko-e-cartiere-cresce-la-preoccupazione-grande-adesione-allo-sciopero-a-melano-b715fdb5",
    "ord_in_thread": 0,
    "parent_url": null,
    "author": "Il Resto del Carlino",
    "published": "2024-09-13T06:48:00.000+03:00",
    "title": "Beko e cartiere, cresce la preoccupazione. Grande adesione allo sciopero a Melano",
    "text": "Intanto il sindaco Ghergo è pronto a chiedere un incontro ai sindacati alla presenza anche di Fedrigoni.\nBeko con i possibili esuberi in vista e cartiere con il tentativo di cessione dell’area Marche del gruppo Fedrigoni: crescono le preoccupazioni tra i lavoratori. Ieri è andato in scena, con una buona adesione, lo sciopero di due ore per ogni turno nello stabilimento di Melano ex Whirlpool e nella sede impiegatizia, dopo la notizia annunciata nei giorni scorsi della chiusura di due stabilimenti in Polonia con inevitabili ricadute anche sul territorio marchigiano. Uno sciopero unitario che nel pomeriggio aveva registrato un’adesione all’90% e ha avuto un buon riscontro: \"In assenza di risposte proseguiremo con la mobilitazione \" dicono Fim, Fiom e Uilm. \"Ancora nessuna convocazione – sottolinea per la Fiom Pierpaolo Pullini - è arrivata dal Governo che si era impegnato alla ripresa del confronto con Beko entro settembre, così come alla convocazione di un tavolo di settore, indispensabile in una fase in cui la contrazione generale dei volumi rischia di determinare una crisi fatale all’intero comparto degli elettrodomestici. Noi non siamo disponibili ad aspettare supinamente un disastro annunciato e per questa ragione abbiamo proclamato per la giornata di oggi (ieri, ndr) due ore di sciopero in tutti gli stabilimenti del gruppo\".\nLa sindaca Daniela Ghergo ha chiesto un tavolo alla Regione e un intervento del Ministero, tenendo al contempo aperta un’interlocuzione coi sindacati. Anche sulle cartiere (i sindacati che sono andati in questi giorni in pressing spiegando di aver chiesto da tempo un confronto alla giunta) il primo cittadino assicura la massima attenzione: \"Stiamo individuando la data, domani (oggi, ndr) partirà la convocazione dei sindacati che incontreremo assieme ai vertici dell’azienda\". \"Fedrigoni – evidenziano dall’Ugl - starebbe valutando la dismissione delle attività dove la differenza è data dal prezzo e non dalla qualità della carta, per esempio i fogli per le fotocopiatrici. Si tratta di un settore che dalla pandemia ad oggi ha dato tanti risultati positivi, con marginalità minori ad altri settori ma non in perdita, un’attività che andrebbe mantenuta e sviluppata nell’ interesse dei lavoratori e della nostra comunità in una logica non della semplice speculazione. Attualmente Fedrigoni sarebbe intenzionata con la dismissione a mandare a casa 200 lavoratori solo perché il loro guadagno è minore delle loro aspettative\". Sara Ferreri\nWhatsApp\nFacebook\nX\nPrint\n© Riproduzione riservata",
    "highlightText": "",
    "highlightTitle": "",
    "highlightThreadTitle": "",
    "language": "italian",
    "sentiment": "negative",
    "categories": [
        "Labor",
        "Social Issue",
        "Politics"
    ],
    "ai_allow": true,
    "webz_reporter": false,
    "external_links": [
        "https://web.whatsapp.com/send?text=Beko%20e%20cartiere,%20cresce%20la%20preoccupazione.%20Grande%20adesione%20allo%20sciopero%20a%20Melano%20https://www.ilrestodelcarlino.it/ancona/cronaca/beko-e-cartiere-cresce-la-preoccupazione-grande-adesione-allo-sciopero-a-melano-b715fdb5",
        "https://www.facebook.com/sharer/sharer.php?u=https://www.ilrestodelcarlino.it/ancona/cronaca/beko-e-cartiere-cresce-la-preoccupazione-grande-adesione-allo-sciopero-a-melano-b715fdb5&t=Beko%20e%20cartiere,%20cresce%20la%20preoccupazione.%20Grande%20adesione%20allo%20sciopero%20a%20Melano",
        "https://x.com/share?url=https://www.ilrestodelcarlino.it/ancona/cronaca/beko-e-cartiere-cresce-la-preoccupazione-grande-adesione-allo-sciopero-a-melano-b715fdb5&text=Beko%20e%20cartiere,%20cresce%20la%20preoccupazione.%20Grande%20adesione%20allo%20sciopero%20a%20Melano",
        "https://x.com/share",
        "https://facebook.com/sharer/sharer.php?u=https://ilrestodelcarlino.it/ancona/cronaca/beko-e-cartiere-cresce-la-preoccupazione-grande-adesione-allo-sciopero-a-melano-b715fdb5&t=Beko%20e%20cartiere,%20cresce%20la%20preoccupazione.%20Grande%20adesione%20allo%20sciopero%20a%20Melano",
        "https://x.com/share?url=https://ilrestodelcarlino.it/ancona/cronaca/beko-e-cartiere-cresce-la-preoccupazione-grande-adesione-allo-sciopero-a-melano-b715fdb5&text=Beko%20e%20cartiere,%20cresce%20la%20preoccupazione.%20Grande%20adesione%20allo%20sciopero%20a%20Melano",
        "https://web.whatsapp.com/send?text=Beko%20e%20cartiere,%20cresce%20la%20preoccupazione.%20Grande%20adesione%20allo%20sciopero%20a%20Melano%20https://ilrestodelcarlino.it/ancona/cronaca/beko-e-cartiere-cresce-la-preoccupazione-grande-adesione-allo-sciopero-a-melano-b715fdb5",
        "https://web.whatsapp.com/send",
        "https://www.facebook.com/sharer/sharer.php"
    ],
    "external_images": [],
    "entities": {
        "persons": [],
        "organizations": [],
        "locations": []
    },
    "syndication": null,
    "rating": null,
    "crawled": "2024-09-13T08:03:52.547+03:00",
    "updated": "2024-09-13T08:03:52.547+03:00"
}