{
    "thread": {
        "uuid": "467931a06ce53c5ebcae662ca218f3e12cbcc55c",
        "url": "https://eng.obozrevatel.com/section-news/news-never-make-a-sponge-cake-like-this-mistakes-that-cause-the-dough-to-fall-off-and-turn-out-to-be-clogged-30-01-2025.html",
        "site_full": "eng.obozrevatel.com",
        "site": "obozrevatel.com",
        "site_section": "https://eng.obozrevatel.com/api/media/out/rss/lastnews.xml",
        "site_categories": [
            "top_news_cz",
            "top_news_il",
            "top_news_ua",
            "top_news_pl",
            "top_news"
        ],
        "section_title": "The latest news of Ukraine and the World. Daily news on OBOZREVATEL",
        "title": "Never make a sponge cake like this: mistakes that cause the dough to fall off and turn out to be clogged",
        "title_full": "Never make a sponge cake like this: mistakes that cause the dough to fall off and turn out to be clogged",
        "published": "2025-01-30T17:20:00.000+02:00",
        "replies_count": 0,
        "participants_count": 1,
        "site_type": "news",
        "country": "UA",
        "main_image": "https://i2.obozrevatel.com/news/2025/1/28/piece-cake144627-46909.jpg?size=2010x1050",
        "performance_score": 0,
        "domain_rank": 8777,
        "domain_rank_updated": "2025-01-27T23:00:00.000+02:00",
        "social": {
            "facebook": {
                "likes": 0,
                "comments": 0,
                "shares": 0
            },
            "vk": {
                "shares": 0
            }
        }
    },
    "uuid": "467931a06ce53c5ebcae662ca218f3e12cbcc55c",
    "url": "https://eng.obozrevatel.com/section-news/news-never-make-a-sponge-cake-like-this-mistakes-that-cause-the-dough-to-fall-off-and-turn-out-to-be-clogged-30-01-2025.html",
    "ord_in_thread": 0,
    "parent_url": null,
    "author": "Kateryna Yagovych",
    "published": "2025-01-30T17:20:00.000+02:00",
    "title": "Never make a sponge cake like this: mistakes that cause the dough to fall off and turn out to be clogged",
    "text": "Never make a sponge cake like this: mistakes that cause the dough to fall off and turn out to be clogged\nSponge cake is one of the most popular bases for cakes and desserts, but making it can be a real challenge. Often, instead of fluffy and airy dough, housewives are faced with low, cracked, or undercooked cakes. The main reason is mistakes that can be avoided if you know the key rules. A successful sponge cake depends on the proper preparation of ingredients, temperature, and whipping technique.\nThe FoodOboz editorial team will tell you what mistakes you shouldn't make so that your sponge cake always turns out perfect. Just a few important nuances can completely change the texture and taste of a dessert.\nWrong number of eggs\nThe common belief that more eggs will make a better sponge cake is wrong. The optimal ratio for a fluffy dough is 4 eggs per 100 g of sugar and 100 g of flour. Increasing the number of eggs can make the sponge cake heavy and too dense.\nIncorrect egg whipping technique\nWhipping the egg whites and yolks separately not only complicates the process but can also make the sponge cake texture rubbery. It is more efficient to beat the eggs together: use a powerful mixer to achieve the desired consistency in 7-15 minutes, depending on the power of the device.\nIgnoring the temperature regime\nThe ideal baking temperature for a sponge cake is 185°C. It is important that the oven is well preheated before baking, and that the temperature is accurate with a kitchen thermometer. Household ovens often give inaccurate readings, which can affect the result.\nUnder- or over-mixing the dough\nMix the ingredients gently to preserve the air bubbles that form when the eggs are beaten. Over-mixing can destroy them, and under-mixing can leave lumps of flour.\nOpening the oven suddenly during baking\nA sudden change in temperature due to the opening of the oven door can cause the sponge cake to settle. Therefore, do not open the oven at all for the first 25 minutes of baking.\nHow to avoid mistakes\n- Use a kitchen scale to accurately measure the ingredients.\n- Beat the eggs properly: keep the mixer at a medium speed and monitor the consistency.\n- Check the oven with a thermometer to avoid temperature fluctuations.\n- Mix the ingredients carefully to avoid disturbing the texture of the dough.\n- Observe the baking time and avoid interfering with the process.",
    "highlightText": "",
    "highlightTitle": "",
    "highlightThreadTitle": "",
    "language": "english",
    "sentiment": "negative",
    "categories": [
        "Lifestyle and Leisure",
        "Human Interest",
        "Social Issue"
    ],
    "topics": [
        "Lifestyle and Leisure->house and home",
        "Lifestyle and Leisure->lifestyle"
    ],
    "ai_allow": true,
    "has_canonical": false,
    "breaking": false,
    "webz_reporter": false,
    "external_links": [],
    "external_images": [],
    "entities": {
        "persons": [],
        "organizations": [],
        "locations": []
    },
    "syndication": {
        "syndicated": false,
        "syndicate_id": null,
        "first_syndicated": false
    },
    "trust": null,
    "rating": null,
    "crawled": "2025-01-31T00:48:26.857+02:00",
    "updated": "2025-01-31T00:48:26.857+02:00"
}