{
    "thread": {
        "uuid": "351c4a87ec3d63252c0c4dd25bf90ac00f29045d",
        "url": "https://www.ntn24.com/noticias-entretenimiento/clara-chia-estaria-devastada-tras-decision-de-gerard-pique-de-mudarse-temporalmente-a-miami-536391",
        "site_full": "www.ntn24.com",
        "site": "ntn24.com",
        "site_section": "https://www.ntn24.com/noticias-entretenimiento",
        "site_categories": [
            "media",
            "top_news_co",
            "top_news_pe",
            "top_news_ve",
            "top_news"
        ],
        "section_title": "Noticias de Entretenimiento | NTN24",
        "title": "Clara Chía estaría \\",
        "title_full": "Clara Chía estaría \\",
        "published": "2025-01-30T17:19:00.000+02:00",
        "replies_count": 0,
        "participants_count": 1,
        "site_type": "news",
        "country": "CO",
        "main_image": "https://intn24.lalr.co/cms/2023/04/25192724/Clara-Chia-y-Gerard-Pique.jpg?w=1280",
        "performance_score": 0,
        "domain_rank": 54491,
        "domain_rank_updated": "2025-01-27T23:00:00.000+02:00",
        "social": {
            "facebook": {
                "likes": 0,
                "comments": 0,
                "shares": 0
            },
            "vk": {
                "shares": 0
            }
        }
    },
    "uuid": "351c4a87ec3d63252c0c4dd25bf90ac00f29045d",
    "url": "https://www.ntn24.com/noticias-entretenimiento/clara-chia-estaria-devastada-tras-decision-de-gerard-pique-de-mudarse-temporalmente-a-miami-536391",
    "ord_in_thread": 0,
    "parent_url": null,
    "author": "NTN24",
    "published": "2025-01-30T17:19:00.000+02:00",
    "title": "Clara Chía estaría \\",
    "text": "Miami\nClara Chía estaría \"devastada\" tras decisión de Gerard Piqué de mudarse temporalmente a Miami\nEl exfutbolista español Gerard Piqué se habría mudado a Miami luego de que su expareja Shakira diera a conocer que pasaría una temporada viviendo en México.\nDe acuerdo con varios medios españoles, el exjugador del Barcelona y fundador de las Kings y Queens League alquiló un apartamento \"por unos meses\" para vivir en la Florida.\nSegún Vanitatis, Piqué habría decidido partir hacia Miami para pasar más tiempo con sus hijos Milan y Sasha mientras Shakira se encuentra de gira promocional de su nuevo álbum.\nEl medio también indicó que Gerard Piqué se mudó a Miami sin Clara Chía, su actual pareja, lo que ha generado varios rumores sobre una posible separación, sin embargo, aún se desconoce la razón por la que no viajaron juntos.\nAl respecto, el paparazzi Jordi Martin reveló detalles de la relación entre Piqué y Chía y, sobre su estado emocional luego de que el exfutbolista decidiera mudarse a Miami.\n\"Ella llegó devastada a Cosmos, a la empresa donde trabajo. Si yo fuera Clara Chía, estaría preocupada\", dijo sobre Clara.\nDe acuerdo con Martin, la cantante colombiana pidió ayuda al padre de sus hijos. \"Se ha separado momentáneamente de Clara Chía por culpa indirectamente de Shakira. Shakira llama a Gerard Piqué y le dice: 'Gerard necesito que te vengas a Miami y te quedes al cuidado de los niños\", contó Martin.\nAdemás, dijo que Piqué estaría en Miami hasta abril, cuando Shakira regresaría de México. En mayo y junio regresaría a Miami para cuidar a los niños mientras Shakira hace su gira de conciertos por Estados Unidos.\n\"No se lo ha tomado nada bien. Dijo que esto no lo veía normal porque Piqué no le estaba dando su lugar y le había dado un ultimátum\", agregó sobre Chía.\nPese a que Shakira y Piqué siguen caminos separados desde su separación, ambos han dejado claro que su prioridad es el bienestar de sus hijos.\nhakira y Piqué anunciaron su separación en el mes de junio de 2022. \"Lamentamos confirmar que nos estamos separando. Por el bienestar de nuestros niños, que son nuestra máxima prioridad, pedimos respeto a la privacidad. Gracias por su comprensión\", dice el corto texto firmado \"Shakira y Gerard\" dado a conocer por la agencia de comunicación de la cantante.\nA la separación se le suma una presunta infidelidad por parte de Piqué con su actual pareja Clara Chía y una serie de canciones que ha lanzado la barranquillera tras su divorcio.\nTras su ruptura, la barranquillera ha lanzado varios éxitos como ‘Copa Vacía’, ‘Bzrp Music Sessions, Vol. 53’, ‘TQG’, ‘Acróstico’, ‘El Jefe’, ‘Te Felicito’, ‘Monotonía’, entre otros, en los que habla de sus sentimientos.\nEn sus canciones, Shakira también ha expuesto los detalles de la ruptura con su 'ex' y ha lanzado fuertes indirectas contra la actual novia del español, Clara Chía.",
    "highlightText": "",
    "highlightTitle": "",
    "highlightThreadTitle": "",
    "language": "spanish",
    "sentiment": "negative",
    "categories": [
        "Human Interest",
        "Lifestyle and Leisure",
        "Politics"
    ],
    "topics": [
        "Human Interest->celebrity",
        "Lifestyle and Leisure->travel and tourism",
        "Lifestyle and Leisure->lifestyle",
        "Politics->political candidates",
        "Politics->political process"
    ],
    "ai_allow": true,
    "has_canonical": false,
    "breaking": false,
    "webz_reporter": false,
    "external_links": [],
    "external_images": [],
    "entities": {
        "persons": [],
        "organizations": [],
        "locations": []
    },
    "syndication": {
        "syndicated": null,
        "syndicate_id": null,
        "first_syndicated": false
    },
    "trust": null,
    "rating": null,
    "crawled": "2025-01-31T01:48:06.357+02:00",
    "updated": "2025-01-31T01:48:06.357+02:00"
}