{
    "thread": {
        "uuid": "d548809cabb240121a454818a02c04b13f340d91",
        "url": "https://www.revistagq.com/articulo/si-tus-relaciones-no-funcionan-debes-dejar-de-creer-en-este-mito-ya",
        "site_full": "www.revistagq.com",
        "site": "revistagq.com",
        "site_section": "https://www.revistagq.com",
        "site_categories": [
            "fashion",
            "style_and_fashion"
        ],
        "section_title": "GQ España. Revista de tendencias, moda, actualidad y estilo de vida | GQ España",
        "title": "Si tus relaciones no funcionan debes dejar de creer en este mito ya",
        "title_full": "Si tus relaciones no funcionan debes dejar de creer en este mito ya",
        "published": "2025-01-30T14:55:00.000+02:00",
        "replies_count": 0,
        "participants_count": 1,
        "site_type": "news",
        "country": "ES",
        "main_image": "https://media.revistagq.com/photos/679b73cd295431570aa17f9d/16:9/w_1280,c_limit/relaciones.jpg",
        "performance_score": 0,
        "domain_rank": 21790,
        "domain_rank_updated": "2025-01-27T23:00:00.000+02:00",
        "social": {
            "facebook": {
                "likes": 0,
                "comments": 0,
                "shares": 0
            },
            "vk": {
                "shares": 0
            }
        }
    },
    "uuid": "d548809cabb240121a454818a02c04b13f340d91",
    "url": "https://www.revistagq.com/articulo/si-tus-relaciones-no-funcionan-debes-dejar-de-creer-en-este-mito-ya",
    "ord_in_thread": 0,
    "parent_url": null,
    "author": "Guillermina Carro",
    "published": "2025-01-30T14:55:00.000+02:00",
    "title": "Si tus relaciones no funcionan debes dejar de creer en este mito ya",
    "text": "Si eres de los que ha pasado por muchas relaciones y ninguna ha durado, seguro que te habrás preguntado por qué te resulta imposible encontrar una pareja estable con la que compartir el resto de tu vida.\nEs normal, a la mayoría le pasa, y pueden existir múltiples explicaciones para ello. Puede que no tengáis ciertas cosas en común (los valores, objetivos de vida, etc). Que no logres comunicarte bien con tus parejas, que no estés preparado aunque creas que sí… Pero hay otra respuesta que tal vez has pasado por alto.\n¿Has tenido siempre una idea preconcebida de cómo debe ser una historia de amor? Si es así, los expertos en relaciones Karin Sternberg y Robert J. Sternberg han encontrado cuál puede ser tu problema principal a la hora de tener parejas estables.\nY es que resulta que muchos imaginamos cómo debería ser una relación perfecta para nosotros, la persona ideal con la que convivir, etc. Se puede basar en experiencias pasadas, en lo que hemos visto en casa o en otras personas, y también en lo que hemos visto en televisión y leído en libros.\n¿El problema? Que muchos de esos ideales son mitos y por tanto resultan inalcanzables, o que lo que siempre has entendido por “perfecto” en la práctica no lo es, por lo que la “historia de amor” se transforma en “trampa de amor”.\nImagina por ejemplo que para ti una relación ideal es como la de tus padres, que siempre han hecho todo juntos, comparten las mismas aficiones, amigos, y a ellos eso les ha funcionado y han sido felices.\nAsí que tú buscas lo mismo, pero cuando lo encuentras te sientes agobiado porque en realidad prefieres algo más de independencia. Te encuentras con un problema porque no sabes qué falla si en realidad tienes lo que quieres, de ahí la “trampa”. Es por ello que necesitas analizar bien cuál es esa historia que has creado, qué es real y qué no, qué se ajusta a tus necesidades y qué no, qué cambios debes hacer… No es fácil ni rápido, pero te ayudará a encontrar a tu media naranja definitiva.",
    "highlightText": "",
    "highlightTitle": "",
    "highlightThreadTitle": "",
    "language": "spanish",
    "sentiment": "negative",
    "categories": [
        "Lifestyle and Leisure"
    ],
    "topics": [
        "Lifestyle and Leisure->mental wellbeing"
    ],
    "ai_allow": true,
    "has_canonical": false,
    "breaking": false,
    "webz_reporter": false,
    "external_links": [
        "https://www.psychologytoday.com/us/blog/successful-intelligence/202501/the-reason-your-relationships-keep-failing",
        "https://psychologytoday.com/us/blog/successful-intelligence/202501/the-reason-your-relationships-keep-failing"
    ],
    "external_images": [],
    "entities": {
        "persons": [],
        "organizations": [],
        "locations": []
    },
    "syndication": {
        "syndicated": null,
        "syndicate_id": null,
        "first_syndicated": false
    },
    "trust": null,
    "rating": null,
    "crawled": "2025-01-31T00:09:59.034+02:00",
    "updated": "2025-01-31T00:09:59.034+02:00"
}