{
    "thread": {
        "uuid": "1c9cf6673de0ab68ad2acb645aa5908993c49c21",
        "url": "https://people.com/bridesmaid-has-no-regrets-getting-engaged-at-another-womans-wedding-8783079",
        "site_full": "people.com",
        "site": "people.com",
        "site_section": "https://people.com/real-people",
        "site_categories": [
            "society",
            "media",
            "television",
            "entertainment",
            "top_news_se",
            "top_news_gb",
            "top_news_il",
            "top_news_dk",
            "top_news_pk",
            "top_news_kw",
            "top_news_my",
            "top_news_nz",
            "top_news_au",
            "top_news_sg",
            "top_news_za",
            "top_news_ph",
            "top_news_rs",
            "top_news_ca",
            "top_news_nl",
            "top_news_us",
            "top_news_ie",
            "top_news_pt",
            "top_news"
        ],
        "section_title": "Real People",
        "title": "Bridesmaid Has No Regrets Getting Engaged at Another Woman's Wedding",
        "title_full": "Bridesmaid Has No Regrets Getting Engaged at Another Woman's Wedding",
        "published": "2025-01-30T18:41:00.000+02:00",
        "replies_count": 0,
        "participants_count": 1,
        "site_type": "news",
        "country": "US",
        "main_image": "https://people.com/thmb/kM-sbC18hXMESnY5jFGiFfNQyyg=/1500x0/filters:no_upscale():max_bytes(150000):strip_icc():focal(764x560:766x562)/Groom-putting-ring-on-brides-finger-012025-db73acae4fa543b38d949bfdd6b03481.jpg",
        "performance_score": 0,
        "domain_rank": 668,
        "domain_rank_updated": "2025-01-27T23:00:00.000+02:00",
        "social": {
            "facebook": {
                "likes": 0,
                "comments": 0,
                "shares": 2
            },
            "vk": {
                "shares": 0
            }
        }
    },
    "uuid": "1c9cf6673de0ab68ad2acb645aa5908993c49c21",
    "url": "https://people.com/bridesmaid-has-no-regrets-getting-engaged-at-another-womans-wedding-8783079",
    "ord_in_thread": 0,
    "parent_url": null,
    "author": "Ashlyn Robinette",
    "published": "2025-01-30T18:41:00.000+02:00",
    "title": "Bridesmaid Has No Regrets Getting Engaged at Another Woman's Wedding",
    "text": "“Immediately, I go, 'Why would you do this on your sister’s wedding day? Why would you do this?' \" the bridesmaid asked her then-boyfriend after he proposed\nBy Ashlyn Robinette Ashlyn Robinette Ashlyn Robinette is a Weddings Writer at PEOPLE. She joined PEOPLE in 2024, and previously worked at Entertainment Tonight. People Editorial Guidelines Published on January 30, 2025 11:41AM EST 1 Comments Groom putting ring on bride's finger (stock image). Photo: Getty\nIt's controversial to get engaged at another couple's wedding. But one woman who did just that says she has no regrets.\nAt a wedding reception in Myrtle Beach last fall, bridesmaid Brittany Brink, 31, was suddenly forced to participate in the bouquet toss. Despite being in a relationship with the bride's brother, Brink was told to stand alongside the eagerly awaiting single women on the dance floor.\n“I’m like, really? I was almost annoyed. I’m already taken,\" Brink told Today . \"I don't need to come out for the bouquet toss.\"\nThe bride, Victoria \"Tori\" Krause, never intended on having a traditional bouquet toss. As seen in a Facebook video of the surprise moment , the crowd of women excitedly stretched their hands in the air as the master of ceremonies counted to three. But instead of throwing the flowers over her head into the crowd, Krause turned around and handed them to Brink.\nBrink’s boyfriend of eight years, Rich Ciallella, suddenly stepped onto the dance floor. As Ciallella got down on one knee with their 2-year-old son Carter on his lap and pulled out a ring, everyone began to clap and scream in excitement, with some shocked bridesmaids even covering their agape mouths.\nStock wedding image. Getty\nUpon realizing what was happening, Brink began “hysterically crying.”\n“Immediately, I go, 'Why would you do this on your sister’s wedding day? Why would you do this?' \" Brink questioned Ciallella.\nBrink's then-boyfriend revealed that his sister was actually \"the one who wanted this to happen and be so special.\"\nEarlier that year, Ciallella and Brink had gone ring shopping together, so the two were on the same page about getting married soon. But the groom-to-be didn't know how he was going to pop the question until his sister gave him the idea.\nThe siblings spent months brainstorming potential proposal plans. Then, the spring before her wedding, Krause saw a TikTok video of a wedding proposal. Thinking it was perfect, she persuaded her brother out of his original idea of proposing on Mother's Day into doing so at her wedding.\nNever miss a story — sign up for PEOPLE's free daily newsletter to stay up-to-date on the best of what PEOPLE has to offer, from celebrity news to compelling human interest stories.\n“I told her, ‘I didn’t want this,' \" Brink recalled telling Krause, who tearfully responded, \" 'I really wanted you to have this moment. I really wanted your aunt to be here for this proposal, because I know that you can’t have your parents here.' \"\nBrink’s parents died within two months of each other in 2022.\nHer soon-to-be mother-in-law says she's like a \"daughter\" to her.\nStock wedding image. Getty\n\" 'You always have been,' \" she told the bride-to-be at the wedding. \" 'I’m not your mom. I’m not trying to replace her, but I want to do anything I can to make this special for you.' \"\nBrink continued: “It was just so sweet. It was really our moment. Tori was just standing there dancing, just so happy that she was able to be a part of this whole thing and pull this off. It just meant so much to me.\"\nSome people online were unsupportive of Brink's engagement at her future sister-in-law's wedding. They argued that wedding proposals steal the spotlight from the newlyweds.\n\"I understand why people say it’s controversial,\" Brink told Today of the backlash. \"When I got engaged, I felt like, that’s the bride’s moment. But in my story, Tori was really behind this and wanted this for me.\"\nBrink, who is tying the knot in October, said that as long as the wedding proposal isn't a surprise to the couple getting married, it shouldn't be an issue.\n“If the bride’s okay with it, if everyone is okay with it, let them have their moment,\" she said.\nClose",
    "highlightText": "",
    "highlightTitle": "",
    "highlightThreadTitle": "",
    "language": "english",
    "sentiment": "negative",
    "categories": [
        "Human Interest",
        "Social Issue",
        "Lifestyle and Leisure"
    ],
    "topics": [
        "Human Interest->wedding",
        "Social Issue->social problem",
        "Social Issue->dating and relationships",
        "Lifestyle and Leisure->trend",
        "Lifestyle and Leisure->lifestyle"
    ],
    "ai_allow": true,
    "has_canonical": false,
    "breaking": false,
    "webz_reporter": false,
    "external_links": [
        "https://www.facebook.com/britt.brink.1/videos/1109577590596773/",
        "https://x.com/robinette_ash",
        "https://twitter.com/intent/tweet?url=https%3A%2F%2Fpeople.com%2Fbridesmaid-has-no-regrets-getting-engaged-at-another-womans-wedding-8783079%3Futm_source%3Dtwitter%26utm_medium%3Dsocial%26utm_campaign%3Dshareurlbuttons&via=people&text=Bridesmaid+Has+No+Regrets+Getting+Engaged+at+Another+Woman%E2%80%99s+Wedding%3A+%27It+Just+Meant+So+Much+to+Me%27",
        "https://www.today.com/life/relationships/getting-engaged-at-wedding-proposal-rcna189366",
        "https://www.facebook.com/sharer/sharer.php?u=https%3A%2F%2Fpeople.com%2Fbridesmaid-has-no-regrets-getting-engaged-at-another-womans-wedding-8783079%3Futm_source%3Dfacebook.com%26utm_medium%3Dsocial%26utm_campaign%3Dsocial-share-article",
        "https://www.instagram.com/ash.robinette/",
        "https://www.twitter.com/intent/tweet?url=https%3A%2F%2Fpeople.com%2Fbridesmaid-has-no-regrets-getting-engaged-at-another-womans-wedding-8783079%3Futm_source%3Dtwitter%26utm_medium%3Dsocial%26utm_campaign%3Dshareurlbuttons&via=people&text=Bridesmaid+Has+No+Regrets+Getting+Engaged+at+Another+Woman%E2%80%99s+Wedding%3A+%27It+Just+Meant+So+Much+to+Me%27",
        "https://instagram.com/ash.robinette/",
        "https://facebook.com/britt.brink.1/videos/1109577590596773/",
        "https://www.facebook.com/sharer/sharer.php",
        "https://www.instagram.com/ash.robinette",
        "https://www.x.com/robinette_ash",
        "https://www.facebook.com/britt.brink.1/videos/1109577590596773",
        "https://facebook.com/sharer/sharer.php?u=https%3A%2F%2Fpeople.com%2Fbridesmaid-has-no-regrets-getting-engaged-at-another-womans-wedding-8783079%3Futm_source%3Dfacebook.com%26utm_medium%3Dsocial%26utm_campaign%3Dsocial-share-article",
        "https://today.com/life/relationships/getting-engaged-at-wedding-proposal-rcna189366",
        "https://twitter.com/intent/tweet"
    ],
    "external_images": [],
    "entities": {
        "persons": [],
        "organizations": [],
        "locations": []
    },
    "syndication": {
        "syndicated": false,
        "syndicate_id": null,
        "first_syndicated": false
    },
    "trust": null,
    "rating": null,
    "crawled": "2025-01-31T00:13:39.829+02:00",
    "updated": "2025-01-31T00:13:39.829+02:00"
}