{
    "thread": {
        "uuid": "3e5d5dc9596085f477cc6a444e864226132ca168",
        "url": "https://www.westernmassnews.com/2025/01/30/dc-air-collision-leads-travel-delays-bradley-airport",
        "site_full": "www.westernmassnews.com",
        "site": "westernmassnews.com",
        "site_section": "https://news.google.com/search?q=at%20when%3a1h&hl=en-us&gl=us&ceid=us%3aen",
        "site_categories": [
            "under_construction"
        ],
        "section_title": "Google News - Search",
        "title": "D.C. air collision leads to travel delays at Bradley Airport",
        "title_full": "D.C. air collision leads to travel delays at Bradley Airport",
        "published": "2025-01-31T00:10:09.382+02:00",
        "replies_count": 0,
        "participants_count": 1,
        "site_type": "news",
        "country": "US",
        "main_image": "https://gray-wggb-prod.gtv-cdn.com/resizer/v2/UBY4BVGRTBER5LWAI7L6NXBLDA.jpg?auth=615ef9a4a2ac6a7f9cfb1c7633bebeb3a33e0bf72689b3e6f43947f99aa02b06&amp;width=1200&amp;height=600&amp;smart=true",
        "performance_score": 0,
        "domain_rank": 29338,
        "domain_rank_updated": "2025-01-27T23:00:00.000+02:00",
        "social": {
            "facebook": {
                "likes": 0,
                "comments": 0,
                "shares": 0
            },
            "vk": {
                "shares": 0
            }
        }
    },
    "uuid": "3e5d5dc9596085f477cc6a444e864226132ca168",
    "url": "https://www.westernmassnews.com/2025/01/30/dc-air-collision-leads-travel-delays-bradley-airport",
    "ord_in_thread": 0,
    "parent_url": null,
    "author": "@WMassNews",
    "published": "2025-01-31T00:10:09.382+02:00",
    "title": "D.C. air collision leads to travel delays at Bradley Airport",
    "text": "D.C. air collision leads to travel delays at Bradley Airport\nWINDSOR LOCKS, CT (WGGB/WSHM) - Flights have resumed at Reagan National Airport after a midair collision between an Army helicopter and an American Airlines flight from Kansas killed all 67 people aboard the two aircraft.\nOne air traveler, who returned to Bradley International Airport from Washington D.C. on Thursday, told us his flight arrived at Reagan National Airport Wednesday night, just minutes before hearing the news about the deadly crash. “It was just an eerie, eerie, silence…something that just hits you hard when you see it,” said Andy Skarzynski.\nSkarzynski arrived at Reagan National Airport on an American Airlines flight less than an hour before the crash. “Landed about [8:10], we were looking forward to a quick flight home and then we started getting word that flights were being cancelled and then, as I looked up, we saw the news being played across multiple TVs across the airport,” he added.\nHe explained what conditions were like inside Reagan National Airport shortly after the fatal accident. “As the commotion was happening, there was an odd silence and yet, an interesting amount of hustle and bustle of people trying to rapidly make changes for their transportation home,” Skarzynski explained.\nSkarzynski told us his flight back home to Connecticut was ultimately cancelled, which led him to drive back. The trip lasted over ten hours and he told us, despite being so close to tragedy, travelers inside Reagan National Airport Wednesday night showed up to help one another. “You could see the sadness in everyone’s faces and the concern everyone had and yet, within all of that, within the same time all of this is occurring, it was amazing to see people working together and communicating with each other…People who didn’t know each other saying ‘Do you need a ride here? Can I help you get home,’” Skarzynski said.\nCopyright 2025. Western Mass News (WGGB/WSHM). All rights reserved.",
    "highlightText": "",
    "highlightTitle": "",
    "highlightThreadTitle": "",
    "language": "english",
    "sentiment": "negative",
    "categories": [
        "Disaster and Accident",
        "Lifestyle and Leisure",
        "Human Interest"
    ],
    "topics": [
        "Disaster and Accident->transportation accident and incident",
        "Lifestyle and Leisure->travel and tourism"
    ],
    "ai_allow": true,
    "has_canonical": false,
    "breaking": false,
    "webz_reporter": false,
    "external_links": [],
    "external_images": [],
    "entities": {
        "persons": [],
        "organizations": [],
        "locations": []
    },
    "syndication": {
        "syndicated": false,
        "syndicate_id": null,
        "first_syndicated": false
    },
    "trust": null,
    "rating": null,
    "crawled": "2025-01-31T00:10:09.382+02:00",
    "updated": "2025-01-31T00:10:09.382+02:00"
}