{
    "thread": {
        "uuid": "4d35269c8acf3b69e8ab026c6b71d3275387a584",
        "url": "https://www.lanuovasardegna.it/regione/2025/01/30/news/il-casu-marzu-finisce-nel-museo-dei-cibi-piu-disgustosi-del-mondo-1.100654287",
        "site_full": "www.lanuovasardegna.it",
        "site": "lanuovasardegna.it",
        "site_section": "http://lanuovasardegna.gelocal.it",
        "site_categories": [
            "tech",
            "top_news_it",
            "top_news"
        ],
        "section_title": "La Nuova Sardegna",
        "title": "Casu marzu tra i cibi disgustosi del museo di Svezia - La Nuova Sardegna",
        "title_full": "Casu marzu tra i cibi disgustosi del museo di Svezia - La Nuova Sardegna",
        "published": "2025-01-30T02:00:00.000+02:00",
        "replies_count": 0,
        "participants_count": 1,
        "site_type": "news",
        "country": "IT",
        "main_image": "https://api-sites-prd.saegroup.abinsula.com/api/social/image/contentid/policy:1.100654286:1738267726/Progetto%20senza%20titolo%20-%202025-01-30T205808.144.jpg",
        "performance_score": 0,
        "domain_rank": 63437,
        "domain_rank_updated": "2025-01-27T23:00:00.000+02:00",
        "social": {
            "facebook": {
                "likes": 0,
                "comments": 0,
                "shares": 0
            },
            "vk": {
                "shares": 0
            }
        }
    },
    "uuid": "4d35269c8acf3b69e8ab026c6b71d3275387a584",
    "url": "https://www.lanuovasardegna.it/regione/2025/01/30/news/il-casu-marzu-finisce-nel-museo-dei-cibi-piu-disgustosi-del-mondo-1.100654287",
    "ord_in_thread": 0,
    "parent_url": null,
    "author": "di Federico Spano",
    "published": "2025-01-30T02:00:00.000+02:00",
    "title": "Casu marzu tra i cibi disgustosi del museo di Svezia - La Nuova Sardegna",
    "text": "In vetrina anche uno squalo fermentato e un vino con feci umane\",\"image\":\"https://api-sites-prd.saegroup.abinsula.com/api/social/image/contentid/policy:1.100654286:1738267726/Progetto%20senza%20titolo%20-%202025-01-30T205808.144.jpg\",\"author\":[{\"@type\":\"Person\",\"name\":\"di Federico Spano\"}],\"publisher\":{\"@type\":\"Organization\",\"name\":\"La Nuova Sardegna\",\"logo\":{\"@type\":\"ImageObject\",\"url\":\"https://www.lanuovasardegna.it/favicon/android-chrome-192x192.png\"}},\"datePublished\":\"2025-01-30T20:08:47Z\",\"dateModified\":\"2025-01-30T20:08:47Z\",\"isAccessibleForFree\":true} La Nuova Sardegna\nMENU\nCERCA SCEGLI L'EDIZIONE La curiosità Il casu marzu finisce nel museo dei cibi più disgustosi del mondo di Federico Spano In vetrina anche uno squalo fermentato e un vino con feci umane 30 gennaio 2025 21:08 2 MINUTI DI LETTURA\nSassari Il casu marzu, il celebre formaggio sardo noto per la presenza di larve vive, è finito tra le attrazioni del Disgusting Food Museum di Malmö, in Svezia, accanto ad altri alimenti ritenuti estremi dalla cultura occidentale. Tra questi, il Hàkarl islandese, ovvero lo squalo fermentato dall’odore pungente di ammoniaca, il Ttongsul coreano, un vino di riso fermentato con feci umane. Il museo, fondato per far riflettere sul relativismo alimentare, inserisce il casu marzu come rappresentante dell'Italia tra i cibi considerati “disgustosi”.\nNon è la prima volta che il casu marzu finisce sotto i riflettori internazionali. Già nel 2008 il Guinness dei Primati lo aveva definito “il formaggio più pericoloso del mondo”, sottolineando il rischio che le larve sopravvivano alla digestione e possano causare disturbi intestinali. Un’affermazione priva di solide basi scientifiche. Nel 2005, infatti, lo studioso canadese Massimo Marcone , docente presso la University of Guelph in Ontario, aveva analizzato campioni di casu marzu e condotto studi microbiologici, arrivando alla conclusione che il formaggio, se prodotto correttamente e consumato con moderazione, non presenta particolari rischi per la salute. La legge italiana vieta la vendita del formaggio con i vermi dal 1962, in quanto il prodotto rientra tra gli alimenti “infestati da parassiti”.\nTuttavia, la sua produzione non si è mai fermata, trovando un florido mercato clandestino. Nel 2004 un comitato di esperti aveva avviato le pratiche per ottenere il riconoscimento della Denominazione di Origine Protetta (DOP), con l’obiettivo di regolamentarne la produzione e renderlo legale. Tra le proposte c’era la creazione di un metodo di produzione in ambiente sterile, studiato dalla facoltà di Agraria dell’università di Sassari in collaborazione con la Facoltà di Veterinaria. L’idea era di controllare il ciclo biologico della Piophila Casei, la mosca casearia responsabile della fermentazione del formaggio, in modo da garantire standard igienici accettabili per la commercializzazione. Nonostante gli studi abbiano dimostrato la possibilità di un casu marzu “sicuro”, la certificazione DOP non è mai arrivata e il formaggio è rimasto ufficialmente fuorilegge. Il casu marzu non è un’eccezione nel panorama gastronomico.\nL’Italia vanta diverse varianti di formaggi con larve, radicate nelle tradizioni locali. Tra questi: il Saltarello, tipico di Udine, il Bross ch’a Marcia (Piemonte), il Robiola Nissa (Emilia-Romagna), il Marcetto (Abruzzo), il Casu Punt (Molise e Puglia), diffuso nelle campagne del Sud Italia, il Casu du Quagghiu (Calabria).\n{\"props\":{\"pageProps\":{\"authorization\":{\"auth\":true,\"count\":0,\"user\":\"anonymous\"},\"article\":{\"type\":\"Articolo\",\"meterLabel\":\"metered Sassari Il casu marzu, il celebre formaggio sardo noto per la presenza di larve vive, è finito tra le attrazioni del Disgusting Food Museum di Malmö, in Svezia, accanto ad altri alimenti ritenuti estremi dalla cultura occidentale. Tra questi, il Hàkarl islandese, ovvero lo squalo fermentato dall’odore pungente di ammoniaca, il Ttongsul coreano, un vino di riso fermentato con feci umane. Il museo, fondato per far riflettere sul relativismo alimentare, inserisce il casu marzu come rappresentante dell'Italia tra i cibi considerati “disgustosi”.\nNon è la prima volta che il casu marzu finisce sotto i riflettori internazionali. Già nel 2008 il Guinness dei Primati lo aveva definito “il formaggio più pericoloso del mondo”, sottolineando il rischio che le larve sopravvivano alla digestione e possano causare disturbi intestinali. Un’affermazione priva di solide basi scientifiche. Nel 2005, infatti, lo studioso canadese Massimo Marcone , docente presso la University of Guelph in Ontario, aveva analizzato campioni di casu marzu e condotto studi microbiologici, arrivando alla conclusione che il formaggio, se prodotto correttamente e consumato con moderazione, non presenta particolari rischi per la salute. La legge italiana vieta la vendita del formaggio con i vermi dal 1962, in quanto il prodotto rientra tra gli alimenti “infestati da parassiti”.\nTuttavia, la sua produzione non si è mai fermata, trovando un florido mercato clandestino. Nel 2004 un comitato di esperti aveva avviato le pratiche per ottenere il riconoscimento della Denominazione di Origine Protetta (DOP), con l’obiettivo di regolamentarne la produzione e renderlo legale. Tra le proposte c’era la creazione di un metodo di produzione in ambiente sterile, studiato dalla facoltà di Agraria dell’università di Sassari in collaborazione con la Facoltà di Veterinaria. L’idea era di controllare il ciclo biologico della Piophila Casei, la mosca casearia responsabile della fermentazione del formaggio, in modo da garantire standard igienici accettabili per la commercializzazione. Nonostante gli studi abbiano dimostrato la possibilità di un casu marzu “sicuro”, la certificazione DOP non è mai arrivata e il formaggio è rimasto ufficialmente fuorilegge. Il casu marzu non è un’eccezione nel panorama gastronomico.\nL’Italia vanta diverse varianti di formaggi con larve, radicate nelle tradizioni locali. Tra questi: il Saltarello, tipico di Udine, il Bross ch’a Marcia (Piemonte), il Robiola Nissa (Emilia-Romagna), il Marcetto (Abruzzo), il Casu Punt (Molise e Puglia), diffuso nelle campagne del Sud Italia, il Casu du Quagghiu (Calabria).",
    "highlightText": "",
    "highlightTitle": "",
    "highlightThreadTitle": "",
    "language": "italian",
    "sentiment": "negative",
    "categories": [
        "Social Issue",
        "Lifestyle and Leisure",
        "Social Issue"
    ],
    "topics": [
        "Lifestyle and Leisure->organic food",
        "Social Issue->social condition",
        "Social Issue->diversity, equity and inclusion"
    ],
    "ai_allow": true,
    "has_canonical": false,
    "breaking": false,
    "webz_reporter": false,
    "external_links": [
        "http://cdn.iubenda.com",
        "https://assets.evolutionadv.it/lanuovasardegna_it/lanuovasardegna_it_CLS.css",
        "https://api-sites-prd.saegroup.abinsula.com",
        "https://www.assets.evolutionadv.it/lanuovasardegna_it/lanuovasardegna_it_CLS.css",
        "https://www.api-sites-prd.saegroup.abinsula.com",
        "http://www.cdn.iubenda.com"
    ],
    "external_images": [],
    "entities": {
        "persons": [
            {
                "name": "Federico Spano",
                "sentiment": "none"
            }
        ],
        "organizations": [
            {
                "name": "Nuova Sardegna\nMENU",
                "sentiment": "none"
            },
            {
                "name": "Hàkarl islandese",
                "sentiment": "none"
            }
        ],
        "locations": [
            {
                "name": "Disgusting Food Museum",
                "sentiment": "none"
            },
            {
                "name": "Svezia",
                "sentiment": "none"
            },
            {
                "name": "Malmö",
                "sentiment": "none"
            }
        ]
    },
    "syndication": {
        "syndicated": null,
        "syndicate_id": null,
        "first_syndicated": false
    },
    "trust": null,
    "rating": null,
    "crawled": "2025-01-31T01:43:07.738+02:00",
    "updated": "2025-01-31T01:43:07.738+02:00"
}