{
    "thread": {
        "uuid": "d5bdb50f906730e6d2ff4662f40a6ce3d23207f1",
        "url": "https://patch.com/pennsylvania/pittsburgh/popular-pittsburgh-restaurant-shutting-its-doors-2",
        "site_full": "patch.com",
        "site": "patch.com",
        "site_section": "https://patch.com/pennsylvania/baldwin-whitehall",
        "site_categories": [
            "media",
            "top_news_us",
            "top_news"
        ],
        "section_title": "Baldwin-Whitehall News, Breaking News in Baldwin-Whitehall, PA",
        "title": "Popular Pittsburgh Restaurant Shutting Its Doors",
        "title_full": "Popular Pittsburgh Restaurant Shutting Its Doors",
        "published": "2025-01-30T16:58:00.000+02:00",
        "replies_count": 0,
        "participants_count": 1,
        "site_type": "news",
        "country": "US",
        "main_image": "https://patch.com/img/cdn20/users/22920172/20250130/095837/styles/patch_image/public/closed22___30095644826.jpg",
        "performance_score": 0,
        "domain_rank": 1014,
        "domain_rank_updated": "2025-01-27T23:00:00.000+02:00",
        "social": {
            "facebook": {
                "likes": 5,
                "comments": 0,
                "shares": 9
            },
            "vk": {
                "shares": 0
            }
        }
    },
    "uuid": "d5bdb50f906730e6d2ff4662f40a6ce3d23207f1",
    "url": "https://patch.com/pennsylvania/pittsburgh/popular-pittsburgh-restaurant-shutting-its-doors-2",
    "ord_in_thread": 0,
    "parent_url": null,
    "author": "Eric Heyl",
    "published": "2025-01-30T16:58:00.000+02:00",
    "title": "Popular Pittsburgh Restaurant Shutting Its Doors",
    "text": "Restaurants & Bars\nPopular Pittsburgh Restaurant Shutting Its Doors\nThe owner of a Pittsburgh restaurant is shuttering his eatery for family reasons.\nPITTSBURGH, PA — Bonfire is being extinguished.\nBonfire Food & Drink on the South Side will be closing in the coming weeks after owner and chef Chris Bonsili decided not to renew the restaurant's lease. Bonfire had occupied the East Carson Street space for the past six years.\n\"After the unexpected passing of my father this past year, I’ve spent the last several months reevaluating the time, energy, and schedule that being the chef/owner of an independent restaurant requires,\" Bonfili said in a Facebook post.\nFind out what's happening in Pittsburghfor free with the latest updates from Patch.\n\"Although my passion for the business still runs deep, my commitment and desire to live the chef life has waned. With my children in high school and middle school, I’m looking forward to focusing on my family and living more of the dad life for this next chapter.\"\nBonsili did not offer a specific closure date, saying \"We still have a little time before the fire goes out for good.\" The restaurant's hours will be changing in its final days; the revised hours will be posted on social media.\nFind out what's happening in Pittsburghfor free with the latest updates from Patch.\nGet more local news delivered straight to your inbox.\nSign up for free Patch newsletters and alerts.",
    "highlightText": "",
    "highlightTitle": "",
    "highlightThreadTitle": "",
    "language": "english",
    "sentiment": "negative",
    "categories": [
        "Economy, Business and Finance",
        "Human Interest",
        "Lifestyle and Leisure"
    ],
    "topics": [
        "Economy, Business and Finance->business governance",
        "Lifestyle and Leisure->house and home",
        "Lifestyle and Leisure->lifestyle"
    ],
    "ai_allow": true,
    "has_canonical": false,
    "breaking": false,
    "webz_reporter": false,
    "external_links": [],
    "external_images": [],
    "entities": {
        "persons": [],
        "organizations": [],
        "locations": []
    },
    "syndication": {
        "syndicated": false,
        "syndicate_id": null,
        "first_syndicated": false
    },
    "trust": null,
    "rating": null,
    "crawled": "2025-01-31T01:51:31.160+02:00",
    "updated": "2025-01-31T01:51:31.160+02:00"
}