{
    "thread": {
        "uuid": "56feade40068b2b5c781a37fedd168c016709a6f",
        "url": "https://video.gazzetta.it/video-marmoush-al-manchester-city-il-super-gol-al-st-pauli/131acfe6-3506-4ffc-b5f9-510c2f3afxlk",
        "site_full": "video.gazzetta.it",
        "site": "gazzetta.it",
        "site_section": "https://www.gazzetta.it/dynamic-feed/rss/section/Calcio/Estero.xml",
        "site_categories": [
            "world_soccer",
            "sports"
        ],
        "section_title": "Gazzetta.it",
        "title": "VIDEO Marmoush al Manchester City: il super gol al St Pauli",
        "title_full": "VIDEO Marmoush al Manchester City: il super gol al St Pauli",
        "published": "2025-01-16T21:41:00.000+02:00",
        "replies_count": 0,
        "participants_count": 1,
        "site_type": "news",
        "country": "IT",
        "main_image": "https://dimages2.gazzettaobjects.it/files/image_880_494/uploads/2025/01/16/67896e4b1e1f2.png",
        "performance_score": 0,
        "domain_rank": 4611,
        "domain_rank_updated": "2025-01-13T23:00:00.000+02:00",
        "social": {
            "facebook": {
                "likes": 0,
                "comments": 0,
                "shares": 0
            },
            "vk": {
                "shares": 0
            }
        }
    },
    "uuid": "56feade40068b2b5c781a37fedd168c016709a6f",
    "url": "https://video.gazzetta.it/video-marmoush-al-manchester-city-il-super-gol-al-st-pauli/131acfe6-3506-4ffc-b5f9-510c2f3afxlk",
    "ord_in_thread": 0,
    "parent_url": null,
    "author": "Gazzetta dello Sport",
    "published": "2025-01-16T21:41:00.000+02:00",
    "title": "VIDEO Marmoush al Manchester City: il super gol al St Pauli",
    "text": "VIDEO Marmoush al Manchester City: il super gol al St Pauli\nOmar Marmoush sarà presto un giocatore del Manchester City: l'attaccante egiziano costerà 80 milioni di euro. Gioca nell’Eintracht Francoforte, con cui, solo pochi giorni fa ha dato un saggio della sua tecnica segnando questo gol nella vittoria per 1-0 del suoi sul campo del St Pauli.",
    "highlightText": "",
    "highlightTitle": "",
    "highlightThreadTitle": "",
    "language": "italian",
    "sentiment": "positive",
    "categories": [
        "Sport",
        "Human Interest"
    ],
    "topics": [
        "Sport->soccer",
        "Human Interest->record and achievement"
    ],
    "ai_allow": true,
    "has_canonical": false,
    "breaking": null,
    "webz_reporter": false,
    "external_links": [],
    "external_images": [],
    "entities": {
        "persons": [
            {
                "name": "Pauli\nOmar Marmoush",
                "sentiment": "neutral"
            }
        ],
        "organizations": [
            {
                "name": "Manchester City",
                "sentiment": "negative"
            },
            {
                "name": "Eintracht Francoforte",
                "sentiment": "none"
            }
        ],
        "locations": []
    },
    "syndication": {
        "syndicated": null,
        "syndicate_id": null,
        "first_syndicated": false
    },
    "rating": null,
    "crawled": "2025-01-17T00:10:54.007+02:00",
    "updated": "2025-01-17T00:10:54.007+02:00"
}