{
    "thread": {
        "uuid": "95bd75b62dc5a04ed1951c923f149c9625e7583e",
        "url": "https://www.independent.ie/sport/soccer/tony-mowbray-in-line-for-emotional-return-as-west-brom-manager-after-bowel-cancer-all-clear/a1504043116.html",
        "site_full": "www.independent.ie",
        "site": "independent.ie",
        "site_section": "https://independent.ie/life/family/family-features",
        "site_categories": [
            "media",
            "rugby",
            "sports",
            "top_news_ie",
            "top_news"
        ],
        "section_title": "Family Features - The Irish Independent - Irish Independent",
        "title": "Tony Mowbray in line for emotional return as West Brom manager after bowel cancer all-clear",
        "title_full": "Tony Mowbray in line for emotional return as West Brom manager after bowel cancer all-clear",
        "published": "2025-01-16T22:38:00.000+02:00",
        "replies_count": 0,
        "participants_count": 1,
        "site_type": "news",
        "country": "IE",
        "main_image": "https://focus.independent.ie/thumbor/bRZNXNHRAiPPtrmYI4axayz1YG0=/0x2:1714x1144/629x0/prod-mh-ireland/325ea47a-fbe8-46fd-900f-e2d688fc3fb1/5533563e-0af4-4773-9c57-b89db29d7ae1/325ea47a-fbe8-46fd-900f-e2d688fc3fb1.jpg",
        "performance_score": 0,
        "domain_rank": 1686,
        "domain_rank_updated": "2025-01-13T23:00:00.000+02:00",
        "social": {
            "facebook": {
                "likes": 0,
                "comments": 0,
                "shares": 0
            },
            "vk": {
                "shares": 0
            }
        }
    },
    "uuid": "95bd75b62dc5a04ed1951c923f149c9625e7583e",
    "url": "https://www.independent.ie/sport/soccer/tony-mowbray-in-line-for-emotional-return-as-west-brom-manager-after-bowel-cancer-all-clear/a1504043116.html",
    "ord_in_thread": 0,
    "parent_url": null,
    "author": "John Percy",
    "published": "2025-01-16T22:38:00.000+02:00",
    "title": "Tony Mowbray in line for emotional return as West Brom manager after bowel cancer all-clear",
    "text": "Tony Mowbray in line for emotional return as West Brom manager after bowel cancer all-clear\nTony Mowbray is in line for an emotional return to West Bromwich Albion.\nMowbray has held detailed talks with the Albion hierarchy on Thursday and is now the frontrunner to take over at the Championship club, 15 and a half years after leaving The Hawthorns.\nWest Brom have moved for Mowbray after negotiations with Raphael Wicky broke down this week, with an appointment understood to be close.\nMowbray stepped down at Birmingham City in February last year for medical treatment but has received the all-clear from medical staff and the League Managers’ Association to make his return.\nHis return is certain to prove a popular decision with West Brom’s supporters, after three largely successful years in charge between 2006 and 2009.\nMowbray guided West Brom to the Championship title in 2008 and an FA Cup semi-final before leaving for Celtic.\nReflecting on his bowel cancer diagnosis last November, Mowbray said: “I do want to go back to work because football is in my blood, it’s what I do.\n“I still have issues, I’m still, at the moment not 100% ready for work, but somewhere down the line. My body’s telling me that I’m not ready yet.”\nWest Brom have been without a manager for over three weeks since the departure of Carlos Corberan to Valencia on Christmas Eve.\nWicky, the former Young Boys and Basel manager, was expected to be appointed this week but the move collapsed at the 11th hour over issues recruiting his own backroom staff.\nMowbray, 61, had also been spoken to by the West Brom hierarchy and was a serious contender, but the breakdown in negotiations with Wicky led to talks being revived.\nWest Brom face Stoke in the Championship this weekend, with the club currently seventh in the table and a point outside the top-six.\nSince Corberan’s exit last month, former midfielder Chris Brunt has been in interim charge.\nBrunt was signed by Mowbray from Sheffield Wednesday during his first spell in charge and is likely to remain on the backroom staff.",
    "highlightText": "",
    "highlightTitle": "",
    "highlightThreadTitle": "",
    "language": "english",
    "sentiment": "positive",
    "categories": [
        "Sport",
        "Human Interest"
    ],
    "topics": [
        "Sport->sports management and ownership",
        "Sport->soccer",
        "Human Interest->celebrity"
    ],
    "ai_allow": true,
    "has_canonical": true,
    "breaking": null,
    "webz_reporter": false,
    "external_links": [],
    "external_images": [],
    "entities": {
        "persons": [
            {
                "name": "Tony Mowbray",
                "sentiment": "negative"
            },
            {
                "name": "Raphael Wicky",
                "sentiment": "none"
            }
        ],
        "organizations": [],
        "locations": [
            {
                "name": "City",
                "sentiment": "none"
            }
        ]
    },
    "syndication": {
        "syndicated": false,
        "syndicate_id": null,
        "first_syndicated": false
    },
    "rating": null,
    "crawled": "2025-01-17T00:13:19.231+02:00",
    "updated": "2025-01-17T00:13:19.231+02:00"
}