{
    "thread": {
        "uuid": "025ffb54f1c921ca0676f829de77bf90d0c8e634",
        "url": "https://goblueraiders.com/news/2025/1/16/general-blue-raider-pet-club-returns-for-2025.aspx",
        "site_full": "goblueraiders.com",
        "site": "goblueraiders.com",
        "site_section": "https://www.golf.einnews.com/live_feed",
        "site_categories": [
            "under_construction"
        ],
        "section_title": "Live Feed Wire - Golf News Today - EIN Presswire",
        "title": "Blue Raider Pet Club returns for 2025 - Middle Tennessee State University Athletics",
        "title_full": "Blue Raider Pet Club returns for 2025 - Middle Tennessee State University Athletics",
        "published": "2025-01-16T21:20:00.000+02:00",
        "replies_count": 0,
        "participants_count": 1,
        "site_type": "news",
        "country": "US",
        "main_image": "https://goblueraiders.com/images/2025/1/16/PetClub2025_web.jpg?preset=large.socialmediaimage",
        "performance_score": 0,
        "domain_rank": 119396,
        "domain_rank_updated": "2025-01-13T23:00:00.000+02:00",
        "social": {
            "facebook": {
                "likes": 0,
                "comments": 0,
                "shares": 0
            },
            "vk": {
                "shares": 0
            }
        }
    },
    "uuid": "025ffb54f1c921ca0676f829de77bf90d0c8e634",
    "url": "https://goblueraiders.com/news/2025/1/16/general-blue-raider-pet-club-returns-for-2025.aspx",
    "ord_in_thread": 0,
    "parent_url": null,
    "author": "@MTAthletics",
    "published": "2025-01-16T21:20:00.000+02:00",
    "title": "Blue Raider Pet Club returns for 2025 - Middle Tennessee State University Athletics",
    "text": "@MTAthletics Blue Raider Pet Club returns for 2025 Raising Cane's is new sponsor Story Links MURFREESBORO, Tenn . — Middle Tennessee Athletics is thrilled to announce the return of the Blue Raider Pet Club, proudly highlighting our NEW partnership with Raising Cane's as the official sponsor of the Blue Raider Pet Club!\nFor just $15 per pet, you can enroll your furry friend in the Blue Raider Pet Club and receive an exciting membership package. This year's membership package includes:\n Blue Raider Pet Club Leash Dog Bag Dispenser with Flashlight Collapsible Silicone Pet Bowl Canned Food Lid Treat Bag Clip\nEvery Blue Raider Pet Club member will be eligible to be featured as the \"Pet of the Game\" on our official platforms and at home events, giving your pet a chance to shine in the spotlight!\nPlus, all members will receive special invitations to our Bark in the Park days for Blue Raider Baseball, Softball, and Tennis events, with dates to be announced this spring. These events are perfect for showing off your pet's Blue Raider pride while enjoying a fun day at Blue Raider Events.\nSign up today at the Ticketmaster link and ERE give your pet the ultimate Blue Raider experience!\n Print Friendly Version",
    "highlightText": "",
    "highlightTitle": "",
    "highlightThreadTitle": "",
    "language": "english",
    "sentiment": "positive",
    "categories": [
        "Sport",
        "Human Interest"
    ],
    "topics": [
        "Sport->athletics",
        "Human Interest->high society"
    ],
    "ai_allow": true,
    "has_canonical": false,
    "breaking": null,
    "webz_reporter": false,
    "external_links": [
        "https://lascassasdrugs.com/",
        "https://www.mmclinic.com/",
        "https://www.linkedin.com/sharing/share-offsite/?url=",
        "https://www.gcpas.com/",
        "https://www.facebook.com/sharer.php?u=",
        "http://www.puritydairies.com/",
        "http://www.mtsugear.com/",
        "http://www.boropulse.com/",
        "https://pinterest.com/pin/create/button/?url=",
        "http://www.armstrongrelocation.com/",
        "http://www.murfreesborosuites.hamptoninn.com/",
        "https://twitter.com/share?text=",
        "https://healthcare.ascension.org/locations/tennessee/tnnas/murfreesboro-ascension-saint-thomas-rutherford?utm_campaign=gmb$$utm_medium=organic$$utm_source=local",
        "https://am.ticketmaster.com/mtsu/buy/petclub",
        "http://www.armstrongrelocation.com",
        "http://www.boropulse.com",
        "https://mmclinic.com/",
        "http://puritydairies.com/",
        "https://twitter.com/share",
        "http://armstrongrelocation.com/",
        "https://lascassasdrugs.com",
        "https://gcpas.com/",
        "https://www.twitter.com/share?text=",
        "http://boropulse.com/",
        "https://www.healthcare.ascension.org/locations/tennessee/tnnas/murfreesboro-ascension-saint-thomas-rutherford?utm_campaign=gmb$$utm_medium=organic$$utm_source=local",
        "https://www.facebook.com/sharer.php",
        "https://www.mmclinic.com",
        "https://www.linkedin.com/sharing/share-offsite/",
        "https://www.pinterest.com/pin/create/button/?url=",
        "http://www.murfreesborosuites.hamptoninn.com",
        "https://healthcare.ascension.org/locations/tennessee/tnnas/murfreesboro-ascension-saint-thomas-rutherford",
        "http://www.mtsugear.com",
        "https://www.gcpas.com",
        "https://www.am.ticketmaster.com/mtsu/buy/petclub",
        "https://www.lascassasdrugs.com/",
        "https://linkedin.com/sharing/share-offsite/?url=",
        "http://mtsugear.com/",
        "https://pinterest.com/pin/create/button/",
        "https://facebook.com/sharer.php?u=",
        "http://www.puritydairies.com",
        "http://murfreesborosuites.hamptoninn.com/"
    ],
    "external_images": [],
    "entities": {
        "persons": [],
        "organizations": [
            {
                "name": "Blue Raider Pet Club",
                "sentiment": "none"
            }
        ],
        "locations": []
    },
    "syndication": {
        "syndicated": false,
        "syndicate_id": null,
        "first_syndicated": false
    },
    "rating": null,
    "crawled": "2025-01-17T00:23:22.467+02:00",
    "updated": "2025-01-17T00:23:22.467+02:00"
}