{
    "thread": {
        "uuid": "bb835900926f798d0c5457b3bde626c9ec944a89",
        "url": "https://www.si.com/high-school/iowa/dreshaun-ross-one-of-top-wrestling-recruits-in-nation-set-for-debut-for-fort-dodge-01jhrcrp2k7h",
        "site_full": "www.si.com",
        "site": "si.com",
        "site_section": "https://www.si.com/high-school",
        "site_categories": [
            "sports"
        ],
        "section_title": "High School On SI - Sports Illustrated",
        "title": "Dreshaun Ross, one of top wrestling recruits in nation, set for debut for Fort Dodge",
        "title_full": "Dreshaun Ross, one of top wrestling recruits in nation, set for debut for Fort Dodge",
        "published": "2025-01-16T22:28:00.000+02:00",
        "replies_count": 0,
        "participants_count": 1,
        "site_type": "news",
        "country": "US",
        "main_image": "https://images2.minutemediacdn.com/image/upload/c_crop,w_4320,h_2430,x_0,y_104/c_fill,w_1440,ar_16:9,f_auto,q_auto,g_auto/images/ImagnImages/mmsport/high_school/01jhrctnt22mz5embk4t.jpg",
        "performance_score": 0,
        "domain_rank": 1156,
        "domain_rank_updated": "2025-01-13T23:00:00.000+02:00",
        "social": {
            "facebook": {
                "likes": 0,
                "comments": 0,
                "shares": 11
            },
            "vk": {
                "shares": 0
            }
        }
    },
    "uuid": "bb835900926f798d0c5457b3bde626c9ec944a89",
    "url": "https://www.si.com/high-school/iowa/dreshaun-ross-one-of-top-wrestling-recruits-in-nation-set-for-debut-for-fort-dodge-01jhrcrp2k7h",
    "ord_in_thread": 0,
    "parent_url": null,
    "author": "Dana Becker",
    "published": "2025-01-16T22:28:00.000+02:00",
    "title": "Dreshaun Ross, one of top wrestling recruits in nation, set for debut for Fort Dodge",
    "text": "Dreshaun Ross, one of top wrestling recruits in nation, set for debut for Fort Dodge\nDreshaun Ross, one of the top wrestling recruits in the nation who holds several Div. I offers, is expected to make his debut on the mats for Fort Dodge Senior High Thursday night.\nRoss, who underwent shoulder surgery in the offseason, is a junior who has won two state wrestling championships.\nAccording to a report in the Fort Dodge Messenger, Ross has “gotten back into his pre-meet preparation mode, and you’ve seen him turn the corner both physically and mentally recently,” Fort Dodge head coach Bobby Thompson said.\nAlong with having multiple wrestling offers to Power 5 programs, Ross is a football recruit whol holds numerous offers on the gridiron. He will compete at 215 pounds against Ames in a dual for his first action of the season.\nThis past October, Ross was named the Iowa/USA Boys Junior Wrestler of the Year.",
    "highlightText": "",
    "highlightTitle": "",
    "highlightThreadTitle": "",
    "language": "english",
    "sentiment": "positive",
    "categories": [
        "Sport",
        "Human Interest"
    ],
    "topics": [
        "Sport->wrestling"
    ],
    "ai_allow": true,
    "has_canonical": false,
    "breaking": null,
    "webz_reporter": false,
    "external_links": [
        "https://www.messengernews.net/sports/local-sports/2025/01/dodgers-head-to-ames-for-iac-dual/",
        "https://www.messengernews.net/sports/local-sports/2025/01/dodgers-head-to-ames-for-iac-dual",
        "https://messengernews.net/sports/local-sports/2025/01/dodgers-head-to-ames-for-iac-dual/"
    ],
    "external_images": [],
    "entities": {
        "persons": [
            {
                "name": "Dreshaun Ross",
                "sentiment": "positive"
            },
            {
                "name": "Bobby Thompson",
                "sentiment": "none"
            }
        ],
        "organizations": [],
        "locations": []
    },
    "syndication": {
        "syndicated": false,
        "syndicate_id": null,
        "first_syndicated": false
    },
    "rating": null,
    "crawled": "2025-01-17T00:16:25.081+02:00",
    "updated": "2025-01-17T00:16:25.081+02:00"
}