{
    "thread": {
        "uuid": "047c2f8ec9889c88cac69885fb364f46e3ccbb8a",
        "url": "https://www.si.com/college/arkansas/football/former-lineman-for-razorbacks-now-cult-hero-for-best-in-nfl",
        "site_full": "www.si.com",
        "site": "si.com",
        "site_section": "https://www.si.com/fannation/college",
        "site_categories": [
            "sports"
        ],
        "section_title": "College - On SI - Sports Illustrated",
        "title": "Former Lineman for Razorbacks Now Cult Hero for Best in NFL",
        "title_full": "Former Lineman for Razorbacks Now Cult Hero for Best in NFL",
        "published": "2025-01-16T23:22:00.000+02:00",
        "replies_count": 0,
        "participants_count": 1,
        "site_type": "news",
        "country": "US",
        "main_image": "https://images2.minutemediacdn.com/image/upload/c_crop,w_1819,h_1023,x_347,y_85/c_fill,w_1440,ar_16:9,f_auto,q_auto,g_auto/images/ImagnImages/mmsport/all_hogs/01jhref4a6z5xtpsgjtt.jpg",
        "performance_score": 0,
        "domain_rank": 1156,
        "domain_rank_updated": "2025-01-13T23:00:00.000+02:00",
        "social": {
            "facebook": {
                "likes": 0,
                "comments": 0,
                "shares": 1
            },
            "vk": {
                "shares": 0
            }
        }
    },
    "uuid": "047c2f8ec9889c88cac69885fb364f46e3ccbb8a",
    "url": "https://www.si.com/college/arkansas/football/former-lineman-for-razorbacks-now-cult-hero-for-best-in-nfl",
    "ord_in_thread": 0,
    "parent_url": null,
    "author": "Andy Hodges",
    "published": "2025-01-16T23:22:00.000+02:00",
    "title": "Former Lineman for Razorbacks Now Cult Hero for Best in NFL",
    "text": "Former Lineman for Razorbacks Now Cult Hero for Best in NFL\nFAYETTEVILLE, Ark. â€” Don't feel bad if you didn't predict Dan Skipper's success in the NFL. Other that some notable holding calls and a blocked extra point against TCU he really didn't have that many big plays.\nNobody really expected him to become the cult hero he's become with Detroit fans as they get ready to begin their playoff run. The Lions have the best record in the NFL this year along with the Kansas City Chiefs and now he's a cult hero.\nEven ESPN pointed that out in a story ahead of their playoff matchup Saturday against the Washington Commanders. It exploded when he caught a touchdown in the final regular-season game against the Buffalo Bills.\nEveryone has taken notice if they're paying attention. At 6-foot-9 he stands out in a crowd. Now he can't hide in Detroit where fans react to hearing an official announce No. 70 is eligible in a game. Considering his size, the fact some defenses can't seem to find him in games is even more surprising.\nHe'd bounced around the league so much, when the Indianapolis Colts let him go in 2023, Skipper was ticked off. They had a player personnel guy do it. He landed with the Lions shortly after that.\nSkipper has started in Detroit, but the future may be more backup roles. Until he physically can't handle anything, though, he'll get training camp shots. The Lions have become his biggest fan beause coach Dan Campbell seems to like guys that play like Skipper.\nHe even presented him with a game ball this season.\nAll of that's the regular season. Now it's moved into money time for the NFL, which is the playoffs and Detroit is one of the favorites in the NFC, the Chiefs are in the AFC.\nAbout the only thing Skipper could do to reach an even higher grade with the Detroit fans would be winning a Super Bowl ... and having a key catch as a specialty tight end,",
    "highlightText": "",
    "highlightTitle": "",
    "highlightThreadTitle": "",
    "language": "english",
    "sentiment": "positive",
    "categories": [
        "Sport",
        "Human Interest"
    ],
    "topics": [
        "Sport->american football",
        "Human Interest->celebrity"
    ],
    "ai_allow": true,
    "has_canonical": false,
    "breaking": null,
    "webz_reporter": false,
    "external_links": [
        "https://www.espn.com/nfl/story/_/id/43427114/detroit-lions-tackle-dan-skipper-unlikely-phenomenon-2024-nfl-playoffs",
        "https://espn.com/nfl/story/_/id/43427114/detroit-lions-tackle-dan-skipper-unlikely-phenomenon-2024-nfl-playoffs"
    ],
    "external_images": [],
    "entities": {
        "persons": [
            {
                "name": "Dan Skipper",
                "sentiment": "none"
            }
        ],
        "organizations": [
            {
                "name": "Kansas City Chiefs",
                "sentiment": "none"
            },
            {
                "name": "Indianapolis Colts",
                "sentiment": "none"
            },
            {
                "name": "Buffalo Bills",
                "sentiment": "none"
            },
            {
                "name": "Lions",
                "sentiment": "none"
            },
            {
                "name": "ESPN",
                "sentiment": "none"
            },
            {
                "name": "NFL",
                "sentiment": "none"
            },
            {
                "name": "TCU",
                "sentiment": "none"
            }
        ],
        "locations": []
    },
    "syndication": {
        "syndicated": false,
        "syndicate_id": null,
        "first_syndicated": false
    },
    "rating": null,
    "crawled": "2025-01-17T00:24:27.066+02:00",
    "updated": "2025-01-17T00:24:27.066+02:00"
}