{
    "thread": {
        "uuid": "f71badfb191831fea1c09ccfe1d22f488339778d",
        "url": "https://www.carnifest.com/marrakesh-marathon-2025",
        "site_full": "www.carnifest.com",
        "site": "carnifest.com",
        "site_section": "https://www.carnifest.com",
        "site_categories": [],
        "section_title": "Festivals carnivals venues and tickets worldwide | Tickets Dates &amp; Venues &#8211; CarniFest.com",
        "title": "Marrakesh Marathon 2025",
        "title_full": "Marrakesh Marathon 2025",
        "published": "2025-01-16T20:34:00.000+02:00",
        "replies_count": 0,
        "participants_count": 1,
        "site_type": "news",
        "country": "US",
        "main_image": "",
        "performance_score": 0,
        "domain_rank": 131881,
        "domain_rank_updated": "2025-01-13T23:00:00.000+02:00",
        "social": {
            "facebook": {
                "likes": 0,
                "comments": 0,
                "shares": 0
            },
            "vk": {
                "shares": 0
            }
        }
    },
    "uuid": "f71badfb191831fea1c09ccfe1d22f488339778d",
    "url": "https://www.carnifest.com/marrakesh-marathon-2025",
    "ord_in_thread": 0,
    "parent_url": null,
    "author": "carnifest.com",
    "published": "2025-01-16T20:34:00.000+02:00",
    "title": "Marrakesh Marathon 2025",
    "text": "Marrakesh Marathon The Marrakesh Marathon is an annual race held in Marrakesh, Morocco, typically in January.\nKnown for its scenic route, it takes participants through the city’s vibrant streets, historic landmarks, and palm-lined avenues, offering a unique blend of culture and athleticism.\nevent attracts runners from all over the world, offering both full marathon and shorter race options. The race is celebrated for its warm climate, festive atmosphere, and the stunning backdrop of the Atlas Mountains.\nMarathon registration, the route and detailed schedules are on the race website via the link shown below under the heading: “Event Related Information”.",
    "highlightText": "",
    "highlightTitle": "",
    "highlightThreadTitle": "",
    "language": "english",
    "sentiment": "positive",
    "categories": [
        "Sport",
        "Lifestyle and Leisure"
    ],
    "topics": [
        "Sport->athletics",
        "Sport->marathon",
        "Lifestyle and Leisure->exercise and fitness"
    ],
    "ai_allow": true,
    "has_canonical": false,
    "breaking": null,
    "webz_reporter": false,
    "external_links": [],
    "external_images": [],
    "entities": {
        "persons": [],
        "organizations": [],
        "locations": [
            {
                "name": "Atlas Mountains",
                "sentiment": "none"
            }
        ]
    },
    "syndication": {
        "syndicated": false,
        "syndicate_id": null,
        "first_syndicated": false
    },
    "rating": null,
    "crawled": "2025-01-17T00:25:37.840+02:00",
    "updated": "2025-01-17T00:25:37.840+02:00"
}