{
    "thread": {
        "uuid": "917f98a8a039ff45763706d7353ce699d0979de9",
        "url": "https://article.wn.com/view/2025/01/16/Dodgers_137_million_superstar_pitcher_details_recruiting_pit",
        "site_full": "article.wn.com",
        "site": "wn.com",
        "site_section": "https://wn.com/sport",
        "site_categories": [
            "media"
        ],
        "section_title": "World News - Sport",
        "title": "Dodgers $137 million superstar pitcher details recruiting pitch to Roki Sasaki - Worldnews.com",
        "title_full": "Dodgers $137 million superstar pitcher details recruiting pitch to Roki Sasaki - Worldnews.com",
        "published": "2025-01-16T02:00:00.000+02:00",
        "replies_count": 0,
        "participants_count": 0,
        "site_type": "news",
        "country": "US",
        "main_image": "",
        "performance_score": 0,
        "domain_rank": 3597,
        "domain_rank_updated": "2025-01-13T23:00:00.000+02:00",
        "social": {
            "facebook": {
                "likes": 0,
                "comments": 0,
                "shares": 0
            },
            "vk": {
                "shares": 0
            }
        }
    },
    "uuid": "917f98a8a039ff45763706d7353ce699d0979de9",
    "url": "https://article.wn.com/view/2025/01/16/Dodgers_137_million_superstar_pitcher_details_recruiting_pit",
    "ord_in_thread": 0,
    "parent_url": null,
    "author": null,
    "published": "2025-01-16T02:00:00.000+02:00",
    "title": "Dodgers $137 million superstar pitcher details recruiting pitch to Roki Sasaki - Worldnews.com",
    "text": "Any day now, the Los Angeles Dodgers will find out whether or not they get to add Roki Sasaki to their already-stacked roster. Sasaki, the 23-year-old Japanese fireballer, must choose his first Major League Baseball team within a week, and the Dodgers are among the three known finalists for his services, alongside the",
    "highlightText": "",
    "highlightTitle": "",
    "highlightThreadTitle": "",
    "language": "english",
    "sentiment": "positive",
    "categories": [
        "Sport"
    ],
    "topics": [
        "Sport->baseball",
        "Sport->sport event",
        "Sport->sports transaction"
    ],
    "ai_allow": true,
    "has_canonical": false,
    "breaking": null,
    "webz_reporter": false,
    "external_links": [],
    "external_images": [],
    "entities": {
        "persons": [
            {
                "name": "Roki Sasaki",
                "sentiment": "negative"
            }
        ],
        "organizations": [
            {
                "name": "Los Angeles Dodgers",
                "sentiment": "negative"
            },
            {
                "name": "Major League Baseball",
                "sentiment": "none"
            }
        ],
        "locations": []
    },
    "syndication": {
        "syndicated": false,
        "syndicate_id": null,
        "first_syndicated": false
    },
    "rating": null,
    "crawled": "2025-01-17T00:20:49.359+02:00",
    "updated": "2025-01-17T00:20:49.359+02:00"
}