{
    "thread": {
        "uuid": "131023b8a145f3323561323b9e8f6e0c5f133489",
        "url": "https://chel.aif.ru/money/bank/bank-uralsib-uvelichil-obemy-avtokreditovaniya-v-1-3-raza?erid=2W5zFGy3b9z",
        "site_full": "chel.aif.ru",
        "site": "aif.ru",
        "site_section": "https://chel.aif.ru",
        "site_categories": [
            "media",
            "top_news_ru",
            "top_news"
        ],
        "section_title": "Аргументы и факты в Челябинске: новости и события региона на | chel.aif.ru",
        "site_title": "Аргументы и факты в Челябинске: новости и события региона на | chel.aif.ru",
        "title": "Банк Уралсиб увеличил объемы автокредитования в 1,3 раза | АиФ Челябинск",
        "title_full": "Банк Уралсиб увеличил объемы автокредитования в 1,3 раза | АиФ Челябинск",
        "published": "2025-08-07T08:17:00.000+03:00",
        "replies_count": 0,
        "participants_count": 1,
        "site_type": "news",
        "country": "RU",
        "main_image": "https://aif-s3.aif.ru/images/042/678/d5c7a913366d058ba8231e6cab665605.webp",
        "performance_score": 0,
        "domain_rank": 3825,
        "domain_rank_updated": "2025-06-03T00:00:00.000+03:00",
        "licensing_agency": [],
        "social": {
            "facebook": {
                "likes": 0,
                "comments": 0,
                "shares": 0
            },
            "vk": {
                "shares": 0
            }
        }
    },
    "uuid": "131023b8a145f3323561323b9e8f6e0c5f133489",
    "url": "https://chel.aif.ru/money/bank/bank-uralsib-uvelichil-obemy-avtokreditovaniya-v-1-3-raza?erid=2W5zFGy3b9z",
    "ord_in_thread": 0,
    "author": "@aifonline",
    "published": "2025-08-07T08:17:00.000+03:00",
    "title": "Банк Уралсиб увеличил объемы автокредитования в 1,3 раза | АиФ Челябинск",
    "text": "По итогам первых 7 месяцев 2025 года Банк Уралсиб увеличил объем автокредитования на 30% по сравнению с аналогичным периодом прошлого года — до 27,9 млрд рублей. Автокредитный портфель Банка вырос на 44% к прошлогоднему показателю и на 01.08.2025 года составил 68,1 млрд рублей.\nБанк Уралсиб активно развивает автокредитование, которое сегодня является одним из динамично растущих направлений розничного бизнеса. Клиентам банка доступен широкий выбор программ, в том числе с нулевым первоначальным взносом, а также премиальные программы. Максимальная сумма кредита — 13 млн рублей, максимальный срок кредитования — 10 лет. Кредит на покупку автомобилей и мототехники можно оформить у автодилеров — партнеров Банка Уралсиб, а также непосредственно в офисе банка.\nОценивайте свои финансовые возможности и риски. Изучите все условия кредита на сайте Банка Уралсиб. Также получить подробную информацию и ознакомиться с условиями автокредитования и перечнем автодилеров-партнеров можно в отделениях банка и по телефону\nРеклама. ПАО «БАНК УРАЛСИБ» (генеральная лицензия Банка России № 30 от 10.09.15)",
    "highlightText": "",
    "highlightTitle": "",
    "highlightThreadTitle": "",
    "language": "russian",
    "sentiment": "positive",
    "categories": [
        "Economy, Business and Finance",
        "Labor",
        "Social Issue"
    ],
    "topics": [
        "Economy, Business and Finance->loan market",
        "Economy, Business and Finance->financial service",
        "Labor->wages and benefits",
        "Labor->employment",
        "Social Issue->social services",
        "Social Issue->demographics",
        "Social Issue->communities"
    ],
    "ai_allow": true,
    "has_canonical": false,
    "breaking": null,
    "webz_reporter": false,
    "external_links": [
        "https://uralsib.ru/avtokredity",
        "https://www.uralsib.ru/avtokredity"
    ],
    "external_images": [],
    "internal_images": [],
    "entities": {
        "persons": [],
        "locations": [],
        "organizations": []
    },
    "syndication": {
        "syndicated": null,
        "syndicate_id": null,
        "first_syndicated": false
    },
    "trust": {
        "categories": [],
        "top_news": [
            "top_news_ru",
            "top_news"
        ],
        "bias": null,
        "source": {
            "type": null,
            "city": null,
            "state": null,
            "country": null,
            "domain_type": null,
            "agency": null,
            "organization_name": null
        }
    },
    "rating": null,
    "crawled": "2025-08-07T14:51:35.833+03:00",
    "updated": "2025-08-08T15:04:36.000+03:00"
}