{
    "thread": {
        "uuid": "c01183ebcfec50fae5714f89598e8a6936a71d5c",
        "url": "https://cwa-union.org/news/cwa-members-ratify-contract-call-duty-video-game-studio",
        "site_full": "cwa-union.org",
        "site": "cwa-union.org",
        "site_section": "https://feeds.feedburner.com/cwa-union/news",
        "site_categories": [
            "media",
            "law_government_and_politics",
            "politics"
        ],
        "section_title": "Communications Workers of America - Members of the Communications Workers of America are building worker power on the job and in our communities.",
        "site_title": "Communications Workers of America Union (CWA)",
        "title": "CWA Members Ratify Contract at Call of Duty Video Game Studio",
        "title_full": "CWA Members Ratify Contract at Call of Duty Video Game Studio",
        "published": "2025-08-07T18:54:00.000+03:00",
        "replies_count": 0,
        "participants_count": 0,
        "site_type": "news",
        "country": "US",
        "main_image": "https://cwa-union.org/sites/default/files/2024-03/code-cwa_logo_featured-og.png",
        "performance_score": 0,
        "domain_rank": 29483,
        "domain_rank_updated": "2025-06-03T00:00:00.000+03:00",
        "licensing_agency": [],
        "social": {
            "facebook": {
                "likes": 0,
                "comments": 0,
                "shares": 0
            },
            "vk": {
                "shares": 0
            }
        }
    },
    "uuid": "c01183ebcfec50fae5714f89598e8a6936a71d5c",
    "url": "https://cwa-union.org/news/cwa-members-ratify-contract-call-duty-video-game-studio",
    "ord_in_thread": 0,
    "author": null,
    "published": "2025-08-07T18:54:00.000+03:00",
    "title": "CWA Members Ratify Contract at Call of Duty Video Game Studio",
    "text": "Search News\nFor the Media\nFor media inquiries, call CWA Communications at 202-434-1168 or email comms@cwa-union.org. To read about CWA Members, Leadership or Industries, visit our About page.\nCWA Members Ratify Contract at Call of Duty Video Game Studio\nEarlier this week, on the third anniversary of the opening of bargaining, video game workers at Raven Software unanimously voted to ratify their first union contract with Microsoft. Workers at the studio, who are responsible for the popular Call of Duty game series, were the first Activision Blizzard workers to organize a union with CWA. Microsoft acquired Activision Blizzard in early 2023. This ratification builds on recent momentum by CWA members to raise standards across the video game industry, with ZeniMax video game workers ratifying a historic contract with Microsoft in late June.\nThe contract ensures lasting protections in the workplace, including guaranteed double-digit wage increases over two years, the elimination of “crunch time” (extended and excessive mandatory overtime), layoff protections, and more—a first across the video game industry.\n“Going from organizing to sitting across the table from one of the largest tech corporations in the world was a huge learning curve, but we never lost sight of why we were there,” said Raven Software QA tester and CWA Local 4652 bargaining committee member Autumn Prazuch. “We fought hard for raises and job structures that will finally make QA a sustainable career path, and we were able to negotiate limitations on mandatory crunch. Ratifying this contract is a win for game workers everywhere who are ready to take the first step toward a better future.”",
    "highlightText": "",
    "highlightTitle": "",
    "highlightThreadTitle": "",
    "language": "english",
    "sentiment": "positive",
    "categories": [
        "Labor",
        "Economy, Business and Finance"
    ],
    "topics": [
        "Labor->collective agreements",
        "Labor->unions",
        "Economy, Business and Finance->business governance",
        "Economy, Business and Finance->human resources",
        "Economy, Business and Finance->corporate governance and csr"
    ],
    "ai_allow": true,
    "has_canonical": false,
    "breaking": null,
    "webz_reporter": false,
    "external_links": [],
    "external_images": [],
    "internal_images": [],
    "entities": {
        "persons": [],
        "locations": [],
        "organizations": [
            {
                "name": "CWA",
                "sentiment": "neutral",
                "tickers": [
                    {
                        "ticker": null,
                        "exchange": null
                    }
                ]
            },
            {
                "name": "Microsoft",
                "sentiment": "none",
                "tickers": [
                    {
                        "ticker": "MSFT",
                        "exchange": "NASDAQ"
                    }
                ]
            }
        ]
    },
    "syndication": {
        "syndicated": false,
        "syndicate_id": null,
        "first_syndicated": false
    },
    "trust": {
        "categories": null,
        "top_news": [],
        "bias": null,
        "source": {
            "type": "local_news",
            "city": [
                "Union"
            ],
            "state": [
                "Washington"
            ],
            "country": [
                "US"
            ],
            "domain_type": null,
            "agency": null,
            "organization_name": null
        }
    },
    "rating": null,
    "crawled": "2025-08-07T23:16:16.050+03:00",
    "updated": "2025-08-07T23:22:52.000+03:00"
}