{
    "thread": {
        "uuid": "f35b63074816195d45b21e15803542693b6eaba2",
        "url": "https://lemmy.world/post/34103924",
        "site_full": "lemmy.world",
        "site": "lemmy.world",
        "site_section": "https://leminal.space/u/cm0002@lemmy.world",
        "site_categories": [],
        "section_title": "@cm0002 - Leminal Space",
        "site_title": null,
        "title": "Parsec Workers Join Teamsters Local 745 - Lemmy.World",
        "title_full": "Parsec Workers Join Teamsters Local 745 - Lemmy.World",
        "published": "2025-08-07T22:06:21.789+03:00",
        "replies_count": 0,
        "participants_count": 0,
        "site_type": "news",
        "country": "US",
        "main_image": "https://lemmy.world/pictrs/image/5ae0ee33-f7c6-42b2-b59f-13cfb39f8abe.png",
        "performance_score": 0,
        "domain_rank": 47334,
        "domain_rank_updated": "2025-06-03T00:00:00.000+03:00",
        "licensing_agency": [],
        "social": {
            "facebook": {
                "likes": 0,
                "comments": 0,
                "shares": 0
            },
            "vk": {
                "shares": 0
            }
        }
    },
    "uuid": "f35b63074816195d45b21e15803542693b6eaba2",
    "url": "https://lemmy.world/post/34103924",
    "ord_in_thread": 0,
    "author": null,
    "published": "2025-08-07T22:06:21.789+03:00",
    "title": "Parsec Workers Join Teamsters Local 745 - Lemmy.World",
    "text": "cm0002 to unions@sh.itjust.worksEnglish · 3 minutes agomessage-square0linkfedilinkarrow-up11arrow-down10cross-posted to: [email protected]",
    "highlightText": "",
    "highlightTitle": "",
    "highlightThreadTitle": "",
    "language": "english",
    "sentiment": "positive",
    "categories": [
        "Labor"
    ],
    "topics": [
        "Labor->unions"
    ],
    "ai_allow": true,
    "has_canonical": false,
    "breaking": false,
    "webz_reporter": false,
    "external_links": [],
    "external_images": [],
    "internal_images": [],
    "entities": {
        "persons": [],
        "locations": [],
        "organizations": []
    },
    "syndication": {
        "syndicated": false,
        "syndicate_id": null,
        "first_syndicated": false
    },
    "trust": {
        "categories": [],
        "top_news": [],
        "bias": null,
        "source": {
            "type": null,
            "city": null,
            "state": null,
            "country": null,
            "domain_type": null,
            "agency": null,
            "organization_name": null
        }
    },
    "rating": null,
    "crawled": "2025-08-07T22:06:21.789+03:00",
    "updated": "2025-08-07T22:09:31.000+03:00"
}