{
    "thread": {
        "uuid": "c364c44e33e586a86f6c1484b93dba1dd791f446",
        "url": "https://natlawreview.com/article/new-jersey-lawmakers-mull-stronger-labor-protections-cannabis-industry-workers",
        "site_full": "natlawreview.com",
        "site": "natlawreview.com",
        "site_section": "https://news.google.com/search?q=for%20when%3a1h&hl=en-us&gl=us&ceid=us%3aen",
        "site_categories": [],
        "section_title": "Google News - Search",
        "site_title": "Legal News &amp; Business Law News | The National Law Review",
        "title": "New Jersery Works to Expand Labor Protection for Cannabis Workers",
        "title_full": "New Jersery Works to Expand Labor Protection for Cannabis Workers",
        "published": "2025-08-07T19:51:00.000+03:00",
        "replies_count": 0,
        "participants_count": 1,
        "site_type": "news",
        "country": "US",
        "main_image": "https://natlawreview.com/sites/default/files/styles/article_image/public/2025-08/hemp%20farm%20industrial%20agriculture%20grow%20marijuana%20legal.jpg.webp?itok=7mJ46Esj",
        "performance_score": 0,
        "domain_rank": 3543,
        "domain_rank_updated": "2025-06-03T00:00:00.000+03:00",
        "licensing_agency": [],
        "social": {
            "facebook": {
                "likes": 0,
                "comments": 0,
                "shares": 0
            },
            "vk": {
                "shares": 0
            }
        }
    },
    "uuid": "c364c44e33e586a86f6c1484b93dba1dd791f446",
    "url": "https://natlawreview.com/article/new-jersey-lawmakers-mull-stronger-labor-protections-cannabis-industry-workers",
    "ord_in_thread": 0,
    "author": "Michael J. Riccobono",
    "published": "2025-08-07T19:51:00.000+03:00",
    "title": "New Jersery Works to Expand Labor Protection for Cannabis Workers",
    "text": "New Jersey lawmakers recently advanced a bill that would expand labor protections for workers in the cannabis industry. If enacted, the measure—which provides stronger union organizing rights, protections for employee representation and collective bargaining, and a clear prohibition on unfair labor practices—would have profound implications for cannabis industry employers.\nQuick Hits\n- New Jersey lawmakers have advanced a bill to provide stronger labor protections for cannabis industry workers, aligning their rights with those covered by federal and state labor laws.\n- The proposed legislation would empower the State Board of Mediation to enforce unfair labor practice charges and expand union organizing rights and collective bargaining protections for cannabis workers.\n- If enacted, the measure would enforce prohibitions against unfair labor practices by cannabis employers and grant unions greater access to engage with employees.\nOn June 30, 2025, the New Jersey Assembly passed Assembly Bill (A) No. 4182, which now must be considered by the New Jersey Senate. The bill comes amid a significant expansion of the industry after New Jersey legalized recreational marijuana use with the New Jersey Cannabis Regulatory, Enforcement Assistance, and Marketplace Modernization Act (CREAMMA) of 2021.\nNew Jersey law already provides some labor protections for cannabis industry workers. However, there is a question as to whether some workers involved in the cultivation or harvesting of cannabis fall under the “agricultural laborer” exemption to the National Labor Relations Act (NLRA).\nA4182 seeks to ensure that all workers in the cannabis industry, including those working for medical and recreational licensed cultivators and dispensaries, have similar labor protections to those provided by the NLRA and similar to those provided to public employees under the New Jersey public employment relations law and the Workplace Democracy Enhancement Act (WDEA). Specifically, the bill would enhance organizing and union rights, empower state authorities to enforce unfair labor practice (ULP) charges, and increase potential penalties for noncompliance.\nKey Terms\nThe bill would define a “[c]annabis employer” as a private employer that is an authorized medical cannabis cultivator, manufacturer, distributor, or dispensary. It would also apply to “[c]annabis worker[s],” defined as employees of a cannabis employer who are not subject to the NLRA.\nState Board of Mediation\nSpecifically, A4182 would expand the responsibilities of the State Board of Mediation in the New Jersey Department of Labor and Workforce Development (Board) to cover employment in the cannabis industry not covered by the NLRA. The Board would have “exclusive power” to prevent anyone from engaging in any listed ULP and bring enforcement actions against alleged violators. The Board would be required to adopt regulations for selecting majority representatives, negotiation procedures, grievance resolution, and other employment terms.\nThe bill would further provide workers employed by cannabis employers with rights and protections equal to those provided to other workers regarding employee representation, collective bargaining, and unfair labor practices.\nUnfair Labor Practices\nThe bill would prohibit cannabis employers and their representatives from engaging in unfair labor practices, such as:\n- interfering with or coercing employees in their exercise of rights granted by the bill;\n- “[d]ominating or interfering” with employee organizing;\n- discriminating against employees for exercising their rights;\n- “[r]efusing to negotiate in good faith with a majority representative of employees”; and\n- violating board regulations.\nSimilarly, it prohibits organizations representing or seeking to represent cannabis workers from engaging in unfair practices against employees or employers.\nOrganizing Protections\nNotably, A4182 contains several protections for cannabis employee organizing and requirements for cannabis employers with regard to employee representatives. Specifically, the bill would grant employee majority representatives or unions the right to access cannabis employers’ premises to meet with employees, investigate grievances, and conduct meetings. The bill would also require employers to provide contact information of employees to the employee organization and to facilitate payroll deductions for union membership dues.\nThe bill would further grant organizations representing cannabis workers “the right to engage in publicity.” Notably, this right would include “picketing … for the purpose of truthfully advising the public, including consumers, that products or the ingredients of products are produced by a cannabis employer with which the organization has a dispute,” even if the publicity “has the effect of requesting the public to cease patronizing businesses which distribute or sell those products.” (Emphasis added.)\nFines and Penalties\nA4182 would increase the potential penalties for cannabis employers found to be in noncompliance with the law. The bill would increase the maximum daily fine from $1,000 to $5,000 for each day that an employer failed to provide the required information to the Board or otherwise prevented the Board from carrying out its responsibilities.\nAdditionally, the bill would allow for the imposition of other remedies, such as:\n- reinstatement of employees who were discharged or discriminated against;\n- payment of any wages lost due to discrimination;\n- payment of reasonable costs of action; and\n- liquidated damages equal to the wages due.\nIf enacted as proposed, the legislation would empower the Board to order a cannabis employer found to have violated the law to “make whole the employee organization for any losses suffered by the organization as a result of the violation.”\nNext Steps\nA4182 aims to ensure that cannabis workers have the same protections and rights as other workers, particularly with regard to collective bargaining and protections against unfair labor practices. The New Jersey Assembly has advanced the bill, but the New Jersey Senate must still pass it. It is unclear whether the bill will gain traction in the Senate now. The bill would take effect immediately upon its enactment into law.",
    "highlightText": "",
    "highlightTitle": "",
    "highlightThreadTitle": "",
    "language": "english",
    "sentiment": "positive",
    "categories": [
        "Economy, Business and Finance",
        "Labor"
    ],
    "topics": [
        "Economy, Business and Finance->business governance",
        "Economy, Business and Finance->human resources",
        "Labor->labour market",
        "Labor->employment",
        "Labor->unions"
    ],
    "ai_allow": true,
    "has_canonical": false,
    "breaking": null,
    "webz_reporter": false,
    "external_links": [
        "https://pub.njleg.state.nj.us/Bills/2024/A4500/4182_I1.PDF",
        "https://www.pub.njleg.state.nj.us/Bills/2024/A4500/4182_I1.PDF"
    ],
    "external_images": [],
    "internal_images": [],
    "entities": {
        "persons": [],
        "locations": [],
        "organizations": [
            {
                "name": "State Board of Mediation",
                "sentiment": "none",
                "tickers": []
            },
            {
                "name": "New Jersey Senate",
                "sentiment": "none",
                "tickers": []
            }
        ]
    },
    "syndication": {
        "syndicated": false,
        "syndicate_id": null,
        "first_syndicated": false
    },
    "trust": {
        "categories": [],
        "top_news": [],
        "bias": null,
        "source": {
            "type": null,
            "city": null,
            "state": null,
            "country": null,
            "domain_type": null,
            "agency": null,
            "organization_name": null
        }
    },
    "rating": null,
    "crawled": "2025-08-08T01:39:46.435+03:00",
    "updated": "2025-08-08T01:43:12.000+03:00"
}