{
    "thread": {
        "uuid": "1e93b9618d56119fadf6a51c69cb26593e6ab065",
        "url": "https://lu14.santacruz.gob.ar/verbes-este-convenio-da-previsibilidad-ordena-la-actividad-y-reconoce-derechos/",
        "site_full": "lu14.santacruz.gob.ar",
        "site": "santacruz.gob.ar",
        "site_section": "https://lu14.santacruz.gob.ar",
        "site_categories": [],
        "section_title": "",
        "site_title": null,
        "title": "Verbes: \"Este convenio da previsibilidad, ordena la actividad y reconoce derechos\"",
        "title_full": "Verbes: \"Este convenio da previsibilidad, ordena la actividad y reconoce derechos\"",
        "published": "2025-08-07T02:30:00.000+03:00",
        "replies_count": 0,
        "participants_count": 1,
        "site_type": "news",
        "country": "AR",
        "main_image": "https://lu14.santacruz.gob.ar/wp-content/uploads/2025/08/aravena.jpg",
        "performance_score": 0,
        "domain_rank": null,
        "domain_rank_updated": null,
        "licensing_agency": [],
        "social": {
            "facebook": {
                "likes": 0,
                "comments": 0,
                "shares": 0
            },
            "vk": {
                "shares": 0
            }
        }
    },
    "uuid": "1e93b9618d56119fadf6a51c69cb26593e6ab065",
    "url": "https://lu14.santacruz.gob.ar/verbes-este-convenio-da-previsibilidad-ordena-la-actividad-y-reconoce-derechos/",
    "ord_in_thread": 0,
    "author": "Redacción LU14",
    "published": "2025-08-07T02:30:00.000+03:00",
    "title": "Verbes: \"Este convenio da previsibilidad, ordena la actividad y reconoce derechos\"",
    "text": "El ministro de Trabajo de Santa Cruz, Ezequiel Verbes, celebró la firma del primer convenio colectivo de trabajo para el sector privado de estibajes portuarios, en un contexto de crisis pesquera y con alcance a todos los puertos de la provincia. “Esto da previsibilidad, ordena la actividad y reconoce derechos”, sostuvo.\nEn diálogo con LU14 Radio Provincia, el ministro de Trabajo de Santa Cruz, Ezequiel Verbes, destacó el valor político y estructural del convenio colectivo de trabajo firmado con el sindicato SEAMARA (Sindicato de Encargados, Apuntadores Marítimos y Afines de la República Argentina). La firma, realizada en Río Gallegos con participación de gremios y empresarios, marca un hito en la actividad portuaria provincial y forma parte de la estrategia de “Puertos Seguros” que impulsa el gobierno de Claudio Vidal.\n“Es el primer convenio colectivo privado de estas características en Santa Cruz, y su alcance abarca a toda la provincia”, remarcó el funcionario. Si bien el sindicato tiene base en Puerto Deseado, la aplicación se extiende al conjunto del sistema portuario santacruceño, incluyendo localidades como Punta Quilla, Caleta Olivia y Puerto San Julián.\nVerbes subrayó que el acuerdo se logró en un contexto sumamente adverso para la actividad pesquera, ante la caída de precios internacionales, conflictos gremiales a nivel nacional y una parálisis operativa que afectó de lleno a Puerto Deseado. “La situación ahora es un poco menos crítica, porque logramos que entren varios barcos esta última semana, y parte de eso tiene que ver con el ordenamiento desde los marcos jurídicos y desde las paritarias”, explicó.\nEl Ministro de Trabajo remarcaron que el convenio “representa mucho más que un acuerdo sectorial”. Esto “fortalece la productividad y ordena la actividad, algo que estaba pendiente desde hace años. Había que darle un marco jurídico seguro a las personas y también a las empresas, que son actores claves en todo esto”, planteó Verbes. “Tenemos que entender que debemos trabajar en conjunto, sector público, sector privado, gobierno y gremios”, insistió.\nDurante el acto, encabezado por el gobernador Claudio Vidal, participaron además gremios pertenecientes a la CGT, referentes empresariales y funcionarios del gabinete provincial. “El compromiso es generar soluciones reales”, afirmó el ministro, quien reivindicó la conducción política de Vidal en este proceso: “El gobernador nunca va a dejar de ser un trabajador. Lo dice y lo demuestra en cada paso”.\nAdemás del convenio con SEAMARA, Verbes adelantó que ya se encuentran en proceso de homologación otros acuerdos, como el que involucra a los estibadores del SUAP. “Queremos terminar el mes firmando ese nuevo convenio colectivo privado. En la actividad portuaria confluyen varios gremios y todos deben contar con condiciones seguras de trabajo”, explicó.\nConsultado sobre los intereses en juego, el titular de la cartera laboral señaló que “desde los gremios lo que pide la gente es trabajo y las mejores condiciones posibles. Desde el sector privado, lo que pedían era previsibilidad, un marco jurídico claro. Ambos van a ganar. La idea es que haya producción, que la gente viva mejor y que gane acorde a lo que trabaja. Y que las empresas también puedan desarrollarse correctamente”.\nAl cierre de la entrevista, el ministro agradeció a todos los actores involucrados en la firma del convenio: “Todos han puesto mucho de su parte: los equipos del Ministerio, los gremios, el sector privado. Todos entendieron la urgencia, la necesidad. Este es el camino para llevar mejores condiciones a todos los trabajadores y trabajadoras de la provincia”.",
    "highlightText": "",
    "highlightTitle": "",
    "highlightThreadTitle": "",
    "language": "spanish",
    "sentiment": "positive",
    "categories": [
        "Labor",
        "Politics",
        "Human Interest"
    ],
    "topics": [
        "Labor->collective agreements",
        "Labor->labour relations",
        "Labor->employment",
        "Politics->civil rights",
        "Politics->government",
        "Human Interest->ceremony"
    ],
    "ai_allow": true,
    "has_canonical": false,
    "breaking": null,
    "webz_reporter": false,
    "external_links": [],
    "external_images": [],
    "internal_images": [],
    "entities": {
        "persons": [
            {
                "name": "Ezequiel Verbes",
                "sentiment": "none"
            },
            {
                "name": "Claudio Vidal",
                "sentiment": "none"
            }
        ],
        "locations": [
            {
                "name": "Gallegos",
                "sentiment": "none"
            },
            {
                "name": "Deseado",
                "sentiment": "none"
            }
        ],
        "organizations": []
    },
    "syndication": {
        "syndicated": null,
        "syndicate_id": null,
        "first_syndicated": false
    },
    "trust": {
        "categories": null,
        "top_news": [],
        "bias": null,
        "source": {
            "type": "gov_news",
            "city": [],
            "state": [],
            "country": [],
            "domain_type": null,
            "agency": null,
            "organization_name": null
        }
    },
    "rating": null,
    "crawled": "2025-08-07T12:17:50.535+03:00",
    "updated": "2025-08-07T12:23:50.000+03:00"
}