{
    "thread": {
        "uuid": "356cfc70b8d30c5e496a6f7cc8c9700160ff8554",
        "url": "https://ingolstadt.igmetall.de/betriebe/betriebsrat/sechs-gute-gruende",
        "site_full": "ingolstadt.igmetall.de",
        "site": "igmetall.de",
        "site_section": "https://ingolstadt.igmetall.de/ueber-uns/team",
        "site_categories": [],
        "section_title": "Team - GS Ingolstadt",
        "site_title": "IG Metall - IG Metall",
        "title": "Betriebsrat - hast Du keinen, wähl Dir einen - GS Ingolstadt",
        "title_full": "Betriebsrat - hast Du keinen, wähl Dir einen - GS Ingolstadt",
        "published": "2025-07-28T12:37:00.000+03:00",
        "replies_count": 0,
        "participants_count": 1,
        "site_type": "news",
        "country": "DE",
        "main_image": "https://ingolstadt.igmetall.de/images/IGM-IN_Teaser_Betriebsrat_1440x1080.jpg",
        "performance_score": 0,
        "domain_rank": 34405,
        "domain_rank_updated": "2025-06-03T00:00:00.000+03:00",
        "licensing_agency": [],
        "social": {
            "facebook": {
                "likes": 0,
                "comments": 0,
                "shares": 0
            },
            "vk": {
                "shares": 0
            }
        }
    },
    "uuid": "356cfc70b8d30c5e496a6f7cc8c9700160ff8554",
    "url": "https://ingolstadt.igmetall.de/betriebe/betriebsrat/sechs-gute-gruende",
    "ord_in_thread": 0,
    "author": "Redaktion IG Metall",
    "published": "2025-07-28T12:37:00.000+03:00",
    "title": "Betriebsrat - hast Du keinen, wähl Dir einen - GS Ingolstadt",
    "text": "„Unsere Finanzbuchhaltung wurde verlagert, doch unser Betriebsrat hat unsere Arbeitsplätze gesichert. Von Anfang an hat uns unser Betriebsrat eingebunden und sich laufend mit uns beraten: Wie sehen die Zahlen und Prozesse aus? Tatsächlich ist unsere Arbeit viel komplexer, als es auf den ersten Blick aussieht. Leider konnte das Outsourcing nicht verhindert werden.“",
    "highlightText": "",
    "highlightTitle": "",
    "highlightThreadTitle": "",
    "language": "german",
    "sentiment": "positive",
    "categories": [
        "Economy, Business and Finance",
        "Labor",
        "Social Issue"
    ],
    "topics": [
        "Economy, Business and Finance->corporate news and profiles",
        "Economy, Business and Finance->human resources",
        "Economy, Business and Finance->business governance",
        "Labor->employee",
        "Labor->labour relations",
        "Labor->employer",
        "Social Issue->communities",
        "Social Issue->social services",
        "Social Issue->social condition"
    ],
    "ai_allow": true,
    "has_canonical": false,
    "breaking": null,
    "webz_reporter": false,
    "external_links": [],
    "external_images": [],
    "internal_images": [],
    "entities": {
        "persons": [],
        "locations": [],
        "organizations": []
    },
    "syndication": {
        "syndicated": null,
        "syndicate_id": null,
        "first_syndicated": false
    },
    "trust": {
        "categories": [],
        "top_news": [],
        "bias": null,
        "source": {
            "type": null,
            "city": null,
            "state": null,
            "country": null,
            "domain_type": null,
            "agency": null,
            "organization_name": null
        }
    },
    "rating": null,
    "crawled": "2025-08-08T10:22:36.988+03:00",
    "updated": "2025-08-08T10:28:18.000+03:00"
}