{
    "thread": {
        "uuid": "fea5962c9e5af720fc9f3921a916a6f40f185c12",
        "url": "http://big5.china.com.cn/gate/big5/finance.china.com.cn/news/20250808/6260574.shtml",
        "site_full": "big5.china.com.cn",
        "site": "china.com.cn",
        "site_section": "https://big5.china.com.cn/gate/big5/finance.china.com.cn",
        "site_categories": [
            "japan",
            "travel"
        ],
        "section_title": "財經中心_中國網",
        "site_title": "中国网--网上中国",
        "title": "最高法：加強勞動者權益保護力度，注重依法平衡保護用人單位與勞動者的合法權益_財經_中國網",
        "title_full": "最高法：加強勞動者權益保護力度，注重依法平衡保護用人單位與勞動者的合法權益_財經_中國網",
        "published": "2025-08-08T03:00:00.000+03:00",
        "replies_count": 0,
        "participants_count": 1,
        "site_type": "news",
        "country": "CN",
        "main_image": "",
        "performance_score": 0,
        "domain_rank": 1386,
        "domain_rank_updated": "2025-06-03T00:00:00.000+03:00",
        "licensing_agency": [],
        "social": {
            "facebook": {
                "likes": 0,
                "comments": 0,
                "shares": 0
            },
            "vk": {
                "shares": 0
            }
        }
    },
    "uuid": "fea5962c9e5af720fc9f3921a916a6f40f185c12",
    "url": "http://big5.china.com.cn/gate/big5/finance.china.com.cn/news/20250808/6260574.shtml",
    "ord_in_thread": 0,
    "author": "王晨曦",
    "published": "2025-08-08T03:00:00.000+03:00",
    "title": "最高法：加強勞動者權益保護力度，注重依法平衡保護用人單位與勞動者的合法權益_財經_中國網",
    "text": "8月8日，最高人民法院發佈《關於貫徹落實〈中華人民共和國民營經濟促進法〉的指導意見》。\n《指導意見》提出，推動構建和諧勞動關係。準確適用《最高人民法院關於審理勞動爭議案件適用法律問題的解釋(二)》，加強勞動者權益保護力度，注重依法平衡保護用人單位與勞動者的合法權益。加強與相關部門的協調配合，發揮仲裁與訴訟銜接機製作用，統一法律適用標準，推動“一函兩書”工作落實，引導企業規範用工，促推勞動爭議矛盾糾紛多元化解。持續加強新就業形態勞動者權益保護問題研究，發佈典型案例，支援和規範新就業形態發展。\n免責聲明：中國網財經轉載此文目的在於傳遞更多資訊，不代表本網的觀點和立場。文章內容僅供參考，不構成投資建議。投資者據此操作，風險自擔。\n“中國經濟高品質發展成效”發佈會\n金融消費“315”曝光臺\n了不起的你：做一個播撒希望的人\n中小銀行普惠金融之道\n大力推動中長期資金入市\n聚焦商業銀行2024半年報\n金融業持續提升支付便利性\n銀行業分支機構服務實體經濟巡禮\n銀行業助力新市民美好生活\n銀行業助力擴大內需\n銀行業“碳”路綠色金融\n走進銀行理財子公司\n2024年服貿會金融業專題報道\n金融業助力養老第三支柱建設\n中國政府網發改委科技部工信部財政部民政部人社部自然資源部住建部 交通運輸部水利部農業農村部商務部衛健委人民銀行審計署國資委統計局 國家市場監管總局海關總署 稅務總局銀保監會證監會外匯管理局 上交所深交所中金所中國證券報證券日報上海證券報證券時報 中國經濟週刊新華財經人民財經CCTV經濟中國經濟網環球財經 新浪財經騰訊財經鳳凰財經網易財經和訊國際線上金融界網站每日經濟新聞汽車投訴平臺\n中國網是國務院新聞辦公室領導，中國外文出版發行事業局管理的國家重點新聞網站。本網通過10個語種11個文版，24小時對外發佈資訊，是中國進行國際傳播、資訊交流的重要窗口。\n凡本網站註明“來源：中國網財經”的所有作品，均為本網合法擁有版權或有權使用的作品，未經本網授權不得轉載、摘編或利用其他方式使用上述作品。\n電話：0086-10-82081166\n傳真：0086-10-82081900\n郵箱：finance@china.org.cn\n中國財經APP\n官方微信\n| | |\n版權所有 中國網際網路新聞中心 電話: 86-10-88828000 網際網路新聞資訊服務許可證10120170004號\n關於我們 | 法律顧問：北京岳成律師事務所 | 外宣服務與廣告服務 | 違法和不良資訊舉報電話：010-88828271 舉報流程",
    "highlightText": "",
    "highlightTitle": "",
    "highlightThreadTitle": "",
    "language": "chinese",
    "sentiment": "positive",
    "categories": [
        "Labor",
        "Politics",
        "Social Issue"
    ],
    "topics": [
        "Labor->labour dispute",
        "Labor->labour relations",
        "Labor->employment legislation",
        "Politics->civil rights",
        "Politics->government policy",
        "Social Issue->social condition",
        "Social Issue->discrimination"
    ],
    "ai_allow": true,
    "has_canonical": false,
    "breaking": null,
    "webz_reporter": false,
    "external_links": [],
    "external_images": [],
    "internal_images": [],
    "entities": {
        "persons": [],
        "locations": [],
        "organizations": []
    },
    "syndication": {
        "syndicated": null,
        "syndicate_id": null,
        "first_syndicated": false
    },
    "trust": {
        "categories": [],
        "top_news": [],
        "bias": null,
        "source": {
            "type": null,
            "city": null,
            "state": null,
            "country": null,
            "domain_type": null,
            "agency": null,
            "organization_name": null
        }
    },
    "rating": null,
    "crawled": "2025-08-08T10:41:37.944+03:00",
    "updated": "2025-08-08T10:47:33.000+03:00"
}