{
    "thread": {
        "uuid": "571865279e5f4ee3984ecc38110d96f4aadcd048",
        "url": "https://www.nsctotal.com.br/noticias/sc-e-o-terceiro-estado-que-mais-gerou-empregos-na-industria-no-primeiro-semestre-de-2025",
        "site_full": "www.nsctotal.com.br",
        "site": "nsctotal.com.br",
        "site_section": "https://www.nsctotal.com.br",
        "site_categories": [
            "media",
            "top_news_br",
            "top_news"
        ],
        "section_title": "NSC Total",
        "site_title": "NSC Total",
        "title": "SC é o terceiro estado que mais gerou empregos na indústria no primeiro semestre de 2025 - NSC Total",
        "title_full": "SC é o terceiro estado que mais gerou empregos na indústria no primeiro semestre de 2025 - NSC Total",
        "published": "2025-08-07T23:54:00.000+03:00",
        "replies_count": 0,
        "participants_count": 1,
        "site_type": "news",
        "country": "BR",
        "main_image": "https://img.nsctotal.com.br/wp-content/uploads/2025/08/SC-e-o-terceiro-estado-que-mais-gerou-empregos-na-industria-no-primeiro-semestre-de-2025-.jpg",
        "performance_score": 1,
        "domain_rank": 46100,
        "domain_rank_updated": "2025-06-03T00:00:00.000+03:00",
        "licensing_agency": [],
        "social": {
            "facebook": {
                "likes": 15,
                "comments": 15,
                "shares": 1
            },
            "vk": {
                "shares": 0
            }
        }
    },
    "uuid": "571865279e5f4ee3984ecc38110d96f4aadcd048",
    "url": "https://www.nsctotal.com.br/noticias/sc-e-o-terceiro-estado-que-mais-gerou-empregos-na-industria-no-primeiro-semestre-de-2025",
    "ord_in_thread": 0,
    "author": "Júlia Venâncio",
    "published": "2025-08-07T23:54:00.000+03:00",
    "title": "SC é o terceiro estado que mais gerou empregos na indústria no primeiro semestre de 2025 - NSC Total",
    "text": "Santa Catarina ocupa a terceira posição entre os estados brasileiros que mais geraram empregos na indústria durante o primeiro semestre de 2025, ficando atrás apenas de São Paulo e Minas Gerais. De acordo com dados do Novo Cadastro Geral de Empregados e Desempregados (Caged), do total de 80,4 mil novos postos de trabalho formais criados durante o período, 42 mil foram no setor industrial.\nContinua depois da publicidade\nO desempenho entre janeiro e junho de 2025, no entanto, já mostra sinais de desaquecimento da produção. Segundo Mario Cezar de Aguiar, presidente da Federação das Indústrias de Santa Catarina (FIESC), a maioria dos setores industriais apresentou saldo inferior ao registrado no primeiro semestre do ano passado.\nO setor de máquinas e equipamentos se destaca dentro dos setores da indústria que tiveram aumento de vagas em relação ao primeiro semestre de 2024. O ramo gerou 4,2 mil empregos no período, um aumento de 55,6% na comparação com o mesmo período do ano anterior. O resultado foi impactado pela produção de tratores e máquinas e equipamentos voltados à agropecuária, segundo o Observatório FIESC.\nEntre os empregos industriais, a construção civil foi o segmento que mais criou vagas: 12,1 mil, com destaque para o Litoral Norte de Santa Catarina. O segmento têxtil, de confecção, couro e calçados foi o segundo na geração de empregos, com 6,1 mil novas oportunidades no primeiro semestre. De acordo o economista Bruno Haeming, o ramo se mostrou resiliente, puxado pelo consumo das famílias, a despeito da perda de fôlego da economia\n— Em relação ao mesmo período do ano passado, o saldo de vagas apresentou leve recuo, refletindo sinais de moderação na atividade econômica — diz.\nContinua depois da publicidade\nO setor de alimentos e bebidas também apresentou saldo positivo de 4,2 mil empregos com carteira assinada até junho deste ano.\n— Surpreendeu na análise o crescimento de vagas em atividades como produção de suplementos, granolas, misturas e alimentos voltados à praticidade e alimentos funcionais — destacou Haeming.\nServiços gerou 31,3 mil novas vagas no primeiro semestre No primeiro semestre de 2025, o segmento de serviços gerou 31,3 mil novas vagas, enquanto o comércio criou 6,7 mil postos de trabalho formais. A agropecuária registrou saldo positivo de 385 vagas no ano até junho.\nConsiderando apenas junho, o segmento de serviços liderou a criação de empregos formais, com 3,3 mil vagas no mês. A indústria registrou 1,7 mil novos postos de trabalho, enquanto o comércio gerou 1 mil vagas. A agropecuária foi responsável por 489 oportunidades no período.\nContinua depois da publicidade\nLeia mais SC cria 6,5 mil vagas de emprego em junho com salários entre os maiores do país",
    "highlightText": "",
    "highlightTitle": "",
    "highlightThreadTitle": "",
    "language": "portuguese",
    "sentiment": "positive",
    "categories": [
        "Economy, Business and Finance",
        "Social Issue",
        "Labor"
    ],
    "topics": [
        "Economy, Business and Finance->economy",
        "Economy, Business and Finance->human resources",
        "Social Issue->social condition",
        "Social Issue->demographics",
        "Social Issue->population and census",
        "Labor->employee",
        "Labor->employment",
        "Labor->labour market"
    ],
    "ai_allow": true,
    "has_canonical": false,
    "breaking": true,
    "webz_reporter": false,
    "external_links": [],
    "external_images": [],
    "internal_images": [],
    "entities": {
        "persons": [],
        "locations": [],
        "organizations": []
    },
    "syndication": {
        "syndicated": null,
        "syndicate_id": null,
        "first_syndicated": false
    },
    "trust": {
        "categories": [],
        "top_news": [
            "top_news_br",
            "top_news"
        ],
        "bias": null,
        "source": {
            "type": null,
            "city": null,
            "state": null,
            "country": null,
            "domain_type": null,
            "agency": null,
            "organization_name": null
        }
    },
    "rating": null,
    "crawled": "2025-08-08T00:42:40.628+03:00",
    "updated": "2025-08-09T01:04:26.000+03:00"
}