{
    "thread": {
        "uuid": "1c95323348415f519242dbb9c3a322abc81d3ed3",
        "url": "https://www.virgilio.it/italia/bologna/notizielocali/autorizzate_oltre_9_300_nuove_assunzioni_nelle_pa-75561658.html",
        "site_full": "www.virgilio.it",
        "site": "virgilio.it",
        "site_section": "https://www.virgilio.it/italia/borgo-san-lorenzo",
        "site_categories": [
            "media",
            "top_news_it",
            "top_news"
        ],
        "section_title": "Virgilio Borgo San Lorenzo: Notizie ed Eventi a Borgo San Lorenzo",
        "site_title": "Virgilio: Mail, Login, Ultime Notizie in tempo reale e tanto altro!",
        "title": "Autorizzate Oltre 9 300 Nuove Assunzioni nelle pa - Bologna",
        "title_full": "Autorizzate Oltre 9 300 Nuove Assunzioni nelle pa - Bologna",
        "published": "2025-08-08T18:01:00.000+03:00",
        "replies_count": 0,
        "participants_count": 1,
        "site_type": "news",
        "country": "IT",
        "main_image": "https://img.plug.it/img_newsreg_mid/6/6/6/55344666.jpg",
        "performance_score": 0,
        "domain_rank": 5130,
        "domain_rank_updated": "2025-06-03T00:00:00.000+03:00",
        "licensing_agency": [],
        "social": {
            "facebook": {
                "likes": 0,
                "comments": 0,
                "shares": 0
            },
            "vk": {
                "shares": 0
            }
        }
    },
    "uuid": "1c95323348415f519242dbb9c3a322abc81d3ed3",
    "url": "https://www.virgilio.it/italia/bologna/notizielocali/autorizzate_oltre_9_300_nuove_assunzioni_nelle_pa-75561658.html",
    "ord_in_thread": 0,
    "author": "Bologna",
    "published": "2025-08-08T18:01:00.000+03:00",
    "title": "Autorizzate Oltre 9 300 Nuove Assunzioni nelle pa - Bologna",
    "text": "Autorizzate oltre 9.300 nuove assunzioni nelle PA\nROMA \" Via libera al reclutamento e all'assunzione a tempo indeterminato di 9.300 unità di personale destinate a 33 amministrazioni, con un onere complessivo di circa 300 milioni. Il... Leggi tutta la notizia\nPOLITICA",
    "highlightText": "",
    "highlightTitle": "",
    "highlightThreadTitle": "",
    "language": "italian",
    "sentiment": "positive",
    "categories": [
        "Economy, Business and Finance",
        "Labor",
        "Education"
    ],
    "topics": [
        "Economy, Business and Finance->business information",
        "Economy, Business and Finance->human resources",
        "Economy, Business and Finance->business governance",
        "Labor->labour market",
        "Labor->employment",
        "Labor->employer",
        "Education->state school",
        "Education->teachers",
        "Education->vocational education"
    ],
    "ai_allow": true,
    "has_canonical": false,
    "breaking": true,
    "webz_reporter": false,
    "external_links": [
        "https://www.bologna2000.com/2025/08/08/autorizzate-oltre-9-300-nuove-assunzioni-nelle-pa/",
        "https://www.bologna2000.com/2025/08/08/autorizzate-oltre-9-300-nuove-assunzioni-nelle-pa",
        "https://bologna2000.com/2025/08/08/autorizzate-oltre-9-300-nuove-assunzioni-nelle-pa/"
    ],
    "external_images": [],
    "internal_images": [],
    "entities": {
        "persons": [],
        "locations": [],
        "organizations": []
    },
    "syndication": {
        "syndicated": null,
        "syndicate_id": null,
        "first_syndicated": false
    },
    "trust": {
        "categories": [],
        "top_news": [
            "top_news_it",
            "top_news"
        ],
        "bias": null,
        "source": {
            "type": null,
            "city": null,
            "state": null,
            "country": null,
            "domain_type": null,
            "agency": null,
            "organization_name": null
        }
    },
    "rating": null,
    "crawled": "2025-08-08T18:36:29.873+03:00",
    "updated": "2025-08-09T19:04:45.000+03:00"
}