{
    "thread": {
        "uuid": "c0306a6039c5beb996566ed8704603c69f801b82",
        "url": "https://www.fd.ru/news/59895-rabotodateli-gotovy-platit-takim-spetsialistam-na-30-bolshe",
        "site_full": "www.fd.ru",
        "site": "fd.ru",
        "site_section": "https://www.fd.ru/news",
        "site_categories": [
            "tax_planning",
            "credit_debt_and_loans",
            "finance"
        ],
        "section_title": "Новости | Журнал &quot;Финансовый директор&quot;",
        "site_title": "Практический журнал по управлению финансами Финансовый Директор",
        "title": "Работодатели готовы платить таким специалистам на 30% больше",
        "title_full": "Работодатели готовы платить таким специалистам на 30% больше",
        "published": "2025-08-05T05:00:00.000+03:00",
        "replies_count": 0,
        "participants_count": 0,
        "site_type": "news",
        "country": "RU",
        "main_image": "https://www.fd.ru/themes/fd_ru/assets/frontend/images/fblogo.png",
        "performance_score": 0,
        "domain_rank": 144106,
        "domain_rank_updated": "2025-06-03T00:00:00.000+03:00",
        "licensing_agency": [],
        "social": {
            "facebook": {
                "likes": 0,
                "comments": 0,
                "shares": 0
            },
            "vk": {
                "shares": 0
            }
        }
    },
    "uuid": "c0306a6039c5beb996566ed8704603c69f801b82",
    "url": "https://www.fd.ru/news/59895-rabotodateli-gotovy-platit-takim-spetsialistam-na-30-bolshe",
    "ord_in_thread": 0,
    "author": null,
    "published": "2025-08-05T05:00:00.000+03:00",
    "title": "Работодатели готовы платить таким специалистам на 30% больше",
    "text": "Коллега, здравствуйте! В российских компаниях растет спрос на специалистов, владеющих современными навыками финансового анализа. Согласно исследованию Финансового университета при Правительстве РФ работодатели готовы платить таким специалистам на 30% больше.\nВысшая школа финансового директора подготовила тест, который поможет определить, какой вы финансовый аналитик. После прохождения теста в первом уроке программы вас ждет подарок.\nТест находится внизу самого первого урока курса.\nПереходите в него, оформив пробный бесплатный доступ на 7 дней.\nЕсли затрудняетесь с ответами, то рекомендуем вам изучить практические курсы из программы “Финансовый аналитик: оценка, прогнозирование, финансовое моделирование”. У вас будет бесплатный доступ на 7 дней. За время доступа вы можете посмотреть любые видео-уроки, прокачать свои навыки и упростить работу с помощью готовых моделей и шаблонов.\nАктивировать бесплатный доступ\nВ программе профессиональной переподготовки “Финансовый аналитик: оценка, прогнозирование, финансовое моделирование” вы научитесь:\n- правильно анализировать управленку и бюджеты\n- точно прогнозировать финансовые показатели\n- моделировать бизнес-процессы и строить сценарии\n- управлять проектами в финансовой службе\n- оценивать риски инвестиций\n- проводить анализ с помощью Юнит-экономики\n- использовать Power BI, SQL и Python в своей работе\nЧтобы продолжить учиться и получить годовой безлимитный доступ к Высшей школе финансового директора, позвоните по номеру 8 800 551 01 28 или закажите обратный звонок. Вы также можете написать нам в WhatsApp или Telegram.\nПодготовлено экспертами Актион Финансы",
    "highlightText": "",
    "highlightTitle": "",
    "highlightThreadTitle": "",
    "language": "russian",
    "sentiment": "positive",
    "categories": [
        "Economy, Business and Finance",
        "Labor"
    ],
    "topics": [
        "Economy, Business and Finance->human resources",
        "Economy, Business and Finance->business reporting and performance",
        "Labor->wages and benefits",
        "Labor->labour market",
        "Labor->employment"
    ],
    "ai_allow": true,
    "has_canonical": false,
    "breaking": null,
    "webz_reporter": false,
    "external_links": [
        "https://api.whatsapp.com/send/?phone=79165021109&text=%D0%97%D0%B4%D1%80%D0%B0%D0%B2%D1%81%D1%82%D0%B2%D1%83%D0%B9%D1%82%D0%B5%21+%D0%A3+%D0%BC%D0%B5%D0%BD%D1%8F+%D0%B2%D0%BE%D0%BF%D1%80%D0%BE%D1%81+%D0%BF%D0%BE+%D0%B4%D0%BE%D1%81%D1%82%D1%83%D0%BF%D1%83+%D0%BA+%D0%92%D1%8B%D1%81%D1%88%D0%B5%D0%B9+%D0%A8%D0%BA%D0%BE%D0%BB%D0%B5+%D1%84%D0%B8%D0%BD%D0%B4%D0%B8%D1%80%D0%B0&type=phone_number&app_absent=0",
        "https://t.me/ap_fd_bot",
        "https://api.whatsapp.com/send/",
        "https://www.api.whatsapp.com/send/?phone=79165021109&text=%D0%97%D0%B4%D1%80%D0%B0%D0%B2%D1%81%D1%82%D0%B2%D1%83%D0%B9%D1%82%D0%B5%21+%D0%A3+%D0%BC%D0%B5%D0%BD%D1%8F+%D0%B2%D0%BE%D0%BF%D1%80%D0%BE%D1%81+%D0%BF%D0%BE+%D0%B4%D0%BE%D1%81%D1%82%D1%83%D0%BF%D1%83+%D0%BA+%D0%92%D1%8B%D1%81%D1%88%D0%B5%D0%B9+%D0%A8%D0%BA%D0%BE%D0%BB%D0%B5+%D1%84%D0%B8%D0%BD%D0%B4%D0%B8%D1%80%D0%B0&type=phone_number&app_absent=0",
        "https://www.t.me/ap_fd_bot"
    ],
    "external_images": [],
    "internal_images": [],
    "entities": {
        "persons": [],
        "locations": [],
        "organizations": []
    },
    "syndication": {
        "syndicated": null,
        "syndicate_id": null,
        "first_syndicated": false
    },
    "trust": {
        "categories": [],
        "top_news": [],
        "bias": null,
        "source": {
            "type": null,
            "city": null,
            "state": null,
            "country": null,
            "domain_type": null,
            "agency": null,
            "organization_name": null
        }
    },
    "rating": null,
    "crawled": "2025-08-07T20:38:40.658+03:00",
    "updated": "2025-08-07T20:43:12.000+03:00"
}