{
    "thread": {
        "uuid": "a6bea15849e726110ac6885d288074f0d611e06f",
        "url": "https://uz.kursiv.media/2025-08-07/yuzhnaya-koreya-sozdast-kompleksnuyu-sistemu-podderzhki-dlya-inostrannyh-rabochih/",
        "site_full": "uz.kursiv.media",
        "site": "kursiv.media",
        "site_section": "https://uz.kursiv.media",
        "site_categories": [],
        "section_title": "Kursiv Media Узбекистан — последние новости в стране и мире",
        "site_title": null,
        "title": "Южная Корея создаст комплексную систему поддержки для иностранных рабочих",
        "title_full": "Южная Корея создаст комплексную систему поддержки для иностранных рабочих",
        "published": "2025-08-07T08:31:00.000+03:00",
        "replies_count": 0,
        "participants_count": 1,
        "site_type": "news",
        "country": "KZ",
        "main_image": "https://cdn-uz.kursiv.media/wp-content/uploads/2025/08/eae33fbe99bd9573e629.jpg",
        "performance_score": 0,
        "domain_rank": 32622,
        "domain_rank_updated": "2025-06-03T00:00:00.000+03:00",
        "licensing_agency": [],
        "social": {
            "facebook": {
                "likes": 0,
                "comments": 0,
                "shares": 0
            },
            "vk": {
                "shares": 0
            }
        }
    },
    "uuid": "a6bea15849e726110ac6885d288074f0d611e06f",
    "url": "https://uz.kursiv.media/2025-08-07/yuzhnaya-koreya-sozdast-kompleksnuyu-sistemu-podderzhki-dlya-inostrannyh-rabochih/",
    "ord_in_thread": 0,
    "author": "Елена Ким",
    "published": "2025-08-07T08:31:00.000+03:00",
    "title": "Южная Корея создаст комплексную систему поддержки для иностранных рабочих",
    "text": "Южная Корея создаст комплексную систему поддержки для иностранных рабочих\nВласти будут придерживаться принципа нулевой терпимости к нарушениям прав мигрантов. Фото: EPA / YONHAP / ТАСС\nПравительство Южной Кореи разработает систему поддержки, которая охватит трудовые условия, промышленную безопасность и услуги занятости для всех иностранных работников. Об этом заявил министр труда Ким Ён Хун на конференции EPS 2025, посвященной улучшению системы трудоустройства мигрантов.\nПо его словам, власти будут придерживаться принципа нулевой терпимости к нарушениям прав мигрантов и усиливать меры по профилактике производственного травматизма. Также планируется улучшить жилищные условия, расширить доступ к консультациям и другим видам помощи в повседневной жизни.\nКонференция EPS 2025 прошла 6 августа в Сеуле. В ней приняли участие более 100 человек, в том числе представители стран, откуда приезжают рабочие, работодатели и сотрудники министерства труда. Система разрешений на трудоустройство (EPS) позволяет малым и средним предприятиям нанимать иностранных рабочих без профессионального образования. Сейчас в ней участвуют 17 стран, включая Узбекистан.\nРанее Kursiv Uzbekistan писал, что в рамках мероприятия были отмечены лучшие примеры участия в программе. Премию министра труда получил рабочий из Узбекистана Акбар, который в свободное время учил корейский язык и проходил обучение.",
    "highlightText": "",
    "highlightTitle": "",
    "highlightThreadTitle": "",
    "language": "russian",
    "sentiment": "positive",
    "categories": [
        "Economy, Business and Finance",
        "Labor",
        "Social Issue"
    ],
    "topics": [
        "Economy, Business and Finance->economy",
        "Economy, Business and Finance->human resources",
        "Economy, Business and Finance->business governance",
        "Labor->labour market",
        "Labor->employment",
        "Labor->employer",
        "Social Issue->immigration",
        "Social Issue->social services"
    ],
    "ai_allow": true,
    "has_canonical": false,
    "breaking": false,
    "webz_reporter": false,
    "external_links": [
        "https://www.yna.co.kr/view/AKR20250805131900530?section=search",
        "https://yna.co.kr/view/AKR20250805131900530?section=search",
        "https://www.yna.co.kr/view/AKR20250805131900530"
    ],
    "external_images": [],
    "internal_images": [],
    "entities": {
        "persons": [],
        "locations": [],
        "organizations": []
    },
    "syndication": {
        "syndicated": null,
        "syndicate_id": null,
        "first_syndicated": false
    },
    "trust": {
        "categories": [],
        "top_news": [],
        "bias": null,
        "source": {
            "type": null,
            "city": null,
            "state": null,
            "country": null,
            "domain_type": null,
            "agency": null,
            "organization_name": null
        }
    },
    "rating": null,
    "crawled": "2025-08-07T08:41:31.322+03:00",
    "updated": "2025-08-07T08:45:07.000+03:00"
}