{
    "thread": {
        "uuid": "34ad3ffe1878ce7f3f28d4dc579edd930683e67c",
        "url": "http://news.hexun.com/2025-08-08/220796567.html",
        "site_full": "news.hexun.com",
        "site": "hexun.com",
        "site_section": "http://news.hexun.com/listedcompany/",
        "site_categories": [
            "financial_news",
            "finance"
        ],
        "section_title": "公司新闻-新闻频道-和讯网",
        "site_title": null,
        "title": "胖东来，招1000人！-新闻频道-和讯网",
        "title_full": "胖东来，招1000人！-新闻频道-和讯网",
        "published": "2025-08-08T07:04:00.000+03:00",
        "replies_count": 0,
        "participants_count": 0,
        "site_type": "news",
        "country": "CN",
        "main_image": "http://i9.hexun.com/2020-01-09/199909894.jpg",
        "performance_score": 0,
        "domain_rank": 1790,
        "domain_rank_updated": "2025-06-03T00:00:00.000+03:00",
        "licensing_agency": [],
        "social": {
            "facebook": {
                "likes": 0,
                "comments": 0,
                "shares": 0
            },
            "vk": {
                "shares": 0
            }
        }
    },
    "uuid": "34ad3ffe1878ce7f3f28d4dc579edd930683e67c",
    "url": "http://news.hexun.com/2025-08-08/220796567.html",
    "ord_in_thread": 0,
    "author": null,
    "published": "2025-08-08T07:04:00.000+03:00",
    "title": "胖东来，招1000人！-新闻频道-和讯网",
    "text": "胖东来，招1000人！ 2025-08-08 12:04:44 每日经济新闻 每经AI快讯，8月8日，胖东来创始人于东来在社交平台发布消息称，新乡胖东来三胖店开始进入招工阶段，此次预计招工名额在1000人左右。\n每日经济新闻\n（责任编辑：王治强 HF013） 【免责声明】本文仅代表作者本人观点，与和讯网无关。和讯网站对文中陈述、观点判断保持中立，不对所包含内容的准确性、可靠性或完整性提供任何明示或暗示的保证。请读者仅作参考，并请自行承担全部责任。邮箱：news_center@staff.hexun.com",
    "highlightText": "",
    "highlightTitle": "",
    "highlightThreadTitle": "",
    "language": "chinese",
    "sentiment": "positive",
    "categories": [
        "Economy, Business and Finance",
        "Social Issue",
        "Labor"
    ],
    "topics": [
        "Economy, Business and Finance->business governance",
        "Economy, Business and Finance->human resources",
        "Social Issue->social condition",
        "Social Issue->communities",
        "Labor->labour market",
        "Labor->employer",
        "Labor->employment"
    ],
    "ai_allow": true,
    "has_canonical": false,
    "breaking": null,
    "webz_reporter": false,
    "external_links": [
        "https://www.nbd.com.cn/rss/hexun/articles/4005529.html",
        "https://nbd.com.cn/rss/hexun/articles/4005529.html"
    ],
    "external_images": [],
    "internal_images": [],
    "entities": {
        "persons": [],
        "locations": [],
        "organizations": []
    },
    "syndication": {
        "syndicated": null,
        "syndicate_id": null,
        "first_syndicated": false
    },
    "trust": {
        "categories": [],
        "top_news": [],
        "bias": null,
        "source": {
            "type": null,
            "city": null,
            "state": null,
            "country": null,
            "domain_type": null,
            "agency": null,
            "organization_name": null
        }
    },
    "rating": null,
    "crawled": "2025-08-08T10:00:56.436+03:00",
    "updated": "2025-08-08T10:04:03.000+03:00"
}