{
    "thread": {
        "uuid": "928f1d714611dd937d8c9a17b62940942704de67",
        "url": "https://zab-news.ru/society/2025/10/09/25876.html",
        "site_full": "zab-news.ru",
        "site": "zab-news.ru",
        "site_section": "https://zab-news.ru/society",
        "site_categories": [],
        "section_title": "Общество - Лента новостей Забайкалья",
        "site_title": "Лента новостей Забайкалья",
        "title": "В Забайкалье стартует строительство двух новых энергоблоков на Харанорской ГРЭС - Лента новостей Забайкалья",
        "title_full": "В Забайкалье стартует строительство двух новых энергоблоков на Харанорской ГРЭС - Лента новостей Забайкалья",
        "published": "2025-10-09T07:17:00.000+03:00",
        "replies_count": 0,
        "participants_count": 1,
        "site_type": "news",
        "country": "RU",
        "main_image": "https://zab-news.ru/img/20251009/95bdb48406a14b11cfbc6450f084978b_o.jpg",
        "performance_score": 0,
        "domain_rank": 26699,
        "domain_rank_updated": "2025-10-06T00:00:00.000+03:00",
        "licensing_agency": [],
        "social": {
            "facebook": {
                "likes": 0,
                "comments": 0,
                "shares": 0
            },
            "vk": {
                "shares": 0
            }
        }
    },
    "uuid": "928f1d714611dd937d8c9a17b62940942704de67",
    "url": "https://zab-news.ru/society/2025/10/09/25876.html",
    "ord_in_thread": 0,
    "author": "ГТРК \"Чита\"",
    "published": "2025-10-09T07:17:00.000+03:00",
    "title": "В Забайкалье стартует строительство двух новых энергоблоков на Харанорской ГРЭС - Лента новостей Забайкалья",
    "text": "В Забайкалье стартует строительство двух новых энергоблоков на Харанорской ГРЭС\nИсторическое событие для энергетической отрасли Забайкальского края — в эти минуты проходит церемония старта строительства двух новых энергоблоков на Харанорской ГРЭС.\nМасштабный проект реализуется Группой «Интер РАО». Каждый из новых энергоблоков мощностью 230 МВт будет оснащён современным оборудованием российского производства. В церемонии старта строительства принимают участие губернатор Забайкальского края Александр Осипов, руководители «ИнтерРАО», ветераны отрасли.",
    "highlightText": "",
    "highlightTitle": "",
    "highlightThreadTitle": "",
    "language": "russian",
    "sentiment": "positive",
    "categories": [
        "Economy, Business and Finance",
        "Politics",
        "Social Issue"
    ],
    "topics": [
        "Economy, Business and Finance->energy and resource",
        "Social Issue->social problem"
    ],
    "ai_allow": true,
    "has_canonical": false,
    "breaking": false,
    "webz_reporter": false,
    "external_links": [],
    "external_images": [],
    "internal_images": [],
    "entities": {
        "persons": [],
        "locations": [],
        "organizations": []
    },
    "syndication": {
        "syndicated": null,
        "syndicate_id": null,
        "first_syndicated": false
    },
    "trust": {
        "categories": [],
        "top_news": [],
        "bias": null,
        "source": {
            "type": null,
            "city": null,
            "state": null,
            "country": null,
            "domain_type": null,
            "agency": null,
            "organization_name": null
        }
    },
    "rating": null,
    "crawled": "2025-10-09T07:38:35.904+03:00",
    "updated": "2025-10-09T07:40:34.000+03:00"
}