{
    "thread": {
        "uuid": "f2303f25e425dbb1358a14f769e9e4fcc16d1e8f",
        "url": "https://www.targatocn.it/2025/10/09/leggi-notizia/argomenti/solidarieta/articolo/un-futuro-per-arlo-quando-la-speranza-diventa-cura.html",
        "site_full": "www.targatocn.it",
        "site": "targatocn.it",
        "site_section": "http://www.targatocn.it/rss.xml",
        "site_categories": [
            "media",
            "top_news_it",
            "top_news"
        ],
        "section_title": "TargatoCn.it",
        "site_title": "Targatocn.it&nbsp;-&nbsp;Notizie provincia di Cuneo - News e video in tempo reale di cronaca, politica, attualità, eventi",
        "title": "Ad Alba la campagna di Diapsi per restituire dignità e autonomia a chi convive con la sofferenza mentale",
        "title_full": "Ad Alba la campagna di Diapsi per restituire dignità e autonomia a chi convive con la sofferenza mentale",
        "published": "2025-10-09T07:09:00.000+03:00",
        "replies_count": 0,
        "participants_count": 1,
        "site_type": "news",
        "country": "IT",
        "main_image": "https://www.targatocn.it/fileadmin/archivio/lavocedialba/2025/10/img-68e67f1a4a0b3-diapsi_arlo_4.jpeg",
        "performance_score": 0,
        "domain_rank": 65066,
        "domain_rank_updated": "2025-10-06T00:00:00.000+03:00",
        "licensing_agency": [],
        "social": {
            "facebook": {
                "likes": 0,
                "comments": 0,
                "shares": 0
            },
            "vk": {
                "shares": 0
            }
        }
    },
    "uuid": "f2303f25e425dbb1358a14f769e9e4fcc16d1e8f",
    "url": "https://www.targatocn.it/2025/10/09/leggi-notizia/argomenti/solidarieta/articolo/un-futuro-per-arlo-quando-la-speranza-diventa-cura.html",
    "ord_in_thread": 0,
    "author": "Gabriella Fazio",
    "published": "2025-10-09T07:09:00.000+03:00",
    "title": "Ad Alba la campagna di Diapsi per restituire dignità e autonomia a chi convive con la sofferenza mentale",
    "text": "C’è un mondo silenzioso, nascosto dietro le porte delle case e i corridoi delle strutture sanitarie. È il mondo di chi convive ogni giorno con la malattia psichica. Un mondo che non fa rumore, perché spesso non può. Un mondo che troppo a lungo è stato lasciato solo.\nA dare voce a queste persone c’è Di.A.Psi Alba Bra, associazione che opera in difesa dell’ammalato psichico. Da anni lavora con una missione semplice e rivoluzionaria insieme: restituire dignità a chi la sofferenza mentale l’ha conosciuta da vicino — nel corpo, nella mente o nello sguardo di qualcuno che ama.\nL’associazione, formata da utenti, familiari, operatori e liberi cittadini (tutti volontari), aderisce al movimento nazionale Le Parole Ritrovate e collabora con i servizi di salute mentale dell’Asl Cn2, i servizi socio assistenziali, altri enti del terzo settore. Il loro obiettivo è chiaro: far sentire meno soli chi soffre, e meno impotenti le famiglie che ogni giorno si misurano con la fragilità, l’incomprensione e il pregiudizio.\nNella nostra Asl (Alba, Bra e altri 73 comuni), ci sono ben 3.000 persone che soffrono di disturbi psichiatrici più o meno gravi. Su una popolazione di 160.000 abitanti questo significa che una famiglia ogni 15-20 deve affrontare questo problema.\nCarola Pizzorni, presidente di Di.A.Psi Alba Bra, spiega: \"La nostra associazione opera nel campo della salute mentale, con l'obiettivo di offrire uno spazio di partecipazione per utenti, familiari, operatori e cittadini, in modo da individuare e realizzare insieme delle proposte concrete. Come familiare ho potuto appurare in prima persona quanto sia importante avere un riferimento di condivisione e di supporto, che aiuta innanzi tutto a superare la solitudine e lo sconforto. La mia esperienza è iniziata con la frequentazione del gruppo di auto mutuo aiuto di Alba, un'esperienza che raccomando a tutti: chi lo desidera può mettersi in contatto con noi per partecipare ai gruppi di familiari o utenti che abbiamo ad Alba e Bra. Abbiamo partecipato attivamente al progetto Arlo, sia contribuendo alla progettazione e alla gestione, sia come beneficiari.\nI risultati sono stati possibili grazie alla rete e alla collaborazione delle organizzazioni che si occupano di salute mentale sul territorio: l'ASL Cuneo2, i Consorzi socio assistenziali di Alba e Bra, la capofila Progetto Emmaus e gli altri enti del terzo settore. Attraverso Arlo gli utenti hanno potuto iniziare un percorso personalizzato e riprendere il filo della loro vita, adesso naturalmente è necessario non interrompere tutto ma proseguire questa esperienza. Per questo abbiamo lanciato la campagna di crowdfounding e siamo fiduciosi che la nostra comunità possa mobilitarsi. Purtroppo di salute mentale si parla molto quando ci sono casi eclatanti o delle emergenze.\nCon Arlo, invece, i promotori hanno iniziato concretamente a lavorare insieme per pensare e sperimentare forme di collaborazione che hanno come punto di forza il coinvolgimento attivo, oltre che degli operatori, anche di utenti, familiari e della cittadinanza\".\nARLO, UN NOME PER DIRE FUTURO E SPERANZA\nDa questo impegno è nato il Progetto Arlo, un percorso che aiuta le persone con disagio psichico a ricostruire la propria vita nei tre ambiti fondamentali dell’esistenza: la socialità, il lavoro e la casa.\nUn cammino verso la \"recovery\", cioè verso la possibilità concreta di riprendersi la propria vita, passo dopo passo. Il progetto era stato finanziato dalla Compagnia di San Paolo, ma oggi ha bisogno di nuova linfa per continuare.\nServono 140 mila euro, da reperire al più presto, per dare continuità ed estendere un modello di cura che funziona perché mette al centro la persona — non la malattia.\nPer questo Di.A.Psi ha lanciato la campagna di raccolta fondi “Un futuro per Arlo”, con l’obiettivo di coinvolgere almeno 40 persone nel 2026, costruendo per ciascuna un percorso di vita personalizzato insieme a operatori, familiari e comunità.\nSostenere la campagna significa molto più che fare una donazione.\nSignifica credere che anche chi vive una sofferenza mentale ha diritto a una vita degna, fatta di relazioni, autonomia, lavoro.\nSignifica aiutare un padre, una madre, un figlio, un amico a non arrendersi alla malattia ma a continuare a cercare il proprio posto nel mondo.\nPerché la malattia psichica non toglie il diritto di essere felici. Toglie solo, spesso, la possibilità di esserlo da soli.\nCOME CONTRIBUIRE\nOgni contributo, anche piccolo, può fare la differenza.\nIl costo medio per garantire un anno di percorso a una persona è di 3.500 euro, oppure 300 euro al mese.\nÈ possibile donare:\n-sulla piattaforma GoFundMe\n￼- con Satispay￼\n-oppure con bonifico bancario su Banca d’Alba, IBAN IT26W085302250500000293497\nLe donazioni sono deducibili o detraibili.\nPer ricevere la ricevuta o maggiori informazioni è possibile scrivere a segreteria@diapsialbabra.it.",
    "highlightText": "",
    "highlightTitle": "",
    "highlightThreadTitle": "",
    "language": "italian",
    "sentiment": "positive",
    "categories": [
        "Health",
        "Social Issue"
    ],
    "topics": [
        "Health->mental health and disorder",
        "Social Issue->social problem"
    ],
    "ai_allow": true,
    "has_canonical": false,
    "breaking": true,
    "webz_reporter": false,
    "external_links": [
        "https://www.satispay.com/app/open/shops/984edb8c-22e5-43c0-b21f-22728edefeca",
        "https://gofund.me/31081772e",
        "https://satispay.com/app/open/shops/984edb8c-22e5-43c0-b21f-22728edefeca",
        "https://www.gofund.me/31081772e"
    ],
    "external_images": [],
    "internal_images": [],
    "entities": {
        "persons": [],
        "locations": [],
        "organizations": [
            {
                "name": " Le Parole Ritrovat",
                "sentiment": "none",
                "tickers": []
            },
            {
                "name": "(Alb",
                "sentiment": "none",
                "tickers": []
            }
        ]
    },
    "syndication": {
        "syndicated": null,
        "syndicate_id": null,
        "first_syndicated": false
    },
    "trust": {
        "categories": [],
        "top_news": [
            "top_news_it",
            "top_news"
        ],
        "bias": null,
        "source": {
            "type": null,
            "city": null,
            "state": null,
            "country": null,
            "domain_type": null,
            "agency": null,
            "organization_name": null
        }
    },
    "rating": null,
    "crawled": "2025-10-09T07:41:26.813+03:00",
    "updated": "2025-10-09T07:44:51.000+03:00"
}