{
    "thread": {
        "uuid": "50c5992001e7444f06be10469d929f4e5e214cea",
        "url": "https://finance.eastmoney.com/a/202510093529326964.html",
        "site_full": "finance.eastmoney.com",
        "site": "eastmoney.com",
        "site_section": "http://finance.eastmoney.com/yaowen.html",
        "site_categories": [
            "financial_news",
            "finance"
        ],
        "section_title": "焦点 - 东方财富网",
        "site_title": null,
        "title": "48家股获券商推荐，中国国航目标价涨幅达70%｜券商评级观察 _ 东方财富网",
        "title_full": "48家股获券商推荐，中国国航目标价涨幅达70%｜券商评级观察 _ 东方财富网",
        "published": "2025-10-09T06:37:00.000+03:00",
        "replies_count": 0,
        "participants_count": 1,
        "site_type": "news",
        "country": "CN",
        "main_image": "",
        "performance_score": 0,
        "domain_rank": 4704,
        "domain_rank_updated": "2025-10-06T00:00:00.000+03:00",
        "licensing_agency": [],
        "social": {
            "facebook": {
                "likes": 0,
                "comments": 0,
                "shares": 0
            },
            "vk": {
                "shares": 0
            }
        }
    },
    "uuid": "50c5992001e7444f06be10469d929f4e5e214cea",
    "url": "https://finance.eastmoney.com/a/202510093529326964.html",
    "ord_in_thread": 0,
    "author": "21世纪经济报道",
    "published": "2025-10-09T06:37:00.000+03:00",
    "title": "48家股获券商推荐，中国国航目标价涨幅达70%｜券商评级观察 _ 东方财富网",
    "text": "节后第一个交易日（10月9日），A股三大指数集体高开，沪指盘中突破3900点，续创10年新高，沪深京三市上涨个股近3000只。\n　　A股上一个交易日，券商推荐的个股有哪些？南财投研通数据显示，9月30日，有48家上市公司得到券商推荐，包括 居然智家 、 三峡能源 、 中国电建 等均获得1家券商推荐。\n　　目标价方面，9月30日，券商给予上市公司目标价共21次，按最新收盘价计算，目标价涨幅排名居前的公司有 中国国航 、 稳健医疗 、 天安新材 ，目标价涨幅分别为70.92%、56.81%、43.59%，分别属于 航空机场 、个护用品、家居用品行业。\n　　评级调高方面，9月30日，券商调高上市公司评级为2家次，最新数据包括了 东北证券 对 天安新材 的评级从“增持”调高至“买入”， 中信证券 对 奥特维 的评级从“增持”调高至“买入”。\n　　首次覆盖方面，9月30日券商共给出了10次首次覆盖，其中 安迪苏 获得 东吴证券 给予“买入”评级， 天安新材 获得 东北证券 给予“买入”评级， 亚星锚链 获得湘财 证券 给予“买入”评级， 柳药集团 获得中邮 证券 给予“买入”评级， 沃尔核材 获得 华安证券 给予“买入”评级。\n（文章来源：21世纪经济报道）",
    "highlightText": "",
    "highlightTitle": "",
    "highlightThreadTitle": "",
    "language": "chinese",
    "sentiment": "positive",
    "categories": [
        "Economy, Business and Finance",
        "Politics",
        "Social Issue"
    ],
    "topics": [
        "Economy, Business and Finance->market and exchange",
        "Economy, Business and Finance->business and market analysis",
        "Economy, Business and Finance->investment and opinion pieces",
        "Politics->economic policy",
        "Politics->government budget",
        "Social Issue->social condition"
    ],
    "ai_allow": true,
    "has_canonical": false,
    "breaking": null,
    "webz_reporter": false,
    "external_links": [],
    "external_images": [],
    "internal_images": [],
    "entities": {
        "persons": [],
        "locations": [],
        "organizations": []
    },
    "syndication": {
        "syndicated": null,
        "syndicate_id": null,
        "first_syndicated": false
    },
    "trust": {
        "categories": [],
        "top_news": [],
        "bias": null,
        "source": {
            "type": null,
            "city": null,
            "state": null,
            "country": null,
            "domain_type": null,
            "agency": null,
            "organization_name": null
        }
    },
    "rating": null,
    "crawled": "2025-10-09T07:42:00.718+03:00",
    "updated": "2025-10-09T07:45:54.000+03:00"
}