{
    "thread": {
        "uuid": "fb69608d01108a1734c94bec9c7cc67a9bed3d4e",
        "url": "https://www.loscabos.gob.mx/mas-de-500-personas-fueron-refugiadas-en-albergues-durante-paso-de-priscilla-en-los-cabos/",
        "site_full": "www.loscabos.gob.mx",
        "site": "loscabos.gob.mx",
        "site_section": "https://loscabos.gob.mx",
        "site_categories": [
            "real_estate",
            "apartments",
            "law_government_and_politics",
            "us_government_resources"
        ],
        "section_title": "Inicio - XV | H. XV Ayuntamiento de Los Cabos",
        "site_title": "Inicio | H. XV Ayuntamiento de Los Cabos",
        "title": "Más de 500 personas fueron refugiadas en albergues durante paso de \"Priscilla\" en Los Cabos",
        "title_full": "Más de 500 personas fueron refugiadas en albergues durante paso de \"Priscilla\" en Los Cabos",
        "published": "2025-10-09T05:23:00.000+03:00",
        "replies_count": 0,
        "participants_count": 1,
        "site_type": "news",
        "country": "MX",
        "main_image": "",
        "performance_score": 0,
        "domain_rank": null,
        "domain_rank_updated": null,
        "licensing_agency": [],
        "social": {
            "facebook": {
                "likes": 0,
                "comments": 0,
                "shares": 0
            },
            "vk": {
                "shares": 0
            }
        }
    },
    "uuid": "fb69608d01108a1734c94bec9c7cc67a9bed3d4e",
    "url": "https://www.loscabos.gob.mx/mas-de-500-personas-fueron-refugiadas-en-albergues-durante-paso-de-priscilla-en-los-cabos/",
    "ord_in_thread": 0,
    "author": "Prensa Los Cabos",
    "published": "2025-10-09T05:23:00.000+03:00",
    "title": "Más de 500 personas fueron refugiadas en albergues durante paso de \"Priscilla\" en Los Cabos",
    "text": "El refugio con mayor número de personas fue la Primaria Valentín Gómez Farías\nen San José del Cabo, con 78 refugiados\nLos Cabos, Baja California Sur.– Un total de 528 personas fueron refugiadas durante el\npaso de huracán “Priscilla”, como parte del operativo preventivo que implementó el XV\nAyuntamiento de Los Cabos, a través del Sistema para el Desarrollo Integral de la Familia\nDIF Los Cabos, que preside Sol Delgado Moreno, para salvaguardar la integridad de la\npoblación ante las intensas lluvias registradas.\nEn total, se habilitaron 23 refugios temporales: 8 en San José del Cabo, 7 en Cabo San\nLucas, 1 en Miraflores, 3 en Santiago y 4 en La Ribera, los cuales se mantuvieron en\noperación durante la contingencia bajo la coordinación del Consejo Municipal de\nProtección Civil.\nEn San José del Cabo, se brindó resguardo a 220 personas en espacios educativos como la\nPrimaria Venustiano Carranza, la Primaria Paula Olachea Montejano, la Secundaria Técnica\nNo. 14, la Primaria Jacinto Rochín Pino, el CECYT 04, la Primaria Valentín Gómez Farías, la\nSecundaria No. 42 y la Primaria Felipe de Jesús Pedroza.\nEn Cabo San Lucas, los refugios habilitados —entre ellos la Primaria Juana Inés de la Cruz,\nla Primaria Lázaro Cárdenas del Río/Narciso Mendoza, Los Niños del Capitán, Primaria\nFernando I. Cota, Primaria Heroes de 1847, Telesecundaria No. 29 Carmen Fisher Cota y el\nCBTIS #256— recibieron a 250 personas.\nEn La Ribera, fueron atendidas 53 personas en la Telesecundaria No. 1 y la Escuela Josefa\nOrtiz de Domínguez, mientras que en Miraflores se brindó refugio a cinco personas en la\nEscuela Alfredo Green González. En Santiago, los tres refugios permanecieron en\ncondición preventiva sin recibir personas evacuadas.\nDurante este operativo, se entregaron 1,461 comidas y participaron 418 servidoras y\nservidores públicos municipales, quienes brindaron atención, apoyo médico y\nacompañamiento a las familias refugiadas.\nEl XV Ayuntamiento de Los Cabos reiteró su compromiso con la protección civil y la\nseguridad de la ciudadanía, destacando la labor coordinada de las dependencias\nmunicipales y el respaldo de los tres órdenes de gobierno para atender de manera\noportuna las necesidades de la población durante la emergencia.",
    "highlightText": "",
    "highlightTitle": "",
    "highlightThreadTitle": "",
    "language": "spanish",
    "sentiment": "positive",
    "categories": [
        "Disaster and Accident",
        "Human Interest",
        "Social Issue"
    ],
    "topics": [
        "Disaster and Accident->natural disaster",
        "Disaster and Accident->emergency response",
        "Human Interest->human mishap",
        "Social Issue->homelessness",
        "Social Issue->social condition"
    ],
    "ai_allow": true,
    "has_canonical": false,
    "breaking": null,
    "webz_reporter": false,
    "external_links": [],
    "external_images": [],
    "internal_images": [],
    "entities": {
        "persons": [
            {
                "name": "Priscilla",
                "sentiment": "none"
            }
        ],
        "locations": [
            {
                "name": "del Cabo",
                "sentiment": "none"
            },
            {
                "name": "Miraflores",
                "sentiment": "none"
            },
            {
                "name": "Santiago",
                "sentiment": "none"
            },
            {
                "name": "La",
                "sentiment": "none"
            }
        ],
        "organizations": [
            {
                "name": "Sistema para el Desarrollo Integral de la Familia\nDIF Los Cabos",
                "sentiment": "none",
                "tickers": []
            },
            {
                "name": "Consejo Municipal de\nProtección Civil",
                "sentiment": "none",
                "tickers": []
            }
        ]
    },
    "syndication": {
        "syndicated": null,
        "syndicate_id": null,
        "first_syndicated": false
    },
    "trust": {
        "categories": null,
        "top_news": [],
        "bias": null,
        "source": {
            "type": "gov_news",
            "city": [],
            "state": [],
            "country": [],
            "domain_type": null,
            "agency": null,
            "organization_name": null
        }
    },
    "rating": null,
    "crawled": "2025-10-09T07:37:34.187+03:00",
    "updated": "2025-10-09T07:47:40.000+03:00"
}