{
    "thread": {
        "uuid": "acdf1bc19d89a2cb22199e32feb5afbc19e1c019",
        "url": "https://city.news.cctv.cn/2025/10/08/ARTIhJMPiUpwMM0E9qXDANrm251008.shtml",
        "site_full": "city.news.cctv.cn",
        "site": "cctv.cn",
        "site_section": "https://cctv.cn",
        "site_categories": [],
        "section_title": "央视网_世界就在眼前",
        "site_title": "央视网_世界就在眼前",
        "title": "四川绵阳北川：\"空中体验\"与\"地面服务\"联动 \"低空+\"点燃文旅消费新引擎_央视网报_央视网(cctv.com)",
        "title_full": "四川绵阳北川：\"空中体验\"与\"地面服务\"联动 \"低空+\"点燃文旅消费新引擎_央视网报_央视网(cctv.com)",
        "published": "2025-10-08T03:00:00.000+03:00",
        "replies_count": 0,
        "participants_count": 1,
        "site_type": "news",
        "country": "CN",
        "main_image": "",
        "performance_score": 0,
        "domain_rank": 42393,
        "domain_rank_updated": "2025-10-06T00:00:00.000+03:00",
        "licensing_agency": [],
        "social": {
            "facebook": {
                "likes": 0,
                "comments": 0,
                "shares": 0
            },
            "vk": {
                "shares": 0
            }
        }
    },
    "uuid": "acdf1bc19d89a2cb22199e32feb5afbc19e1c019",
    "url": "https://city.news.cctv.cn/2025/10/08/ARTIhJMPiUpwMM0E9qXDANrm251008.shtml",
    "ord_in_thread": 0,
    "author": "张宏皓",
    "published": "2025-10-08T03:00:00.000+03:00",
    "title": "四川绵阳北川：\"空中体验\"与\"地面服务\"联动 \"低空+\"点燃文旅消费新引擎_央视网报_央视网(cctv.com)",
    "text": "央视网消息 国庆中秋双节期间，四川绵阳北川羌族自治县聚焦低空经济创新发展，以“低空+文旅”“低空+科技”“低空+研学”“低空+体育”多元业态为抓手，精心打造全民参与、全民体验的消费新场景，为假日经济不断注入新动能，并为游客带来全新的游玩体验。\n在四川北川永昌机场的飞行表演现场，一架阿若拉S60飞机腾空而起，尾部拉出的白色烟雾在空中勾勒出优美弧线，瞬间点燃现场游客的热情。自今年 5 月北川永昌机场开通三条低空旅游线路以来，“云端观光”便成为当地网红打卡项目。游客搭乘固定翼飞机，仅需数十分钟，就能将北川羌城的独特风貌尽收眼底。\n除了“云端观光”项目外，北川还打造了多个沉浸式互动体验项目，让游客从“看客”变成“参与者”。在模拟飞行体验区，5D动感平台搭配 VR 全景视窗构建的虚拟座舱前，亲子家庭与航空爱好者排起了长队。在专业教练的指导下，游客可自主操控系统，完成从永昌机场到九皇山的定制航线飞行。体验中融入的实时气象数据与高精度地形建模，更是让虚拟飞行的体验如同实景操作一般。\n无人机足球赛场同样热情满满，吸引了众多游客参与。赛场上，特制无人机在选手的操控下灵活穿梭，通过碰撞、传递展开激烈对抗，每一次成功“进球”都引发全场观众的欢呼。这种科技与体育结合的体验，深受年轻游客喜爱。游客们纷纷表示，平常很少有机会带孩子体验这种项目，刚好趁着国庆假期带孩子来玩，能够锻炼孩子，尤其是体验了无人机足球后，觉得非常刺激，这种把科技和运动结合起来的方式很有趣。\n为让低空体验真正走进大众生活，北川着力推动 “空中体验” 与 “地面服务”深度联动，从航线设计到体验项目设置，都围绕 “零门槛、高安全、强沉浸”展开。据四川绵阳北川永昌机场运营负责人郑忠浩介绍，北川主打零门槛和沉浸式体验感，打破公众对科技高高在上的距离感。无论是有人机拉烟、飞行器体验、模拟器体验还是航模表演，都配备了专业的指导员，确保游客在安全的前提下，短时间内获取乐趣。\n据统计，双节期间，北川推动低空经济从“小众尝鲜”向“大众消费”转变，相关体验项目接待游客量较平日增长近3倍，带动周边餐饮、文创、住宿及农特产品消费同比增长 20%。\n下一步，北川将继续深化“低空 +”模式，拓展更多元的低空经济业态，进一步完善基础设施建设，打造更具吸引力的低空经济消费场景，为推动地方经济发展和文旅产业融合注入新动力。（总台记者 温晓 央视网记者 邓宝仪 绵阳台）",
    "highlightText": "",
    "highlightTitle": "",
    "highlightThreadTitle": "",
    "language": "chinese",
    "sentiment": "positive",
    "categories": [
        "Science and Technology",
        "Environment",
        "Social Issue"
    ],
    "topics": [
        "Science and Technology->technology and engineering",
        "Environment->sustainability",
        "Social Issue->communities"
    ],
    "ai_allow": true,
    "has_canonical": false,
    "breaking": null,
    "webz_reporter": false,
    "external_links": [],
    "external_images": [],
    "internal_images": [],
    "entities": {
        "persons": [],
        "locations": [],
        "organizations": []
    },
    "syndication": {
        "syndicated": null,
        "syndicate_id": null,
        "first_syndicated": false
    },
    "trust": {
        "categories": [],
        "top_news": [],
        "bias": null,
        "source": {
            "type": null,
            "city": null,
            "state": null,
            "country": null,
            "domain_type": null,
            "agency": null,
            "organization_name": null
        }
    },
    "rating": null,
    "crawled": "2025-10-09T07:37:52.722+03:00",
    "updated": "2025-10-09T07:44:27.000+03:00"
}