{
    "thread": {
        "uuid": "d0c1544025738c9255679de2d36f06c9683041b2",
        "url": "https://amsterdamnews.com/news/2025/10/09/sweet-catch-bk-celebrates-3-years-with-ten-to-one-rum/",
        "site_full": "amsterdamnews.com",
        "site": "amsterdamnews.com",
        "site_section": "https://news.google.com/search?q=with%20when%3A1h&hl=en-US&gl=US&ceid=US%3Aen",
        "site_categories": [
            "media"
        ],
        "section_title": "Google News - Search",
        "site_title": "Amsterdam News - America’s most influential and oldest continuously published Black newspaper.",
        "title": "Sweet Catch BK Celebrates 3 Years with Ten to One Rum",
        "title_full": "Sweet Catch BK Celebrates 3 Years with Ten to One Rum",
        "published": "2025-10-09T07:00:00.000+03:00",
        "replies_count": 0,
        "participants_count": 1,
        "site_type": "news",
        "country": "US",
        "main_image": "https://i0.wp.com/amsterdamnews.com/wp-content/uploads/2025/10/SCBK-Pic-1-scaled.jpg?fit=2560%2C1919&ssl=1",
        "performance_score": 0,
        "domain_rank": 125427,
        "domain_rank_updated": "2025-10-06T00:00:00.000+03:00",
        "licensing_agency": [],
        "social": {
            "facebook": {
                "likes": 0,
                "comments": 0,
                "shares": 0
            },
            "vk": {
                "shares": 0
            }
        }
    },
    "uuid": "d0c1544025738c9255679de2d36f06c9683041b2",
    "url": "https://amsterdamnews.com/news/2025/10/09/sweet-catch-bk-celebrates-3-years-with-ten-to-one-rum/",
    "ord_in_thread": 0,
    "author": "BRENIKA BANKS",
    "published": "2025-10-09T07:00:00.000+03:00",
    "title": "Sweet Catch BK Celebrates 3 Years with Ten to One Rum",
    "text": "Pics/video in Sweet Catch Anniversary folder\nBrenika Banks video caption:\nSweet Catch BK, Black-owned by Ka-Wana Jefferson, teams up with Ten to One Black-owned Caribbean rum. Jefferson and the rum company’s market manager, Eli Servance III, speak about the importance of Black ownership within the hospitality industry as well as its challenges. Amongst those challenges, Sweet Catch BK prevails while celebrating its third anniversary. (Brenika Banks video)\nThe importance of Black ownership within the hospitality industry is critical, especially in predominantly Caribbean and Black neighborhoods. Seafood-meets-soul-food establishment Sweet Catch BK recently co-hosted its third anniversary dinner party with Ten to One Rum. The celebration was held on Thursday, Sept. 25, at Sweet Catch BK’s location in Prospect Lefferts Gardens. Restaurant owner Ka-Wana Jefferson and the Caribbean rum company’s Market Manager, Eli Servance III, spoke about the significance of Black ownership within the hospitality industry as well as its challenges.\nJefferson led her team as she greeted guests and customers while making sure her restaurant’s “3rd Year Anniversary Unapologetically Black Dinner Party” went as planned. Her crew worked hard to ensure everyone in attendance, including Black media outlets, customers, and friends and family members, had a fantastic experience. The restaurant’s newest member, Chef Erica, was praised for her outstanding contributions to the brand. The dinner was curated by their guest chef, Alex, and main chef Erica.\nSweet Catch BK opened in September 2022. The establishment’s Brand General Manager, Nucomme, also known as the “Magic Person for Sweet Catch,” hosted the dinner celebration. Jefferson and her crew proved their resilience after some uncertainty about the restaurant’s future earlier this year. Jefferson described her establishment’s environment as looking “a lot different.” The owner was concerned about her number of customers months ago. Nucomme provided comfort for Jefferson, along with their staff, through that challenging time.\n“That’s just a testimony of where we were then to where we are now,” said Jefferson. She humbly thanked her staff for their support. “This is a big milestone for us, so I really appreciate you all being here to celebrate,” she continued. “I’m so happy that we are in a different place — I owe it to my team, one hundred percent.” Jefferson praised her chef, Erica, who joined the Sweet Catch crew over a year ago. “She’s changed the trajectory of what we have going,” said Jefferson. “You cannot grow a restaurant without consistency.”\nAccording to the National Restaurant Association, 16% of restaurant firms are Black or African American-owned. For New York State specifically, that accounts for only 10% of restaurants with Black owners.\nSweet Catch BK has found a refreshed pace and partnership with Ten to One Rum. This collaboration’s objective is to showcase the importance of Black hospitality’s existence and unity. Ten to One was founded in July 2019 by Marc Farrell. The Trinidad and Tobago native moved to the United States at 16, where he attended different colleges and universities to learn business. After spending time as the CEO at a major coffee chain, Farrell decided to pursue a business that resonated more with his Caribbean background.\n“Our whole thing is strength in numbers and building a community,” said Market Manager Eli Servance III. Every bottle of their rum represents other Caribbean countries, including Jamaica, the Dominican Republic, and Barbados. This is the first Black owned rum company in the United States. Ten to One Rum is intentionally in many Black owned places, like Sweet Catch BK, which echoes their value to build up the Black community.\n“We’re always doing business with ourselves — of course, we want to elevate each other, build this community,” said Servance III. During the dinner party, he mentioned the negative perception about rum due to pirates and ships. Ten to One Rum aims to erase those negative beliefs and present rum as a source that elevates Black communities and businesses. The rum brand recently received a new investment from Atlanta singer & performer Ciara.\nTen to One Rum is available now at Sweet Catch BK. For more information, please visit sweetcatchbk.com and tentoonerum.com.",
    "highlightText": "",
    "highlightTitle": "",
    "highlightThreadTitle": "",
    "language": "english",
    "sentiment": "positive",
    "categories": [
        "Economy, Business and Finance",
        "Social Issue",
        "Lifestyle and Leisure"
    ],
    "topics": [
        "Economy, Business and Finance->consumer goods",
        "Social Issue->communities",
        "Lifestyle and Leisure->party"
    ],
    "ai_allow": true,
    "has_canonical": false,
    "breaking": true,
    "webz_reporter": false,
    "external_links": [
        "https://www.sweetcatchbk.com/",
        "https://restaurant.org/getmedia/a618a883-6705-4018-8b1b-9c74d8d99d23/nra-data-brief-restaurant-owner-demographics-april-2025.pdf",
        "https://www.tentoonerum.com/",
        "https://www.restaurant.org/getmedia/a618a883-6705-4018-8b1b-9c74d8d99d23/nra-data-brief-restaurant-owner-demographics-april-2025.pdf",
        "https://sweetcatchbk.com/",
        "https://tentoonerum.com/",
        "https://www.tentoonerum.com",
        "https://www.sweetcatchbk.com"
    ],
    "external_images": [],
    "internal_images": [],
    "entities": {
        "persons": [
            {
                "name": "Ka-Wana Jefferson",
                "sentiment": "none"
            },
            {
                "name": "Eli Servance III",
                "sentiment": "none"
            }
        ],
        "locations": [
            {
                "name": "Lefferts Gardens",
                "sentiment": "none"
            },
            {
                "name": "Caribbean",
                "sentiment": "none"
            }
        ],
        "organizations": []
    },
    "syndication": {
        "syndicated": false,
        "syndicate_id": null,
        "first_syndicated": false
    },
    "trust": {
        "categories": [
            "trusted_news"
        ],
        "top_news": [],
        "bias": "left",
        "source": {
            "type": "local_news",
            "city": [
                "New York City"
            ],
            "state": [
                "New York"
            ],
            "country": [
                "US"
            ],
            "domain_type": null,
            "agency": null,
            "organization_name": null
        }
    },
    "rating": null,
    "crawled": "2025-10-09T07:35:59.813+03:00",
    "updated": "2025-10-09T07:38:36.000+03:00"
}