{
    "thread": {
        "uuid": "2caa82c4c55e122202febedb053a019542f4348d",
        "url": "https://www.metro.pr/sabrosia/2025/10/08/respaldan-esfuerzos-para-promover-la-deteccion-temprana-del-cancer/",
        "site_full": "www.metro.pr",
        "site": "metro.pr",
        "site_section": "https://www.metro.pr/sabrosia",
        "site_categories": [
            "media"
        ],
        "section_title": "Home | Sabrosia Puerto Rico",
        "site_title": "Noticias, Deportes y Entretenimiento de Puerto Rico y el Mundo | Metro",
        "title": "Respaldan esfuerzos para promover la detección temprana del cáncer",
        "title_full": "Respaldan esfuerzos para promover la detección temprana del cáncer",
        "published": "2025-10-08T19:42:00.000+03:00",
        "replies_count": 0,
        "participants_count": 1,
        "site_type": "news",
        "country": "PR",
        "main_image": "https://www.metro.pr/resizer/v2/ETDHJXTX6ZFBVM62F4G6N6IZMY.png?smart=true&amp;auth=6db8af506c6a09b90887beda334c336abb50e3c80b3fbffbb14b9a9d86093eba&amp;width=1200&amp;height=630",
        "performance_score": 0,
        "domain_rank": 63651,
        "domain_rank_updated": "2025-10-06T00:00:00.000+03:00",
        "licensing_agency": [],
        "social": {
            "facebook": {
                "likes": 0,
                "comments": 0,
                "shares": 0
            },
            "vk": {
                "shares": 0
            }
        }
    },
    "uuid": "2caa82c4c55e122202febedb053a019542f4348d",
    "url": "https://www.metro.pr/sabrosia/2025/10/08/respaldan-esfuerzos-para-promover-la-deteccion-temprana-del-cancer/",
    "ord_in_thread": 0,
    "author": "@Metro_PR",
    "published": "2025-10-08T19:42:00.000+03:00",
    "title": "Respaldan esfuerzos para promover la detección temprana del cáncer",
    "text": "Durante el mes de octubre, Pan Pepín reafirma su compromiso de más de una década con la organización Susan G. Komen Puerto Rico, respaldando sus esfuerzos para promover la detección temprana, el tratamiento adecuado y la educación sobre el cáncer de seno, la enfermedad más común entre las mujeres.\nEn la Isla, se estima que una de cada diez mujeres desarrolla cáncer de seno, una cifra que refuerza la urgencia de continuar impulsando mensajes de prevención y cuidado. Por ello, Pan Pepín rinde homenaje a las sobrevivientes, a las mujeres que enfrentan actualmente la enfermedad y a todas aquellas que lograron salvar sus vidas gracias a la detección temprana.\nPUBLICIDAD\nComo parte de esta campaña, la marca presenta su iniciativa “Si palpas nuestro pan, palpa también tus senos”, un mensaje poderoso que busca transformar un gesto cotidiano en un recordatorio de vida. Durante todo el mes de octubre, el empaque de Pan Pepín Club Integral se viste de rosa, simbolizando solidaridad y conciencia. En la parte posterior del empaque, los consumidores encontrarán un código QR que dirige a información práctica sobre métodos de autoexamen y otros recursos educativos enfocados en la salud de la mujer.\nLa intención de la campaña es clara: que cada vez que una consumidora palpe el pan para comprobar su frescura y suavidad, recuerde también la importancia de realizarse el autoexamen de senos, un paso esencial en la detección temprana del cáncer de mama.\nLos especialistas recomiendan autoexploraciones mensuales, visitas médicas periódicas y la mamografía anual a partir de los 40 años, acompañadas de un estilo de vida saludable. Pequeñas acciones pueden marcar una gran diferencia en la salud y la vida de muchas mujeres.\nPan Pepín invita al público a buscar el empaque rosa de su línea Club Integral y unirse a esta causa.\nEl 100% de los fondos recaudados por la campaña se destina directamente a garantizar el cuidado de calidad que brinda Susan G. Komen Puerto Rico.\n“Ayúdanos a promover el mensaje de prevención. Porque si palpas nuestro pan, también puedes salvar tu vida.”",
    "highlightText": "",
    "highlightTitle": "",
    "highlightThreadTitle": "",
    "language": "spanish",
    "sentiment": "positive",
    "categories": [
        "Health",
        "Human Interest",
        "Social Issue"
    ],
    "topics": [
        "Health->health care approach",
        "Health->cancer",
        "Human Interest->award and prize",
        "Social Issue->charity",
        "Social Issue->mankind"
    ],
    "ai_allow": true,
    "has_canonical": false,
    "breaking": null,
    "webz_reporter": false,
    "external_links": [],
    "external_images": [],
    "internal_images": [],
    "entities": {
        "persons": [
            {
                "name": "Susan G. Komen Puerto Rico",
                "sentiment": "none"
            }
        ],
        "locations": [],
        "organizations": [
            {
                "name": "Pan Pepín Club Integral",
                "sentiment": "none",
                "tickers": []
            }
        ]
    },
    "syndication": {
        "syndicated": null,
        "syndicate_id": null,
        "first_syndicated": false
    },
    "trust": {
        "categories": null,
        "top_news": [],
        "bias": null,
        "source": {
            "type": "local_news",
            "city": [
                "San Juan"
            ],
            "state": [
                "Puerto Rico"
            ],
            "country": [
                "US"
            ],
            "domain_type": null,
            "agency": null,
            "organization_name": null
        }
    },
    "rating": null,
    "crawled": "2025-10-09T07:42:34.491+03:00",
    "updated": "2025-10-09T07:46:50.000+03:00"
}