{
    "thread": {
        "uuid": "02c6b349dfb0591a47220d368f523f9fec7956cb",
        "url": "https://www.agbi.com/economy/2025/10/dubai-freezone-companies-get-permit-to-bid-for-state-tenders/",
        "site_full": "www.agbi.com",
        "site": "agbi.com",
        "site_section": "https://www.agbi.com/tourism",
        "site_categories": [],
        "section_title": "Tourism and fleet expansion drive up Dubai Taxi revenue | AGBI",
        "site_title": "Arabian Gulf Business Insight | AGBI | Middle East Business News",
        "title": "Dubai freezone companies get permit to bid for state tenders",
        "title_full": "Dubai freezone companies get permit to bid for state tenders",
        "published": "2025-10-09T07:02:00.000+03:00",
        "replies_count": 0,
        "participants_count": 1,
        "site_type": "news",
        "country": "US",
        "main_image": "https://www.agbi.com/tachyon/2025/10/Large-D021C0097_250210_8F9D27.jpg",
        "performance_score": 0,
        "domain_rank": 193929,
        "domain_rank_updated": "2025-10-06T00:00:00.000+03:00",
        "licensing_agency": [],
        "social": {
            "facebook": {
                "likes": 0,
                "comments": 0,
                "shares": 0
            },
            "vk": {
                "shares": 0
            }
        }
    },
    "uuid": "02c6b349dfb0591a47220d368f523f9fec7956cb",
    "url": "https://www.agbi.com/economy/2025/10/dubai-freezone-companies-get-permit-to-bid-for-state-tenders/",
    "ord_in_thread": 0,
    "author": "Pramod Kumar",
    "published": "2025-10-09T07:02:00.000+03:00",
    "title": "Dubai freezone companies get permit to bid for state tenders",
    "text": "Dubai freezone companies get permit to bid for state tenders\nDubai has introduced a permit allowing freezone companies to operate on the mainland and bid for government tenders and contracts.\nThe Free Zone Mainland Operating Permit has been launched by the Dubai Business Registration and Licensing Corporation under the Department of Economy and Tourism, in partnership with the emirate’s Free Zone Council.\nThe permit enables freezone companies to participate in non-regulated sectors such as technology, consultancy, design, professional services and trading. It costs AED5,000 ($1,361) for six months and is renewable at the end of that period.\nBusinesses will be subject to a 9 percent corporate tax and must maintain separate financial records in line with Federal Tax Authority regulations. They are allowed to deploy their existing staff for mainland operations without hiring new employees.\nThe initiative is expected to boost cross-jurisdictional business by 15 to 20 percent in its first year, the Department of Economy and Tourism said. This will benefit more than 10,000 active free zone companies, who will gain access to large government contracts previously limited to mainland-licensed entities.\nFurther reading:\nIn August the Dubai government said its economy increased 4 percent year on year to AED120 billion ($33 billion) in the first quarter of 2025, driven by strong public-private partnerships.\nThe government has set expenditure at over AED86 billion, with revenues expected at AED98 billion for 2025.\nRegister now: It’s easy and free\nAGBI registered members can access even more of our unique analysis and perspective on business and economics in the Middle East.\nWhy sign uP\nAlready registered? Sign in",
    "highlightText": "",
    "highlightTitle": "",
    "highlightThreadTitle": "",
    "language": "english",
    "sentiment": "positive",
    "categories": [
        "Economy, Business and Finance",
        "Politics",
        "Social Issue"
    ],
    "topics": [
        "Economy, Business and Finance->business and market analysis",
        "Politics->government",
        "Social Issue->communities"
    ],
    "ai_allow": true,
    "has_canonical": false,
    "breaking": false,
    "webz_reporter": false,
    "external_links": [
        "http://PPP%20success%20propels%204%%20growth%20in%20Dubai’s%20economy",
        "http://www.PPP%20success%20propels%204%%20growth%20in%20Dubai’s%20economy"
    ],
    "external_images": [],
    "internal_images": [],
    "entities": {
        "persons": [],
        "locations": [],
        "organizations": [
            {
                "name": "Dubai Business Registration and Licensing Corporation",
                "sentiment": "none",
                "tickers": []
            },
            {
                "name": "Department of Economy and Tourism",
                "sentiment": "none",
                "tickers": []
            },
            {
                "name": "Federal Tax Authority",
                "sentiment": "none",
                "tickers": [
                    {
                        "ticker": null,
                        "exchange": null
                    }
                ]
            }
        ]
    },
    "syndication": {
        "syndicated": false,
        "syndicate_id": null,
        "first_syndicated": false
    },
    "trust": {
        "categories": [],
        "top_news": [],
        "bias": null,
        "source": {
            "type": null,
            "city": null,
            "state": null,
            "country": null,
            "domain_type": null,
            "agency": null,
            "organization_name": null
        }
    },
    "rating": null,
    "crawled": "2025-10-09T07:36:08.663+03:00",
    "updated": "2025-10-09T07:40:34.000+03:00"
}