{
    "thread": {
        "uuid": "0d5bcf18dc670e8301bf367252ef58a73bac76a5",
        "url": "https://kan.china.com/article/5599589.html",
        "site_full": "kan.china.com",
        "site": "china.com",
        "site_section": "https://kan.china.com/hotword",
        "site_categories": [],
        "section_title": "今日热点事件-实时热点关注_看看头条_中华网",
        "site_title": null,
        "title": "国际油价10月8日上涨，美联储降息预期再添动力",
        "title_full": "国际油价10月8日上涨，美联储降息预期再添动力",
        "published": "2025-10-09T03:00:00.000+03:00",
        "replies_count": 0,
        "participants_count": 0,
        "site_type": "news",
        "country": "CN",
        "main_image": "",
        "performance_score": 0,
        "domain_rank": 6910,
        "domain_rank_updated": "2025-10-06T00:00:00.000+03:00",
        "licensing_agency": [],
        "social": {
            "facebook": {
                "likes": 0,
                "comments": 0,
                "shares": 0
            },
            "vk": {
                "shares": 0
            }
        }
    },
    "uuid": "0d5bcf18dc670e8301bf367252ef58a73bac76a5",
    "url": "https://kan.china.com/article/5599589.html",
    "ord_in_thread": 0,
    "author": null,
    "published": "2025-10-09T03:00:00.000+03:00",
    "title": "国际油价10月8日上涨，美联储降息预期再添动力",
    "text": "FX168财经报社(北美)讯 周三（10月8日），国际油价小幅上涨约1%，触及一周新高。市场普遍预期，由于俄乌和谈陷入停滞、对莫斯科的制裁将持续，再叠加美国原油消费增长强劲，油价获得支撑。\n油价齐涨：布油、WTI均创一周收盘新高\n布伦特原油期货（Brent Crude Futures）上涨 0.80美元（1.2%），收报每桶 66.25美元；美国西德克萨斯中质原油（WTI）上涨 0.82美元（1.3%），收报 62.55美元。\n这是布油自9月30日以来的最高收盘价，也是WTI自9月29日以来的最高水平。\n俄乌局势僵持，制裁难松\n一名俄罗斯高级外交官表示，与乌克兰达成和平协议的动力\"几乎耗尽\"。\n分析人士指出，若达成和谈，俄罗斯原油可能将更多流入全球市场。根据美国能源署（EIA）数据，俄罗斯在2024年仍是仅次于美国的全球第二大原油生产国。\n尽管受到西方制裁，俄罗斯副总理亚历山大·诺瓦克（Alexander Novak）周三通过国际文传电讯社（Interfax）表示，俄罗斯原油产量正在稳步回升，9月已接近OPEC+配额水平。\nOPEC+由石油输出国组织（OPEC）及包括俄罗斯在内的盟国组成。过去两个月，俄罗斯能源部门持续受到乌克兰无人机袭击的打击，尤其是炼油厂频遭破坏。",
    "highlightText": "",
    "highlightTitle": "",
    "highlightThreadTitle": "",
    "language": "chinese",
    "sentiment": "positive",
    "categories": [
        "Economy, Business and Finance",
        "Weather",
        "Social Issue"
    ],
    "topics": [
        "Economy, Business and Finance->commodity market",
        "Economy, Business and Finance->financial and economic news"
    ],
    "ai_allow": true,
    "has_canonical": false,
    "breaking": null,
    "webz_reporter": false,
    "external_links": [],
    "external_images": [],
    "internal_images": [],
    "entities": {
        "persons": [],
        "locations": [],
        "organizations": []
    },
    "syndication": {
        "syndicated": null,
        "syndicate_id": null,
        "first_syndicated": false
    },
    "trust": {
        "categories": [],
        "top_news": [],
        "bias": null,
        "source": {
            "type": null,
            "city": null,
            "state": null,
            "country": null,
            "domain_type": null,
            "agency": null,
            "organization_name": null
        }
    },
    "rating": null,
    "crawled": "2025-10-09T07:35:46.682+03:00",
    "updated": "2025-10-09T07:44:42.000+03:00"
}