{
    "thread": {
        "uuid": "9bbbaa9d1f48f7a00ee1822f0f54678dc4aaa1bc",
        "url": "https://timesofindia.indiatimes.com/city/kochi/heavy-rain-alert-in-kerala-till-saturday/articleshow/112208933.cms",
        "site_full": "timesofindia.indiatimes.com",
        "site": "indiatimes.com",
        "site_section": "https://timesofindia.indiatimes.com/india/kerala",
        "site_categories": [
            "under_construction",
            "top_news"
        ],
        "section_title": "Kerala News, Latest Kerala News Headlines &amp; Live Updates - Times of India",
        "title": "Rainfall Warning: Heavy rain alert in Kerala till Saturday | - Times of India",
        "title_full": "Rainfall Warning: Heavy rain alert in Kerala till Saturday | - Times of India",
        "published": "2024-08-02T01:57:00.000+03:00",
        "replies_count": 0,
        "participants_count": 1,
        "site_type": "news",
        "country": "IN",
        "main_image": "https://static.toiimg.com/thumb/msid-112208932,width-1070,height-580,imgsize-22286,resizemode-75,overlay-toi_sw,pt-32,y_pad-40/photo.jpg",
        "performance_score": 0,
        "domain_rank": 287,
        "domain_rank_updated": "2024-07-30T13:07:21.000+03:00",
        "reach": null,
        "social": {
            "facebook": {
                "likes": 0,
                "comments": 0,
                "shares": 0
            },
            "gplus": {
                "shares": 0
            },
            "pinterest": {
                "shares": 0
            },
            "linkedin": {
                "shares": 0
            },
            "stumbledupon": {
                "shares": 0
            },
            "vk": {
                "shares": 0
            }
        }
    },
    "uuid": "9bbbaa9d1f48f7a00ee1822f0f54678dc4aaa1bc",
    "url": "https://timesofindia.indiatimes.com/city/kochi/heavy-rain-alert-in-kerala-till-saturday/articleshow/112208933.cms",
    "ord_in_thread": 0,
    "parent_url": null,
    "author": "TNN",
    "published": "2024-08-02T01:57:00.000+03:00",
    "title": "Rainfall Warning: Heavy rain alert in Kerala till Saturday | - Times of India",
    "text": "Kochi: The IMD has issued a heavy rainfall warning for Kerala till Saturday. Malappuram, Kozhikode, Wayanad, Kannur and Kasaragod are on yellow alert on Friday, while Kannur and Kasaragod are on alert on Saturday. Squally weather conditions are expected, with wind speeds reaching 35-45 kmph and gusting up to 55 kmph over the Gulf of Mannar, South TN coast and adjoining Comorin area, East Central Arabian Sea, adjoining parts of Westcentral Arabian Sea, southwest Bay of Bengal, Southeast Bay of Bengal, Central Bay of Bengal, and North Bay of Bengal.Fishermen are advised to avoid venturing into these sea areas.INCOIS has issued a high wave alert for Kannur, Kasaragod, Kollam, and Thiruvananthapuram.According to 24-hour rainfall recorded on Thursday morning, Vadakara recorded 11cm of rain, while Kannur, Mahe and Muliyar got 8cm. Taliparamba and Padannakkad got 7 cm rainfall and Karipur airport, Hosdurg, Kudulu and Peringome got 6cm rainfall. We also published the following articles recentlyStrong winds, heavy rains continue to batter KannurKannur experienced severe disruption due to heavy rain and strong winds, damaging 320 houses and causing widespread power outages. Around 2,000 electric posts collapsed, affecting the power supply of 3 lakh customers. Authorities reported significant crop damage and vehicular destruction. Yellow alerts have been issued for several districts in north Kerala till July 30, warning of continued adverse weather conditions.112050024Delhi schools closed on Thursday due to heavy rainfall; IMD warns of continued heavy rains till August 5Delhi's education minister Atishi announced that all schools in the national capital, both government and private, would remain closed on Thursday due to heavy rainfall leading to waterlogging. The India Meteorological Department predicted continued rain until August 5, causing flight disruptions and prompting officials to stay vigilant in waterlogging-prone areas, including locations with coaching centers.112176704Gurgaon: IMD issues alert for heavy rain on weekend, max temperature dipsThe India Meteorological Department issued a yellow alert for heavy rainfall in Gurgaon within 24 hours. Friday's maximum temperature dipped slightly to 34 degrees Celsius, while the minimum rose to 27.9 degrees. In Delhi, moderate to heavy rain varied across areas, leading to a dip in temperature. The air quality remains satisfactory.112055042",
    "highlightText": "",
    "highlightTitle": "",
    "highlightThreadTitle": "",
    "language": "english",
    "sentiment": "negative",
    "categories": [
        "Disaster and Accident",
        "Weather"
    ],
    "webz_reporter": false,
    "external_links": [],
    "external_images": [],
    "entities": {
        "persons": [
            {
                "name": "malappuram",
                "sentiment": "neutral"
            },
            {
                "name": "vadakara",
                "sentiment": "none"
            },
            {
                "name": "padannakkad",
                "sentiment": "none"
            },
            {
                "name": "mahe",
                "sentiment": "none"
            },
            {
                "name": "kollam",
                "sentiment": "none"
            },
            {
                "name": "taliparamba",
                "sentiment": "none"
            },
            {
                "name": "muliyar",
                "sentiment": "none"
            },
            {
                "name": "kudulu",
                "sentiment": "none"
            }
        ],
        "organizations": [
            {
                "name": "imd",
                "sentiment": "negative"
            },
            {
                "name": "times of india kochi",
                "sentiment": "negative"
            }
        ],
        "locations": [
            {
                "name": "north bay",
                "sentiment": "none"
            },
            {
                "name": "southwest bay of bengal",
                "sentiment": "none"
            },
            {
                "name": "wayanad",
                "sentiment": "none"
            },
            {
                "name": "kozhikode",
                "sentiment": "none"
            },
            {
                "name": "east central arabian sea",
                "sentiment": "none"
            },
            {
                "name": "gulf of mannar",
                "sentiment": "none"
            },
            {
                "name": "kasaragod",
                "sentiment": "none"
            },
            {
                "name": "central bay of bengal",
                "sentiment": "none"
            },
            {
                "name": "karipur",
                "sentiment": "none"
            },
            {
                "name": "kannur",
                "sentiment": "none"
            },
            {
                "name": "comorin",
                "sentiment": "none"
            },
            {
                "name": "hosdurg",
                "sentiment": "none"
            },
            {
                "name": "westcentral arabian sea",
                "sentiment": "none"
            },
            {
                "name": "southeast bay of bengal",
                "sentiment": "none"
            },
            {
                "name": "kerala",
                "sentiment": "none"
            }
        ]
    },
    "rating": null,
    "crawled": "2024-08-02T03:38:34.094+03:00",
    "updated": "2024-08-02T03:38:34.094+03:00"
}