{
    "thread": {
        "uuid": "1e9fff20b0bb8ab102619d934ac69abd70beb109",
        "url": "https://www.francebleu.fr/infos/meteo/canicule-la-drome-et-l-ardeche-repassent-en-vigilance-jaune-1843448",
        "site_full": "www.francebleu.fr",
        "site": "francebleu.fr",
        "site_section": "https://francebleu.fr/sports",
        "site_categories": [
            "travel",
            "france",
            "top_news"
        ],
        "section_title": "Sports – Actualité et info sur France Bleu",
        "title": "Canicule : la Drôme et l'Ardèche repassent en vigilance jaune - France Bleu",
        "title_full": "Canicule : la Drôme et l'Ardèche repassent en vigilance jaune - France Bleu",
        "published": "2024-08-02T09:34:00.000+03:00",
        "replies_count": 0,
        "participants_count": 1,
        "site_type": "news",
        "country": "FR",
        "main_image": "https://www.francebleu.fr/s3/cruiser-production-eu3/2022/11/548b0d05-d744-4539-8567-daf6414761c0/1200x680_sc_1200x680_377101-csy5ck5gnl-whr.jpg",
        "performance_score": 0,
        "domain_rank": 3621,
        "domain_rank_updated": "2024-07-30T13:07:21.000+03:00",
        "reach": null,
        "social": {
            "facebook": {
                "likes": 23,
                "comments": 8,
                "shares": 7
            },
            "gplus": {
                "shares": 0
            },
            "pinterest": {
                "shares": 0
            },
            "linkedin": {
                "shares": 0
            },
            "stumbledupon": {
                "shares": 0
            },
            "vk": {
                "shares": 0
            }
        }
    },
    "uuid": "1e9fff20b0bb8ab102619d934ac69abd70beb109",
    "url": "https://www.francebleu.fr/infos/meteo/canicule-la-drome-et-l-ardeche-repassent-en-vigilance-jaune-1843448",
    "ord_in_thread": 0,
    "parent_url": null,
    "author": "Louise Joyeux",
    "published": "2024-08-02T09:34:00.000+03:00",
    "title": "Canicule : la Drôme et l'Ardèche repassent en vigilance jaune - France Bleu",
    "text": "Canicule : la Drôme et l'Ardèche repassent en vigilance jaune La Drôme et l'Ardèche sont à nouveau en vigilance jaune canicule d'après Météo France. Les deux départements étaient en vigilance orange depuis ce mercredi 31 juillet. Il fait moins chaud en Drôme et en Ardèche. Météo France a levé l'alerte orange canicule sur nos deux départements. Ils resteront cependant en alerte jaune. Ce vendredi 2 août marque aussi le retours de la pluie et des orages, notamment dans la Drôme des Collines et la Vallée du Rhône. La température va baisser de quelques degrés. 32 à 35 degrés du sud de la Vallée du Rhône aux Cévennes. Depuis ce mercredi 31 juillet, il a fait jusqu'à 38° dans le sud Ardèche. Des températures élevées, même la nuit. De mercredi à jeudi, les minimales ont tout de même atteint 23°C dans la vallée du Rhône. Drôme : l'info en continu Drôme : les plus consultés Face aux incivilités dans la vallée de la Drôme, des gendarmes réservistes et une agent de sensibilisation recrutée [France Bleu Drôme Ardèche](/drome-ardeche) Valence : les forces de l'ordre déployées quartier Fontbarlettes après une nouvelle fusillade [France Bleu Drôme Ardèche](/drome-ardeche) JO Paris 2024 : Kevin Mayer, double médaillé d'argent olympique, forfait pour le décathlon [France Bleu](/)",
    "highlightText": "",
    "highlightTitle": "",
    "highlightThreadTitle": "",
    "language": "french",
    "sentiment": "negative",
    "categories": [
        "Weather",
        "Environment",
        "Social Issue"
    ],
    "webz_reporter": false,
    "external_links": [],
    "external_images": [],
    "entities": {
        "persons": [],
        "organizations": [],
        "locations": []
    },
    "rating": null,
    "crawled": "2024-08-02T09:39:58.117+03:00",
    "updated": "2024-08-02T09:39:58.117+03:00"
}