{
    "thread": {
        "uuid": "6f067c93322830f1e990704b443cf698f9cc827e",
        "url": "https://www.wsiltv.com/video/sunset-concert-in-murphysboro-pushed-back-due-to-extreme-heat/video_6a10b377-cb9e-513f-9d2b-09b71c47517c.html",
        "site_full": "www.wsiltv.com",
        "site": "wsiltv.com",
        "site_section": "http://www.wsiltv.com/video",
        "site_categories": [
            "politics",
            "media",
            "financial_news",
            "finance",
            "law_government_and_politics"
        ],
        "section_title": "Video | wsiltv.com",
        "title": "Sunset concert in Murphysboro pushed back due to extreme heat | Video | wsiltv.com",
        "title_full": "Sunset concert in Murphysboro pushed back due to extreme heat | Video | wsiltv.com",
        "published": "2024-08-01T03:00:00.000+03:00",
        "replies_count": 0,
        "participants_count": 0,
        "site_type": "news",
        "country": "US",
        "main_image": "https://bloximages.newyork1.vip.townnews.com/wsiltv.com/content/tncms/assets/v3/editorial/6/a1/6a10b377-cb9e-513f-9d2b-09b71c47517c/66ac01ff3247c.image.jpg?crop=1280%2C672%2C0%2C23&amp;resize=1200%2C630&amp;order=crop%2Cresize",
        "performance_score": 0,
        "domain_rank": 53191,
        "domain_rank_updated": "2024-07-30T13:07:25.000+03:00",
        "reach": null,
        "social": {
            "facebook": {
                "likes": 0,
                "comments": 0,
                "shares": 0
            },
            "gplus": {
                "shares": 0
            },
            "pinterest": {
                "shares": 0
            },
            "linkedin": {
                "shares": 0
            },
            "stumbledupon": {
                "shares": 0
            },
            "vk": {
                "shares": 0
            }
        }
    },
    "uuid": "6f067c93322830f1e990704b443cf698f9cc827e",
    "url": "https://www.wsiltv.com/video/sunset-concert-in-murphysboro-pushed-back-due-to-extreme-heat/video_6a10b377-cb9e-513f-9d2b-09b71c47517c.html",
    "ord_in_thread": 0,
    "parent_url": null,
    "author": null,
    "published": "2024-08-01T03:00:00.000+03:00",
    "title": "Sunset concert in Murphysboro pushed back due to extreme heat | Video | wsiltv.com",
    "text": "Sunset concert in Murphysboro pushed back due to extreme heat Weather Alert ...EXCESSIVE HEAT WARNING REMAINS IN EFFECT UNTIL 8 PM CDT THIS EVENING... * WHAT...Dangerously hot conditions with heat index values of 110 to 115 degrees. * WHERE...Portions of southern Illinois, western Kentucky, and southeast Missouri. * WHEN...Until 8 PM CDT this evening. * IMPACTS...Heat related illnesses increase significantly during extreme heat and high humidity events. PRECAUTIONARY/PREPAREDNESS ACTIONS... Drink plenty of fluids, stay in an air-conditioned room, stay out of the sun, and check up on relatives and neighbors. Do not leave young children and pets in unattended vehicles. Car interiors will reach lethal temperatures in a matter of minutes. Take extra precautions when outside. Wear lightweight and loose fitting clothing. Try to limit strenuous activities to early morning or evening. Take action when you see symptoms of heat exhaustion and heat stroke. && Currently in Carterville 92°F Partly Cloudy 92°F / 77°F 6 PM 92°F 7 PM 89°F 8 PM 85°F 9 PM 80°F 10 PM 79°F Online Poll [ How Do You Prefer Your Peeps Candy!](/news/how-do-you-prefer-your-peeps-candy/poll_3dd76c4e-eded-11ee-af5b-3b343624cfa0.html) You voted: © Copyright 2024 Allen Media Broadcasting , 1416 Country Aire Dr. Carterville, IL | [Terms of Use](/site/terms.html)| [Privacy Policy](/site/privacy.html) Powered by",
    "highlightText": "",
    "highlightTitle": "",
    "highlightThreadTitle": "",
    "language": "english",
    "sentiment": "negative",
    "categories": [
        "Weather",
        "Arts, Culture and Entertainment"
    ],
    "webz_reporter": false,
    "external_links": [
        "https://allenmediabroadcasting.com/",
        "https://allenmediabroadcasting.com",
        "https://www.allenmediabroadcasting.com/"
    ],
    "external_images": [],
    "entities": {
        "persons": [],
        "organizations": [],
        "locations": [
            {
                "name": "illinois",
                "sentiment": "none"
            },
            {
                "name": "kentucky",
                "sentiment": "none"
            },
            {
                "name": "missouri",
                "sentiment": "none"
            },
            {
                "name": "murphysboro",
                "sentiment": "none"
            },
            {
                "name": "carterville",
                "sentiment": "none"
            }
        ]
    },
    "rating": null,
    "crawled": "2024-08-02T01:31:25.160+03:00",
    "updated": "2024-08-02T01:31:25.160+03:00"
}