{
    "thread": {
        "uuid": "58b8dec7dec339d8c9bb967be24db2fc376beda1",
        "url": "https://vnexplorer.net/z/1646249.html",
        "site_full": "vnexplorer.net",
        "site": "vnexplorer.net",
        "site_section": "https://vnexplorer.net/",
        "site_categories": [
            "health",
            "cold_and_flu"
        ],
        "section_title": "Verified News Explorer Channel - VNExplorer",
        "title": "Declaran estado de emergencia en Florida por onda tropical sobre las Antillas Mayores con potencial de desarrollo",
        "title_full": "Declaran estado de emergencia en Florida por onda tropical sobre las Antillas Mayores con potencial de desarrollo",
        "published": "2024-08-01T21:21:00.000+03:00",
        "replies_count": 0,
        "participants_count": 1,
        "site_type": "news",
        "country": "FR",
        "main_image": "https://img-s-msn-com.akamaized.net/tenant/amp/entityid/BB1r3uiY.img",
        "performance_score": 0,
        "domain_rank": 62651,
        "domain_rank_updated": "2024-07-30T13:07:25.000+03:00",
        "reach": null,
        "social": {
            "facebook": {
                "likes": 0,
                "comments": 0,
                "shares": 0
            },
            "gplus": {
                "shares": 0
            },
            "pinterest": {
                "shares": 0
            },
            "linkedin": {
                "shares": 0
            },
            "stumbledupon": {
                "shares": 0
            },
            "vk": {
                "shares": 0
            }
        }
    },
    "uuid": "58b8dec7dec339d8c9bb967be24db2fc376beda1",
    "url": "https://vnexplorer.net/z/1646249.html",
    "ord_in_thread": 0,
    "parent_url": null,
    "author": "VNExplorer",
    "published": "2024-08-01T21:21:00.000+03:00",
    "title": "Declaran estado de emergencia en Florida por onda tropical sobre las Antillas Mayores con potencial de desarrollo",
    "text": "Declaran emergencia en Florida. Perturbación tropical 97L. Se aproxima al sureste de EEUU. El gobernador de Florida, Ron DeSantis, ha declarado el estado de emergencia ante la amenaza de una perturbación tropical en el Caribe. La perturbación, conocida como Invest 97L, podría convertirse en una tormenta tropical al acercarse a los Estados Unidos. Las probabilidades de desarrollo de este sistema han aumentado significativamente en los últimos días. Según el Centro de Pronósticos de FOX, aún no está claro el impacto exacto que tendrá en el país. Alerta en Florida por clima severo Declaran emergencia en Florida por onda tropical-Foto: Shutterstock El sistema podría organizarse en una depresión tropical o incluso en una tormenta tropical a finales de este fin de semana. Además, el Centro Nacional de Huracanes (NHC) informó que la onda tropical está produciendo lluvias y tormentas desorganizadas en varias áreas. También podría interesarte: ¿Maduro no puede con la presión? Hace inesperada petición en Venezuela. Estas áreas incluyen La Española, Puerto Rico, el sureste de las Bahamas y las aguas adyacentes del Atlántico y el Mar Caribe. El NHC advierte que el desarrollo de este sistema será lento en los próximos días mientras se mueve hacia el oeste-noroeste. Se espera que las condiciones ambientales sean más favorables para el desarrollo después de que pase por las Antillas Mayores. Es probable que una depresión tropical se forme este fin de semana o a principios de la próxima semana cerca de la península de Florida. El NHC recomienda a los residentes de las Antillas Mayores, las Bahamas y Florida que sigan monitoreando el progreso de este sistema. La perturbación tiene bajas probabilidades de desarrollarse en los próximos dos días, pero estas probabilidades han aumentado a «altas» para la próxima semana. Los modelos de pronóstico indican que la tormenta se moverá hacia Florida y el este del Golfo de México, aunque hay incertidumbre. El especialista en huracanes de FOX Weather, Bryan Norcross, señala que el sistema traerá mucha humedad a Florida. Se esperan lluvias torrenciales en la península de Florida y posiblemente en los estados circundantes. Asimismo, el sistema podría estancarse y permanecer cerca de la mitad norte de Florida durante varios días. De acuerdo con el portal de ‘Fox News’, áreas desde la costa norte del Golfo hasta las Carolinas podrían verse afectadas por la tormenta. No se descarta una trayectoria en bucle donde la tormenta impacte las mismas áreas varias veces. Debido a la rápida evolución del sistema, habrá poco tiempo para prepararse en Florida. La meteoróloga del medio citado, Britta Merwin, advierte que el tiempo de preparación será de aproximadamente 24 horas. Es posible que la tormenta se desarrolle cuando ya haya lluvia en tierra, lo que complicaría la situación. Si el sistema se convierte en tormenta tropical, se llamará Debby, la cuarta de la temporada de huracanes del Atlántico de 2024. Independientemente de si se convierte en tormenta tropical, el sistema traerá lluvias intensas a Florida. Merwin enfatiza que Florida tendrá lluvias intensas durante el sábado y continúen hasta el lunes, por lo que es importante estar preparado. La posibilidad de inundaciones es alta en varias áreas de Florida durante estos días. Las autoridades aconsejan mantenerse informados a través de fuentes oficiales y seguir las recomendaciones de seguridad. Es importante que la comunidad esté alerta y preparada para cualquier eventualidad relacionada con la tormenta. La declaración de estado de emergencia busca proteger a los residentes y minimizar los daños potenciales, apuntó ‘Fox Weather‘. Para escuchar el podcast da click en la imagen FOTO: MundoNOW",
    "highlightText": "",
    "highlightTitle": "",
    "highlightThreadTitle": "",
    "language": "spanish",
    "sentiment": "negative",
    "categories": [
        "Weather",
        "Disaster and Accident"
    ],
    "webz_reporter": false,
    "external_links": [],
    "external_images": [],
    "entities": {
        "persons": [],
        "organizations": [],
        "locations": []
    },
    "rating": null,
    "crawled": "2024-08-02T05:23:47.344+03:00",
    "updated": "2024-08-02T05:23:47.344+03:00"
}