{
    "thread": {
        "uuid": "b06ecb23bcd0f48b15e860108ec572640ba71882",
        "url": "https://www.lalsace.fr/environnement/2024/08/02/canicule-et-crues-douze-departements-en-vigilance-orange-ce-vendredi",
        "site_full": "www.lalsace.fr",
        "site": "lalsace.fr",
        "site_section": "https://c.lalsace.fr",
        "site_categories": [
            "media",
            "top_news"
        ],
        "section_title": "L'Alsace - toute l'info avec le quotidien l'Alsace",
        "title": "Météo. Canicule et crues : douze départements en vigilance orange ce vendredi",
        "title_full": "Météo. Canicule et crues : douze départements en vigilance orange ce vendredi",
        "published": "2024-08-02T07:46:00.000+03:00",
        "replies_count": 0,
        "participants_count": 1,
        "site_type": "news",
        "country": "FR",
        "main_image": "https://cdn-s-www.lalsace.fr/images/5089BF7B-4684-474E-A376-2BE1C6E7A4A2/FB1200/photo-1722573599.jpg",
        "performance_score": 0,
        "domain_rank": 27842,
        "domain_rank_updated": "2024-07-30T13:07:21.000+03:00",
        "reach": null,
        "social": {
            "facebook": {
                "likes": 0,
                "comments": 0,
                "shares": 0
            },
            "gplus": {
                "shares": 0
            },
            "pinterest": {
                "shares": 0
            },
            "linkedin": {
                "shares": 0
            },
            "stumbledupon": {
                "shares": 0
            },
            "vk": {
                "shares": 0
            }
        }
    },
    "uuid": "b06ecb23bcd0f48b15e860108ec572640ba71882",
    "url": "https://www.lalsace.fr/environnement/2024/08/02/canicule-et-crues-douze-departements-en-vigilance-orange-ce-vendredi",
    "ord_in_thread": 0,
    "parent_url": null,
    "author": "La rédaction",
    "published": "2024-08-02T07:46:00.000+03:00",
    "title": "Météo. Canicule et crues : douze départements en vigilance orange ce vendredi",
    "text": "Météo Canicule et crues : dix départements en vigilance orange ce vendredi Si l'épisode caniculaire s'atténue, les orages ont provoqué des crues. La Meurthe-et-Moselle et les Vosges sont repassés en jaune ce vendredi matin. Un temps orageux sur l'Est, des températures [toujours très élevées](/environnement/2024/08/01/canicule-treize-departements-places-en-vigilance-orange-ce-jeudi) dans le Sud-Est : ce vendredi, Météo-France a placé plusieurs départements en vigilance orange, soit pour canicule, soit pour crues après les orages parfois violents de ce jeudi. En vigilance orange crues : la Seine-et-Marne. La Meurthe-et-Moselle et les Vosges sont repassées en jaune. En vigilance orange canicule : Corse (Haute-Corse et Corse du Sud), Bouches-du-Rhône, Alpes-Maritimes, Alpes-de-Haute-Provence, Vaucluse, Var, Gard, Hérault. Le Rhône, l'Isère, la Drôme et l'Ardèche sont repassés en vigilance jaune. Des orages toute la journée En matinée, quelques ondées sont tombées sur les Pays de Loire. Le Nord-Est sera touché par des orages, qui gagneront progressivement le Centre-Est et le nord de la Provence. Dans le Sud-Ouest, le ciel est assez nuageux et donnera quelques pluies sur l'Aquitaine. Dans l'après-midi, les averses se multiplient autour des Pyrénées et sont accompagnées de nombreux coups de tonnerre. Mistral et Tramontane soufflent en rafales voisines de 50/60 km/h. Des dégâts dans les Vosges Des centaines d'interventions des sapeurs-pompiers ont été recensées en Seine-et-Marne et dans les Vosges, placés la nuit dernière en vigilance orange aux crues, selon les pompiers et les préfectures. Dans les Vosges, « les 100 mm ont été dépassés » entre Vittel et Epinal, selon le service de prévisions météorologiques. A minuit dans la nuit de jeudi à vendredi, les pompiers et gendarmes sont intervenus « à plus de 150 reprises », notamment dans le secteur de Dommartin-aux-Bois, à l'ouest d'Epinal, a annoncé la préfecture dans un communiqué. Plusieurs axes routiers ont pu rouvrir ce vendredi matin. Instabilité en soirée En soirée, le temps deviendra instable sur les contreforts sud-est du Massif Central, avec des orages parfois forts par endroits. Les minimales sont comprises entre 14 et 18 degrés sur un quart Nord-Ouest, 17 à 21 degrés sur le reste du pays, jusqu'à 22 à 27 degrés en bord de Méditerranée. Les maximales affichent 21 à 25 en bord de Manche et le long de la côte Atlantique, 25 à 30 sur le reste du pays et jusqu'à 30 à 36 degrés du Languedoc à la Provence, 36 à 39 degrés dans le Var.",
    "highlightText": "",
    "highlightTitle": "",
    "highlightThreadTitle": "",
    "language": "french",
    "sentiment": "negative",
    "categories": [
        "Disaster and Accident",
        "Weather"
    ],
    "webz_reporter": false,
    "external_links": [],
    "external_images": [],
    "entities": {
        "persons": [],
        "organizations": [],
        "locations": []
    },
    "rating": null,
    "crawled": "2024-08-02T07:51:49.615+03:00",
    "updated": "2024-08-02T12:16:34.435+03:00"
}